  *******************************************
  *                                         *
  *        W E L C O M E  to  R O O T       *
  *                                         *
  *   Version   5.34/38     12 March 2018   *
  *                                         *
  *  You are welcome to visit our Web site  *
  *          http://root.cern.ch            *
  *                                         *
  *******************************************

ROOT 5.34/38 (v5-34-38@v5-34-38, Mar 12 2018, 15:49:39 on linuxx8664gcc)

CINT/ROOT C/C++ Interpreter version 5.18.00, July 2, 2010
Type ? for help. Commands must be C++ statements.
Enclose multiple statements between { }.
*** Floating Point Exception is OFF ***
 *** Start at Date : Tue Jun  9 13:11:28 2026

Processing sim.C(10,1,"ele.pt1.5",0)...
inFile = ele.pt1.5.vz0.run1.fzd
# of Events = 10
Chain: 
fzin  sdt20211016  fcsSim fcsWFF fcsCluster  fwdTrack fcsTrackMatch MakeEvent StEvent McEvent ReverseField bigbig CMuDST tree
Load system libraries	 + liblog4cxx.so + libStStarLogger.so
Create chain bfc
BFC:WARN  - StBFChain::Setup	File BFC.C has been found as /direct/star+u/akio/fcstrk11/star-sw-fwd/script_test/./StRoot/StBFChain/BFC.C
QA :INFO  - ==============================================
QA :INFO  - ============= You are in DEV ===============
QA :INFO  - Requested chain bfc is :	fzin  sdt20211016  fcsSim fcsWFF fcsCluster  fwdTrack fcsTrackMatch MakeEvent StEvent McEvent ReverseField bigbig CMuDST tree
QA :INFO  - sdt20211016 ... but still will be considered as a dynamic timestamp (Event Time) 20211016.0
QA :INFO  -  Switch On                 StDbT by magF
QA :INFO  -  Switch On                    db by magF
QA :INFO  -  Switch On                 detDb by magF
QA :INFO  -  Switch On                  magF by ReverseField
QA :INFO  -  Switch On          ReverseField by Chain
QA :INFO  -  Switch On                bigbig by Chain
QA :INFO  -  Switch On                 globT by StEvent
QA :INFO  -  Switch On                   SCL by StEvent
QA :INFO  -  Switch On                 sim_T by TbUtil
QA :INFO  -  Switch On                 tpc_T by TbUtil
QA :INFO  -  Switch On                TbUtil by StEvent
QA :INFO  -  Switch On             StBichsel by StEvent
QA :INFO  -  Switch On                 emc_T by EmcUtil
QA :INFO  -  Switch On                 geomT by EmcUtil
QA :INFO  -  Switch On               EmcUtil by StEvent
QA :INFO  -  Switch On                TRGDef by StEvent
QA :INFO  -  Switch On               StEvent by Chain
QA :INFO  -  Switch On                  Simu by fzin
QA :INFO  -  Switch On                 gen_T by geantL
QA :INFO  -  Switch On          StarMagField by geantL
QA :INFO  -  Switch On                geantL by fzin
QA :INFO  -  Switch On                  fzin by Chain
QA :INFO  -  Switch On             MakeEvent by Chain
QA :INFO  -  Switch On              EEmcUtil by McEvent
QA :INFO  -  Switch On                dbutil by tpcDB
QA :INFO  -  Switch On                 tpcDB by McEvent
QA :INFO  -  Switch On             StMcEvent by McEvent
QA :INFO  -  Switch On               McEvent by Chain
QA :INFO  -  Switch On                 fcsDb by fcsSim
QA :INFO  -  Switch On                fcsSim by Chain
QA :INFO  -  Switch On                fcsWFF by Chain
QA :INFO  -  Switch On            fcsCluster by Chain
QA :INFO  -  Switch On              FwdTrack by Chain
QA :INFO  -  Switch On         FcsTrackMatch by Chain
QA :INFO  -  Switch On               TofUtil by MuDST
QA :INFO  -  Switch On              BTofUtil by MuDST
QA :INFO  -  Switch On               PmdUtil by MuDST
QA :INFO  -  Switch On                   Stu by MuDSTDeps
QA :INFO  -  Switch On             MuDSTDeps by MuDST
QA :INFO  -  Switch On                 MuDST by CMuDST
QA :INFO  -  Switch On            StrngMuDST by CMuDST
QA :INFO  -  Switch On                  Tree by CMuDST
QA :INFO  -  Switch On                CMuDST by Chain
QA :INFO  - ==================          ReverseField	is ON 	: Reverse Field option
QA :INFO  - ==================                bigbig	is ON 	: Set NwGEANT =40Mwords
QA :INFO  - ==================                  Simu	is ON 	: Simulated Data, force to use Db time stamp from used geometry
QA :INFO  - ==================                 StDbT	is ON 	: Load StDb_Tables
QA :INFO  - ==================                 emc_T	is ON 	: Load emc_Tables
QA :INFO  - ==================                 gen_T	is ON 	: Load gen_Tables
QA :INFO  - ==================                 geomT	is ON 	: Load geometry_Tables
QA :INFO  - ==================                 globT	is ON 	: Load global_Tables
QA :INFO  - ==================                 sim_T	is ON 	: Load sim_Tables
QA :INFO  - ==================                 tpc_T	is ON 	: ?
QA :INFO  - ==================          StarMagField	is ON 	: Load StarMagField
QA :INFO  - ==================                   SCL	is ON 	: Load StarClassLibrary
QA :INFO  - ==================                TbUtil	is ON 	: Load StTableUtilities
QA :INFO  - ==================               TofUtil	is ON 	: Load StTofUtil
QA :INFO  - ==================              BTofUtil	is ON 	: Load StBTofUtil
QA :INFO  - ==================             StBichsel	is ON 	: Load Bichsel model for dE/dx
QA :INFO  - ==================               StEvent	is ON 	: Load StEvent
QA :INFO  - ==================               EmcUtil	is ON 	: Load StEmcUtil
QA :INFO  - ==================              EEmcUtil	is ON 	: Load StEEmcUtil
QA :INFO  - ==================               PmdUtil	is ON 	: Load StPmdUtil
QA :INFO  - ==================                   Stu	is ON 	: Load StEventUtilities
QA :INFO  - ==================             MuDSTDeps	is ON 	: Load MuDST misc. dependencies
QA :INFO  - ==================                 MuDST	is ON 	: Load MuDST library
QA :INFO  - ==================                geantL	is ON 	: Load GeantLibs
QA :INFO  - ==================                  fzin	is ON 	: read gstar fz-file
QA :INFO  - ==================                    db	is ON 	: 
QA :INFO  - ==================                  magF	is ON 	: Mag.field map with scale factor from Db
QA :INFO  - ==================                 detDb	is ON 	: Load StDetectorDbMaker library
QA :INFO  - ==================                 tpcDB	is ON 	: 
QA :INFO  - ==================                dbutil	is ON 	: Load StDbUtilities
QA :INFO  - ==================                 fcsDb	is ON 	: Load FcsDbMaker
QA :INFO  - ==================                TRGDef	is ON 	: Load StTriggerData
QA :INFO  - ==================             MakeEvent	is ON 	: <Early StEvent creation>
QA :INFO  - ==================             StMcEvent	is ON 	: 
QA :INFO  - ==================               McEvent	is ON 	: 
QA :INFO  - ==================                fcsSim	is ON 	: FCS Fast Simulator
QA :INFO  - ==================                fcsWFF	is ON 	: Fit FCS waveform
QA :INFO  - ==================            fcsCluster	is ON 	: Fill FCS clusters
QA :INFO  - ==================              FwdTrack	is ON 	: Forward Track Maker
QA :INFO  - ==================         FcsTrackMatch	is ON 	: Forward Track to FCS Match Maker
QA :INFO  - ==================            StrngMuDST	is ON 	: Creates Stangeness MuDST
QA :INFO  - ==================                CMuDST	is ON 	: Writes Common MuDST
QA :INFO  - ==================                  Tree	is ON 	: Write requested branches into files
QA :INFO  - Process [First=     1/Last=    -1/Total=    -1] Events
QA :INFO  - Library libStDb_Tables         [          StDbT] (/star/nfs4/AFS/star/packages/DEV/.sl73_x8664_gcc485/lib/libStDb_Tables.so)	is loaded
QA :INFO  - Library libemc_Tables          [          emc_T] (/star/nfs4/AFS/star/packages/DEV/.sl73_x8664_gcc485/lib/libemc_Tables.so)	is loaded
QA :INFO  - Library libgen_Tables          [          gen_T] (/star/nfs4/AFS/star/packages/DEV/.sl73_x8664_gcc485/lib/libgen_Tables.so)	is loaded
QA :INFO  - Library libgeometry_Tables     [          geomT] (/star/nfs4/AFS/star/packages/DEV/.sl73_x8664_gcc485/lib/libgeometry_Tables.so)	is loaded
QA :INFO  - Library libglobal_Tables       [          globT] (/star/nfs4/AFS/star/packages/DEV/.sl73_x8664_gcc485/lib/libglobal_Tables.so)	is loaded
QA :INFO  - Library libsim_Tables          [          sim_T] (/star/nfs4/AFS/star/packages/DEV/.sl73_x8664_gcc485/lib/libsim_Tables.so)	is loaded
QA :INFO  - Library libVMC                 [   StarMagField] (/cvmfs/star.sdcc.bnl.gov/star-spack/spack/opt/spack/linux-rhel7-x86_64/gcc-4.8.5/root-5.34.38-eyawaunrtayjlt3aqon5claakm3c7xl7/lib/libVMC.so)	is loaded
QA :INFO  - Library libStarMagField        [   StarMagField] (/star/nfs4/AFS/star/packages/DEV/.sl73_x8664_gcc485/lib/libStarMagField.so)	is loaded
QA :INFO  - Library libStTableUtilities    [         TbUtil] (/star/nfs4/AFS/star/packages/DEV/.sl73_x8664_gcc485/lib/libStTableUtilities.so)	is loaded
QA :INFO  - Library libStTofUtil           [        TofUtil] (/star/nfs4/AFS/star/packages/DEV/.sl73_x8664_gcc485/lib/libStTofUtil.so)	is loaded
QA :INFO  - Library libStBTofUtil          [       BTofUtil] (/star/nfs4/AFS/star/packages/DEV/.sl73_x8664_gcc485/lib/libStBTofUtil.so)	is loaded
QA :INFO  - Library libStBichsel           [      StBichsel] (/star/nfs4/AFS/star/packages/DEV/.sl73_x8664_gcc485/lib/libStBichsel.so)	is loaded
QA :INFO  - Library libStEvent             [        StEvent] (/direct/star+u/akio/fcstrk11/star-sw-fwd/script_test/.sl73_x8664_gcc485/lib/libStEvent.so)	is loaded
QA :INFO  - Library libStEmcUtil           [        EmcUtil] (/star/nfs4/AFS/star/packages/DEV/.sl73_x8664_gcc485/lib/libStEmcUtil.so)	is loaded
QA :INFO  - Library libStEEmcUtil          [       EEmcUtil] (/star/nfs4/AFS/star/packages/DEV/.sl73_x8664_gcc485/lib/libStEEmcUtil.so)	is loaded
QA :INFO  - Library libStPmdUtil           [        PmdUtil] (/star/nfs4/AFS/star/packages/DEV/.sl73_x8664_gcc485/lib/libStPmdUtil.so)	is loaded
QA :INFO  - Library libStTpcDb             [            Stu] (/star/nfs4/AFS/star/packages/DEV/.sl73_x8664_gcc485/lib/libStTpcDb.so)	is loaded
QA :INFO  - Library libStEventUtilities    [            Stu] (/direct/star+u/akio/fcstrk11/star-sw-fwd/script_test/.sl73_x8664_gcc485/lib/libStEventUtilities.so)	is loaded
QA :INFO  - Library libStStrangeMuDstMaker [      MuDSTDeps] (/star/nfs4/AFS/star/packages/DEV/.sl73_x8664_gcc485/lib/libStStrangeMuDstMaker.so)	is loaded
QA :INFO  - Library libTree                [      MuDSTDeps] (/cvmfs/star.sdcc.bnl.gov/star-spack/spack/opt/spack/linux-rhel7-x86_64/gcc-4.8.5/root-5.34.38-eyawaunrtayjlt3aqon5claakm3c7xl7/lib/libTree.so)	is loaded
strangeArrayNames-arrayNames-__NARRAYS__ = 0
QA :INFO  - Library libStMuDSTMaker        [          MuDST] (/direct/star+u/akio/fcstrk11/star-sw-fwd/script_test/.sl73_x8664_gcc485/lib/libStMuDSTMaker.so)	is loaded
QA :INFO  - Library libgeometry            [         geantL] (/star/nfs4/AFS/star/packages/DEV/.sl73_x8664_gcc485/lib/libgeometry.so)	is loaded
QA :INFO  - Library libGeom                [         geantL] (/cvmfs/star.sdcc.bnl.gov/star-spack/spack/opt/spack/linux-rhel7-x86_64/gcc-4.8.5/root-5.34.38-eyawaunrtayjlt3aqon5claakm3c7xl7/lib/libGeom.so)	is loaded
QA :INFO  - Library libSt_db_Maker         [         geantL] (/star/nfs4/AFS/star/packages/DEV/.sl73_x8664_gcc485/lib/libSt_db_Maker.so)	is loaded
QA :INFO  - Library libSt_g2t              [         geantL] (/star/nfs4/AFS/star/packages/DEV/.sl73_x8664_gcc485/lib/libSt_g2t.so)	is loaded
QA :INFO  - Library libSt_geant_Maker      [         geantL] (/star/nfs4/AFS/star/packages/DEV/.sl73_x8664_gcc485/lib/libSt_geant_Maker.so)	is loaded
QA :INFO  - Library libStDbLib             [             db] (/star/nfs4/AFS/star/packages/DEV/.sl73_x8664_gcc485/lib/libStDbLib.so)	is loaded
QA :INFO  - Library libStDbBroker          [             db] (/star/nfs4/AFS/star/packages/DEV/.sl73_x8664_gcc485/lib/libStDbBroker.so)	is loaded
QA :INFO  - Library libStMagF              [           magF] (/star/nfs4/AFS/star/packages/DEV/.sl73_x8664_gcc485/lib/libStMagF.so)	is loaded
QA :INFO  - Library libStDetectorDbMaker   [          detDb] (/star/nfs4/AFS/star/packages/DEV/.sl73_x8664_gcc485/lib/libStDetectorDbMaker.so)	is loaded
QA :INFO  - Library libStDbUtilities       [         dbutil] (/star/nfs4/AFS/star/packages/DEV/.sl73_x8664_gcc485/lib/libStDbUtilities.so)	is loaded
QA :INFO  - Library libStFcsDbMaker        [          fcsDb] (/direct/star+u/akio/fcstrk11/star-sw-fwd/script_test/.sl73_x8664_gcc485/lib/libStFcsDbMaker.so)	is loaded
QA :INFO  - Library libStTriggerDataMaker  [         TRGDef] (/star/nfs4/AFS/star/packages/DEV/.sl73_x8664_gcc485/lib/libStTriggerDataMaker.so)	is loaded
QA :INFO  - Library libStEventMaker        [      MakeEvent] (/direct/star+u/akio/fcstrk11/star-sw-fwd/script_test/.sl73_x8664_gcc485/lib/libStEventMaker.so)	is loaded
QA :INFO  - Library libStMcEvent           [      StMcEvent] (/star/nfs4/AFS/star/packages/DEV/.sl73_x8664_gcc485/lib/libStMcEvent.so)	is loaded
QA :INFO  - Library libStMcEventMaker      [        McEvent] (/star/nfs4/AFS/star/packages/DEV/.sl73_x8664_gcc485/lib/libStMcEventMaker.so)	is loaded
QA :INFO  - Library libStFcsFastSimulatorMaker [         fcsSim] (/direct/star+u/akio/fcstrk11/star-sw-fwd/script_test/.sl73_x8664_gcc485/lib/libStFcsFastSimulatorMaker.so)	is loaded
QA :INFO  - Library libStFcsWaveformFitMaker [         fcsWFF] (/direct/star+u/akio/fcstrk11/star-sw-fwd/script_test/.sl73_x8664_gcc485/lib/libStFcsWaveformFitMaker.so)	is loaded
QA :INFO  - Library libStFcsClusterMaker   [     fcsCluster] (/direct/star+u/akio/fcstrk11/star-sw-fwd/script_test/.sl73_x8664_gcc485/lib/libStFcsClusterMaker.so)	is loaded
QA :INFO  - Library libXMLIO               [       FwdTrack] (/cvmfs/star.sdcc.bnl.gov/star-spack/spack/opt/spack/linux-rhel7-x86_64/gcc-4.8.5/root-5.34.38-eyawaunrtayjlt3aqon5claakm3c7xl7/lib/libXMLIO.so)	is loaded
QA :INFO  - Library libgenfit2             [       FwdTrack] (/cvmfs/star.sdcc.bnl.gov/star-spack/spack/opt/spack/linux-rhel7-x86_64/gcc-4.8.5/genfit-b496504a-mlcdbxg7bmdsbfrppi7qmzppfw4lh52r/lib/libgenfit2.so)	is loaded
QA :INFO  - Library libKiTrack             [       FwdTrack] (/cvmfs/star.sdcc.bnl.gov/star-spack/spack/opt/spack/linux-rhel7-x86_64/gcc-4.8.5/kitrack-01-10-star-1-lnqacdjzhx4ho77dx6zkagserdphphrd/lib/libKiTrack.so)	is loaded
QA :INFO  - Library libStarGeneratorUtil   [       FwdTrack] (/star/nfs4/AFS/star/packages/DEV/.sl73_x8664_gcc485/lib/libStarGeneratorUtil.so)	is loaded
QA :INFO  - Library libMathMore            [       FwdTrack] (/cvmfs/star.sdcc.bnl.gov/star-spack/spack/opt/spack/linux-rhel7-x86_64/gcc-4.8.5/root-5.34.38-eyawaunrtayjlt3aqon5claakm3c7xl7/lib/libMathMore.so)	is loaded
QA :INFO  - Library libStEpdUtil           [       FwdTrack] (/star/nfs4/AFS/star/packages/DEV/.sl73_x8664_gcc485/lib/libStEpdUtil.so)	is loaded
QA :INFO  - Library libStFwdTrackMaker     [       FwdTrack] (/direct/star+u/akio/fcstrk11/star-sw-fwd/script_test/.sl73_x8664_gcc485/lib/libStFwdTrackMaker.so)	is loaded
QA :INFO  - Library libStFcsTrackMatchMaker [  FcsTrackMatch] (/direct/star+u/akio/fcstrk11/star-sw-fwd/script_test/.sl73_x8664_gcc485/lib/libStFcsTrackMatchMaker.so)	is loaded
QA :INFO  - Library libStTreeMaker         [           Tree] (/star/nfs4/AFS/star/packages/DEV/.sl73_x8664_gcc485/lib/libStTreeMaker.so)	is loaded
QA :INFO  - Input file name = ele.pt1.5.vz0.run1.fzd
QA :INFO  - Output root file name ele.pt1.5.vz0.run1.root
QA :INFO  - ProcessLine ((St_geant_Maker *) 0x8b32990)->SetNwGEANT(40);
QA :INFO  - ProcessLine ((St_geant_Maker *) 0x8b32990)->SetInputFile("ele.pt1.5.vz0.run1.fzd")
(Int_t)0
BFC:INFO  - Using DB flavors: sim+ofl
QA :INFO  - StBFChain::SetDbOptions Switching to user chosen dynamic time-stamp (Start)20211016 0
QA :INFO  - Chain may crash if time-stamp is not validated by db interface
BFC:INFO  - St_db_Maker::SetDateTime : Setting Startup Date=20211016 Time=0
QA :INFO  - blacklist svt
QA :INFO  - blacklist ssd
QA :INFO  - blacklist sst
QA :INFO  - blacklist eemc
QA :INFO  - blacklist fms
PrintAttr() for TAttr::tpcDB
  1 - simu = 1
PrintAttr() ==============================================
BFC:INFO  - ******** StFcsDbMaker::StFcsDbMaker = fcsDbMkr
##### void StMuDstMaker::setProbabilityPidFile(const char*) ##### ATTENTION: pid table hardwired to /star/nfs4/AFS/star/packages/dev/StarDb/dEdxModel/PIDTableP01gl.root 
StMuL3Filter::StMuL3Filter(): called. Next BetheBloch instance is made.
BetheBloch::BetheBloch =================================================================
Warning: please don't use BetheBloch::BetheBloch for any analysis after P00hm production
but use instead :                                                                       
for production before P03h static function 1.e-6*BetheBloch::Sirrf(Poverm)              
for production after  P03h (including P03h)                                             
gSystem->Load("StBichsel"); I70 = 1.e-6*mBichsel::Instance()->GetI70(TMath::Log10(poverm),1.)
see an example in  $STAR/StRoot/macros/analysis/bichsel.C                               
BetheBloch::BetheBloch =================================================================
StMuL3Filter::StMuL3Filter(): did you see the BetheBloch warning?
##### StMuDstMaker::StMuDstMaker(const char*) ##### ATTENTION: use standard MuFilter
##### StMuDstMaker::StMuDstMaker(const char*) ##### ATTENTION: use standard l3 MuFilter
QA :INFO  - QAInfo:StBFChain            built May 29 2026 10:43:43 from Tag $Name:  $ $Id: StBFChain.h,v 1.59 2019/11/19 17:26:17 jeromel Exp $ 
QA :INFO  - QAInfo:St_geant_Maker       built Mar 24 2026 11:51:54 from Tag $Name:  $ $Id: St_geant_Maker.h,v 1.60 2020/02/26 21:26:20 jwebb Exp $ 
QA :INFO  - QAInfo:St_db_Maker          built Mar 24 2026 11:51:24 from Tag $Name:  $ $Id: St_db_Maker.h,v 1.46 2015/05/05 21:05:52 dmitry Exp $ 
QA :INFO  - QAInfo:StMagFMaker          built Mar 24 2026 11:30:47 from Tag $Name:  $ $Id: StMagFMaker.h,v 1.8 2014/08/06 11:43:26 jeromel Exp $ 
QA :INFO  - QAInfo:StDetectorDbMaker    built Mar 24 2026 11:12:14 from Tag $Name:  $ $Id: StDetectorDbMaker.h,v 1.5 2015/12/23 23:34:09 fisyak Exp $ 
QA :INFO  - QAInfo:StTpcDbMaker         built Mar 24 2026 11:38:41 from Tag $Name:  $ $Id: StTpcDbMaker.h,v 1.23 2014/08/06 11:43:50 jeromel Exp $ 
QA :INFO  - QAInfo:StFcsDbMaker            from Tag Jun  3 2026 15:46:08
QA :INFO  - QAInfo:StEventMaker         built May 29 2026 10:49:16 from $Id: StEventMaker.h,v 2.16 2014/08/06 11:43:08 jeromel Exp $ 
QA :INFO  - QAInfo:StMcEventMaker       built Mar 24 2026 11:31:44 from Tag $Name:  $ $Id: StMcEventMaker.h,v 1.28 2014/08/06 11:43:26 jeromel Exp $ 
QA :INFO  - QAInfo:StFcsFastSimulatorMaker    from Tag May 29 2026 10:49:46
QA :INFO  - QAInfo:StFcsWaveformFitMaker    from Tag May 29 2026 10:49:57
QA :INFO  - QAInfo:StFcsClusterMaker       from Tag May 29 2026 10:49:38
QA :INFO  - QAInfo:StFwdTrackMaker      built Mar 24 2026 11:11:15 from Tag $Name:  $ $Id: StMaker.h,v 1.101 2017/04/26 18:33:12 perev Exp $ 
QA :INFO  - QAInfo:StFcsTrackMatchMaker built May 29 2026 10:49:55 from Tag $Name:  $ $Id: StFcsTrackMatchMaker.h,v 1.1 2021/03/30 13:34:15 akio Exp $ 
QA :INFO  - QAInfo:StStrangeMuDstMaker  built Mar 24 2026 11:37:04 from Tag $Name:  $ $Id: StStrangeMuDstMaker.h,v 3.21 2014/08/06 11:43:44 jeromel Exp $ 
QA :INFO  - QAInfo:StMuDstMaker         built May 29 2026 10:51:36 from Tag $Name:  $ $Id: StMuDstMaker.h,v 1.66 2021/05/11 19:40:43 jdb Exp $ 
QA :INFO  - QAInfo:StTreeMaker          built Mar 24 2026 11:39:02 from Tag $Name:  $ $Id: StTreeMaker.h,v 1.19 2014/08/06 11:43:51 jeromel Exp $ 
QA :INFO  -  StBFChain::bfc
QA :INFO  -    St_geant_Maker::geant
QA :INFO  -    St_db_Maker::db
QA :INFO  -    StMagFMaker::MagField
QA :INFO  -    StDetectorDbMaker::detDb
QA :INFO  -    StTpcDbMaker::tpcDB
QA :INFO  -    StFcsDbMaker::fcsDbMkr
QA :INFO  -    StEventMaker::0Event
QA :INFO  -    StMcEventMaker::StMcEventMaker
QA :INFO  -    StFcsFastSimulatorMaker::fcsSim
QA :INFO  -    StFcsWaveformFitMaker::StFcsWaveformFitMaker
QA :INFO  -    StFcsClusterMaker::StFcsClusterMaker
QA :INFO  -    StFwdTrackMaker::fwdTrack
QA :INFO  -    StFcsTrackMatchMaker::FcsTrkMatch
QA :INFO  -    StStrangeMuDstMaker::strangeMuDst
QA :INFO  -    StMuDstMaker::MuDst
QA :INFO  -    StTreeMaker::outputStream
output file=ele.pt1.5.vz0.run1.root
QA :INFO  - Output root file name ele.pt1.5.vz0.run1.root
mudst file=
fcsdbmkr=0x8b41e80
fcsdb=0x8b450b0
BFC:INFO  - StFcsDb::InitRun - run = 0 with mDbAccess=0
AAA FCSDB Det=0 OFF = -17.40  -5.26 710.16
AAA FCSDB Det=1 OFF =  17.40  -5.26 710.16
AAA FCSDB Det=2 OFF = -21.29   1.80 782.63
AAA FCSDB Det=3 OFF =  21.29   1.80 782.63
Using the Geometry cache: fGeom.root
fwd tracker setup
picoMk = 0x8df3a40
MEM before Chain::Init	 total =619.066406 heap = 36.538925 and   1.691544(+36.538925)
BFC:INFO  - StBFChain::Init : Time=Tue Jun  9 13:11:35 2026 Cwd=/direct/star+u/akio/fcstrk11/star-sw-fwd/script_test
QA :INFO  - QAInfo:St_geant_Maker       built Mar 24 2026 11:51:54 from Tag $Name:  $ $Id: St_geant_Maker.h,v 1.60 2020/02/26 21:26:20 jwebb Exp $ 
 calling aginit 
St_db_Maker:INFO  - St_db_Maker::OpenMySQL : Block domain fms
St_db_Maker:INFO  - St_db_Maker::OpenMySQL : Block domain eemc
St_db_Maker:INFO  - St_db_Maker::OpenMySQL : Block domain sst
St_db_Maker:INFO  - St_db_Maker::OpenMySQL : Block domain ssd
St_db_Maker:INFO  - St_db_Maker::OpenMySQL : Block domain svt
St_db_Maker:INFO  - StDbManagerImpl::lookUpServers(): config file name is /star/nfs4/AFS/star/packages/conf/dbLoadBalancerLocalConfig_BNL.xml
There is no 1  /star/u/akio/dbServers.xml
 looking at 2 /star/nfs4/AFS/star/packages/dev/StDb/servers/dbServers.xml
DB OVERRIDE default user with: akio
St_db_Maker:INFO  - StDbManagerImpl::lookUpServer() line=713 
******** Order of Files searched for dbServers ********* 
  3. /star/nfs4/AFS/star/packages/dev/StDb/servers/dbServers.xml
********************************************************

StHyperCacheManager: reading cache config from /star/nfs4/AFS/star/packages/conf/hyperconfig.json
St_db_Maker:INFO  - StDbLib: db server found in 3 iterations
St_db_Maker:INFO  - MysqlDb::Connect: Load balancer took 0 ms, will use star-db08.sdcc.bnl.gov:3316
St_db_Maker:INFO  - Ssl_cipher = AES128-SHA
St_db_Maker:INFO  - MysqlDb::Connect(host,user,pw,database,port) line=527 Server Connecting: DB=StarDb  Host=star-db08.sdcc.bnl.gov:3316
 --> Connection Time=0.03386 sec    MysqlVersion=5.7.24
St_db_Maker:INFO  - St_db_Maker::OpenMySQL : Unknown table tpc/tpcDedxPidAmpDb..tpcDedxPidAmpDb
St_db_Maker:INFO  - St_db_Maker::OpenMySQL : Unknown table tpc/tpcGainNorms..tpcGainNorms
St_db_Maker:INFO  - St_db_Maker::OpenMySQL : Unknown table tpc/tpcChargeStepCalib..tpcChargeStepCalib
St_db_Maker:INFO  - St_db_Maker::OpenMySQL : Unknown table tpc/tpcHitErrors..tpcHitErrors
StFcsFastSimulatorMaker:DEBUG - *** Call << StFcsFastSimulatorMaker:Init() ***
StFcsClusterMaker:DEBUG - *** Call << StFcsClusterMaker:Init() ***
StChain:DEBUG - *** Call << StFttClusterPointMaker:Init() ***
StFwdTrackMaker:INFO  - Using cached geometry file: fGeom.root
StFwdTrackMaker:INFO  - StFwdTrackMaker is loading the geometry cache: fGeom.root
StFwdTrackMaker:INFO  - TGeoManager::Import : Reading geometry from file: fGeom.root
StFwdTrackMaker:INFO  - TGeoManager::CloseGeometry : Geometry loaded from file...
StFwdTrackMaker:INFO  - TGeoManager::SetTopVolume : Top volume is HALL. Master volume is HALL
StFwdTrackMaker:INFO  - TGeoNavigator::BuildCache : --- Maximum geometry depth set to 100
StFwdTrackMaker:INFO  - TGeoManager::CloseGeometry : Voxelization retrieved from file
StFwdTrackMaker:INFO  - TGeoManager::CountLevels : max level = 12, max placements = 2
StFwdTrackMaker:INFO  - TGeoManager::CloseGeometry : 0 nodes/ 2647 volume UID's in The STAR Geometry Manager
StFwdTrackMaker:INFO  - TGeoManager::CloseGeometry : ----------------modeler ready----------------
StFwdTrackMaker:INFO  - Turning OFF GenFit Material Effects in stepper
StFwdTrackMaker:INFO  - StFwdTrackMaker: Tracking with StarFieldAdapter
StFwdTrackMaker:INFO  - Setting the KalmanFitterRefTrack to update ref track Chi2Ref
StFwdTrackMaker:INFO  - TrackFitter::setupGenfitKalmanFitter() called
StFwdTrackMaker:INFO  - 	MaxFailedHits: -1
StFwdTrackMaker:INFO  - 	MaxIterations: 20
StFwdTrackMaker:INFO  - 	MinIterations: 10
StFwdTrackMaker:INFO  - 	RelChi2Change: 1e-06
StFwdTrackMaker:INFO  - 	DeltaPval: 0.1
StFwdTrackMaker:INFO  - 	BlowUpFactor: 1e+09
StFwdTrackMaker:INFO  - 	BlowUpMaxVal: 1e+09
StFwdTrackMaker:INFO  - Using **KalmanFitterRefTrack** with Chi2Ref update @ 0.1
StFwdTrackMaker:INFO  - Getting FST sensor origin for index 0 with path /HALL_1/CAVE_1/FSTM_1/FSTD_4/FSTW_2/FTUS_1
StFwdTrackMaker:INFO  - FST Sensor 0 origin: 0, 0, 151.403
StFwdTrackMaker:INFO  - 	Sensor 0 U = 0.258819, 0.965926, 0
StFwdTrackMaker:INFO  - 	Sensor 0 V = -0.965926, 0.258819, -0
StFwdTrackMaker:INFO  - Getting FST sensor origin for index 1 with path /HALL_1/CAVE_1/FSTM_1/FSTD_4/FSTW_2/FTUS_2
StFwdTrackMaker:INFO  - FST Sensor 1 origin: 0, 0, 151.403
StFwdTrackMaker:INFO  - 	Sensor 1 U = 0.258819, 0.965926, 0
StFwdTrackMaker:INFO  - 	Sensor 1 V = -0.965926, 0.258819, -0
StFwdTrackMaker:INFO  - Getting FST sensor origin for index 2 with path /HALL_1/CAVE_1/FSTM_1/FSTD_4/FSTW_2/FTUS_3
StFwdTrackMaker:INFO  - FST Sensor 2 origin: 0, 0, 150.008
StFwdTrackMaker:INFO  - 	Sensor 2 U = 0.258819, 0.965926, 0
StFwdTrackMaker:INFO  - 	Sensor 2 V = -0.965926, 0.258819, -0
StFwdTrackMaker:INFO  - Getting FST sensor origin for index 3 with path /HALL_1/CAVE_1/FSTM_1/FSTD_4/FSTW_7/FTUS_1
StFwdTrackMaker:INFO  - FST Sensor 3 origin: 0, 0, 152.097
StFwdTrackMaker:INFO  - 	Sensor 3 U = 0.707107, 0.707107, 0
StFwdTrackMaker:INFO  - 	Sensor 3 V = -0.707107, 0.707107, 0
StFwdTrackMaker:INFO  - Getting FST sensor origin for index 4 with path /HALL_1/CAVE_1/FSTM_1/FSTD_4/FSTW_7/FTUS_2
StFwdTrackMaker:INFO  - FST Sensor 4 origin: 0, 0, 152.097
StFwdTrackMaker:INFO  - 	Sensor 4 U = 0.707107, 0.707107, 0
StFwdTrackMaker:INFO  - 	Sensor 4 V = -0.707107, 0.707107, 0
StFwdTrackMaker:INFO  - Getting FST sensor origin for index 5 with path /HALL_1/CAVE_1/FSTM_1/FSTD_4/FSTW_7/FTUS_3
StFwdTrackMaker:INFO  - FST Sensor 5 origin: 0, 0, 153.492
StFwdTrackMaker:INFO  - 	Sensor 5 U = 0.707107, 0.707107, 0
StFwdTrackMaker:INFO  - 	Sensor 5 V = -0.707107, 0.707107, 0
StFwdTrackMaker:INFO  - Getting FST sensor origin for index 6 with path /HALL_1/CAVE_1/FSTM_1/FSTD_4/FSTW_1/FTUS_1
StFwdTrackMaker:INFO  - FST Sensor 6 origin: 0, 0, 151.403
StFwdTrackMaker:INFO  - 	Sensor 6 U = 0.965926, 0.258819, 0
StFwdTrackMaker:INFO  - 	Sensor 6 V = -0.258819, 0.965926, -0
StFwdTrackMaker:INFO  - Getting FST sensor origin for index 7 with path /HALL_1/CAVE_1/FSTM_1/FSTD_4/FSTW_1/FTUS_2
StFwdTrackMaker:INFO  - FST Sensor 7 origin: 0, 0, 151.403
StFwdTrackMaker:INFO  - 	Sensor 7 U = 0.965926, 0.258819, 0
StFwdTrackMaker:INFO  - 	Sensor 7 V = -0.258819, 0.965926, -0
StFwdTrackMaker:INFO  - Getting FST sensor origin for index 8 with path /HALL_1/CAVE_1/FSTM_1/FSTD_4/FSTW_1/FTUS_3
StFwdTrackMaker:INFO  - FST Sensor 8 origin: 0, 0, 150.008
StFwdTrackMaker:INFO  - 	Sensor 8 U = 0.965926, 0.258819, 0
StFwdTrackMaker:INFO  - 	Sensor 8 V = -0.258819, 0.965926, -0
StFwdTrackMaker:INFO  - Getting FST sensor origin for index 9 with path /HALL_1/CAVE_1/FSTM_1/FSTD_4/FSTW_12/FTUS_1
StFwdTrackMaker:INFO  - FST Sensor 9 origin: 0, 0, 152.097
StFwdTrackMaker:INFO  - 	Sensor 9 U = 0.965926, -0.258819, 0
StFwdTrackMaker:INFO  - 	Sensor 9 V = 0.258819, 0.965926, 0
StFwdTrackMaker:INFO  - Getting FST sensor origin for index 10 with path /HALL_1/CAVE_1/FSTM_1/FSTD_4/FSTW_12/FTUS_2
StFwdTrackMaker:INFO  - FST Sensor 10 origin: 0, 0, 152.097
StFwdTrackMaker:INFO  - 	Sensor 10 U = 0.965926, -0.258819, 0
StFwdTrackMaker:INFO  - 	Sensor 10 V = 0.258819, 0.965926, 0
StFwdTrackMaker:INFO  - Getting FST sensor origin for index 11 with path /HALL_1/CAVE_1/FSTM_1/FSTD_4/FSTW_12/FTUS_3
StFwdTrackMaker:INFO  - FST Sensor 11 origin: 0, 0, 153.492
StFwdTrackMaker:INFO  - 	Sensor 11 U = 0.965926, -0.258819, 0
StFwdTrackMaker:INFO  - 	Sensor 11 V = 0.258819, 0.965926, 0
StFwdTrackMaker:INFO  - Getting FST sensor origin for index 12 with path /HALL_1/CAVE_1/FSTM_1/FSTD_4/FSTW_6/FTUS_1
StFwdTrackMaker:INFO  - FST Sensor 12 origin: 0, 0, 151.403
StFwdTrackMaker:INFO  - 	Sensor 12 U = 0.707107, -0.707107, 0
StFwdTrackMaker:INFO  - 	Sensor 12 V = 0.707107, 0.707107, -0
StFwdTrackMaker:INFO  - Getting FST sensor origin for index 13 with path /HALL_1/CAVE_1/FSTM_1/FSTD_4/FSTW_6/FTUS_2
StFwdTrackMaker:INFO  - FST Sensor 13 origin: 0, 0, 151.403
StFwdTrackMaker:INFO  - 	Sensor 13 U = 0.707107, -0.707107, 0
StFwdTrackMaker:INFO  - 	Sensor 13 V = 0.707107, 0.707107, -0
StFwdTrackMaker:INFO  - Getting FST sensor origin for index 14 with path /HALL_1/CAVE_1/FSTM_1/FSTD_4/FSTW_6/FTUS_3
StFwdTrackMaker:INFO  - FST Sensor 14 origin: 0, 0, 150.008
StFwdTrackMaker:INFO  - 	Sensor 14 U = 0.707107, -0.707107, 0
StFwdTrackMaker:INFO  - 	Sensor 14 V = 0.707107, 0.707107, -0
StFwdTrackMaker:INFO  - Getting FST sensor origin for index 15 with path /HALL_1/CAVE_1/FSTM_1/FSTD_4/FSTW_11/FTUS_1
StFwdTrackMaker:INFO  - FST Sensor 15 origin: 0, 0, 152.097
StFwdTrackMaker:INFO  - 	Sensor 15 U = 0.258819, -0.965926, 0
StFwdTrackMaker:INFO  - 	Sensor 15 V = 0.965926, 0.258819, 0
StFwdTrackMaker:INFO  - Getting FST sensor origin for index 16 with path /HALL_1/CAVE_1/FSTM_1/FSTD_4/FSTW_11/FTUS_2
StFwdTrackMaker:INFO  - FST Sensor 16 origin: 0, 0, 152.097
StFwdTrackMaker:INFO  - 	Sensor 16 U = 0.258819, -0.965926, 0
StFwdTrackMaker:INFO  - 	Sensor 16 V = 0.965926, 0.258819, 0
StFwdTrackMaker:INFO  - Getting FST sensor origin for index 17 with path /HALL_1/CAVE_1/FSTM_1/FSTD_4/FSTW_11/FTUS_3
StFwdTrackMaker:INFO  - FST Sensor 17 origin: 0, 0, 153.492
StFwdTrackMaker:INFO  - 	Sensor 17 U = 0.258819, -0.965926, 0
StFwdTrackMaker:INFO  - 	Sensor 17 V = 0.965926, 0.258819, 0
StFwdTrackMaker:INFO  - Getting FST sensor origin for index 18 with path /HALL_1/CAVE_1/FSTM_1/FSTD_4/FSTW_5/FTUS_1
StFwdTrackMaker:INFO  - FST Sensor 18 origin: 0, 0, 151.403
StFwdTrackMaker:INFO  - 	Sensor 18 U = -0.258819, -0.965926, 0
StFwdTrackMaker:INFO  - 	Sensor 18 V = 0.965926, -0.258819, -0
StFwdTrackMaker:INFO  - Getting FST sensor origin for index 19 with path /HALL_1/CAVE_1/FSTM_1/FSTD_4/FSTW_5/FTUS_2
StFwdTrackMaker:INFO  - FST Sensor 19 origin: 0, 0, 151.403
StFwdTrackMaker:INFO  - 	Sensor 19 U = -0.258819, -0.965926, 0
StFwdTrackMaker:INFO  - 	Sensor 19 V = 0.965926, -0.258819, -0
StFwdTrackMaker:INFO  - Getting FST sensor origin for index 20 with path /HALL_1/CAVE_1/FSTM_1/FSTD_4/FSTW_5/FTUS_3
StFwdTrackMaker:INFO  - FST Sensor 20 origin: 0, 0, 150.008
StFwdTrackMaker:INFO  - 	Sensor 20 U = -0.258819, -0.965926, 0
StFwdTrackMaker:INFO  - 	Sensor 20 V = 0.965926, -0.258819, -0
StFwdTrackMaker:INFO  - Getting FST sensor origin for index 21 with path /HALL_1/CAVE_1/FSTM_1/FSTD_4/FSTW_10/FTUS_1
StFwdTrackMaker:INFO  - FST Sensor 21 origin: 0, 0, 152.097
StFwdTrackMaker:INFO  - 	Sensor 21 U = -0.707107, -0.707107, 0
StFwdTrackMaker:INFO  - 	Sensor 21 V = 0.707107, -0.707107, 0
StFwdTrackMaker:INFO  - Getting FST sensor origin for index 22 with path /HALL_1/CAVE_1/FSTM_1/FSTD_4/FSTW_10/FTUS_2
StFwdTrackMaker:INFO  - FST Sensor 22 origin: 0, 0, 152.097
StFwdTrackMaker:INFO  - 	Sensor 22 U = -0.707107, -0.707107, 0
StFwdTrackMaker:INFO  - 	Sensor 22 V = 0.707107, -0.707107, 0
StFwdTrackMaker:INFO  - Getting FST sensor origin for index 23 with path /HALL_1/CAVE_1/FSTM_1/FSTD_4/FSTW_10/FTUS_3
StFwdTrackMaker:INFO  - FST Sensor 23 origin: 0, 0, 153.492
StFwdTrackMaker:INFO  - 	Sensor 23 U = -0.707107, -0.707107, 0
StFwdTrackMaker:INFO  - 	Sensor 23 V = 0.707107, -0.707107, 0
StFwdTrackMaker:INFO  - Getting FST sensor origin for index 24 with path /HALL_1/CAVE_1/FSTM_1/FSTD_4/FSTW_4/FTUS_1
StFwdTrackMaker:INFO  - FST Sensor 24 origin: 0, 0, 151.403
StFwdTrackMaker:INFO  - 	Sensor 24 U = -0.965926, -0.258819, 0
StFwdTrackMaker:INFO  - 	Sensor 24 V = 0.258819, -0.965926, -0
StFwdTrackMaker:INFO  - Getting FST sensor origin for index 25 with path /HALL_1/CAVE_1/FSTM_1/FSTD_4/FSTW_4/FTUS_2
StFwdTrackMaker:INFO  - FST Sensor 25 origin: 0, 0, 151.403
StFwdTrackMaker:INFO  - 	Sensor 25 U = -0.965926, -0.258819, 0
StFwdTrackMaker:INFO  - 	Sensor 25 V = 0.258819, -0.965926, -0
StFwdTrackMaker:INFO  - Getting FST sensor origin for index 26 with path /HALL_1/CAVE_1/FSTM_1/FSTD_4/FSTW_4/FTUS_3
StFwdTrackMaker:INFO  - FST Sensor 26 origin: 0, 0, 150.008
StFwdTrackMaker:INFO  - 	Sensor 26 U = -0.965926, -0.258819, 0
StFwdTrackMaker:INFO  - 	Sensor 26 V = 0.258819, -0.965926, -0
StFwdTrackMaker:INFO  - Getting FST sensor origin for index 27 with path /HALL_1/CAVE_1/FSTM_1/FSTD_4/FSTW_9/FTUS_1
StFwdTrackMaker:INFO  - FST Sensor 27 origin: 0, 0, 152.097
StFwdTrackMaker:INFO  - 	Sensor 27 U = -0.965926, 0.258819, 0
StFwdTrackMaker:INFO  - 	Sensor 27 V = -0.258819, -0.965926, 0
StFwdTrackMaker:INFO  - Getting FST sensor origin for index 28 with path /HALL_1/CAVE_1/FSTM_1/FSTD_4/FSTW_9/FTUS_2
StFwdTrackMaker:INFO  - FST Sensor 28 origin: 0, 0, 152.097
StFwdTrackMaker:INFO  - 	Sensor 28 U = -0.965926, 0.258819, 0
StFwdTrackMaker:INFO  - 	Sensor 28 V = -0.258819, -0.965926, 0
StFwdTrackMaker:INFO  - Getting FST sensor origin for index 29 with path /HALL_1/CAVE_1/FSTM_1/FSTD_4/FSTW_9/FTUS_3
StFwdTrackMaker:INFO  - FST Sensor 29 origin: 0, 0, 153.492
StFwdTrackMaker:INFO  - 	Sensor 29 U = -0.965926, 0.258819, 0
StFwdTrackMaker:INFO  - 	Sensor 29 V = -0.258819, -0.965926, 0
StFwdTrackMaker:INFO  - Getting FST sensor origin for index 30 with path /HALL_1/CAVE_1/FSTM_1/FSTD_4/FSTW_3/FTUS_1
StFwdTrackMaker:INFO  - FST Sensor 30 origin: 0, 0, 151.403
StFwdTrackMaker:INFO  - 	Sensor 30 U = -0.707107, 0.707107, 0
StFwdTrackMaker:INFO  - 	Sensor 30 V = -0.707107, -0.707107, -0
StFwdTrackMaker:INFO  - Getting FST sensor origin for index 31 with path /HALL_1/CAVE_1/FSTM_1/FSTD_4/FSTW_3/FTUS_2
StFwdTrackMaker:INFO  - FST Sensor 31 origin: 0, 0, 151.403
StFwdTrackMaker:INFO  - 	Sensor 31 U = -0.707107, 0.707107, 0
StFwdTrackMaker:INFO  - 	Sensor 31 V = -0.707107, -0.707107, -0
StFwdTrackMaker:INFO  - Getting FST sensor origin for index 32 with path /HALL_1/CAVE_1/FSTM_1/FSTD_4/FSTW_3/FTUS_3
StFwdTrackMaker:INFO  - FST Sensor 32 origin: 0, 0, 150.008
StFwdTrackMaker:INFO  - 	Sensor 32 U = -0.707107, 0.707107, 0
StFwdTrackMaker:INFO  - 	Sensor 32 V = -0.707107, -0.707107, -0
StFwdTrackMaker:INFO  - Getting FST sensor origin for index 33 with path /HALL_1/CAVE_1/FSTM_1/FSTD_4/FSTW_8/FTUS_1
StFwdTrackMaker:INFO  - FST Sensor 33 origin: 0, 0, 152.097
StFwdTrackMaker:INFO  - 	Sensor 33 U = -0.258819, 0.965926, 0
StFwdTrackMaker:INFO  - 	Sensor 33 V = -0.965926, -0.258819, 0
StFwdTrackMaker:INFO  - Getting FST sensor origin for index 34 with path /HALL_1/CAVE_1/FSTM_1/FSTD_4/FSTW_8/FTUS_2
StFwdTrackMaker:INFO  - FST Sensor 34 origin: 0, 0, 152.097
StFwdTrackMaker:INFO  - 	Sensor 34 U = -0.258819, 0.965926, 0
StFwdTrackMaker:INFO  - 	Sensor 34 V = -0.965926, -0.258819, 0
StFwdTrackMaker:INFO  - Getting FST sensor origin for index 35 with path /HALL_1/CAVE_1/FSTM_1/FSTD_4/FSTW_8/FTUS_3
StFwdTrackMaker:INFO  - FST Sensor 35 origin: 0, 0, 153.492
StFwdTrackMaker:INFO  - 	Sensor 35 U = -0.258819, 0.965926, 0
StFwdTrackMaker:INFO  - 	Sensor 35 V = -0.965926, -0.258819, 0
StFwdTrackMaker:INFO  - Getting FST sensor origin for index 36 with path /HALL_1/CAVE_1/FSTM_1/FSTD_5/FSTW_7/FTUS_1
StFwdTrackMaker:INFO  - FST Sensor 36 origin: 0, 0, 165.595
StFwdTrackMaker:INFO  - 	Sensor 36 U = 0.258819, 0.965926, 0
StFwdTrackMaker:INFO  - 	Sensor 36 V = -0.965926, 0.258819, 0
StFwdTrackMaker:INFO  - Getting FST sensor origin for index 37 with path /HALL_1/CAVE_1/FSTM_1/FSTD_5/FSTW_7/FTUS_2
StFwdTrackMaker:INFO  - FST Sensor 37 origin: 0, 0, 165.595
StFwdTrackMaker:INFO  - 	Sensor 37 U = 0.258819, 0.965926, 0
StFwdTrackMaker:INFO  - 	Sensor 37 V = -0.965926, 0.258819, 0
StFwdTrackMaker:INFO  - Getting FST sensor origin for index 38 with path /HALL_1/CAVE_1/FSTM_1/FSTD_5/FSTW_7/FTUS_3
StFwdTrackMaker:INFO  - FST Sensor 38 origin: 0, 0, 166.99
StFwdTrackMaker:INFO  - 	Sensor 38 U = 0.258819, 0.965926, 0
StFwdTrackMaker:INFO  - 	Sensor 38 V = -0.965926, 0.258819, 0
StFwdTrackMaker:INFO  - Getting FST sensor origin for index 39 with path /HALL_1/CAVE_1/FSTM_1/FSTD_5/FSTW_1/FTUS_1
StFwdTrackMaker:INFO  - FST Sensor 39 origin: 0, 0, 164.901
StFwdTrackMaker:INFO  - 	Sensor 39 U = 0.707107, 0.707107, 0
StFwdTrackMaker:INFO  - 	Sensor 39 V = -0.707107, 0.707107, -0
StFwdTrackMaker:INFO  - Getting FST sensor origin for index 40 with path /HALL_1/CAVE_1/FSTM_1/FSTD_5/FSTW_1/FTUS_2
StFwdTrackMaker:INFO  - FST Sensor 40 origin: 0, 0, 164.901
StFwdTrackMaker:INFO  - 	Sensor 40 U = 0.707107, 0.707107, 0
StFwdTrackMaker:INFO  - 	Sensor 40 V = -0.707107, 0.707107, -0
StFwdTrackMaker:INFO  - Getting FST sensor origin for index 41 with path /HALL_1/CAVE_1/FSTM_1/FSTD_5/FSTW_1/FTUS_3
StFwdTrackMaker:INFO  - FST Sensor 41 origin: 0, 0, 163.506
StFwdTrackMaker:INFO  - 	Sensor 41 U = 0.707107, 0.707107, 0
StFwdTrackMaker:INFO  - 	Sensor 41 V = -0.707107, 0.707107, -0
StFwdTrackMaker:INFO  - Getting FST sensor origin for index 42 with path /HALL_1/CAVE_1/FSTM_1/FSTD_5/FSTW_12/FTUS_1
StFwdTrackMaker:INFO  - FST Sensor 42 origin: 0, 0, 165.595
StFwdTrackMaker:INFO  - 	Sensor 42 U = 0.965926, 0.258819, 0
StFwdTrackMaker:INFO  - 	Sensor 42 V = -0.258819, 0.965926, 0
StFwdTrackMaker:INFO  - Getting FST sensor origin for index 43 with path /HALL_1/CAVE_1/FSTM_1/FSTD_5/FSTW_12/FTUS_2
StFwdTrackMaker:INFO  - FST Sensor 43 origin: 0, 0, 165.595
StFwdTrackMaker:INFO  - 	Sensor 43 U = 0.965926, 0.258819, 0
StFwdTrackMaker:INFO  - 	Sensor 43 V = -0.258819, 0.965926, 0
StFwdTrackMaker:INFO  - Getting FST sensor origin for index 44 with path /HALL_1/CAVE_1/FSTM_1/FSTD_5/FSTW_12/FTUS_3
StFwdTrackMaker:INFO  - FST Sensor 44 origin: 0, 0, 166.99
StFwdTrackMaker:INFO  - 	Sensor 44 U = 0.965926, 0.258819, 0
StFwdTrackMaker:INFO  - 	Sensor 44 V = -0.258819, 0.965926, 0
StFwdTrackMaker:INFO  - Getting FST sensor origin for index 45 with path /HALL_1/CAVE_1/FSTM_1/FSTD_5/FSTW_6/FTUS_1
StFwdTrackMaker:INFO  - FST Sensor 45 origin: 0, 0, 164.901
StFwdTrackMaker:INFO  - 	Sensor 45 U = 0.965926, -0.258819, 0
StFwdTrackMaker:INFO  - 	Sensor 45 V = 0.258819, 0.965926, -0
StFwdTrackMaker:INFO  - Getting FST sensor origin for index 46 with path /HALL_1/CAVE_1/FSTM_1/FSTD_5/FSTW_6/FTUS_2
StFwdTrackMaker:INFO  - FST Sensor 46 origin: 0, 0, 164.901
StFwdTrackMaker:INFO  - 	Sensor 46 U = 0.965926, -0.258819, 0
StFwdTrackMaker:INFO  - 	Sensor 46 V = 0.258819, 0.965926, -0
StFwdTrackMaker:INFO  - Getting FST sensor origin for index 47 with path /HALL_1/CAVE_1/FSTM_1/FSTD_5/FSTW_6/FTUS_3
StFwdTrackMaker:INFO  - FST Sensor 47 origin: 0, 0, 163.506
StFwdTrackMaker:INFO  - 	Sensor 47 U = 0.965926, -0.258819, 0
StFwdTrackMaker:INFO  - 	Sensor 47 V = 0.258819, 0.965926, -0
StFwdTrackMaker:INFO  - Getting FST sensor origin for index 48 with path /HALL_1/CAVE_1/FSTM_1/FSTD_5/FSTW_11/FTUS_1
StFwdTrackMaker:INFO  - FST Sensor 48 origin: 0, 0, 165.595
StFwdTrackMaker:INFO  - 	Sensor 48 U = 0.707107, -0.707107, 0
StFwdTrackMaker:INFO  - 	Sensor 48 V = 0.707107, 0.707107, 0
StFwdTrackMaker:INFO  - Getting FST sensor origin for index 49 with path /HALL_1/CAVE_1/FSTM_1/FSTD_5/FSTW_11/FTUS_2
StFwdTrackMaker:INFO  - FST Sensor 49 origin: 0, 0, 165.595
StFwdTrackMaker:INFO  - 	Sensor 49 U = 0.707107, -0.707107, 0
StFwdTrackMaker:INFO  - 	Sensor 49 V = 0.707107, 0.707107, 0
StFwdTrackMaker:INFO  - Getting FST sensor origin for index 50 with path /HALL_1/CAVE_1/FSTM_1/FSTD_5/FSTW_11/FTUS_3
StFwdTrackMaker:INFO  - FST Sensor 50 origin: 0, 0, 166.99
StFwdTrackMaker:INFO  - 	Sensor 50 U = 0.707107, -0.707107, 0
StFwdTrackMaker:INFO  - 	Sensor 50 V = 0.707107, 0.707107, 0
StFwdTrackMaker:INFO  - Getting FST sensor origin for index 51 with path /HALL_1/CAVE_1/FSTM_1/FSTD_5/FSTW_5/FTUS_1
StFwdTrackMaker:INFO  - FST Sensor 51 origin: 0, 0, 164.901
StFwdTrackMaker:INFO  - 	Sensor 51 U = 0.258819, -0.965926, 0
StFwdTrackMaker:INFO  - 	Sensor 51 V = 0.965926, 0.258819, -0
StFwdTrackMaker:INFO  - Getting FST sensor origin for index 52 with path /HALL_1/CAVE_1/FSTM_1/FSTD_5/FSTW_5/FTUS_2
StFwdTrackMaker:INFO  - FST Sensor 52 origin: 0, 0, 164.901
StFwdTrackMaker:INFO  - 	Sensor 52 U = 0.258819, -0.965926, 0
StFwdTrackMaker:INFO  - 	Sensor 52 V = 0.965926, 0.258819, -0
StFwdTrackMaker:INFO  - Getting FST sensor origin for index 53 with path /HALL_1/CAVE_1/FSTM_1/FSTD_5/FSTW_5/FTUS_3
StFwdTrackMaker:INFO  - FST Sensor 53 origin: 0, 0, 163.506
StFwdTrackMaker:INFO  - 	Sensor 53 U = 0.258819, -0.965926, 0
StFwdTrackMaker:INFO  - 	Sensor 53 V = 0.965926, 0.258819, -0
StFwdTrackMaker:INFO  - Getting FST sensor origin for index 54 with path /HALL_1/CAVE_1/FSTM_1/FSTD_5/FSTW_10/FTUS_1
StFwdTrackMaker:INFO  - FST Sensor 54 origin: 0, 0, 165.595
StFwdTrackMaker:INFO  - 	Sensor 54 U = -0.258819, -0.965926, 0
StFwdTrackMaker:INFO  - 	Sensor 54 V = 0.965926, -0.258819, 0
StFwdTrackMaker:INFO  - Getting FST sensor origin for index 55 with path /HALL_1/CAVE_1/FSTM_1/FSTD_5/FSTW_10/FTUS_2
StFwdTrackMaker:INFO  - FST Sensor 55 origin: 0, 0, 165.595
StFwdTrackMaker:INFO  - 	Sensor 55 U = -0.258819, -0.965926, 0
StFwdTrackMaker:INFO  - 	Sensor 55 V = 0.965926, -0.258819, 0
StFwdTrackMaker:INFO  - Getting FST sensor origin for index 56 with path /HALL_1/CAVE_1/FSTM_1/FSTD_5/FSTW_10/FTUS_3
StFwdTrackMaker:INFO  - FST Sensor 56 origin: 0, 0, 166.99
StFwdTrackMaker:INFO  - 	Sensor 56 U = -0.258819, -0.965926, 0
StFwdTrackMaker:INFO  - 	Sensor 56 V = 0.965926, -0.258819, 0
StFwdTrackMaker:INFO  - Getting FST sensor origin for index 57 with path /HALL_1/CAVE_1/FSTM_1/FSTD_5/FSTW_4/FTUS_1
StFwdTrackMaker:INFO  - FST Sensor 57 origin: 0, 0, 164.901
StFwdTrackMaker:INFO  - 	Sensor 57 U = -0.707107, -0.707107, 0
StFwdTrackMaker:INFO  - 	Sensor 57 V = 0.707107, -0.707107, -0
StFwdTrackMaker:INFO  - Getting FST sensor origin for index 58 with path /HALL_1/CAVE_1/FSTM_1/FSTD_5/FSTW_4/FTUS_2
StFwdTrackMaker:INFO  - FST Sensor 58 origin: 0, 0, 164.901
StFwdTrackMaker:INFO  - 	Sensor 58 U = -0.707107, -0.707107, 0
StFwdTrackMaker:INFO  - 	Sensor 58 V = 0.707107, -0.707107, -0
StFwdTrackMaker:INFO  - Getting FST sensor origin for index 59 with path /HALL_1/CAVE_1/FSTM_1/FSTD_5/FSTW_4/FTUS_3
StFwdTrackMaker:INFO  - FST Sensor 59 origin: 0, 0, 163.506
StFwdTrackMaker:INFO  - 	Sensor 59 U = -0.707107, -0.707107, 0
StFwdTrackMaker:INFO  - 	Sensor 59 V = 0.707107, -0.707107, -0
StFwdTrackMaker:INFO  - Getting FST sensor origin for index 60 with path /HALL_1/CAVE_1/FSTM_1/FSTD_5/FSTW_9/FTUS_1
StFwdTrackMaker:INFO  - FST Sensor 60 origin: 0, 0, 165.595
StFwdTrackMaker:INFO  - 	Sensor 60 U = -0.965926, -0.258819, 0
StFwdTrackMaker:INFO  - 	Sensor 60 V = 0.258819, -0.965926, 0
StFwdTrackMaker:INFO  - Getting FST sensor origin for index 61 with path /HALL_1/CAVE_1/FSTM_1/FSTD_5/FSTW_9/FTUS_2
StFwdTrackMaker:INFO  - FST Sensor 61 origin: 0, 0, 165.595
StFwdTrackMaker:INFO  - 	Sensor 61 U = -0.965926, -0.258819, 0
StFwdTrackMaker:INFO  - 	Sensor 61 V = 0.258819, -0.965926, 0
StFwdTrackMaker:INFO  - Getting FST sensor origin for index 62 with path /HALL_1/CAVE_1/FSTM_1/FSTD_5/FSTW_9/FTUS_3
StFwdTrackMaker:INFO  - FST Sensor 62 origin: 0, 0, 166.99
StFwdTrackMaker:INFO  - 	Sensor 62 U = -0.965926, -0.258819, 0
StFwdTrackMaker:INFO  - 	Sensor 62 V = 0.258819, -0.965926, 0
StFwdTrackMaker:INFO  - Getting FST sensor origin for index 63 with path /HALL_1/CAVE_1/FSTM_1/FSTD_5/FSTW_3/FTUS_1
StFwdTrackMaker:INFO  - FST Sensor 63 origin: 0, 0, 164.901
StFwdTrackMaker:INFO  - 	Sensor 63 U = -0.965926, 0.258819, 0
StFwdTrackMaker:INFO  - 	Sensor 63 V = -0.258819, -0.965926, -0
StFwdTrackMaker:INFO  - Getting FST sensor origin for index 64 with path /HALL_1/CAVE_1/FSTM_1/FSTD_5/FSTW_3/FTUS_2
StFwdTrackMaker:INFO  - FST Sensor 64 origin: 0, 0, 164.901
StFwdTrackMaker:INFO  - 	Sensor 64 U = -0.965926, 0.258819, 0
StFwdTrackMaker:INFO  - 	Sensor 64 V = -0.258819, -0.965926, -0
StFwdTrackMaker:INFO  - Getting FST sensor origin for index 65 with path /HALL_1/CAVE_1/FSTM_1/FSTD_5/FSTW_3/FTUS_3
StFwdTrackMaker:INFO  - FST Sensor 65 origin: 0, 0, 163.506
StFwdTrackMaker:INFO  - 	Sensor 65 U = -0.965926, 0.258819, 0
StFwdTrackMaker:INFO  - 	Sensor 65 V = -0.258819, -0.965926, -0
StFwdTrackMaker:INFO  - Getting FST sensor origin for index 66 with path /HALL_1/CAVE_1/FSTM_1/FSTD_5/FSTW_8/FTUS_1
StFwdTrackMaker:INFO  - FST Sensor 66 origin: 0, 0, 165.595
StFwdTrackMaker:INFO  - 	Sensor 66 U = -0.707107, 0.707107, 0
StFwdTrackMaker:INFO  - 	Sensor 66 V = -0.707107, -0.707107, 0
StFwdTrackMaker:INFO  - Getting FST sensor origin for index 67 with path /HALL_1/CAVE_1/FSTM_1/FSTD_5/FSTW_8/FTUS_2
StFwdTrackMaker:INFO  - FST Sensor 67 origin: 0, 0, 165.595
StFwdTrackMaker:INFO  - 	Sensor 67 U = -0.707107, 0.707107, 0
StFwdTrackMaker:INFO  - 	Sensor 67 V = -0.707107, -0.707107, 0
StFwdTrackMaker:INFO  - Getting FST sensor origin for index 68 with path /HALL_1/CAVE_1/FSTM_1/FSTD_5/FSTW_8/FTUS_3
StFwdTrackMaker:INFO  - FST Sensor 68 origin: 0, 0, 166.99
StFwdTrackMaker:INFO  - 	Sensor 68 U = -0.707107, 0.707107, 0
StFwdTrackMaker:INFO  - 	Sensor 68 V = -0.707107, -0.707107, 0
StFwdTrackMaker:INFO  - Getting FST sensor origin for index 69 with path /HALL_1/CAVE_1/FSTM_1/FSTD_5/FSTW_2/FTUS_1
StFwdTrackMaker:INFO  - FST Sensor 69 origin: 0, 0, 164.901
StFwdTrackMaker:INFO  - 	Sensor 69 U = -0.258819, 0.965926, 0
StFwdTrackMaker:INFO  - 	Sensor 69 V = -0.965926, -0.258819, -0
StFwdTrackMaker:INFO  - Getting FST sensor origin for index 70 with path /HALL_1/CAVE_1/FSTM_1/FSTD_5/FSTW_2/FTUS_2
StFwdTrackMaker:INFO  - FST Sensor 70 origin: 0, 0, 164.901
StFwdTrackMaker:INFO  - 	Sensor 70 U = -0.258819, 0.965926, 0
StFwdTrackMaker:INFO  - 	Sensor 70 V = -0.965926, -0.258819, -0
StFwdTrackMaker:INFO  - Getting FST sensor origin for index 71 with path /HALL_1/CAVE_1/FSTM_1/FSTD_5/FSTW_2/FTUS_3
StFwdTrackMaker:INFO  - FST Sensor 71 origin: 0, 0, 163.506
StFwdTrackMaker:INFO  - 	Sensor 71 U = -0.258819, 0.965926, 0
StFwdTrackMaker:INFO  - 	Sensor 71 V = -0.965926, -0.258819, -0
StFwdTrackMaker:INFO  - Getting FST sensor origin for index 72 with path /HALL_1/CAVE_1/FSTM_1/FSTD_6/FSTW_2/FTUS_1
StFwdTrackMaker:INFO  - FST Sensor 72 origin: 0, 0, 178.434
StFwdTrackMaker:INFO  - 	Sensor 72 U = 0.258819, 0.965926, 0
StFwdTrackMaker:INFO  - 	Sensor 72 V = -0.965926, 0.258819, -0
StFwdTrackMaker:INFO  - Getting FST sensor origin for index 73 with path /HALL_1/CAVE_1/FSTM_1/FSTD_6/FSTW_2/FTUS_2
StFwdTrackMaker:INFO  - FST Sensor 73 origin: 0, 0, 178.434
StFwdTrackMaker:INFO  - 	Sensor 73 U = 0.258819, 0.965926, 0
StFwdTrackMaker:INFO  - 	Sensor 73 V = -0.965926, 0.258819, -0
StFwdTrackMaker:INFO  - Getting FST sensor origin for index 74 with path /HALL_1/CAVE_1/FSTM_1/FSTD_6/FSTW_2/FTUS_3
StFwdTrackMaker:INFO  - FST Sensor 74 origin: 0, 0, 177.039
StFwdTrackMaker:INFO  - 	Sensor 74 U = 0.258819, 0.965926, 0
StFwdTrackMaker:INFO  - 	Sensor 74 V = -0.965926, 0.258819, -0
StFwdTrackMaker:INFO  - Getting FST sensor origin for index 75 with path /HALL_1/CAVE_1/FSTM_1/FSTD_6/FSTW_7/FTUS_1
StFwdTrackMaker:INFO  - FST Sensor 75 origin: 0, 0, 179.128
StFwdTrackMaker:INFO  - 	Sensor 75 U = 0.707107, 0.707107, 0
StFwdTrackMaker:INFO  - 	Sensor 75 V = -0.707107, 0.707107, 0
StFwdTrackMaker:INFO  - Getting FST sensor origin for index 76 with path /HALL_1/CAVE_1/FSTM_1/FSTD_6/FSTW_7/FTUS_2
StFwdTrackMaker:INFO  - FST Sensor 76 origin: 0, 0, 179.128
StFwdTrackMaker:INFO  - 	Sensor 76 U = 0.707107, 0.707107, 0
StFwdTrackMaker:INFO  - 	Sensor 76 V = -0.707107, 0.707107, 0
StFwdTrackMaker:INFO  - Getting FST sensor origin for index 77 with path /HALL_1/CAVE_1/FSTM_1/FSTD_6/FSTW_7/FTUS_3
StFwdTrackMaker:INFO  - FST Sensor 77 origin: 0, 0, 180.523
StFwdTrackMaker:INFO  - 	Sensor 77 U = 0.707107, 0.707107, 0
StFwdTrackMaker:INFO  - 	Sensor 77 V = -0.707107, 0.707107, 0
StFwdTrackMaker:INFO  - Getting FST sensor origin for index 78 with path /HALL_1/CAVE_1/FSTM_1/FSTD_6/FSTW_1/FTUS_1
StFwdTrackMaker:INFO  - FST Sensor 78 origin: 0, 0, 178.434
StFwdTrackMaker:INFO  - 	Sensor 78 U = 0.965926, 0.258819, 0
StFwdTrackMaker:INFO  - 	Sensor 78 V = -0.258819, 0.965926, -0
StFwdTrackMaker:INFO  - Getting FST sensor origin for index 79 with path /HALL_1/CAVE_1/FSTM_1/FSTD_6/FSTW_1/FTUS_2
StFwdTrackMaker:INFO  - FST Sensor 79 origin: 0, 0, 178.434
StFwdTrackMaker:INFO  - 	Sensor 79 U = 0.965926, 0.258819, 0
StFwdTrackMaker:INFO  - 	Sensor 79 V = -0.258819, 0.965926, -0
StFwdTrackMaker:INFO  - Getting FST sensor origin for index 80 with path /HALL_1/CAVE_1/FSTM_1/FSTD_6/FSTW_1/FTUS_3
StFwdTrackMaker:INFO  - FST Sensor 80 origin: 0, 0, 177.039
StFwdTrackMaker:INFO  - 	Sensor 80 U = 0.965926, 0.258819, 0
StFwdTrackMaker:INFO  - 	Sensor 80 V = -0.258819, 0.965926, -0
StFwdTrackMaker:INFO  - Getting FST sensor origin for index 81 with path /HALL_1/CAVE_1/FSTM_1/FSTD_6/FSTW_12/FTUS_1
StFwdTrackMaker:INFO  - FST Sensor 81 origin: 0, 0, 179.128
StFwdTrackMaker:INFO  - 	Sensor 81 U = 0.965926, -0.258819, 0
StFwdTrackMaker:INFO  - 	Sensor 81 V = 0.258819, 0.965926, 0
StFwdTrackMaker:INFO  - Getting FST sensor origin for index 82 with path /HALL_1/CAVE_1/FSTM_1/FSTD_6/FSTW_12/FTUS_2
StFwdTrackMaker:INFO  - FST Sensor 82 origin: 0, 0, 179.128
StFwdTrackMaker:INFO  - 	Sensor 82 U = 0.965926, -0.258819, 0
StFwdTrackMaker:INFO  - 	Sensor 82 V = 0.258819, 0.965926, 0
StFwdTrackMaker:INFO  - Getting FST sensor origin for index 83 with path /HALL_1/CAVE_1/FSTM_1/FSTD_6/FSTW_12/FTUS_3
StFwdTrackMaker:INFO  - FST Sensor 83 origin: 0, 0, 180.523
StFwdTrackMaker:INFO  - 	Sensor 83 U = 0.965926, -0.258819, 0
StFwdTrackMaker:INFO  - 	Sensor 83 V = 0.258819, 0.965926, 0
StFwdTrackMaker:INFO  - Getting FST sensor origin for index 84 with path /HALL_1/CAVE_1/FSTM_1/FSTD_6/FSTW_6/FTUS_1
StFwdTrackMaker:INFO  - FST Sensor 84 origin: 0, 0, 178.434
StFwdTrackMaker:INFO  - 	Sensor 84 U = 0.707107, -0.707107, 0
StFwdTrackMaker:INFO  - 	Sensor 84 V = 0.707107, 0.707107, -0
StFwdTrackMaker:INFO  - Getting FST sensor origin for index 85 with path /HALL_1/CAVE_1/FSTM_1/FSTD_6/FSTW_6/FTUS_2
StFwdTrackMaker:INFO  - FST Sensor 85 origin: 0, 0, 178.434
StFwdTrackMaker:INFO  - 	Sensor 85 U = 0.707107, -0.707107, 0
StFwdTrackMaker:INFO  - 	Sensor 85 V = 0.707107, 0.707107, -0
StFwdTrackMaker:INFO  - Getting FST sensor origin for index 86 with path /HALL_1/CAVE_1/FSTM_1/FSTD_6/FSTW_6/FTUS_3
StFwdTrackMaker:INFO  - FST Sensor 86 origin: 0, 0, 177.039
StFwdTrackMaker:INFO  - 	Sensor 86 U = 0.707107, -0.707107, 0
StFwdTrackMaker:INFO  - 	Sensor 86 V = 0.707107, 0.707107, -0
StFwdTrackMaker:INFO  - Getting FST sensor origin for index 87 with path /HALL_1/CAVE_1/FSTM_1/FSTD_6/FSTW_11/FTUS_1
StFwdTrackMaker:INFO  - FST Sensor 87 origin: 0, 0, 179.128
StFwdTrackMaker:INFO  - 	Sensor 87 U = 0.258819, -0.965926, 0
StFwdTrackMaker:INFO  - 	Sensor 87 V = 0.965926, 0.258819, 0
StFwdTrackMaker:INFO  - Getting FST sensor origin for index 88 with path /HALL_1/CAVE_1/FSTM_1/FSTD_6/FSTW_11/FTUS_2
StFwdTrackMaker:INFO  - FST Sensor 88 origin: 0, 0, 179.128
StFwdTrackMaker:INFO  - 	Sensor 88 U = 0.258819, -0.965926, 0
StFwdTrackMaker:INFO  - 	Sensor 88 V = 0.965926, 0.258819, 0
StFwdTrackMaker:INFO  - Getting FST sensor origin for index 89 with path /HALL_1/CAVE_1/FSTM_1/FSTD_6/FSTW_11/FTUS_3
StFwdTrackMaker:INFO  - FST Sensor 89 origin: 0, 0, 180.523
StFwdTrackMaker:INFO  - 	Sensor 89 U = 0.258819, -0.965926, 0
StFwdTrackMaker:INFO  - 	Sensor 89 V = 0.965926, 0.258819, 0
StFwdTrackMaker:INFO  - Getting FST sensor origin for index 90 with path /HALL_1/CAVE_1/FSTM_1/FSTD_6/FSTW_5/FTUS_1
StFwdTrackMaker:INFO  - FST Sensor 90 origin: 0, 0, 178.434
StFwdTrackMaker:INFO  - 	Sensor 90 U = -0.258819, -0.965926, 0
StFwdTrackMaker:INFO  - 	Sensor 90 V = 0.965926, -0.258819, -0
StFwdTrackMaker:INFO  - Getting FST sensor origin for index 91 with path /HALL_1/CAVE_1/FSTM_1/FSTD_6/FSTW_5/FTUS_2
StFwdTrackMaker:INFO  - FST Sensor 91 origin: 0, 0, 178.434
StFwdTrackMaker:INFO  - 	Sensor 91 U = -0.258819, -0.965926, 0
StFwdTrackMaker:INFO  - 	Sensor 91 V = 0.965926, -0.258819, -0
StFwdTrackMaker:INFO  - Getting FST sensor origin for index 92 with path /HALL_1/CAVE_1/FSTM_1/FSTD_6/FSTW_5/FTUS_3
StFwdTrackMaker:INFO  - FST Sensor 92 origin: 0, 0, 177.039
StFwdTrackMaker:INFO  - 	Sensor 92 U = -0.258819, -0.965926, 0
StFwdTrackMaker:INFO  - 	Sensor 92 V = 0.965926, -0.258819, -0
StFwdTrackMaker:INFO  - Getting FST sensor origin for index 93 with path /HALL_1/CAVE_1/FSTM_1/FSTD_6/FSTW_10/FTUS_1
StFwdTrackMaker:INFO  - FST Sensor 93 origin: 0, 0, 179.128
StFwdTrackMaker:INFO  - 	Sensor 93 U = -0.707107, -0.707107, 0
StFwdTrackMaker:INFO  - 	Sensor 93 V = 0.707107, -0.707107, 0
StFwdTrackMaker:INFO  - Getting FST sensor origin for index 94 with path /HALL_1/CAVE_1/FSTM_1/FSTD_6/FSTW_10/FTUS_2
StFwdTrackMaker:INFO  - FST Sensor 94 origin: 0, 0, 179.128
StFwdTrackMaker:INFO  - 	Sensor 94 U = -0.707107, -0.707107, 0
StFwdTrackMaker:INFO  - 	Sensor 94 V = 0.707107, -0.707107, 0
StFwdTrackMaker:INFO  - Getting FST sensor origin for index 95 with path /HALL_1/CAVE_1/FSTM_1/FSTD_6/FSTW_10/FTUS_3
StFwdTrackMaker:INFO  - FST Sensor 95 origin: 0, 0, 180.523
StFwdTrackMaker:INFO  - 	Sensor 95 U = -0.707107, -0.707107, 0
StFwdTrackMaker:INFO  - 	Sensor 95 V = 0.707107, -0.707107, 0
StFwdTrackMaker:INFO  - Getting FST sensor origin for index 96 with path /HALL_1/CAVE_1/FSTM_1/FSTD_6/FSTW_4/FTUS_1
StFwdTrackMaker:INFO  - FST Sensor 96 origin: 0, 0, 178.434
StFwdTrackMaker:INFO  - 	Sensor 96 U = -0.965926, -0.258819, 0
StFwdTrackMaker:INFO  - 	Sensor 96 V = 0.258819, -0.965926, -0
StFwdTrackMaker:INFO  - Getting FST sensor origin for index 97 with path /HALL_1/CAVE_1/FSTM_1/FSTD_6/FSTW_4/FTUS_2
StFwdTrackMaker:INFO  - FST Sensor 97 origin: 0, 0, 178.434
StFwdTrackMaker:INFO  - 	Sensor 97 U = -0.965926, -0.258819, 0
StFwdTrackMaker:INFO  - 	Sensor 97 V = 0.258819, -0.965926, -0
StFwdTrackMaker:INFO  - Getting FST sensor origin for index 98 with path /HALL_1/CAVE_1/FSTM_1/FSTD_6/FSTW_4/FTUS_3
StFwdTrackMaker:INFO  - FST Sensor 98 origin: 0, 0, 177.039
StFwdTrackMaker:INFO  - 	Sensor 98 U = -0.965926, -0.258819, 0
StFwdTrackMaker:INFO  - 	Sensor 98 V = 0.258819, -0.965926, -0
StFwdTrackMaker:INFO  - Getting FST sensor origin for index 99 with path /HALL_1/CAVE_1/FSTM_1/FSTD_6/FSTW_9/FTUS_1
StFwdTrackMaker:INFO  - FST Sensor 99 origin: 0, 0, 179.128
StFwdTrackMaker:INFO  - 	Sensor 99 U = -0.965926, 0.258819, 0
StFwdTrackMaker:INFO  - 	Sensor 99 V = -0.258819, -0.965926, 0
StFwdTrackMaker:INFO  - Getting FST sensor origin for index 100 with path /HALL_1/CAVE_1/FSTM_1/FSTD_6/FSTW_9/FTUS_2
StFwdTrackMaker:INFO  - FST Sensor 100 origin: 0, 0, 179.128
StFwdTrackMaker:INFO  - 	Sensor 100 U = -0.965926, 0.258819, 0
StFwdTrackMaker:INFO  - 	Sensor 100 V = -0.258819, -0.965926, 0
StFwdTrackMaker:INFO  - Getting FST sensor origin for index 101 with path /HALL_1/CAVE_1/FSTM_1/FSTD_6/FSTW_9/FTUS_3
StFwdTrackMaker:INFO  - FST Sensor 101 origin: 0, 0, 180.523
StFwdTrackMaker:INFO  - 	Sensor 101 U = -0.965926, 0.258819, 0
StFwdTrackMaker:INFO  - 	Sensor 101 V = -0.258819, -0.965926, 0
StFwdTrackMaker:INFO  - Getting FST sensor origin for index 102 with path /HALL_1/CAVE_1/FSTM_1/FSTD_6/FSTW_3/FTUS_1
StFwdTrackMaker:INFO  - FST Sensor 102 origin: 0, 0, 178.434
StFwdTrackMaker:INFO  - 	Sensor 102 U = -0.707107, 0.707107, 0
StFwdTrackMaker:INFO  - 	Sensor 102 V = -0.707107, -0.707107, -0
StFwdTrackMaker:INFO  - Getting FST sensor origin for index 103 with path /HALL_1/CAVE_1/FSTM_1/FSTD_6/FSTW_3/FTUS_2
StFwdTrackMaker:INFO  - FST Sensor 103 origin: 0, 0, 178.434
StFwdTrackMaker:INFO  - 	Sensor 103 U = -0.707107, 0.707107, 0
StFwdTrackMaker:INFO  - 	Sensor 103 V = -0.707107, -0.707107, -0
StFwdTrackMaker:INFO  - Getting FST sensor origin for index 104 with path /HALL_1/CAVE_1/FSTM_1/FSTD_6/FSTW_3/FTUS_3
StFwdTrackMaker:INFO  - FST Sensor 104 origin: 0, 0, 177.039
StFwdTrackMaker:INFO  - 	Sensor 104 U = -0.707107, 0.707107, 0
StFwdTrackMaker:INFO  - 	Sensor 104 V = -0.707107, -0.707107, -0
StFwdTrackMaker:INFO  - Getting FST sensor origin for index 105 with path /HALL_1/CAVE_1/FSTM_1/FSTD_6/FSTW_8/FTUS_1
StFwdTrackMaker:INFO  - FST Sensor 105 origin: 0, 0, 179.128
StFwdTrackMaker:INFO  - 	Sensor 105 U = -0.258819, 0.965926, 0
StFwdTrackMaker:INFO  - 	Sensor 105 V = -0.965926, -0.258819, 0
StFwdTrackMaker:INFO  - Getting FST sensor origin for index 106 with path /HALL_1/CAVE_1/FSTM_1/FSTD_6/FSTW_8/FTUS_2
StFwdTrackMaker:INFO  - FST Sensor 106 origin: 0, 0, 179.128
StFwdTrackMaker:INFO  - 	Sensor 106 U = -0.258819, 0.965926, 0
StFwdTrackMaker:INFO  - 	Sensor 106 V = -0.965926, -0.258819, 0
StFwdTrackMaker:INFO  - Getting FST sensor origin for index 107 with path /HALL_1/CAVE_1/FSTM_1/FSTD_6/FSTW_8/FTUS_3
StFwdTrackMaker:INFO  - FST Sensor 107 origin: 0, 0, 180.523
StFwdTrackMaker:INFO  - 	Sensor 107 U = -0.258819, 0.965926, 0
StFwdTrackMaker:INFO  - 	Sensor 107 V = -0.965926, -0.258819, 0
StFwdTrackMaker:INFO  - Fitter options: 
StFwdTrackMaker:INFO  - 	MaxFailedHits: -1
StFwdTrackMaker:INFO  - 	MaxIterations: 20
StFwdTrackMaker:INFO  - 	MinIterations: 10
StFwdTrackMaker:INFO  - 	RelChi2Change: 1e-06
StFwdTrackMaker:INFO  - 	DeltaPval: 0.1
StFwdTrackMaker:INFO  - 	BlowUpFactor: 1e+09
StFwdTrackMaker:INFO  - 	BlowUpMaxVal: 1e+09
StStrangeMuDstMaker:INFO  - TAttr::Found : dov0 = 1

StStrangeMuDstMaker:INFO  - TAttr::Found : doxi = 1

StStrangeMuDstMaker:INFO  - TAttr::Found : dokink = 1

StStrangeMuDstMaker:INFO  - TAttr::Found : setnokeep = 1

StStrangeMuDstMaker:ERROR - TClass::BuildRealData : Cannot find any ShowMembers function for StV0I!
StStrangeMuDstMaker:ERROR - TClass::BuildRealData : Cannot find any ShowMembers function for StXiI!
StChain:DEBUG - *** Call << StMuDstMaker:Init() ***
** <StBranch::Open> Branch=histBranch 	Mode=RECREATE 	File=ele.pt1.5.vz0.hist.root 	Opened **
** <StBranch::Open> Branch=runcoBranch 	Mode=RECREATE 	File=ele.pt1.5.vz0.runco.root 	Opened **
StPicoDstMaker:INFO  -  PicoCovMtxSkip is being used 
StPicoDstMaker:INFO  -  PicoBEmcSmdSkip is being used 
StPicoDstMaker:INFO  -  Output file: ele.pt1.5.vz0.run1.picoDst.root created.
MEM after Chain::Init	 total =646.335938 heap = 58.094620 and   3.225693(+21.555695)
mudst file=
--------->START EVENT: 0
St_geant_Maker:INFO  -  +++ New RunNumber found=1 (previous = -3)
St_geant_Maker:INFO  - *********** Event Info **********************
St_geant_Maker:INFO  - 	Run: 	    1  Event    -1  TimeStamp 20211016.     0  Bunch 0:0
St_geant_Maker:INFO  - 	 EvtSize: 0 	InpTrig:    0 OutTrig:    0
St_geant_Maker:INFO  - *********************************************
St_geant_Maker:INFO  - St_geant_Maker::InitRun -- Do mag.field initialization
St_geant_Maker:INFO  - St_geant_Maker::Init geom_gdata is found in fz-file ! St_geant_Maker::Init mfscale = 1
St_geant_Maker:INFO  - St_geant_Maker::Init  SetFlavor("FullMagFPositive","MagFactor")
StarMagField is locked, no modification from DB will be accepted
StarMagField::ReadField  Reading  Magnetic Field  Measured Full Field,  Scale factor = 1.000000 
StarMagField::ReadField  Filename is bfield_full_positive_2D.dat, Adjusted Scale factor = 1.000000 
StarMagField::ReadField  Reading  2D Magnetic Field file: bfield_full_positive_2D.dat 
StarMagField::ReadField  Reading 3D Magnetic Field file: bfield_full_positive_3D.dat 
StarMagField::ReadField  Reading  3D Magnetic Field file: bfield_full_positive_2D.dat 
StarMagField(0,0,0) = 4.9798St_geant_Maker:INFO  - St_geant_Maker::Init  Create StarMagField and lock it
St_geant_Maker:INFO  - *** St_geant_Maker::Make() == StOK(0) ***
St_db_Maker:INFO  - *** St_db_Maker::Make() == StOK(0) ***
StMagFMaker:INFO  - StMagFMaker::InitRun passive mode. Don't update Mag.Field from DB
StMagFMaker:INFO  - StMagFMaker::InitRun Bz(0) = 4.9798
StMagFMaker:INFO  - *** StMagFMaker::Make() == StOK(0) ***
StDetectorDbMaker:INFO  - *** StDetectorDbMaker::Make() == StOK(0) ***
QA :INFO  - ReSet environment NewTpcAlignment (year >= 2013)  from 0 to 1
StTpcDbMaker:INFO  - TAttr::Found : simu = 1

StTpcDbMaker:INFO  - StTpcDbMaker::Using any drift velocity
StTpcDbMaker:WARN  - St_tpcDimensionsC::instance found table tpcDimensions with NRows = 1 in db
StTpcDbMaker:WARN  - Validity:19961201/235959 -----   20371231/120000
StTpcDbMaker:WARN  - St_tpcPadConfigC::instance found table tpcPadConfig with NRows = 1 in db
StTpcDbMaker:WARN  - Validity:20181215/0 -----   20371231/120000

 ---------------------------------------------------------------------------------------
 bfc/.make/db/.const/StarDb/Geometry/tpc/.tpcPadConfig/tpcPadConfig  Allocated rows: 1	 Used rows: 1	 Row size: 24 bytes
 Table: tpcPadConfig_st	     [0] :
 ======================================================================================
unsigned char	itpc[0]		      0x1 : 
	    [1]		      0x1 :
	    [2]		      0x1 :
	    [3]		      0x1 :
	    [4]		      0x1 :
	    [5]		      0x1 :
	    [6]		      0x1 :
	    [7]		      0x1 :
	    [8]		      0x1 :
	    [9]		      0x1 :
	    [10]		      0x1 :
	    [11]		      0x1 :
	    [12]		      0x1 :
	    [13]		      0x1 :
	    [14]		      0x1 :
	    [15]		      0x1 :
	    [16]		      0x1 :
	    [17]		      0x1 :
	    [18]		      0x1 :
	    [19]		      0x1 :
	    [20]		      0x1 :
	    [21]		      0x1 :
	    [22]		      0x1 :
	    [23]		      0x1 :
---------------------------------------------------------------------------------------
StTpcDbMaker:WARN  - St_itpcPadPlanesC::instance found table itpcPadPlanes with NRows = 1 in db
StTpcDbMaker:WARN  - Validity:20000101/0 -----   20371231/120000
StTpcDbMaker:WARN  - St_tpcWirePlanesC::instance found table tpcWirePlanes with NRows = 1 in db
StTpcDbMaker:WARN  - Validity:19961201/235959 -----   20371231/120000

 ---------------------------------------------------------------------------------------
 bfc/.make/db/.const/StarDb/Geometry/tpc/.tpcWirePlanes/tpcWirePlanes  Allocated rows: 1	 Used rows: 1	 Row size: 192 bytes
 Table: tpcWirePlanes_st	     [0] :
 ======================================================================================
double	anodeWireRadius	   0.001 : 
double	frischGridWireRadius	  0.0037 : 
double	gatingGridWireRadius	  0.0037 : 
double	anodeWirePitch	     0.4 : 
double	frischGridWirePitch	     0.1 : 
double	gatingGridWirePitch	     0.1 : 
double	innerSectorAnodeWirePadSep	     0.2 : AnodeWire-to-PadPlane distance  
double	innerSectorFrischGridPadSep	     0.4 : FrischGrid-to-PadPlane distance  
double	innerSectorGatingGridPadSep	       1 : GatingGrid-to-PadPlane distance  
double	outerSectorAnodeWirePadSep	     0.4 : AnodeWire-to-PadPlane distance  
double	outerSectorFrischGridPadSep	     0.8 : FrischGrid-to-PadPlane distance  
double	outerSectorGatingGridPadSep	     1.4 : GatingGrid-to-PadPlane distance  
int	numInnerSectorAnodeWires	     170 : 
int	numInnerSectorFrischGridWires	     681 : 
int	numInnerSectorGatingGridWires	     681 : 
double	firstInnerSectorAnodeWire	    53.2 : 
double	firstInnerSectorFrischGridWire	      53 : 
double	firstInnerSectorGatingGridWire	      53 : 
double	lastInnerSectorAnodeWire	   120.8 : 
int	numOuterSectorAnodeWires	     172 : 
int	numOuterSectorFrischGridWires	     689 : 
int	numOuterSectorGatingGridWires	     689 : 
double	firstOuterSectorAnodeWire	   122.8 : 
double	firstOuterSectorFrischGridWire	  122.59 : 
double	firstOuterSectorGatingGridWire	  122.59 : 
double	lastOuterSectorAnodeWire	  191.19 : 
---------------------------------------------------------------------------------------
StTpcDbMaker:WARN  - St_tpcDriftVelocityC::instance found table tpcDriftVelocity with NRows = 1 in db
StTpcDbMaker:WARN  - Validity:20210709/152907 -----   20211111/82922

 ---------------------------------------------------------------------------------------
 bfc/.make/db/.const/StarDb/Calibrations/tpc/.tpcDriftVelocity/tpcDriftVelocity  Allocated rows: 1	 Used rows: 1	 Row size: 16 bytes
 Table: tpcDriftVelocity_st	     [0] :
 ======================================================================================
float	laserDriftVelocityEast	  5.5515 : cm/us : from laser beam analysis  
float	laserDriftVelocityWest	  5.5515 : cm/us : from laser beam analysis  
float	cathodeDriftVelocityEast	       0 : cm/us : from cathode emission  
float	cathodeDriftVelocityWest	       0 : cm/us : from cathode emission  
---------------------------------------------------------------------------------------
StTpcDbMaker:INFO  - StTpcDb::SetTpcRotations use new schema for Rotation matrices
StTpcDbMaker:WARN  - St_SurveyC::instance found table TpcPosition with NRows = 1 in db
StTpcDbMaker:WARN  - Validity:20210709/153615 -----   20371231/120000

 ---------------------------------------------------------------------------------------
 bfc/.make/db/.const/StarDb/Geometry/tpc/.TpcPosition/TpcPosition  Allocated rows: 1	 Used rows: 1	 Row size: 184 bytes
 Table: Survey_st	     [0] :
 ======================================================================================
int	Id		       0 : 
double	r00		       1 : 
double	r01		-0.00036 : -gamma 
double	r02		-0.00048 : beta  
double	r10		 0.00036 : gamma 
double	r11		       1 : 
double	r12		 -0.0001 : -alpha 
double	r20		 0.00048 : -beta  
double	r21		  0.0001 : alpha 
double	r22		       1 : 
double	t0		 -0.2383 : 
double	t1		 -0.1732 : 
double	t2		 -0.1957 : 
double	sigmaRotX	       0 : 
double	sigmaRotY	       0 : 
double	sigmaRotZ	       0 : 
double	sigmaTrX	       0 : 
double	sigmaTrY	       0 : 
double	sigmaTrZ	       0 : 
char	comment[0]	"2013 Tpc . . . " 
---------------------------------------------------------------------------------------
StTpcDbMaker:WARN  - St_SurveyC::instance found table TpcHalfPosition with NRows = 2 in db
StTpcDbMaker:WARN  - Validity:20201220/0 -----   20371231/120000

 ---------------------------------------------------------------------------------------
 bfc/.make/db/.const/StarDb/Geometry/tpc/.TpcHalfPosition/TpcHalfPosition  Allocated rows: 2	 Used rows: 2	 Row size: 184 bytes
 Table: Survey_st	     [0] :     [1] :
 ======================================================================================
int	Id		       0 :       1 : 
double	r00		       1 :       1 : 
double	r01		  -3e-05 : 0.00039 : -gamma 
double	r02		 -0.0002 : 0.00011 : beta  
double	r10		   3e-05 :-0.00039 : gamma 
double	r11		       1 :       1 : 
double	r12		       0 :-0.00016 : -alpha 
double	r20		  0.0002 :-0.00011 : -beta  
double	r21		       0 : 0.00016 : alpha 
double	r22		       1 :       1 : 
double	t0		       0 :  0.0193 : 
double	t1		       0 : -0.0133 : 
double	t2		       0 : -0.0156 : 
double	sigmaRotX	       0 :       0 : 
double	sigmaRotY	       0 :       0 : 
double	sigmaRotZ	       0 :       0 : 
double	sigmaTrX	       0 :       0 : 
double	sigmaTrY	       0 :       0 : 
double	sigmaTrZ	       0 :       0 : 
char	comment[0]	"2013 east+ . . . ""2013 west . . . " 
---------------------------------------------------------------------------------------
StTpcDbMaker:WARN  - St_SurveyC::instance found table TpcSuperSectorPositionB with NRows = 24 in db
StTpcDbMaker:WARN  - Validity:20201220/0 -----   20371231/120000

 ---------------------------------------------------------------------------------------
 bfc/.make/db/.const/StarDb/Geometry/tpc/.TpcSuperSectorPositionB/TpcSuperSectorPositionB  Allocated rows: 24	 Used rows: 24	 Row size: 184 bytes
 Table: Survey_st	     [0] :     [1] :     [2] :     [3] :     [4] :     [5] :     [6] :     [7] :     [8] :     [9] :
 ======================================================================================
int	Id		       1 :       2 :       3 :       4 :       5 :       6 :       7 :       8 :       9 :      10 : 
double	r00		       1 :       1 :       1 :       1 :       1 :       1 :       1 :       1 :       1 :       1 : 
double	r01		 0.00037 : 0.00191 : 0.00237 : 0.00406 : 0.00195 : 0.00085 : 0.00212 : 0.00251 :-0.00068 :-0.00049 : -gamma 
double	r02		 -0.0004 :-0.00035 : -0.0001 :   3e-05 : 0.00014 : 0.00016 : 0.00017 :-0.00019 :-0.00021 :-0.00041 : beta  
double	r10		-0.00037 :-0.00191 :-0.00237 :-0.00406 :-0.00195 :-0.00085 :-0.00212 :-0.00251 : 0.00068 : 0.00049 : gamma 
double	r11		       1 :       1 :       1 :       1 :       1 :       1 :       1 :       1 :       1 :       1 : 
double	r12		  -8e-05 :   6e-05 :  -9e-05 : 0.00013 :  -7e-05 :  -9e-05 : 0.00012 :   9e-05 :-0.00037 :-0.00031 : -alpha 
double	r20		  0.0004 : 0.00035 :  0.0001 :  -3e-05 :-0.00014 :-0.00016 :-0.00017 : 0.00019 : 0.00021 : 0.00041 : -beta  
double	r21		   6e-05 :  -6e-05 :   9e-05 :-0.00013 :   7e-05 :   9e-05 :-0.00012 :  -9e-05 : 0.00035 : 0.00031 : alpha 
double	r22		       1 :       1 :       1 :       1 :       1 :       1 :       1 :       1 :       1 :       1 : 
double	t0		 -0.0378 :  0.0116 :  0.0811 :   0.073 :  0.0365 :  0.0493 :  0.0368 : -0.0134 :   0.039 :  -0.013 : 
double	t1		 -0.0745 : -0.0117 : -0.0368 : -0.0028 : -0.0385 : -0.1627 : -0.0807 : -0.1542 : -0.1911 : -0.2577 : 
double	t2		 -0.0085 : -0.0511 : -0.0603 : -0.0546 : -0.0523 : -0.0742 : -0.0557 : -0.0144 : -0.0571 :  0.0007 : 
double	sigmaRotX	       0 :       0 :       0 :       0 :       0 :       0 :       0 :       0 :       0 :       0 : 
double	sigmaRotY	       0 :       0 :       0 :       0 :       0 :       0 :       0 :       0 :       0 :       0 : 
double	sigmaRotZ	 0.00013 : 0.00013 : 0.00013 : 0.00014 : 0.00013 : 0.00013 : 0.00013 : 0.00013 : 0.00013 : 0.00013 : 
double	sigmaTrX	   9e-05 :   9e-05 :   9e-05 :   9e-05 :  0.0001 :  0.0001 :  0.0001 :   9e-05 :   9e-05 :   9e-05 : 
double	sigmaTrY	 0.00021 : 0.00021 : 0.00021 : 0.00021 : 0.00023 : 0.00022 : 0.00022 : 0.00022 : 0.00021 : 0.00021 : 
double	sigmaTrZ	 0.00011 :  0.0001 : 0.00011 : 0.00011 : 0.00011 : 0.00011 : 0.00011 :  0.0001 : 0.00011 : 0.00011 : 
char	comment[0]	"Pass510AVG . . . ""Pass510AVG . . . ""Pass510AVG . . . ""Pass510AVG . . . ""Pass510AVG . . . ""Pass510AVG . . . ""Pass510AVG . . . ""Pass510AVG . . . ""Pass510AVG . . . ""Pass510AVG . . . " 
---------------------------------------------------------------------------------------
StTpcDbMaker:WARN  - St_SurveyC::instance found table TpcInnerSectorPositionB with NRows = 48 in db
StTpcDbMaker:WARN  - Validity:20201220/0 -----   20371231/120000

 ---------------------------------------------------------------------------------------
 bfc/.make/db/.const/StarDb/Geometry/tpc/.TpcInnerSectorPositionB/TpcInnerSectorPositionB  Allocated rows: 48	 Used rows: 48	 Row size: 184 bytes
 Table: Survey_st	     [0] :     [1] :     [2] :     [3] :     [4] :     [5] :     [6] :     [7] :     [8] :     [9] :
 ======================================================================================
int	Id		       1 :       2 :       3 :       4 :       5 :       6 :       7 :       8 :       9 :      10 : 
double	r00		       1 :       1 :       1 :       1 :       1 :       1 :       1 :       1 :       1 :       1 : 
double	r01		-0.000845 :-0.000685 :-0.00057 :-0.000695 :-0.00034 :-0.000525 :-0.000115 :-0.00044 :-0.000185 :-0.00107 : -gamma 
double	r02		       0 :       0 :       0 :       0 :       0 :       0 :       0 :       0 :       0 :       0 : beta  
double	r10		0.000855 :0.000675 : 0.00057 :0.000705 : 0.00033 :0.000515 :0.000115 : 0.00043 :0.000195 : 0.00107 : gamma 
double	r11		       1 :       1 :       1 :       1 :       1 :       1 :       1 :       1 :       1 :       1 : 
double	r12		  -2e-05 :       0 :       0 :       0 :       0 :       0 :       0 :       0 :  -2e-05 :       0 : -alpha 
double	r20		       0 :       0 :       0 :       0 :       0 :       0 :       0 :       0 :       0 :       0 : -beta  
double	r21		  -2e-05 :       0 :       0 :       0 :       0 :       0 :       0 :       0 :  -2e-05 :       0 : alpha 
double	r22		       1 :       1 :       1 :       1 :       1 :       1 :       1 :       1 :       1 :       1 : 
double	t0		  0.1013 :  0.0851 :  0.0764 :  0.0814 :  0.0387 :  0.0609 :  0.0082 :   0.037 :  0.0208 :  0.1444 : 
double	t1		 -0.0036 :  0.0042 : -0.0131 : -0.0048 : -0.0202 : -0.0186 :  -0.017 :  0.0023 : -0.0091 :   0.012 : 
double	t2		 -0.0124 : -0.0345 : -0.0439 : -0.0466 : -0.0277 : -0.0245 : -0.0087 :  0.0359 : -0.0423 : -0.0342 : 
double	sigmaRotX	       0 :       0 :    0.01 :    0.01 :       0 :       0 :       0 :       0 :    0.01 :    0.01 : 
double	sigmaRotY	       0 :       0 :    0.01 :    0.01 :       0 :       0 :       0 :       0 :    0.01 :    0.01 : 
double	sigmaRotZ	    0.01 :    0.01 :    0.03 :    0.01 :    0.01 :    0.01 :    0.01 :    0.01 :    0.03 :    0.04 : 
double	sigmaTrX	    1.53 :     2.5 :    2.83 :    2.27 :    1.83 :     1.8 :    1.72 :    0.78 :    3.59 :    2.96 : 
double	sigmaTrY	    1.64 :     2.5 :    4.96 :    3.71 :    2.81 :    1.69 :     1.7 :     2.4 :    5.33 :      11 : 
double	sigmaTrZ	    0.43 :    0.65 :    1.42 :    1.53 :     1.2 :    0.51 :    0.84 :    1.22 :    1.41 :    3.24 : 
char	comment[0]	"(RF+RF)/2 . . . ""(RF+RF)/2 . . . ""(RF+RF)/2 . . . ""(RF+RF)/2 . . . ""(RF+RF)/2 . . . ""(RF+RF)/2 . . . ""(RF+RF)/2 . . . ""(RF+RF)/2 . . . ""(RF+RF)/2 . . . ""(RF+RF)/2 . . . " 
---------------------------------------------------------------------------------------
StTpcDbMaker:WARN  - St_SurveyC::instance found table TpcOuterSectorPositionB with NRows = 48 in db
StTpcDbMaker:WARN  - Validity:20201220/0 -----   20371231/120000

 ---------------------------------------------------------------------------------------
 bfc/.make/db/.const/StarDb/Geometry/tpc/.TpcOuterSectorPositionB/TpcOuterSectorPositionB  Allocated rows: 48	 Used rows: 48	 Row size: 184 bytes
 Table: Survey_st	     [0] :     [1] :     [2] :     [3] :     [4] :     [5] :     [6] :     [7] :     [8] :     [9] :
 ======================================================================================
int	Id		       1 :       2 :       3 :       4 :       5 :       6 :       7 :       8 :       9 :      10 : 
double	r00		       1 :       1 :       1 :       1 :       1 :       1 :       1 :       1 :       1 :       1 : 
double	r01		-0.000142 :0.000695 :0.000326 : 9.3e-05 :0.000292 :0.000242 :0.000439 :0.000365 :0.000449 : 2.8e-05 : -gamma 
double	r02		       0 :       0 :       0 :       0 :       0 :       0 :       0 :       0 :       0 :       0 : beta  
double	r10		0.000142 :-0.000695 :-0.000326 :-9.2e-05 :-0.000292 :-0.000242 :-0.000439 :-0.000365 :-0.000449 :-2.8e-05 : gamma 
double	r11		       1 :       1 :       1 :       1 :       1 :       1 :       1 :       1 :       1 :       1 : 
double	r12		  -2e-05 :0.000195 :-0.00014 :0.000152 :0.000225 :  0.0003 : 0.00027 :-0.000185 : 0.00012 :-0.00026 : -alpha 
double	r20		       0 :       0 :       0 :       0 :       0 :       0 :       0 :       0 :       0 :       0 : -beta  
double	r21		   2e-05 :-0.000195 : 0.00014 :-0.000152 :-0.000225 : -0.0003 :-0.00027 :0.000185 :-0.00012 : 0.00026 : alpha 
double	r22		       1 :       1 :       1 :       1 :       1 :       1 :       1 :       1 :       1 :       1 : 
double	t0		  0.0178 : -0.1125 : -0.0438 : -0.0052 : -0.0241 : -0.0191 : -0.0473 : -0.0224 : -0.0756 :  0.0072 : 
double	t1		   0.003 :  0.0039 :  0.0187 :  0.0008 : -0.0194 : -0.0298 : -0.0289 :  0.0393 :  0.0015 :  0.0489 : 
double	t2		  0.0118 :  0.0388 : -0.0284 :  0.0137 :    0.04 :  0.0482 :  0.0503 :  0.0294 :  0.0334 : -0.0096 : 
double	sigmaRotX	       0 :       0 :    0.01 :       0 :       0 :       0 :       0 :       0 :    0.01 :       0 : 
double	sigmaRotY	       0 :       0 :    0.01 :       0 :       0 :       0 :       0 :       0 :    0.01 :       0 : 
double	sigmaRotZ	    0.01 :    0.01 :    0.01 :    0.01 :    0.01 :    0.01 :    0.01 :    0.01 :    0.01 :    0.01 : 
double	sigmaTrX	    0.56 :    0.94 :    4.71 :    1.79 :    1.62 :    1.02 :    1.51 :    1.58 :    1.47 :    0.87 : 
double	sigmaTrY	    1.52 :    2.56 :     4.2 :    2.56 :    1.95 :    1.52 :    1.87 :     2.5 :    3.29 :     2.7 : 
double	sigmaTrZ	    0.93 :    1.47 :    2.39 :    0.91 :    3.13 :    1.82 :    0.44 :    1.17 :    2.44 :    0.77 : 
char	comment[0]	"(y2014A_FF . . . ""(y2014A_FF . . . ""(y2014A_FF . . . ""(y2014A_FF . . . ""(y2014A_FF . . . ""(y2014A_FF . . . ""(y2014A_FF . . . ""(y2014A_FF . . . ""(y2014A_FF . . . ""(y2014A_FF . . . " 
---------------------------------------------------------------------------------------
StTpcDbMaker:WARN  - St_tpcAnodeHVavgC::instance found table tpcAnodeHVavg with NRows = 456 in db
StTpcDbMaker:WARN  - Validity:20181215/0 -----   20371231/120000

 ---------------------------------------------------------------------------------------
 bfc/.make/db/.const/StarDb/Calibrations/tpc/.tpcAnodeHVavg/tpcAnodeHVavg  Allocated rows: 456	 Used rows: 456	 Row size: 20 bytes
 Table: tpcAnodeHVavg_st	     [0] :     [1] :     [2] :     [3] :     [4] :     [5] :     [6] :     [7] :     [8] :     [9] :
 ======================================================================================
unsigned short	sector		      0x1 :      0x1 :      0x1 :      0x1 :      0x1 :      0x1 :      0x1 :      0x1 :      0x1 :      0x1 : sector 1-24 
unsigned short	socket		      0x1 :      0x2 :      0x3 :      0x4 :      0x5 :      0x6 :      0x7 :      0x8 :      0x9 :      0xa : MWC socket/card (ISOR=17,OSIR=18,OSOR=19)  
float	voltage		    1100 :    1100 :    1100 :    1100 :    1100 :    1100 :    1100 :    1100 :    1390 :    1390 : average voltage  
float	rms		       0 :       0 :       0 :       0 :       0 :       0 :       0 :       0 :       0 :       0 : rms for averaged voltage 
int	numentries	       0 :       0 :       0 :       0 :       0 :       0 :       0 :       0 :       0 :       0 : number of entries used for average 
int	numoutliers	       0 :       0 :       0 :       0 :       0 :       0 :       0 :       0 :       0 :       0 : number of encountered outliers 
---------------------------------------------------------------------------------------
StTpcDbMaker:WARN  - St_TpcAvgPowerSupplyC::instance found table TpcAvgPowerSupply with NRows = 1 in db
StTpcDbMaker:WARN  - Validity:20211015/0 -----   20211105/205820
StTpcDbMaker:INFO  - *** StTpcDbMaker::Make() == StOK(0) ***
StFcsDbMaker:INFO  - StFcsDbMaker::InitRun - run = 1
StFcsDbMaker:INFO  - StFcsDbMaker::InitRun - Date&time from St_db_Maker=20211016,0
StFcsDbMaker:INFO  - StFcsDb::InitRun - run = 1 with mDbAccess=0
StFcsDbMaker:INFO  - *** StFcsDbMaker::Make() == StOK(0) ***
StEventMaker:INFO  - get trigDetSums from Calibrations/rich/trigDetSums
StEventMaker:WARN  - StEventMaker: No StDAQReader found
StEventMaker:WARN  - St_beamInfoC::instance found table beamInfo with NRows = 1 in db
StEventMaker:WARN  - Validity:20210713/214142 -----   20211106/183047

 ---------------------------------------------------------------------------------------
 bfc/.make/db/.const/StarDb/RunLog/onl/.beamInfo/beamInfo  Allocated rows: 1	 Used rows: 1	 Row size: 120 bytes
 Table: beamInfo_st	     [0] :
 ======================================================================================
unsigned int	runNumber	22194036 : 
int	entryTag	       0 : 0=startrun, 1=endrun, 2=runave, 3=std  
char	blueSpecies[0]	"Au . . . " species  
unsigned int	blueMassNumber	     197 : 
float	blueEnergy	   0.931 : energy  
float	blueIntensity	   0.001 : Ions  
float	blueLifeTime	       0 : Ions per minute  
float	blueBunchIntensity	       0 : bunch intensity  
char	yellowSpecies[0]	"Au . . . " species  
unsigned int	yellowMassNumber	     197 : 
float	yellowEnergy	   0.931 : energy  
float	yellowIntensity	  -0.002 : Ions  
float	yellowLifeTime	       0 : Ions per minute  
float	yellowBunchIntensity	       0 : bunch intensity  
float	blueFillNumber	   32627 : 
float	yellowFillNumber	   32627 : 
---------------------------------------------------------------------------------------
StEventMaker:WARN  - St_richvoltagesC::instance found table richvoltages with NRows = 1 in db
StEventMaker:WARN  - Validity:20021105/0 -----   20371231/120000

 ---------------------------------------------------------------------------------------
 bfc/.make/db/.const/StarDb/Calibrations/rich/.richvoltages/richvoltages  Allocated rows: 1	 Used rows: 1	 Row size: 16 bytes
 Table: richvoltages_st	     [0] :
 ======================================================================================
unsigned int	runNumber	       0 : 
unsigned int	startStatusTime	       0 : 
unsigned int	endStatusTime	       0 : 
unsigned int	status		       0 : 
---------------------------------------------------------------------------------------
StEventMaker:INFO  - *** StEventMaker::Make() == StOK(0) ***
StMcEventMaker:INFO  - StMcEventMaker:   g2t_tpc_hit Table Not found 
StMcEventMaker:INFO  - StMcEventMaker:   particle    Table Not found 
StMcEventMaker:INFO  - *** StMcEventMaker::Make() == StOK(0) ***
StFcsFastSimulatorMaker:DEBUG - StFcsFastSimulatorMaker::Make
StFcsFastSimulatorMaker:DEBUG - Creating StFcsCollection
StFcsFastSimulatorMaker:INFO  - TAttr::Found : fcsleakyhcal = 0

StFcsFastSimulatorMaker:INFO  - TAttr::Found : fcshcalzdepeff = 0

StFcsFastSimulatorMaker:INFO  - g2t_wca_hit table has 62 hit
StFcsFastSimulatorMaker:INFO  - ECAL det=0 id= 30 volid=1031 e=0.000270
StFcsFastSimulatorMaker:INFO  - ECAL det=0 id=136 volid=1137 e=0.000375
StFcsFastSimulatorMaker:INFO  - ECAL det=0 id=146 volid=1147 e=0.003106
StFcsFastSimulatorMaker:INFO  - ECAL det=0 id=202 volid=1203 e=0.011988
StFcsFastSimulatorMaker:INFO  - ECAL det=0 id=203 volid=1204 e=0.003933
StFcsFastSimulatorMaker:INFO  - ECAL det=0 id=204 volid=1205 e=0.000211
StFcsFastSimulatorMaker:INFO  - ECAL det=0 id=224 volid=1225 e=0.001562
StFcsFastSimulatorMaker:INFO  - ECAL det=0 id=225 volid=1226 e=0.000875
StFcsFastSimulatorMaker:INFO  - ECAL det=0 id=226 volid=1227 e=0.009341
StFcsFastSimulatorMaker:INFO  - ECAL det=0 id=248 volid=1249 e=0.000016
StFcsFastSimulatorMaker:INFO  - ECAL det=0 id=251 volid=1252 e=0.001379
StFcsFastSimulatorMaker:INFO  - ECAL det=0 id=252 volid=1253 e=0.000255
StFcsFastSimulatorMaker:INFO  - ECAL det=0 id=288 volid=1289 e=0.004571
StFcsFastSimulatorMaker:INFO  - ECAL det=0 id=308 volid=1309 e=0.001014
StFcsFastSimulatorMaker:INFO  - ECAL det=0 id=308 volid=1309 e=0.001890
StFcsFastSimulatorMaker:INFO  - ECAL det=0 id=314 volid=1315 e=0.011394
StFcsFastSimulatorMaker:INFO  - ECAL det=0 id=316 volid=1317 e=0.001225
StFcsFastSimulatorMaker:INFO  - ECAL det=0 id=333 volid=1334 e=0.000313
StFcsFastSimulatorMaker:INFO  - ECAL det=0 id=344 volid=1345 e=0.000059
StFcsFastSimulatorMaker:INFO  - ECAL det=0 id=352 volid=1353 e=0.000958
StFcsFastSimulatorMaker:INFO  - ECAL det=0 id=357 volid=1358 e=0.000858
StFcsFastSimulatorMaker:INFO  - ECAL det=0 id=358 volid=1359 e=0.000692
StFcsFastSimulatorMaker:INFO  - ECAL det=0 id=374 volid=1375 e=0.002467
StFcsFastSimulatorMaker:INFO  - ECAL det=0 id=380 volid=1381 e=0.002860
StFcsFastSimulatorMaker:INFO  - ECAL det=0 id=396 volid=1397 e=0.002060
StFcsFastSimulatorMaker:INFO  - ECAL det=0 id=397 volid=1398 e=0.004362
StFcsFastSimulatorMaker:INFO  - ECAL det=0 id=418 volid=1419 e=0.000730
StFcsFastSimulatorMaker:INFO  - ECAL det=0 id=442 volid=1443 e=0.003289
StFcsFastSimulatorMaker:INFO  - ECAL det=0 id=490 volid=1491 e=0.009357
StFcsFastSimulatorMaker:INFO  - ECAL det=0 id=532 volid=1533 e=0.000756
StFcsFastSimulatorMaker:INFO  - ECAL det=0 id=537 volid=1538 e=0.002667
StFcsFastSimulatorMaker:INFO  - ECAL det=0 id=561 volid=1562 e=0.003834
StFcsFastSimulatorMaker:INFO  - ECAL det=0 id=572 volid=1573 e=0.002244
StFcsFastSimulatorMaker:INFO  - ECAL det=0 id=595 volid=1596 e=0.003602
StFcsFastSimulatorMaker:INFO  - ECAL det=0 id=596 volid=1597 e=0.007961
StFcsFastSimulatorMaker:INFO  - ECAL det=0 id=626 volid=1627 e=0.000449
StFcsFastSimulatorMaker:INFO  - ECAL det=0 id=640 volid=1641 e=0.000234
StFcsFastSimulatorMaker:INFO  - ECAL det=0 id=642 volid=1643 e=0.001444
StFcsFastSimulatorMaker:INFO  - ECAL det=0 id=643 volid=1644 e=0.000548
StFcsFastSimulatorMaker:INFO  - ECAL det=0 id=688 volid=1689 e=0.002391
StFcsFastSimulatorMaker:INFO  - ECAL det=0 id=693 volid=1694 e=0.000674
StFcsFastSimulatorMaker:INFO  - ECAL det=1 id=225 volid=2226 e=0.000209
StFcsFastSimulatorMaker:INFO  - ECAL det=1 id=314 volid=2315 e=0.000015
StFcsFastSimulatorMaker:INFO  - ECAL det=1 id=342 volid=2343 e=0.000009
StFcsFastSimulatorMaker:INFO  - ECAL det=1 id=374 volid=2375 e=0.002300
StFcsFastSimulatorMaker:INFO  - ECAL det=1 id=427 volid=2428 e=0.000056
StFcsFastSimulatorMaker:INFO  - ECAL det=1 id=428 volid=2429 e=0.002508
StFcsFastSimulatorMaker:INFO  - ECAL det=1 id=469 volid=2470 e=0.002175
StFcsFastSimulatorMaker:INFO  - ECAL det=1 id=470 volid=2471 e=0.003354
StFcsFastSimulatorMaker:INFO  - ECAL det=1 id=487 volid=2488 e=0.002716
StFcsFastSimulatorMaker:INFO  - ECAL det=1 id=506 volid=2507 e=0.002960
StFcsFastSimulatorMaker:INFO  - ECAL det=1 id=509 volid=2510 e=0.000524
StFcsFastSimulatorMaker:INFO  - ECAL det=1 id=511 volid=2512 e=0.000980
StFcsFastSimulatorMaker:INFO  - ECAL det=1 id=529 volid=2530 e=0.002185
StFcsFastSimulatorMaker:INFO  - ECAL det=1 id=560 volid=2561 e=0.000987
StFcsFastSimulatorMaker:INFO  - ECAL det=1 id=560 volid=2561 e=0.000862
StFcsFastSimulatorMaker:INFO  - ECAL det=1 id=561 volid=2562 e=0.000270
StFcsFastSimulatorMaker:INFO  - ECAL det=1 id=638 volid=2639 e=0.000031
StFcsFastSimulatorMaker:INFO  - ECAL det=1 id=652 volid=2653 e=0.001138
StFcsFastSimulatorMaker:INFO  - ECAL det=1 id=669 volid=2670 e=0.001582
StFcsFastSimulatorMaker:INFO  - ECAL det=1 id=704 volid=2705 e=0.001679
StFcsFastSimulatorMaker:INFO  - ECAL det=1 id=731 volid=2732 e=0.000586
StFcsFastSimulatorMaker:INFO  - g2t_hca_hit table has 3 hit
StFcsFastSimulatorMaker:INFO  - HCAL det=3 id=156 volid= 2157 e=0.000585
StFcsFastSimulatorMaker:INFO  - HCAL det=3 id=208 volid= 2209 e=0.000751
StFcsFastSimulatorMaker:INFO  - HCAL det=3 id=234 volid= 2235 e=0.001292
StFcsFastSimulatorMaker:INFO  - g2t_epd_hit table has 2 hit
StFcsFastSimulatorMaker:INFO  - Pres det=4 id=178 volid=206050 e=  1.871446
StFcsFastSimulatorMaker:INFO  - Pres det=4 id=179 volid=206070 e=  2.002344
StFcsFastSimulatorMaker:INFO  - Det=0 id= 30 dE=   0.000 SF= 0.200 gain= 0.005 corr= 1.000 ADC=   0 ZS= 1 digiE=   0.000
StFcsFastSimulatorMaker:INFO  - Det=0 id=136 dE=   0.000 SF= 0.200 gain= 0.005 corr= 1.000 ADC=   0 ZS= 1 digiE=   0.000
StFcsFastSimulatorMaker:INFO  - Det=0 id=146 dE=   0.003 SF= 0.200 gain= 0.005 corr= 1.000 ADC=   2 ZS= 1 digiE=   0.011
StFcsFastSimulatorMaker:INFO  - Det=0 id=202 dE=   0.012 SF= 0.200 gain= 0.005 corr= 1.000 ADC=  11 ZS= 1 digiE=   0.058
StFcsFastSimulatorMaker:INFO  - Det=0 id=203 dE=   0.004 SF= 0.200 gain= 0.005 corr= 1.000 ADC=   3 ZS= 1 digiE=   0.016
StFcsFastSimulatorMaker:INFO  - Det=0 id=204 dE=   0.000 SF= 0.200 gain= 0.005 corr= 1.000 ADC=   0 ZS= 1 digiE=   0.000
StFcsFastSimulatorMaker:INFO  - Det=0 id=224 dE=   0.002 SF= 0.200 gain= 0.005 corr= 1.000 ADC=   1 ZS= 1 digiE=   0.005
StFcsFastSimulatorMaker:INFO  - Det=0 id=225 dE=   0.001 SF= 0.200 gain= 0.005 corr= 1.000 ADC=   0 ZS= 1 digiE=   0.000
StFcsFastSimulatorMaker:INFO  - Det=0 id=226 dE=   0.009 SF= 0.200 gain= 0.005 corr= 1.000 ADC=   8 ZS= 1 digiE=   0.042
StFcsFastSimulatorMaker:INFO  - Det=0 id=248 dE=   0.000 SF= 0.200 gain= 0.005 corr= 1.000 ADC=   0 ZS= 1 digiE=   0.000
StFcsFastSimulatorMaker:INFO  - Det=0 id=251 dE=   0.001 SF= 0.200 gain= 0.005 corr= 1.000 ADC=   1 ZS= 1 digiE=   0.005
StFcsFastSimulatorMaker:INFO  - Det=0 id=252 dE=   0.000 SF= 0.200 gain= 0.005 corr= 1.000 ADC=   0 ZS= 1 digiE=   0.000
StFcsFastSimulatorMaker:INFO  - Det=0 id=288 dE=   0.005 SF= 0.200 gain= 0.005 corr= 1.000 ADC=   4 ZS= 1 digiE=   0.021
StFcsFastSimulatorMaker:INFO  - Det=0 id=308 dE=   0.003 SF= 0.200 gain= 0.005 corr= 1.000 ADC=   2 ZS= 1 digiE=   0.011
StFcsFastSimulatorMaker:INFO  - Det=0 id=314 dE=   0.011 SF= 0.200 gain= 0.005 corr= 1.000 ADC=  10 ZS= 1 digiE=   0.053
StFcsFastSimulatorMaker:INFO  - Det=0 id=316 dE=   0.001 SF= 0.200 gain= 0.005 corr= 1.000 ADC=   1 ZS= 1 digiE=   0.005
StFcsFastSimulatorMaker:INFO  - Det=0 id=333 dE=   0.000 SF= 0.200 gain= 0.005 corr= 1.000 ADC=   0 ZS= 1 digiE=   0.000
StFcsFastSimulatorMaker:INFO  - Det=0 id=344 dE=   0.000 SF= 0.200 gain= 0.005 corr= 1.000 ADC=   0 ZS= 1 digiE=   0.000
StFcsFastSimulatorMaker:INFO  - Det=0 id=352 dE=   0.001 SF= 0.200 gain= 0.005 corr= 1.000 ADC=   0 ZS= 1 digiE=   0.000
StFcsFastSimulatorMaker:INFO  - Det=0 id=357 dE=   0.001 SF= 0.200 gain= 0.005 corr= 1.000 ADC=   0 ZS= 1 digiE=   0.000
StFcsFastSimulatorMaker:INFO  - Det=0 id=358 dE=   0.001 SF= 0.200 gain= 0.005 corr= 1.000 ADC=   0 ZS= 1 digiE=   0.000
StFcsFastSimulatorMaker:INFO  - Det=0 id=374 dE=   0.002 SF= 0.200 gain= 0.005 corr= 1.000 ADC=   2 ZS= 1 digiE=   0.011
StFcsFastSimulatorMaker:INFO  - Det=0 id=380 dE=   0.003 SF= 0.200 gain= 0.005 corr= 1.000 ADC=   2 ZS= 1 digiE=   0.011
StFcsFastSimulatorMaker:INFO  - Det=0 id=396 dE=   0.002 SF= 0.200 gain= 0.005 corr= 1.000 ADC=   1 ZS= 1 digiE=   0.005
StFcsFastSimulatorMaker:INFO  - Det=0 id=397 dE=   0.004 SF= 0.200 gain= 0.005 corr= 1.000 ADC=   4 ZS= 1 digiE=   0.021
StFcsFastSimulatorMaker:INFO  - Det=0 id=418 dE=   0.001 SF= 0.200 gain= 0.005 corr= 1.000 ADC=   0 ZS= 1 digiE=   0.000
StFcsFastSimulatorMaker:INFO  - Det=0 id=442 dE=   0.003 SF= 0.200 gain= 0.005 corr= 1.000 ADC=   3 ZS= 1 digiE=   0.016
StFcsFastSimulatorMaker:INFO  - Det=0 id=490 dE=   0.009 SF= 0.200 gain= 0.005 corr= 1.000 ADC=   8 ZS= 1 digiE=   0.042
StFcsFastSimulatorMaker:INFO  - Det=0 id=532 dE=   0.001 SF= 0.200 gain= 0.005 corr= 1.000 ADC=   0 ZS= 1 digiE=   0.000
StFcsFastSimulatorMaker:INFO  - Det=0 id=537 dE=   0.003 SF= 0.200 gain= 0.005 corr= 1.000 ADC=   2 ZS= 1 digiE=   0.011
StFcsFastSimulatorMaker:INFO  - Det=0 id=561 dE=   0.004 SF= 0.200 gain= 0.005 corr= 1.000 ADC=   3 ZS= 1 digiE=   0.016
StFcsFastSimulatorMaker:INFO  - Det=0 id=572 dE=   0.002 SF= 0.200 gain= 0.005 corr= 1.000 ADC=   2 ZS= 1 digiE=   0.011
StFcsFastSimulatorMaker:INFO  - Det=0 id=595 dE=   0.004 SF= 0.200 gain= 0.005 corr= 1.000 ADC=   3 ZS= 1 digiE=   0.016
StFcsFastSimulatorMaker:INFO  - Det=0 id=596 dE=   0.008 SF= 0.200 gain= 0.005 corr= 1.000 ADC=   7 ZS= 1 digiE=   0.037
StFcsFastSimulatorMaker:INFO  - Det=0 id=626 dE=   0.000 SF= 0.200 gain= 0.005 corr= 1.000 ADC=   0 ZS= 1 digiE=   0.000
StFcsFastSimulatorMaker:INFO  - Det=0 id=640 dE=   0.000 SF= 0.200 gain= 0.005 corr= 1.000 ADC=   0 ZS= 1 digiE=   0.000
StFcsFastSimulatorMaker:INFO  - Det=0 id=642 dE=   0.001 SF= 0.200 gain= 0.005 corr= 1.000 ADC=   1 ZS= 1 digiE=   0.005
StFcsFastSimulatorMaker:INFO  - Det=0 id=643 dE=   0.001 SF= 0.200 gain= 0.005 corr= 1.000 ADC=   0 ZS= 1 digiE=   0.000
StFcsFastSimulatorMaker:INFO  - Det=0 id=688 dE=   0.002 SF= 0.200 gain= 0.005 corr= 1.000 ADC=   2 ZS= 1 digiE=   0.011
StFcsFastSimulatorMaker:INFO  - Det=0 id=693 dE=   0.001 SF= 0.200 gain= 0.005 corr= 1.000 ADC=   0 ZS= 1 digiE=   0.000
StFcsFastSimulatorMaker:INFO  - Det=1 id=225 dE=   0.000 SF= 0.200 gain= 0.005 corr= 1.000 ADC=   0 ZS= 1 digiE=   0.000
StFcsFastSimulatorMaker:INFO  - Det=1 id=314 dE=   0.000 SF= 0.200 gain= 0.005 corr= 1.000 ADC=   0 ZS= 1 digiE=   0.000
StFcsFastSimulatorMaker:INFO  - Det=1 id=342 dE=   0.000 SF= 0.200 gain= 0.005 corr= 1.000 ADC=   0 ZS= 1 digiE=   0.000
StFcsFastSimulatorMaker:INFO  - Det=1 id=374 dE=   0.002 SF= 0.200 gain= 0.005 corr= 1.000 ADC=   2 ZS= 1 digiE=   0.011
StFcsFastSimulatorMaker:INFO  - Det=1 id=427 dE=   0.000 SF= 0.200 gain= 0.005 corr= 1.000 ADC=   0 ZS= 1 digiE=   0.000
StFcsFastSimulatorMaker:INFO  - Det=1 id=428 dE=   0.003 SF= 0.200 gain= 0.005 corr= 1.000 ADC=   2 ZS= 1 digiE=   0.011
StFcsFastSimulatorMaker:INFO  - Det=1 id=469 dE=   0.002 SF= 0.200 gain= 0.005 corr= 1.000 ADC=   2 ZS= 1 digiE=   0.011
StFcsFastSimulatorMaker:INFO  - Det=1 id=470 dE=   0.003 SF= 0.200 gain= 0.005 corr= 1.000 ADC=   3 ZS= 1 digiE=   0.016
StFcsFastSimulatorMaker:INFO  - Det=1 id=487 dE=   0.003 SF= 0.200 gain= 0.005 corr= 1.000 ADC=   2 ZS= 1 digiE=   0.011
StFcsFastSimulatorMaker:INFO  - Det=1 id=506 dE=   0.003 SF= 0.200 gain= 0.005 corr= 1.000 ADC=   2 ZS= 1 digiE=   0.011
StFcsFastSimulatorMaker:INFO  - Det=1 id=509 dE=   0.001 SF= 0.200 gain= 0.005 corr= 1.000 ADC=   0 ZS= 1 digiE=   0.000
StFcsFastSimulatorMaker:INFO  - Det=1 id=511 dE=   0.001 SF= 0.200 gain= 0.005 corr= 1.000 ADC=   0 ZS= 1 digiE=   0.000
StFcsFastSimulatorMaker:INFO  - Det=1 id=529 dE=   0.002 SF= 0.200 gain= 0.005 corr= 1.000 ADC=   2 ZS= 1 digiE=   0.011
StFcsFastSimulatorMaker:INFO  - Det=1 id=560 dE=   0.002 SF= 0.200 gain= 0.005 corr= 1.000 ADC=   1 ZS= 1 digiE=   0.005
StFcsFastSimulatorMaker:INFO  - Det=1 id=561 dE=   0.000 SF= 0.200 gain= 0.005 corr= 1.000 ADC=   0 ZS= 1 digiE=   0.000
StFcsFastSimulatorMaker:INFO  - Det=1 id=638 dE=   0.000 SF= 0.200 gain= 0.005 corr= 1.000 ADC=   0 ZS= 1 digiE=   0.000
StFcsFastSimulatorMaker:INFO  - Det=1 id=652 dE=   0.001 SF= 0.200 gain= 0.005 corr= 1.000 ADC=   1 ZS= 1 digiE=   0.005
StFcsFastSimulatorMaker:INFO  - Det=1 id=669 dE=   0.002 SF= 0.200 gain= 0.005 corr= 1.000 ADC=   1 ZS= 1 digiE=   0.005
StFcsFastSimulatorMaker:INFO  - Det=1 id=704 dE=   0.002 SF= 0.200 gain= 0.005 corr= 1.000 ADC=   1 ZS= 1 digiE=   0.005
StFcsFastSimulatorMaker:INFO  - Det=1 id=731 dE=   0.001 SF= 0.200 gain= 0.005 corr= 1.000 ADC=   0 ZS= 1 digiE=   0.000
StFcsFastSimulatorMaker:INFO  - Det=3 id=156 dE=   0.001 SF= 0.014 gain= 0.005 corr= 1.000 ADC=   7 ZS= 1 digiE=   0.037
StFcsFastSimulatorMaker:INFO  - Det=3 id=208 dE=   0.001 SF= 0.014 gain= 0.005 corr= 1.000 ADC=   9 ZS= 1 digiE=   0.048
StFcsFastSimulatorMaker:INFO  - Det=3 id=234 dE=   0.001 SF= 0.014 gain= 0.005 corr= 1.000 ADC=  16 ZS= 1 digiE=   0.085
StFcsFastSimulatorMaker:INFO  - Det=4 id=178 dE=   1.871 SF= 2.000 gain= 0.010 corr= 0.500 ADC= 187 ZS= 1 digiE=   0.935
StFcsFastSimulatorMaker:INFO  - Det=4 id=179 dE=   2.002 SF= 2.000 gain= 0.010 corr= 0.500 ADC= 200 ZS= 1 digiE=   1.000
StFcsFastSimulatorMaker:INFO  - wca Found 62 g2t hits in 25 cells, created 25 hits with ADC>ZS(1) and Etot=   0.493
StFcsFastSimulatorMaker:INFO  - hca Found 3 g2t hits in 3 cells, created 3 hits with ADC>ZS(1) and Etot=   0.170
StFcsFastSimulatorMaker:INFO  - pre Found 2 g2t hits in 2 cells, created 2 hits with ADC>ZS(1) and Etot=   1.935
StFcsFastSimulatorMaker:INFO  - *** StFcsFastSimulatorMaker::Make() == StOK(0) ***
StFcsWaveformFitMaker:INFO  - *** StFcsWaveformFitMaker::Make() == StOK(0) ***
StFcsClusterMaker:DEBUG - StFcsClusterMaker initializing run
StFcsClusterMaker:DEBUG - StFcsClusterMaker Make!!!
  *** Print FCS collection ***  RecFlag=0
  *** FCS Det=0 *** NHit= 18 NCluster=  2 NPoint=  0
StFcsHit: det= 0 id=202 | ns=0 ehp=0 dep= 5 ch= 3 | Ntb=  1 Sum=     0 Fit=  0.00   0.00 E=  0.06 |   11 (  0) 
StFcsHit: det= 0 id=314 | ns=0 ehp=0 dep= 6 ch=21 | Ntb=  1 Sum=     0 Fit=  0.00   0.00 E=  0.05 |   10 (  0) 
StFcsHit: det= 0 id=226 | ns=0 ehp=0 dep= 6 ch= 5 | Ntb=  1 Sum=     0 Fit=  0.00   0.00 E=  0.04 |    8 (  0) 
StFcsHit: det= 0 id=490 | ns=0 ehp=0 dep=11 ch=21 | Ntb=  1 Sum=     0 Fit=  0.00   0.00 E=  0.04 |    8 (  0) 
StFcsHit: det= 0 id=596 | ns=0 ehp=0 dep=15 ch= 9 | Ntb=  1 Sum=     0 Fit=  0.00   0.00 E=  0.04 |    7 (  0) 
StFcsHit: det= 0 id=397 | ns=0 ehp=0 dep=10 ch= 4 | Ntb=  1 Sum=     0 Fit=  0.00   0.00 E=  0.02 |    4 (  0) 
StFcsHit: det= 0 id=288 | ns=0 ehp=0 dep= 5 ch=17 | Ntb=  1 Sum=     0 Fit=  0.00   0.00 E=  0.02 |    4 (  0) 
StFcsHit: det= 0 id=442 | ns=0 ehp=0 dep=10 ch=13 | Ntb=  1 Sum=     0 Fit=  0.00   0.00 E=  0.02 |    3 (  0) 
StFcsHit: det= 0 id=561 | ns=0 ehp=0 dep=17 ch= 2 | Ntb=  1 Sum=     0 Fit=  0.00   0.00 E=  0.02 |    3 (  0) 
StFcsHit: det= 0 id=595 | ns=0 ehp=0 dep=15 ch= 8 | Ntb=  1 Sum=     0 Fit=  0.00   0.00 E=  0.02 |    3 (  0) 
StFcsHit: det= 0 id=203 | ns=0 ehp=0 dep= 6 ch= 0 | Ntb=  1 Sum=     0 Fit=  0.00   0.00 E=  0.02 |    3 (  0) 
StFcsHit: det= 0 id=308 | ns=0 ehp=0 dep=22 ch=13 | Ntb=  1 Sum=     0 Fit=  0.00   0.00 E=  0.01 |    2 (  0) 
StFcsHit: det= 0 id=374 | ns=0 ehp=0 dep=22 ch=16 | Ntb=  1 Sum=     0 Fit=  0.00   0.00 E=  0.01 |    2 (  0) 
StFcsHit: det= 0 id=380 | ns=0 ehp=0 dep=11 ch= 1 | Ntb=  1 Sum=     0 Fit=  0.00   0.00 E=  0.01 |    2 (  0) 
StFcsHit: det= 0 id=146 | ns=0 ehp=0 dep= 3 ch=21 | Ntb=  1 Sum=     0 Fit=  0.00   0.00 E=  0.01 |    2 (  0) 
StFcsHit: det= 0 id=537 | ns=0 ehp=0 dep=12 ch=28 | Ntb=  1 Sum=     0 Fit=  0.00   0.00 E=  0.01 |    2 (  0) 
StFcsHit: det= 0 id=572 | ns=0 ehp=0 dep=22 ch=25 | Ntb=  1 Sum=     0 Fit=  0.00   0.00 E=  0.01 |    2 (  0) 
StFcsHit: det= 0 id=688 | ns=0 ehp=0 dep=16 ch=25 | Ntb=  1 Sum=     0 Fit=  0.00   0.00 E=  0.01 |    2 (  0) 
StFcsCluster id=   0 ctg=1 n= 2 nNeigh=0 nPoints=0 loc=   4.71    9.50 PXYZE=  -0.00    0.00    0.07    0.07 E=   0.07 sigMin/max=   0.00    0.41 Chi2=   0.00    0.00
StFcsCluster id=   1 ctg=1 n= 1 nNeigh=0 nPoints=0 loc=   6.50   14.50 PXYZE=  -0.00    0.00    0.05    0.05 E=   0.05 sigMin/max=   0.00    0.00 Chi2=   0.00    0.00
  *** FCS Det=1 *** NHit=  7 NCluster=  0 NPoint=  0
StFcsHit: det= 1 id=470 | ns=1 ehp=0 dep=11 ch=19 | Ntb=  1 Sum=     0 Fit=  0.00   0.00 E=  0.02 |    3 (  0) 
StFcsHit: det= 1 id=374 | ns=1 ehp=0 dep=22 ch=16 | Ntb=  1 Sum=     0 Fit=  0.00   0.00 E=  0.01 |    2 (  0) 
StFcsHit: det= 1 id=428 | ns=1 ehp=0 dep=12 ch= 9 | Ntb=  1 Sum=     0 Fit=  0.00   0.00 E=  0.01 |    2 (  0) 
StFcsHit: det= 1 id=469 | ns=1 ehp=0 dep=11 ch=18 | Ntb=  1 Sum=     0 Fit=  0.00   0.00 E=  0.01 |    2 (  0) 
StFcsHit: det= 1 id=487 | ns=1 ehp=0 dep=10 ch=22 | Ntb=  1 Sum=     0 Fit=  0.00   0.00 E=  0.01 |    2 (  0) 
StFcsHit: det= 1 id=506 | ns=1 ehp=0 dep=22 ch=22 | Ntb=  1 Sum=     0 Fit=  0.00   0.00 E=  0.01 |    2 (  0) 
StFcsHit: det= 1 id=529 | ns=1 ehp=0 dep=10 ch=28 | Ntb=  1 Sum=     0 Fit=  0.00   0.00 E=  0.01 |    2 (  0) 
  *** FCS Det=2 *** NHit=  0 NCluster=  0 NPoint=  0
  *** FCS Det=3 *** NHit=  3 NCluster=  0 NPoint=  0
StFcsHit: det= 3 id=234 | ns=1 ehp=1 dep= 7 ch= 0 | Ntb=  1 Sum=     0 Fit=  0.00   0.00 E=  0.08 |   16 (  0) 
StFcsHit: det= 3 id=208 | ns=1 ehp=1 dep= 3 ch=24 | Ntb=  1 Sum=     0 Fit=  0.00   0.00 E=  0.05 |    9 (  0) 
StFcsHit: det= 3 id=156 | ns=1 ehp=1 dep= 3 ch= 8 | Ntb=  1 Sum=     0 Fit=  0.00   0.00 E=  0.04 |    7 (  0) 
  *** FCS Det=4 *** NHit=  2 NCluster=  0 NPoint=  0
StFcsHit: det= 4 id=178 | ns=0 ehp=2 dep= 5 ch=18 | Ntb=  1 Sum=     0 Fit=  0.00   0.00 E=  0.94 |  187 (  0) 
StFcsHit: det= 4 id=179 | ns=0 ehp=2 dep= 5 ch=19 | Ntb=  1 Sum=     0 Fit=  0.00   0.00 E=  1.00 |  200 (  0) 
  *** FCS Det=5 *** NHit=  0 NCluster=  0 NPoint=  0
  *** FCS Det=6 *** NHit=  0 NCluster=  2 NPoint=  0
StFcsClusterMaker:INFO  - *** StFcsClusterMaker::Make() == StOK(0) ***
StFttClusterPointMaker:INFO  - Creating FttCollection
StFttClusterPointMaker:INFO  - Making Geant points
StFttClusterPointMaker:INFO  - *** StFttClusterPointMaker::Make() == StOK(0) ***
StFwdTrackMaker:INFO  - Setting Event Vertex from geant/g2t_vertex[0]: 0xb2f0800
StFwdTrackMaker:INFO  - TAttr::Found : useftt = 1

StFwdTrackMaker:INFO  - TAttr::Found : usefst = 1

StFwdTrackMaker:INFO  - TAttr::Found : useepd = 1

StFwdTrackMaker:INFO  - There are: 0 with 0 FST, 0 with 1 FST, 0 with 2 FST, 2 with 3 FST
StFwdTrackMaker:INFO  - There are: 1 with 0 FTT, 0 with 1 FTT, 0 with 2 FTT, 0 with 3 FTT, 0 with 4 FTT, 0 with 5 FTT, 1 with 6 FTT, 0 with 7 FTT, 0 with 8 FTT
StFwdTrackMaker:INFO  - There are 2 McTracks with > 2 FST hits (#of possible seeds)
StFwdTrackMaker:INFO  - 	Finding FWD Track Seeds
StFwdTrackMaker:INFO  - Hitmap Source: fst
StFwdTrackMaker:INFO  - Performing Fwd Seed finding with mode: fst = 
StFwdTrackMaker:INFO  - Found 1 seeds in 1 iterations
StFwdTrackMaker:INFO  - Total Hits removed: 0
StFwdTrackMaker:INFO  - Seed [0] with 3 hits : id=5@2id=3@1id=1@0
StFwdTrackMaker:INFO  - <<Fwd Tracking Found : 1 Track Seeds from 3 FST hits and 3 sTGC hits
StFwdTrackMaker:INFO  -     (vs. 2 McTracks with FST>2, eff = 0.500003)
StFwdTrackMaker:INFO  - 	Fitting FWD Track Seeds
StFwdTrackMaker:INFO  - TrackFitter:refit = 1
StFwdTrackMaker:INFO  - Starting Track fitting loop with 1 track seeds
StFwdTrackMaker:INFO  - TrackFitter:refit = 1
StFwdTrackMaker:INFO  - 		Mc Match idTruth=1, quality = 1
StFwdTrackMaker:INFO  - GenFitTrackResult::mIdTruth = 1, QaTruth = 1
The points are collinear, curvature is undefined.
p1 = -1.15053, -6.39737
p2 = -1.15053, -6.39737
p3 = -1.15053, -6.39737
StFwdTrackMaker:INFO  - GenericFitSeeder::makeSeed::Curvature: -1e-07
StFwdTrackMaker:INFO  - GenericFitSeeder::makeSeed::pt = 14989.5
StFwdTrackMaker:WARN  - Seed momentum is too high, setting to (0,0,1)
StFwdTrackMaker:INFO  - Track Setup complete, track has 3 points
StFwdTrackMaker:INFO  -  sorting changed track points: 0
StFwdTrackMaker:INFO  - Fit status:  1
StFwdTrackMaker:INFO  - -Fit pvalue: 1
StFwdTrackMaker:INFO  - -Fit Chi2:   5.53011e-30
StFwdTrackMaker:INFO  - -Fit Chi2:   5.53011e-30
StFwdTrackMaker:INFO  - Track fit charge: -1Fit momentum: 1.30457e-17, 6.38463e-17, 1
StFwdTrackMaker:INFO  - TVector3::PseudoRapidity : transvers momentum = 0! return +/- 10e10
StFwdTrackMaker:INFO  - 	Fit Pt: 6.51655e-17, eta: 1e+11, phi: 1.36924
StFwdTrackMaker:INFO  - Track fit update complete!
StFwdTrackMaker:INFO  - Track Reps: 1
StFwdTrackMaker:INFO  - Track Rep 0 
genfit::AbsTrackRep, pdgCode = -211. PropDir = 0
fitStatus 
 track has been fitted, fit has converged fully, 0 TrackPoints could not be processed, fitted charge = -1, PruneFlags: 
 track has been fitted with reference track, numIterations = 2, track length = 27.031, fChi2 = 5.53011e-30, bChi2 = 5.53011e-30, fNdf = 1, bNdf = 1, fPVal = 1, bPVal = 1

StFwdTrackMaker:INFO  - GenFitTrackResult::mIdTruth = 1, QaTruth = 1
StFwdTrackMaker:INFO  - GTR Setting momentum from track
StFwdTrackMaker:INFO  - --isFitConvergedPartially() = 1
StFwdTrackMaker:INFO  - --isFitConverged() = 1
StFwdTrackMaker:INFO  - --isFitConvergedFully() = 1
StFwdTrackMaker:ERROR - CANNOT GET DCA : GenfitException: genfit::Exception thrown with excString:
RKTrackRep::RKutta ==> Do not get closer to plane!
in line: 1950 in file: /cvmfs/star.sdcc.bnl.gov/star-spack/spack/var/spack/stage/smirnovd/spack-stage-genfit-b496504a-mlcdbxg7bmdsbfrppi7qmzppfw4lh52r/spack-src/trackReps/src/RKTrackRep.cc
with fatal flag 0

StFwdTrackMaker:WARN  - addFttHits: skipping blown-up state pT=6.51655e-17
StFwdTrackMaker:WARN  - addFttHits: skipping blown-up state pT=6.51655e-17
StFwdTrackMaker:WARN  - addFttHits: skipping blown-up state pT=6.51655e-17
StFwdTrackMaker:WARN  - addFttHits: skipping blown-up state pT=6.51655e-17
StFwdTrackMaker:WARN  - addEpdHits: skipping blown-up state pT=6.51655e-17
StFwdTrackMaker:INFO  - GenFitTrackResult::mIdTruth = 1, QaTruth = 1
The points are collinear, curvature is undefined.
p1 = -1.15053, -6.39737
p2 = -1.15053, -6.39737
p3 = -1.15053, -6.39737
StFwdTrackMaker:INFO  - GenericFitSeeder::makeSeed::Curvature: -1e-07
StFwdTrackMaker:INFO  - GenericFitSeeder::makeSeed::pt = 14989.5
StFwdTrackMaker:WARN  - Seed momentum is too high, setting to (0,0,1)
StFwdTrackMaker:INFO  - Note: Using externally provided seed momentum
StFwdTrackMaker:INFO  - Track Setup complete, track has 3 points
StFwdTrackMaker:INFO  -  sorting changed track points: 0
StFwdTrackMaker:INFO  - Fit status:  1
StFwdTrackMaker:INFO  - -Fit pvalue: 1
StFwdTrackMaker:INFO  - -Fit Chi2:   1.739e-29
StFwdTrackMaker:INFO  - -Fit Chi2:   1.739e-29
StFwdTrackMaker:INFO  - Track fit charge: -1Fit momentum: 2.05278e-17, 1.24312e-16, 1
StFwdTrackMaker:INFO  - TVector3::PseudoRapidity : transvers momentum = 0! return +/- 10e10
StFwdTrackMaker:INFO  - 	Fit Pt: 1.25996e-16, eta: 1e+11, phi: 1.40714
StFwdTrackMaker:INFO  - Track fit update complete!
StFwdTrackMaker:INFO  - Track Reps: 1
StFwdTrackMaker:INFO  - Track Rep 0 
genfit::AbsTrackRep, pdgCode = -211. PropDir = 0
fitStatus 
 track has been fitted, fit has converged fully, 0 TrackPoints could not be processed, fitted charge = -1, PruneFlags: 
 track has been fitted with reference track, numIterations = 2, track length = 27.031, fChi2 = 1.739e-29, bChi2 = 1.739e-29, fNdf = 1, bNdf = 1, fPVal = 1, bPVal = 1

StFwdTrackMaker:INFO  - GenFitTrackResult::mIdTruth = 1, QaTruth = 1
StFwdTrackMaker:INFO  - GTR Setting momentum from track
StFwdTrackMaker:INFO  - --isFitConvergedPartially() = 1
StFwdTrackMaker:INFO  - --isFitConverged() = 1
StFwdTrackMaker:INFO  - --isFitConvergedFully() = 1
StFwdTrackMaker:ERROR - CANNOT GET DCA : GenfitException: genfit::Exception thrown with excString:
RKTrackRep::RKutta ==> Do not get closer to plane!
in line: 1950 in file: /cvmfs/star.sdcc.bnl.gov/star-spack/spack/var/spack/stage/smirnovd/spack-stage-genfit-b496504a-mlcdbxg7bmdsbfrppi7qmzppfw4lh52r/spack-src/trackReps/src/RKTrackRep.cc
with fatal flag 0

StFwdTrackMaker:INFO  - Global track fitting completed, found 1 global tracks from 1 track seed candidates
[0;33m[TSCPBuilderNoMaterial] Propagation to perigee plane failed![;0m
[0;33m[TSCPBuilderNoMaterial] Propagation to perigee plane failed![;0m
[0;33m[TSCPBuilderNoMaterial] Propagation to perigee plane failed![;0m
[0;33m[ReconstructorFromFitter] cms::Exception caught: ---- TrajectoryStateClosestToPoint is invalid and cannot return any parameters BEGIN
---- TrajectoryStateClosestToPoint is invalid and cannot return any parameters END
[;0m
StFwdTrackMaker:INFO  - >>doBeamlineTrackFitting( #globals = 1 )
StFwdTrackMaker:INFO  - doBeamlineTrackFitting>>0 McId=1 with Beamline, seed already has: 3 hits
StFwdTrackMaker:INFO  - mBeamlineHit: 0, 0, 0
StFwdTrackMaker:INFO  - This fit is for a global that converged? = 1
StFwdTrackMaker:INFO  - GenFitTrackResult::mIdTruth = 1, QaTruth = 0.75
The points are collinear, curvature is undefined.
p1 = 0, 0
p2 = -1.15053, -6.39737
p3 = -1.15053, -6.39737
The points are collinear, curvature is undefined.
p1 = 0, 0
p2 = -1.15053, -6.39737
p3 = -1.15053, -6.39737
The points are collinear, curvature is undefined.
p1 = 0, 0
p2 = -1.15053, -6.39737
p3 = -1.15053, -6.39737
The points are collinear, curvature is undefined.
p1 = -1.15053, -6.39737
p2 = -1.15053, -6.39737
p3 = -1.15053, -6.39737
StFwdTrackMaker:INFO  - GenericFitSeeder::makeSeed::Curvature: -1e-07
StFwdTrackMaker:INFO  - GenericFitSeeder::makeSeed::pt = 14989.5
StFwdTrackMaker:WARN  - Seed momentum is too high, setting to (0,0,1)
StFwdTrackMaker:INFO  - Track Setup complete, track has 4 points
StFwdTrackMaker:INFO  -  sorting changed track points: 0
StFwdTrackMaker:INFO  - Fit status:  1
StFwdTrackMaker:INFO  - -Fit pvalue: 0.88672
StFwdTrackMaker:INFO  - -Fit Chi2:   0.642145
StFwdTrackMaker:INFO  - -Fit Chi2:   0.642145
StFwdTrackMaker:INFO  - Track fit charge: -1Fit momentum: -3777.66, -21004.7, 637378
StFwdTrackMaker:INFO  - 	Fit Pt: 21341.7, eta: 4.09013, phi: -1.74874
StFwdTrackMaker:INFO  - Track fit update complete!
StFwdTrackMaker:INFO  - Track Reps: 1
StFwdTrackMaker:INFO  - Track Rep 0 
genfit::AbsTrackRep, pdgCode = -211. PropDir = 0
fitStatus 
 track has been fitted, fit has converged fully, 0 TrackPoints could not be processed, fitted charge = -1, PruneFlags: 
 track has been fitted with reference track, numIterations = 4, track length = 206.819, fChi2 = 0.642145, bChi2 = 0.642145, fNdf = 3, bNdf = 3, fPVal = 0.88672, bPVal = 0.88672

StFwdTrackMaker:INFO  - GenFitTrackResult::mIdTruth = 1, QaTruth = 0.75
StFwdTrackMaker:INFO  - GTR Setting momentum from track
StFwdTrackMaker:INFO  - --isFitConvergedPartially() = 1
StFwdTrackMaker:INFO  - --isFitConverged() = 1
StFwdTrackMaker:INFO  - --isFitConvergedFully() = 1
StFwdTrackMaker:INFO  - SEED momentum:2.05278e-17, 1.24312e-16, 1
StFwdTrackMaker:INFO  - 	Initial Beamline fit completed, now refitting with additional hits
StFwdTrackMaker:WARN  - addFttHits: skipping blown-up state pT=21341.7
StFwdTrackMaker:WARN  - addFttHits: skipping blown-up state pT=21341.7
StFwdTrackMaker:WARN  - addFttHits: skipping blown-up state pT=21341.7
StFwdTrackMaker:WARN  - addFttHits: skipping blown-up state pT=21341.7
StFwdTrackMaker:WARN  - addEpdHits: skipping blown-up state pT=21341.7
StFwdTrackMaker:INFO  - GenFitTrackResult::mIdTruth = 1, QaTruth = 0.75
The points are collinear, curvature is undefined.
p1 = 0, 0
p2 = -1.15053, -6.39737
p3 = -1.15053, -6.39737
The points are collinear, curvature is undefined.
p1 = 0, 0
p2 = -1.15053, -6.39737
p3 = -1.15053, -6.39737
The points are collinear, curvature is undefined.
p1 = 0, 0
p2 = -1.15053, -6.39737
p3 = -1.15053, -6.39737
The points are collinear, curvature is undefined.
p1 = -1.15053, -6.39737
p2 = -1.15053, -6.39737
p3 = -1.15053, -6.39737
StFwdTrackMaker:INFO  - GenericFitSeeder::makeSeed::Curvature: -1e-07
StFwdTrackMaker:INFO  - GenericFitSeeder::makeSeed::pt = 14989.5
StFwdTrackMaker:WARN  - Seed momentum is too high, setting to (0,0,1)
StFwdTrackMaker:INFO  - Note: Using externally provided seed momentum
StFwdTrackMaker:INFO  - Track Setup complete, track has 4 points
StFwdTrackMaker:INFO  -  sorting changed track points: 0
StFwdTrackMaker:INFO  - Fit status:  1
StFwdTrackMaker:INFO  - -Fit pvalue: 0.886847
StFwdTrackMaker:INFO  - -Fit Chi2:   0.641596
StFwdTrackMaker:INFO  - -Fit Chi2:   0.641596
StFwdTrackMaker:INFO  - Track fit charge: 1Fit momentum: -284751, -1.58333e+06, 4.7839e+07
StFwdTrackMaker:INFO  - 	Fit Pt: 1.60873e+06, eta: 4.08583, phi: -1.74874
StFwdTrackMaker:INFO  - Track fit update complete!
StFwdTrackMaker:INFO  - Track Reps: 1
StFwdTrackMaker:INFO  - Track Rep 0 
genfit::AbsTrackRep, pdgCode = -211. PropDir = 0
fitStatus 
 track has been fitted, fit has converged fully, 0 TrackPoints could not be processed, fitted charge = 1, PruneFlags: 
 track has been fitted with reference track, numIterations = 2, track length = 209.551, fChi2 = 0.641596, bChi2 = 0.641596, fNdf = 3, bNdf = 3, fPVal = 0.886847, bPVal = 0.886847

StFwdTrackMaker:INFO  - GenFitTrackResult::mIdTruth = 1, QaTruth = 0.75
StFwdTrackMaker:INFO  - GTR Setting momentum from track
StFwdTrackMaker:INFO  - --isFitConvergedPartially() = 1
StFwdTrackMaker:INFO  - --isFitConverged() = 1
StFwdTrackMaker:INFO  - --isFitConvergedFully() = 1
StFwdTrackMaker:INFO  - >>doPrimaryTrackFitting( #globals = 1 )
StFwdTrackMaker:INFO  - Refitting Track 0, McId=1 with Primary Vertex, seed already has: 3 hits
StFwdTrackMaker:INFO  - mEventVertexHit: 0, 0, 0
StFwdTrackMaker:INFO  - This fit is for a global that converged? = 1
StFwdTrackMaker:INFO  - GenFitTrackResult::mIdTruth = 1, QaTruth = 0.75
The points are collinear, curvature is undefined.
p1 = 0, 0
p2 = -1.15053, -6.39737
p3 = -1.15053, -6.39737
The points are collinear, curvature is undefined.
p1 = 0, 0
p2 = -1.15053, -6.39737
p3 = -1.15053, -6.39737
The points are collinear, curvature is undefined.
p1 = 0, 0
p2 = -1.15053, -6.39737
p3 = -1.15053, -6.39737
The points are collinear, curvature is undefined.
p1 = -1.15053, -6.39737
p2 = -1.15053, -6.39737
p3 = -1.15053, -6.39737
StFwdTrackMaker:INFO  - GenericFitSeeder::makeSeed::Curvature: -1e-07
StFwdTrackMaker:INFO  - GenericFitSeeder::makeSeed::pt = 14989.5
StFwdTrackMaker:WARN  - Seed momentum is too high, setting to (0,0,1)
StFwdTrackMaker:INFO  - Note: Using externally provided seed momentum
StFwdTrackMaker:INFO  - Track Setup complete, track has 4 points
StFwdTrackMaker:INFO  -  sorting changed track points: 0
StFwdTrackMaker:INFO  - Fit status:  1
StFwdTrackMaker:INFO  - -Fit pvalue: 0.856159
StFwdTrackMaker:INFO  - -Fit Chi2:   0.771972
StFwdTrackMaker:INFO  - -Fit Chi2:   0.771972
StFwdTrackMaker:INFO  - Track fit charge: 1Fit momentum: -108213, -601708, 1.55604e+07
StFwdTrackMaker:INFO  - 	Fit Pt: 611361, eta: 3.93033, phi: -1.74874
StFwdTrackMaker:INFO  - Track fit update complete!
StFwdTrackMaker:INFO  - Track Reps: 1
StFwdTrackMaker:INFO  - Track Rep 0 
genfit::AbsTrackRep, pdgCode = -211. PropDir = 0
fitStatus 
 track has been fitted, fit has converged fully, 0 TrackPoints could not be processed, fitted charge = 1, PruneFlags: 
 track has been fitted with reference track, numIterations = 5, track length = 177.177, fChi2 = 0.771972, bChi2 = 0.771972, fNdf = 3, bNdf = 3, fPVal = 0.856159, bPVal = 0.856159

StFwdTrackMaker:INFO  - GenFitTrackResult::mIdTruth = 1, QaTruth = 0.75
StFwdTrackMaker:INFO  - GTR Setting momentum from track
StFwdTrackMaker:INFO  - --isFitConvergedPartially() = 1
StFwdTrackMaker:INFO  - --isFitConverged() = 1
StFwdTrackMaker:INFO  - --isFitConvergedFully() = 1
StFwdTrackMaker:INFO  - 	Initial fit complete, now refitting with additional points
StFwdTrackMaker:WARN  - addFttHits: skipping blown-up state pT=611361
StFwdTrackMaker:WARN  - addFttHits: skipping blown-up state pT=611361
StFwdTrackMaker:WARN  - addFttHits: skipping blown-up state pT=611361
StFwdTrackMaker:WARN  - addFttHits: skipping blown-up state pT=611361
StFwdTrackMaker:WARN  - addEpdHits: skipping blown-up state pT=611361
StFwdTrackMaker:INFO  - GenFitTrackResult::mIdTruth = 1, QaTruth = 0.75
The points are collinear, curvature is undefined.
p1 = 0, 0
p2 = -1.15053, -6.39737
p3 = -1.15053, -6.39737
The points are collinear, curvature is undefined.
p1 = 0, 0
p2 = -1.15053, -6.39737
p3 = -1.15053, -6.39737
The points are collinear, curvature is undefined.
p1 = 0, 0
p2 = -1.15053, -6.39737
p3 = -1.15053, -6.39737
The points are collinear, curvature is undefined.
p1 = -1.15053, -6.39737
p2 = -1.15053, -6.39737
p3 = -1.15053, -6.39737
StFwdTrackMaker:INFO  - GenericFitSeeder::makeSeed::Curvature: -1e-07
StFwdTrackMaker:INFO  - GenericFitSeeder::makeSeed::pt = 14989.5
StFwdTrackMaker:WARN  - Seed momentum is too high, setting to (0,0,1)
StFwdTrackMaker:INFO  - Note: Using externally provided seed momentum
StFwdTrackMaker:INFO  - Track Setup complete, track has 4 points
StFwdTrackMaker:INFO  -  sorting changed track points: 0
StFwdTrackMaker:INFO  - Fit status:  1
StFwdTrackMaker:INFO  - -Fit pvalue: 0.856159
StFwdTrackMaker:INFO  - -Fit Chi2:   0.771972
StFwdTrackMaker:INFO  - -Fit Chi2:   0.771972
StFwdTrackMaker:INFO  - Track fit charge: -1Fit momentum: -108213, -601708, 1.55604e+07
StFwdTrackMaker:INFO  - 	Fit Pt: 611361, eta: 3.93033, phi: -1.74874
StFwdTrackMaker:INFO  - Track fit update complete!
StFwdTrackMaker:INFO  - Track Reps: 1
StFwdTrackMaker:INFO  - Track Rep 0 
genfit::AbsTrackRep, pdgCode = -211. PropDir = 0
fitStatus 
 track has been fitted, fit has converged fully, 0 TrackPoints could not be processed, fitted charge = -1, PruneFlags: 
 track has been fitted with reference track, numIterations = 1, track length = 177.177, fChi2 = 0.771972, bChi2 = 0.771972, fNdf = 3, bNdf = 3, fPVal = 0.856159, bPVal = 0.856159

StFwdTrackMaker:INFO  - GenFitTrackResult::mIdTruth = 1, QaTruth = 0.75
StFwdTrackMaker:INFO  - GTR Setting momentum from track
StFwdTrackMaker:INFO  - --isFitConvergedPartially() = 1
StFwdTrackMaker:INFO  - --isFitConverged() = 1
StFwdTrackMaker:INFO  - --isFitConvergedFully() = 1
StFwdTrackMaker:INFO  - >>doSecondaryTrackFitting( #globals = 1 )
StFwdTrackMaker:INFO  - <<Fwd Tracking Fit :3 GenFit Tracks
StFwdTrackMaker:INFO  - TAttr::Found : fillevent = 1

StFwdTrackMaker:INFO  - Creating the StFwdTrackCollection
StFwdTrackMaker:INFO  - Processing GenfitTrackResult(type=0): 0 mIsFitConverged=1, mIsFitConvergedPartially=1, mNumFitPoints=3
AAA FCS StraightLine: det=1 xyzdet=(17.399,-5.26,710.16) norm=(0.0301896,0,0.999544)
AAA projectAsStraightLine: tv3A=(-2.15089,-6.24945,575.065) tv3B=(-2.36602,-6.21775,625.071)
AAA   xyzf=(17.399,-5.26,710.16) norm=(0.0301896,0,0.999544)
AAA   tintersection=2.71371 result=(-2.73468,-6.16343,710.768)
AAA FCS StraightLine result: tv3=(-2.73468,-6.16343,710.768)
AAA FCS StraightLine: det=3 xyzdet=(21.285,1.8,782.63) norm=(0.0301896,0,0.999544)
AAA projectAsStraightLine: tv3A=(-2.15089,-6.24945,575.065) tv3B=(-2.36602,-6.21775,625.071)
AAA   xyzf=(21.285,1.8,782.63) norm=(0.0301896,0,0.999544)
AAA   tintersection=4.16546 result=(-3.04698,-6.11741,783.365)
AAA FCS StraightLine result: tv3=(-3.04698,-6.11741,783.365)
StFwdTrackMaker:INFO  - Processing GenfitTrackResult(type=2): 1 mIsFitConverged=1, mIsFitConvergedPartially=1, mNumFitPoints=4
AAA FCS StraightLine: det=0 xyzdet=(-17.399,-5.26,710.16) norm=(-0.0301896,0,0.999544)
AAA projectAsStraightLine: tv3A=(-3.99796,-22.2302,574.879) tv3B=(-4.34561,-24.1632,624.869)
AAA   xyzf=(-17.399,-5.26,710.16) norm=(-0.0301896,0,0.999544)
AAA   tintersection=2.71371 result=(-4.94138,-27.4759,710.536)
AAA FCS StraightLine result: tv3=(-4.94138,-27.4759,710.536)
AAA FCS StraightLine: det=2 xyzdet=(-21.285,1.8,782.63) norm=(-0.0301896,0,0.999544)
AAA projectAsStraightLine: tv3A=(-3.99796,-22.2302,574.879) tv3B=(-4.34561,-24.1632,624.869)
AAA   xyzf=(-21.285,1.8,782.63) norm=(-0.0301896,0,0.999544)
AAA   tintersection=4.16546 result=(-5.44607,-30.2822,783.108)
AAA FCS StraightLine result: tv3=(-5.44607,-30.2822,783.108)
StFwdTrackMaker:INFO  - Processing GenfitTrackResult(type=1): 2 mIsFitConverged=1, mIsFitConvergedPartially=1, mNumFitPoints=4
AAA FCS StraightLine: det=0 xyzdet=(-17.399,-5.26,710.16) norm=(-0.0301896,0,0.999544)
AAA projectAsStraightLine: tv3A=(-3.58859,-19.9539,574.892) tv3B=(-3.88616,-21.6085,624.883)
AAA   xyzf=(-17.399,-5.26,710.16) norm=(-0.0301896,0,0.999544)
AAA   tintersection=2.71371 result=(-4.39609,-24.4439,710.553)
AAA FCS StraightLine result: tv3=(-4.39609,-24.4439,710.553)
AAA FCS StraightLine: det=2 xyzdet=(-21.285,1.8,782.63) norm=(-0.0301896,0,0.999544)
AAA projectAsStraightLine: tv3A=(-3.58859,-19.9539,574.892) tv3B=(-3.88616,-21.6085,624.883)
AAA   xyzf=(-21.285,1.8,782.63) norm=(-0.0301896,0,0.999544)
AAA   tintersection=4.16546 result=(-4.82807,-26.8459,783.127)
AAA FCS StraightLine result: tv3=(-4.82807,-26.8459,783.127)
StFwdTrackMaker:INFO  - StFwdTrackCollection has 3 tracks now
StFwdTrackMaker:INFO  - StFwdTrackCollection has 3 tracks now
StFwdTrackMaker:INFO  - *** StFwdTrackMaker::Make() == StOK(0) ***
StFcsTrackMatchMaker:INFO  - *** StFcsTrackMatchMaker::Make() == StOK(0) ***
StStrangeMuDstMaker:WARN  - StStrangeMuDstMaker: no cut parameters found.
StStrangeMuDstMaker:INFO  - StV0Controller: found 0 V0 candidates
StStrangeMuDstMaker:INFO  - StXiController: found 0 Xi candidates
StStrangeMuDstMaker:INFO  - StKinkController: found 0 Kink candidates
StStrangeMuDstMaker:INFO  - *** StStrangeMuDstMaker::Make() == StOK(0) ***
StMuDstMaker:INFO  - Setting Fcs arrays
StMuDstMaker:INFO  - Setting Ftt arrays
StMuDstMaker:INFO  - fillMuFtt
StMuDstMaker:INFO  - fillMuFttRawHits
StMuDstMaker:INFO  - fillMuFttPoints
StMuDstMaker:INFO  - fillMuFttClusters
StMuDstMaker:INFO  - StMuDstMaker::fillFwdTrack(StEvent* ev)
StMuDstMaker:INFO  - StMuDSTMaker filling StMuFwdTrackCollection from StEvent
StMuDstMaker:INFO  - Connecting StMuFwdTrackCollection
StMuDstMaker:INFO  - Setting FwdTrack arrays
StMuDstMaker:INFO  - Adding 3 StMuFwdTracks to MuDSt
StMuDstMaker:INFO  - *** StMuDstMaker::Make() == StOK(0) ***
StTreeMaker:INFO  - *** StTreeMaker::Make() == StOK(0) ***
StPicoDstMaker:INFO  - Run = 1 year = 1999
StPicoDstMaker:INFO  - Retrieving mtdModuleToQTmap table from database ...
StPicoDstMaker:INFO  - Retrieving mtdQTSlewingCorr table from database ...
StPicoDstMaker:WARN  - No trigger data bank available!
StPicoDstMaker:INFO  - StPicoDstMaker::fillFcsHits filled 30
StPicoDstMaker:INFO  - StPicoDstMaker::fillFcsClusters filled 2
StPicoDstMaker:INFO  - *** StPicoDstMaker::Make() == StOK(0) ***
<---------- END EVENT
--------->START EVENT: 1
St_geant_Maker:INFO  - *** St_geant_Maker::Make() == StOK(0) ***
St_db_Maker:INFO  - *** St_db_Maker::Make() == StOK(0) ***
StMagFMaker:INFO  - *** StMagFMaker::Make() == StOK(0) ***
StDetectorDbMaker:INFO  - *** StDetectorDbMaker::Make() == StOK(0) ***
StTpcDbMaker:INFO  - *** StTpcDbMaker::Make() == StOK(0) ***
StFcsDbMaker:INFO  - *** StFcsDbMaker::Make() == StOK(0) ***
StEventMaker:INFO  - get trigDetSums from Calibrations/rich/trigDetSums
StEventMaker:WARN  - StEventMaker: No StDAQReader found
StEventMaker:INFO  - *** StEventMaker::Make() == StOK(0) ***
StMcEventMaker:INFO  - StMcEventMaker:   g2t_tpc_hit Table Not found 
StMcEventMaker:INFO  - StMcEventMaker:   particle    Table Not found 
StMcEventMaker:INFO  - *** StMcEventMaker::Make() == StOK(0) ***
StFcsFastSimulatorMaker:DEBUG - StFcsFastSimulatorMaker::Make
StFcsFastSimulatorMaker:DEBUG - Creating StFcsCollection
StFcsFastSimulatorMaker:INFO  - TAttr::Found : fcsleakyhcal = 0

StFcsFastSimulatorMaker:INFO  - TAttr::Found : fcshcalzdepeff = 0

StFcsFastSimulatorMaker:INFO  - g2t_wca_hit table has 34 hit
StFcsFastSimulatorMaker:INFO  - ECAL det=0 id= 46 volid=1047 e=0.001561
StFcsFastSimulatorMaker:INFO  - ECAL det=0 id= 47 volid=1048 e=0.001088
StFcsFastSimulatorMaker:INFO  - ECAL det=0 id= 69 volid=1070 e=0.000972
StFcsFastSimulatorMaker:INFO  - ECAL det=0 id= 70 volid=1071 e=0.001063
StFcsFastSimulatorMaker:INFO  - ECAL det=0 id= 71 volid=1072 e=0.003547
StFcsFastSimulatorMaker:INFO  - ECAL det=0 id= 72 volid=1073 e=0.001464
StFcsFastSimulatorMaker:INFO  - ECAL det=0 id= 90 volid=1091 e=0.001470
StFcsFastSimulatorMaker:INFO  - ECAL det=0 id= 91 volid=1092 e=0.025534
StFcsFastSimulatorMaker:INFO  - ECAL det=0 id= 92 volid=1093 e=0.011963
StFcsFastSimulatorMaker:INFO  - ECAL det=0 id= 95 volid=1096 e=0.000090
StFcsFastSimulatorMaker:INFO  - ECAL det=0 id=111 volid=1112 e=0.001446
StFcsFastSimulatorMaker:INFO  - ECAL det=0 id=112 volid=1113 e=0.013068
StFcsFastSimulatorMaker:INFO  - ECAL det=0 id=113 volid=1114 e=1.172828
StFcsFastSimulatorMaker:INFO  - ECAL det=0 id=114 volid=1115 e=0.152461
StFcsFastSimulatorMaker:INFO  - ECAL det=0 id=115 volid=1116 e=0.012130
StFcsFastSimulatorMaker:INFO  - ECAL det=0 id=133 volid=1134 e=0.000452
StFcsFastSimulatorMaker:INFO  - ECAL det=0 id=134 volid=1135 e=0.027309
StFcsFastSimulatorMaker:INFO  - ECAL det=0 id=135 volid=1136 e=1.544236
StFcsFastSimulatorMaker:INFO  - ECAL det=0 id=136 volid=1137 e=0.098555
StFcsFastSimulatorMaker:INFO  - ECAL det=0 id=137 volid=1138 e=0.002965
StFcsFastSimulatorMaker:INFO  - ECAL det=0 id=139 volid=1140 e=0.000555
StFcsFastSimulatorMaker:INFO  - ECAL det=0 id=155 volid=1156 e=0.001909
StFcsFastSimulatorMaker:INFO  - ECAL det=0 id=156 volid=1157 e=0.004957
StFcsFastSimulatorMaker:INFO  - ECAL det=0 id=157 volid=1158 e=0.013403
StFcsFastSimulatorMaker:INFO  - ECAL det=0 id=158 volid=1159 e=0.000546
StFcsFastSimulatorMaker:INFO  - ECAL det=0 id=159 volid=1160 e=0.000174
StFcsFastSimulatorMaker:INFO  - ECAL det=0 id=160 volid=1161 e=0.001050
StFcsFastSimulatorMaker:INFO  - ECAL det=0 id=179 volid=1180 e=0.008349
StFcsFastSimulatorMaker:INFO  - ECAL det=0 id=180 volid=1181 e=0.000286
StFcsFastSimulatorMaker:INFO  - ECAL det=0 id=181 volid=1182 e=0.000640
StFcsFastSimulatorMaker:INFO  - ECAL det=0 id=198 volid=1199 e=0.001001
StFcsFastSimulatorMaker:INFO  - ECAL det=0 id=199 volid=1200 e=0.000090
StFcsFastSimulatorMaker:INFO  - ECAL det=0 id=203 volid=1204 e=0.000780
StFcsFastSimulatorMaker:INFO  - ECAL det=0 id=247 volid=1248 e=0.001143
StFcsFastSimulatorMaker:INFO  - g2t_hca_hit table has 13 hit
StFcsFastSimulatorMaker:INFO  - HCAL det=2 id=14 volid= 1015 e=0.000638
StFcsFastSimulatorMaker:INFO  - HCAL det=2 id=27 volid= 1028 e=0.000608
StFcsFastSimulatorMaker:INFO  - HCAL det=2 id=29 volid= 1030 e=0.000879
StFcsFastSimulatorMaker:INFO  - HCAL det=2 id=39 volid= 1040 e=0.000128
StFcsFastSimulatorMaker:INFO  - HCAL det=2 id=41 volid= 1042 e=0.002804
StFcsFastSimulatorMaker:INFO  - HCAL det=2 id=52 volid= 1053 e=0.000062
StFcsFastSimulatorMaker:INFO  - HCAL det=2 id=53 volid= 1054 e=0.006070
StFcsFastSimulatorMaker:INFO  - HCAL det=2 id=54 volid= 1055 e=0.004413
StFcsFastSimulatorMaker:INFO  - HCAL det=2 id=65 volid= 1066 e=0.000990
StFcsFastSimulatorMaker:INFO  - HCAL det=2 id=66 volid= 1067 e=0.002861
StFcsFastSimulatorMaker:INFO  - HCAL det=2 id=67 volid= 1068 e=0.002147
StFcsFastSimulatorMaker:INFO  - HCAL det=2 id=69 volid= 1070 e=0.000018
StFcsFastSimulatorMaker:INFO  - HCAL det=2 id=79 volid= 1080 e=0.000056
StFcsFastSimulatorMaker:INFO  - g2t_epd_hit table has 2 hit
StFcsFastSimulatorMaker:INFO  - Pres det=4 id= 38 volid=202120 e=  2.757274
StFcsFastSimulatorMaker:INFO  - Pres det=4 id= 38 volid=202120 e=  1.004338
StFcsFastSimulatorMaker:INFO  - Det=0 id= 46 dE=   0.002 SF= 0.200 gain= 0.005 corr= 1.000 ADC=   1 ZS= 1 digiE=   0.005
StFcsFastSimulatorMaker:INFO  - Det=0 id= 47 dE=   0.001 SF= 0.200 gain= 0.005 corr= 1.000 ADC=   1 ZS= 1 digiE=   0.005
StFcsFastSimulatorMaker:INFO  - Det=0 id= 69 dE=   0.001 SF= 0.200 gain= 0.005 corr= 1.000 ADC=   0 ZS= 1 digiE=   0.000
StFcsFastSimulatorMaker:INFO  - Det=0 id= 70 dE=   0.001 SF= 0.200 gain= 0.005 corr= 1.000 ADC=   1 ZS= 1 digiE=   0.005
StFcsFastSimulatorMaker:INFO  - Det=0 id= 71 dE=   0.004 SF= 0.200 gain= 0.005 corr= 1.000 ADC=   3 ZS= 1 digiE=   0.016
StFcsFastSimulatorMaker:INFO  - Det=0 id= 72 dE=   0.001 SF= 0.200 gain= 0.005 corr= 1.000 ADC=   1 ZS= 1 digiE=   0.005
StFcsFastSimulatorMaker:INFO  - Det=0 id= 90 dE=   0.001 SF= 0.200 gain= 0.005 corr= 1.000 ADC=   1 ZS= 1 digiE=   0.005
StFcsFastSimulatorMaker:INFO  - Det=0 id= 91 dE=   0.026 SF= 0.200 gain= 0.005 corr= 1.000 ADC=  24 ZS= 1 digiE=   0.127
StFcsFastSimulatorMaker:INFO  - Det=0 id= 92 dE=   0.012 SF= 0.200 gain= 0.005 corr= 1.000 ADC=  11 ZS= 1 digiE=   0.058
StFcsFastSimulatorMaker:INFO  - Det=0 id= 95 dE=   0.000 SF= 0.200 gain= 0.005 corr= 1.000 ADC=   0 ZS= 1 digiE=   0.000
StFcsFastSimulatorMaker:INFO  - Det=0 id=111 dE=   0.001 SF= 0.200 gain= 0.005 corr= 1.000 ADC=   1 ZS= 1 digiE=   0.005
StFcsFastSimulatorMaker:INFO  - Det=0 id=112 dE=   0.013 SF= 0.200 gain= 0.005 corr= 1.000 ADC=  12 ZS= 1 digiE=   0.064
StFcsFastSimulatorMaker:INFO  - Det=0 id=113 dE=   1.173 SF= 0.200 gain= 0.005 corr= 1.000 ADC=1106 ZS= 1 digiE=   5.862
StFcsFastSimulatorMaker:INFO  - Det=0 id=114 dE=   0.152 SF= 0.200 gain= 0.005 corr= 1.000 ADC= 143 ZS= 1 digiE=   0.758
StFcsFastSimulatorMaker:INFO  - Det=0 id=115 dE=   0.012 SF= 0.200 gain= 0.005 corr= 1.000 ADC=  11 ZS= 1 digiE=   0.058
StFcsFastSimulatorMaker:INFO  - Det=0 id=133 dE=   0.000 SF= 0.200 gain= 0.005 corr= 1.000 ADC=   0 ZS= 1 digiE=   0.000
StFcsFastSimulatorMaker:INFO  - Det=0 id=134 dE=   0.027 SF= 0.200 gain= 0.005 corr= 1.000 ADC=  25 ZS= 1 digiE=   0.132
StFcsFastSimulatorMaker:INFO  - Det=0 id=135 dE=   1.544 SF= 0.200 gain= 0.005 corr= 1.000 ADC=1456 ZS= 1 digiE=   7.717
StFcsFastSimulatorMaker:INFO  - Det=0 id=136 dE=   0.099 SF= 0.200 gain= 0.005 corr= 1.000 ADC=  92 ZS= 1 digiE=   0.488
StFcsFastSimulatorMaker:INFO  - Det=0 id=137 dE=   0.003 SF= 0.200 gain= 0.005 corr= 1.000 ADC=   2 ZS= 1 digiE=   0.011
StFcsFastSimulatorMaker:INFO  - Det=0 id=139 dE=   0.001 SF= 0.200 gain= 0.005 corr= 1.000 ADC=   0 ZS= 1 digiE=   0.000
StFcsFastSimulatorMaker:INFO  - Det=0 id=155 dE=   0.002 SF= 0.200 gain= 0.005 corr= 1.000 ADC=   1 ZS= 1 digiE=   0.005
StFcsFastSimulatorMaker:INFO  - Det=0 id=156 dE=   0.005 SF= 0.200 gain= 0.005 corr= 1.000 ADC=   4 ZS= 1 digiE=   0.021
StFcsFastSimulatorMaker:INFO  - Det=0 id=157 dE=   0.013 SF= 0.200 gain= 0.005 corr= 1.000 ADC=  12 ZS= 1 digiE=   0.064
StFcsFastSimulatorMaker:INFO  - Det=0 id=158 dE=   0.001 SF= 0.200 gain= 0.005 corr= 1.000 ADC=   0 ZS= 1 digiE=   0.000
StFcsFastSimulatorMaker:INFO  - Det=0 id=159 dE=   0.000 SF= 0.200 gain= 0.005 corr= 1.000 ADC=   0 ZS= 1 digiE=   0.000
StFcsFastSimulatorMaker:INFO  - Det=0 id=160 dE=   0.001 SF= 0.200 gain= 0.005 corr= 1.000 ADC=   0 ZS= 1 digiE=   0.000
StFcsFastSimulatorMaker:INFO  - Det=0 id=179 dE=   0.008 SF= 0.200 gain= 0.005 corr= 1.000 ADC=   7 ZS= 1 digiE=   0.037
StFcsFastSimulatorMaker:INFO  - Det=0 id=180 dE=   0.000 SF= 0.200 gain= 0.005 corr= 1.000 ADC=   0 ZS= 1 digiE=   0.000
StFcsFastSimulatorMaker:INFO  - Det=0 id=181 dE=   0.001 SF= 0.200 gain= 0.005 corr= 1.000 ADC=   0 ZS= 1 digiE=   0.000
StFcsFastSimulatorMaker:INFO  - Det=0 id=198 dE=   0.001 SF= 0.200 gain= 0.005 corr= 1.000 ADC=   0 ZS= 1 digiE=   0.000
StFcsFastSimulatorMaker:INFO  - Det=0 id=199 dE=   0.000 SF= 0.200 gain= 0.005 corr= 1.000 ADC=   0 ZS= 1 digiE=   0.000
StFcsFastSimulatorMaker:INFO  - Det=0 id=203 dE=   0.001 SF= 0.200 gain= 0.005 corr= 1.000 ADC=   0 ZS= 1 digiE=   0.000
StFcsFastSimulatorMaker:INFO  - Det=0 id=247 dE=   0.001 SF= 0.200 gain= 0.005 corr= 1.000 ADC=   1 ZS= 1 digiE=   0.005
StFcsFastSimulatorMaker:INFO  - Det=2 id= 14 dE=   0.001 SF= 0.014 gain= 0.005 corr= 1.000 ADC=   8 ZS= 1 digiE=   0.042
StFcsFastSimulatorMaker:INFO  - Det=2 id= 27 dE=   0.001 SF= 0.014 gain= 0.005 corr= 1.000 ADC=   7 ZS= 1 digiE=   0.037
StFcsFastSimulatorMaker:INFO  - Det=2 id= 29 dE=   0.001 SF= 0.014 gain= 0.005 corr= 1.000 ADC=  11 ZS= 1 digiE=   0.058
StFcsFastSimulatorMaker:INFO  - Det=2 id= 39 dE=   0.000 SF= 0.014 gain= 0.005 corr= 1.000 ADC=   1 ZS= 1 digiE=   0.005
StFcsFastSimulatorMaker:INFO  - Det=2 id= 41 dE=   0.003 SF= 0.014 gain= 0.005 corr= 1.000 ADC=  36 ZS= 1 digiE=   0.191
StFcsFastSimulatorMaker:INFO  - Det=2 id= 52 dE=   0.000 SF= 0.014 gain= 0.005 corr= 1.000 ADC=   0 ZS= 1 digiE=   0.000
StFcsFastSimulatorMaker:INFO  - Det=2 id= 53 dE=   0.006 SF= 0.014 gain= 0.005 corr= 1.000 ADC=  78 ZS= 1 digiE=   0.413
StFcsFastSimulatorMaker:INFO  - Det=2 id= 54 dE=   0.004 SF= 0.014 gain= 0.005 corr= 1.000 ADC=  57 ZS= 1 digiE=   0.302
StFcsFastSimulatorMaker:INFO  - Det=2 id= 65 dE=   0.001 SF= 0.014 gain= 0.005 corr= 1.000 ADC=  12 ZS= 1 digiE=   0.064
StFcsFastSimulatorMaker:INFO  - Det=2 id= 66 dE=   0.003 SF= 0.014 gain= 0.005 corr= 1.000 ADC=  37 ZS= 1 digiE=   0.196
StFcsFastSimulatorMaker:INFO  - Det=2 id= 67 dE=   0.002 SF= 0.014 gain= 0.005 corr= 1.000 ADC=  27 ZS= 1 digiE=   0.143
StFcsFastSimulatorMaker:INFO  - Det=2 id= 69 dE=   0.000 SF= 0.014 gain= 0.005 corr= 1.000 ADC=   0 ZS= 1 digiE=   0.000
StFcsFastSimulatorMaker:INFO  - Det=2 id= 79 dE=   0.000 SF= 0.014 gain= 0.005 corr= 1.000 ADC=   0 ZS= 1 digiE=   0.000
StFcsFastSimulatorMaker:INFO  - Det=4 id= 38 dE=   3.762 SF= 2.000 gain= 0.010 corr= 0.500 ADC= 376 ZS= 1 digiE=   1.880
StFcsFastSimulatorMaker:INFO  - wca Found 34 g2t hits in 14 cells, created 14 hits with ADC>ZS(1) and Etot=  15.412
StFcsFastSimulatorMaker:INFO  - hca Found 13 g2t hits in 9 cells, created 9 hits with ADC>ZS(1) and Etot=   1.447
StFcsFastSimulatorMaker:INFO  - pre Found 2 g2t hits in 1 cells, created 1 hits with ADC>ZS(1) and Etot=   1.880
StFcsFastSimulatorMaker:INFO  - *** StFcsFastSimulatorMaker::Make() == StOK(0) ***
StFcsWaveformFitMaker:INFO  - *** StFcsWaveformFitMaker::Make() == StOK(0) ***
StFcsClusterMaker:DEBUG - StFcsClusterMaker Make!!!
  *** Print FCS collection ***  RecFlag=0
  *** FCS Det=0 *** NHit= 14 NCluster=  1 NPoint=  0
StFcsHit: det= 0 id=135 | ns=0 ehp=0 dep= 0 ch=22 | Ntb=  1 Sum=     0 Fit=  0.00   0.00 E=  7.72 | 1456 (  0) 
StFcsHit: det= 0 id=113 | ns=0 ehp=0 dep= 0 ch=18 | Ntb=  1 Sum=     0 Fit=  0.00   0.00 E=  5.86 | 1106 (  0) 
StFcsHit: det= 0 id=114 | ns=0 ehp=0 dep= 0 ch=19 | Ntb=  1 Sum=     0 Fit=  0.00   0.00 E=  0.76 |  143 (  0) 
StFcsHit: det= 0 id=136 | ns=0 ehp=0 dep= 0 ch=23 | Ntb=  1 Sum=     0 Fit=  0.00   0.00 E=  0.49 |   92 (  0) 
StFcsHit: det= 0 id=134 | ns=0 ehp=0 dep= 0 ch=21 | Ntb=  1 Sum=     0 Fit=  0.00   0.00 E=  0.13 |   25 (  0) 
StFcsHit: det= 0 id= 91 | ns=0 ehp=0 dep= 0 ch=14 | Ntb=  1 Sum=     0 Fit=  0.00   0.00 E=  0.13 |   24 (  0) 
StFcsHit: det= 0 id=112 | ns=0 ehp=0 dep= 0 ch=17 | Ntb=  1 Sum=     0 Fit=  0.00   0.00 E=  0.06 |   12 (  0) 
StFcsHit: det= 0 id=157 | ns=0 ehp=0 dep= 0 ch=26 | Ntb=  1 Sum=     0 Fit=  0.00   0.00 E=  0.06 |   12 (  0) 
StFcsHit: det= 0 id= 92 | ns=0 ehp=0 dep= 0 ch=15 | Ntb=  1 Sum=     0 Fit=  0.00   0.00 E=  0.06 |   11 (  0) 
StFcsHit: det= 0 id=115 | ns=0 ehp=0 dep= 1 ch=16 | Ntb=  1 Sum=     0 Fit=  0.00   0.00 E=  0.06 |   11 (  0) 
StFcsHit: det= 0 id=179 | ns=0 ehp=0 dep= 0 ch=30 | Ntb=  1 Sum=     0 Fit=  0.00   0.00 E=  0.04 |    7 (  0) 
StFcsHit: det= 0 id=156 | ns=0 ehp=0 dep= 0 ch=25 | Ntb=  1 Sum=     0 Fit=  0.00   0.00 E=  0.02 |    4 (  0) 
StFcsHit: det= 0 id= 71 | ns=0 ehp=0 dep= 1 ch= 8 | Ntb=  1 Sum=     0 Fit=  0.00   0.00 E=  0.02 |    3 (  0) 
StFcsHit: det= 0 id=137 | ns=0 ehp=0 dep= 1 ch=20 | Ntb=  1 Sum=     0 Fit=  0.00   0.00 E=  0.01 |    2 (  0) 
StFcsCluster id=   0 ctg=1 n=13 nNeigh=0 nPoints=0 loc=   3.66    6.00 PXYZE=  -0.81    1.19   15.33   15.40 E=  15.40 sigMin/max=   0.38    0.51 Chi2=   0.00    0.00
  *** FCS Det=1 *** NHit=  0 NCluster=  0 NPoint=  0
  *** FCS Det=2 *** NHit=  9 NCluster=  1 NPoint=  0
StFcsHit: det= 2 id= 53 | ns=0 ehp=1 dep= 0 ch= 9 | Ntb=  1 Sum=     0 Fit=  0.00   0.00 E=  0.41 |   78 (  0) 
StFcsHit: det= 2 id= 54 | ns=0 ehp=1 dep= 0 ch=10 | Ntb=  1 Sum=     0 Fit=  0.00   0.00 E=  0.30 |   57 (  0) 
StFcsHit: det= 2 id= 66 | ns=0 ehp=1 dep= 0 ch=13 | Ntb=  1 Sum=     0 Fit=  0.00   0.00 E=  0.20 |   37 (  0) 
StFcsHit: det= 2 id= 41 | ns=0 ehp=1 dep= 0 ch= 6 | Ntb=  1 Sum=     0 Fit=  0.00   0.00 E=  0.19 |   36 (  0) 
StFcsHit: det= 2 id= 67 | ns=0 ehp=1 dep= 0 ch=14 | Ntb=  1 Sum=     0 Fit=  0.00   0.00 E=  0.14 |   27 (  0) 
StFcsHit: det= 2 id= 65 | ns=0 ehp=1 dep= 0 ch=12 | Ntb=  1 Sum=     0 Fit=  0.00   0.00 E=  0.06 |   12 (  0) 
StFcsHit: det= 2 id= 29 | ns=0 ehp=1 dep= 0 ch= 3 | Ntb=  1 Sum=     0 Fit=  0.00   0.00 E=  0.06 |   11 (  0) 
StFcsHit: det= 2 id= 14 | ns=0 ehp=1 dep= 6 ch= 5 | Ntb=  1 Sum=     0 Fit=  0.00   0.00 E=  0.04 |    8 (  0) 
StFcsHit: det= 2 id= 27 | ns=0 ehp=1 dep= 0 ch= 1 | Ntb=  1 Sum=     0 Fit=  0.00   0.00 E=  0.04 |    7 (  0) 
StFcsCluster id=   0 ctg=1 n= 8 nNeigh=0 nPoints=0 loc=   1.96    4.57 PXYZE=  -0.07    0.10    1.40    1.40 E=   1.40 sigMin/max=   0.42    0.62 Chi2=   0.00    0.00
  *** FCS Det=3 *** NHit=  0 NCluster=  0 NPoint=  0
  *** FCS Det=4 *** NHit=  1 NCluster=  0 NPoint=  0
StFcsHit: det= 4 id= 38 | ns=0 ehp=2 dep= 1 ch= 6 | Ntb=  1 Sum=     0 Fit=  0.00   0.00 E=  1.88 |  376 (  0) 
  *** FCS Det=5 *** NHit=  0 NCluster=  0 NPoint=  0
  *** FCS Det=6 *** NHit=  0 NCluster=  1 NPoint=  0
StFcsClusterMaker:INFO  - *** StFcsClusterMaker::Make() == StOK(0) ***
StFttClusterPointMaker:INFO  - Creating FttCollection
StFttClusterPointMaker:INFO  - Making Geant points
StFttClusterPointMaker:INFO  - *** StFttClusterPointMaker::Make() == StOK(0) ***
StFwdTrackMaker:INFO  - Setting Event Vertex from geant/g2t_vertex[0]: 0x1473d0f0
StFwdTrackMaker:INFO  - TAttr::Found : useftt = 1

StFwdTrackMaker:INFO  - TAttr::Found : usefst = 1

StFwdTrackMaker:INFO  - TAttr::Found : useepd = 1

StFwdTrackMaker:INFO  - There are: 1 with 0 FST, 0 with 1 FST, 0 with 2 FST, 1 with 3 FST
StFwdTrackMaker:INFO  - There are: 1 with 0 FTT, 0 with 1 FTT, 0 with 2 FTT, 0 with 3 FTT, 0 with 4 FTT, 0 with 5 FTT, 0 with 6 FTT, 0 with 7 FTT, 1 with 8 FTT
StFwdTrackMaker:INFO  - There are 1 McTracks with > 2 FST hits (#of possible seeds)
StFwdTrackMaker:INFO  - 	Finding FWD Track Seeds
StFwdTrackMaker:INFO  - Hitmap Source: fst
StFwdTrackMaker:INFO  - Performing Fwd Seed finding with mode: fst = 
StFwdTrackMaker:INFO  - Found 1 seeds in 1 iterations
StFwdTrackMaker:INFO  - Total Hits removed: 0
StFwdTrackMaker:INFO  - Seed [0] with 3 hits : id=2@2id=1@1id=0@0
StFwdTrackMaker:INFO  - <<Fwd Tracking Found : 1 Track Seeds from 3 FST hits and 4 sTGC hits
StFwdTrackMaker:INFO  -     (vs. 1 McTracks with FST>2, eff = 1)
StFwdTrackMaker:INFO  - 	Fitting FWD Track Seeds
StFwdTrackMaker:INFO  - TrackFitter:refit = 1
StFwdTrackMaker:INFO  - Starting Track fitting loop with 1 track seeds
StFwdTrackMaker:INFO  - TrackFitter:refit = 1
StFwdTrackMaker:INFO  - 		Mc Match idTruth=1, quality = 1
StFwdTrackMaker:INFO  - GenFitTrackResult::mIdTruth = 1, QaTruth = 1
The points are collinear, curvature is undefined.
p1 = -7.13476, 10.2638
p2 = -8.8471, 12.7271
p3 = -8.8471, 12.7271
StFwdTrackMaker:INFO  - GenericFitSeeder::makeSeed::Curvature: -1e-07
StFwdTrackMaker:INFO  - GenericFitSeeder::makeSeed::pt = 14989.5
StFwdTrackMaker:WARN  - Seed momentum is too high, setting to (0,0,1)
StFwdTrackMaker:INFO  - Track Setup complete, track has 3 points
StFwdTrackMaker:INFO  -  sorting changed track points: 0
StFwdTrackMaker:INFO  - Fit status:  1
StFwdTrackMaker:INFO  - -Fit pvalue: 0.29826
StFwdTrackMaker:INFO  - -Fit Chi2:   1.08196
StFwdTrackMaker:INFO  - -Fit Chi2:   1.08196
StFwdTrackMaker:INFO  - Track fit charge: 1Fit momentum: -1621.23, 2332.23, 24094.1
StFwdTrackMaker:INFO  - 	Fit Pt: 2840.37, eta: 2.83463, phi: 2.17825
StFwdTrackMaker:INFO  - Track fit update complete!
StFwdTrackMaker:INFO  - Track Reps: 1
StFwdTrackMaker:INFO  - Track Rep 0 
genfit::AbsTrackRep, pdgCode = -211. PropDir = 0
fitStatus 
 track has been fitted, fit has converged fully, 0 TrackPoints could not be processed, fitted charge = 1, PruneFlags: 
 track has been fitted with reference track, numIterations = 3, track length = 27.2182, fChi2 = 1.08196, bChi2 = 1.08196, fNdf = 1, bNdf = 1, fPVal = 0.29826, bPVal = 0.29826

StFwdTrackMaker:INFO  - GenFitTrackResult::mIdTruth = 1, QaTruth = 1
StFwdTrackMaker:INFO  - GTR Setting momentum from track
StFwdTrackMaker:INFO  - --isFitConvergedPartially() = 1
StFwdTrackMaker:INFO  - --isFitConverged() = 1
StFwdTrackMaker:INFO  - --isFitConvergedFully() = 1
StFwdTrackMaker:WARN  - addFttHits: skipping blown-up state pT=2840.37
StFwdTrackMaker:WARN  - addFttHits: skipping blown-up state pT=2840.37
StFwdTrackMaker:WARN  - addFttHits: skipping blown-up state pT=2840.37
StFwdTrackMaker:WARN  - addFttHits: skipping blown-up state pT=2840.37
StFwdTrackMaker:WARN  - addEpdHits: skipping blown-up state pT=2840.37
StFwdTrackMaker:INFO  - GenFitTrackResult::mIdTruth = 1, QaTruth = 1
The points are collinear, curvature is undefined.
p1 = -7.13476, 10.2638
p2 = -8.8471, 12.7271
p3 = -8.8471, 12.7271
StFwdTrackMaker:INFO  - GenericFitSeeder::makeSeed::Curvature: -1e-07
StFwdTrackMaker:INFO  - GenericFitSeeder::makeSeed::pt = 14989.5
StFwdTrackMaker:WARN  - Seed momentum is too high, setting to (0,0,1)
StFwdTrackMaker:INFO  - Note: Using externally provided seed momentum
StFwdTrackMaker:INFO  - Track Setup complete, track has 3 points
StFwdTrackMaker:INFO  -  sorting changed track points: 0
StFwdTrackMaker:INFO  - Fit status:  1
StFwdTrackMaker:INFO  - -Fit pvalue: 0.298261
StFwdTrackMaker:INFO  - -Fit Chi2:   1.08195
StFwdTrackMaker:INFO  - -Fit Chi2:   1.08195
StFwdTrackMaker:INFO  - Track fit charge: 1Fit momentum: -12673.4, 18231.5, 188348
StFwdTrackMaker:INFO  - 	Fit Pt: 22203.7, eta: 2.83463, phi: 2.17825
StFwdTrackMaker:INFO  - Track fit update complete!
StFwdTrackMaker:INFO  - Track Reps: 1
StFwdTrackMaker:INFO  - Track Rep 0 
genfit::AbsTrackRep, pdgCode = -211. PropDir = 0
fitStatus 
 track has been fitted, fit has converged fully, 0 TrackPoints could not be processed, fitted charge = 1, PruneFlags: 
 track has been fitted with reference track, numIterations = 2, track length = 27.2182, fChi2 = 1.08195, bChi2 = 1.08195, fNdf = 1, bNdf = 1, fPVal = 0.298261, bPVal = 0.298261

StFwdTrackMaker:INFO  - GenFitTrackResult::mIdTruth = 1, QaTruth = 1
StFwdTrackMaker:INFO  - GTR Setting momentum from track
StFwdTrackMaker:INFO  - --isFitConvergedPartially() = 1
StFwdTrackMaker:INFO  - --isFitConverged() = 1
StFwdTrackMaker:INFO  - --isFitConvergedFully() = 1
StFwdTrackMaker:INFO  - Global track fitting completed, found 1 global tracks from 1 track seed candidates
StFwdTrackMaker:INFO  - >>doBeamlineTrackFitting( #globals = 1 )
StFwdTrackMaker:INFO  - doBeamlineTrackFitting>>0 McId=1 with Beamline, seed already has: 3 hits
StFwdTrackMaker:INFO  - mBeamlineHit: 0, 0, 0
StFwdTrackMaker:INFO  - This fit is for a global that converged? = 1
StFwdTrackMaker:INFO  - GenFitTrackResult::mIdTruth = 1, QaTruth = 0.75
The points are collinear, curvature is undefined.
p1 = 0, 0
p2 = -8.8471, 12.7271
p3 = -8.8471, 12.7271
The points are collinear, curvature is undefined.
p1 = -7.13476, 10.2638
p2 = -8.8471, 12.7271
p3 = -8.8471, 12.7271
StFwdTrackMaker:INFO  - GenericFitSeeder::makeSeed::Curvature: -5.43621e-08
StFwdTrackMaker:INFO  - GenericFitSeeder::makeSeed::pt = 27573.5
StFwdTrackMaker:WARN  - Seed momentum is too high, setting to (0,0,1)
StFwdTrackMaker:INFO  - Track Setup complete, track has 4 points
StFwdTrackMaker:INFO  -  sorting changed track points: 0
StFwdTrackMaker:INFO  - Fit status:  1
StFwdTrackMaker:INFO  - -Fit pvalue: 0.748069
StFwdTrackMaker:INFO  - -Fit Chi2:   1.2206
StFwdTrackMaker:INFO  - -Fit Chi2:   1.2206
StFwdTrackMaker:INFO  - Track fit charge: -1Fit momentum: -105959, 152429, 1.68774e+06
StFwdTrackMaker:INFO  - 	Fit Pt: 185640, eta: 2.9035, phi: 2.17825
StFwdTrackMaker:INFO  - Track fit update complete!
StFwdTrackMaker:INFO  - Track Reps: 1
StFwdTrackMaker:INFO  - Track Rep 0 
genfit::AbsTrackRep, pdgCode = -211. PropDir = 0
fitStatus 
 track has been fitted, fit has converged fully, 0 TrackPoints could not be processed, fitted charge = -1, PruneFlags: 
 track has been fitted with reference track, numIterations = 5, track length = 145.165, fChi2 = 1.2206, bChi2 = 1.2206, fNdf = 3, bNdf = 3, fPVal = 0.748069, bPVal = 0.748069

StFwdTrackMaker:INFO  - GenFitTrackResult::mIdTruth = 1, QaTruth = 0.75
StFwdTrackMaker:INFO  - GTR Setting momentum from track
StFwdTrackMaker:INFO  - --isFitConvergedPartially() = 1
StFwdTrackMaker:INFO  - --isFitConverged() = 1
StFwdTrackMaker:INFO  - --isFitConvergedFully() = 1
StFwdTrackMaker:INFO  - SEED momentum:-12673.4, 18231.5, 188348
StFwdTrackMaker:INFO  - 	Initial Beamline fit completed, now refitting with additional hits
StFwdTrackMaker:WARN  - addFttHits: skipping blown-up state pT=185640
StFwdTrackMaker:WARN  - addFttHits: skipping blown-up state pT=185640
StFwdTrackMaker:WARN  - addFttHits: skipping blown-up state pT=185640
StFwdTrackMaker:WARN  - addFttHits: skipping blown-up state pT=185640
StFwdTrackMaker:WARN  - addEpdHits: skipping blown-up state pT=185640
StFwdTrackMaker:INFO  - GenFitTrackResult::mIdTruth = 1, QaTruth = 0.75
The points are collinear, curvature is undefined.
p1 = 0, 0
p2 = -8.8471, 12.7271
p3 = -8.8471, 12.7271
The points are collinear, curvature is undefined.
p1 = -7.13476, 10.2638
p2 = -8.8471, 12.7271
p3 = -8.8471, 12.7271
StFwdTrackMaker:INFO  - GenericFitSeeder::makeSeed::Curvature: -5.43621e-08
StFwdTrackMaker:INFO  - GenericFitSeeder::makeSeed::pt = 27573.5
StFwdTrackMaker:WARN  - Seed momentum is too high, setting to (0,0,1)
StFwdTrackMaker:INFO  - Note: Using externally provided seed momentum
StFwdTrackMaker:INFO  - Track Setup complete, track has 4 points
StFwdTrackMaker:INFO  -  sorting changed track points: 0
StFwdTrackMaker:INFO  - Fit status:  1
StFwdTrackMaker:INFO  - -Fit pvalue: 0.748067
StFwdTrackMaker:INFO  - -Fit Chi2:   1.2206
StFwdTrackMaker:INFO  - -Fit Chi2:   1.2206
StFwdTrackMaker:INFO  - Track fit charge: -1Fit momentum: -113659, 163505, 1.81092e+06
StFwdTrackMaker:INFO  - 	Fit Pt: 199129, eta: 2.9038, phi: 2.17825
StFwdTrackMaker:INFO  - Track fit update complete!
StFwdTrackMaker:INFO  - Track Reps: 1
StFwdTrackMaker:INFO  - Track Rep 0 
genfit::AbsTrackRep, pdgCode = -211. PropDir = 0
fitStatus 
 track has been fitted, fit has converged fully, 0 TrackPoints could not be processed, fitted charge = -1, PruneFlags: 
 track has been fitted with reference track, numIterations = 2, track length = 145.562, fChi2 = 1.2206, bChi2 = 1.2206, fNdf = 3, bNdf = 3, fPVal = 0.748067, bPVal = 0.748067

StFwdTrackMaker:INFO  - GenFitTrackResult::mIdTruth = 1, QaTruth = 0.75
StFwdTrackMaker:INFO  - GTR Setting momentum from track
StFwdTrackMaker:INFO  - --isFitConvergedPartially() = 1
StFwdTrackMaker:INFO  - --isFitConverged() = 1
StFwdTrackMaker:INFO  - --isFitConvergedFully() = 1
StFwdTrackMaker:INFO  - >>doPrimaryTrackFitting( #globals = 1 )
StFwdTrackMaker:INFO  - Refitting Track 0, McId=1 with Primary Vertex, seed already has: 3 hits
StFwdTrackMaker:INFO  - mEventVertexHit: 0, 0, 0
StFwdTrackMaker:INFO  - This fit is for a global that converged? = 1
StFwdTrackMaker:INFO  - GenFitTrackResult::mIdTruth = 1, QaTruth = 0.75
The points are collinear, curvature is undefined.
p1 = 0, 0
p2 = -8.8471, 12.7271
p3 = -8.8471, 12.7271
The points are collinear, curvature is undefined.
p1 = -7.13476, 10.2638
p2 = -8.8471, 12.7271
p3 = -8.8471, 12.7271
StFwdTrackMaker:INFO  - GenericFitSeeder::makeSeed::Curvature: -5.43621e-08
StFwdTrackMaker:INFO  - GenericFitSeeder::makeSeed::pt = 27573.5
StFwdTrackMaker:WARN  - Seed momentum is too high, setting to (0,0,1)
StFwdTrackMaker:INFO  - Note: Using externally provided seed momentum
StFwdTrackMaker:INFO  - Track Setup complete, track has 4 points
StFwdTrackMaker:INFO  -  sorting changed track points: 0
StFwdTrackMaker:INFO  - Fit status:  1
StFwdTrackMaker:INFO  - -Fit pvalue: 0.676951
StFwdTrackMaker:INFO  - -Fit Chi2:   1.52309
StFwdTrackMaker:INFO  - -Fit Chi2:   1.52309
StFwdTrackMaker:INFO  - Track fit charge: -1Fit momentum: -70940.7, 102053, 1.40937e+06
StFwdTrackMaker:INFO  - 	Fit Pt: 124287, eta: 3.12339, phi: 2.17825
StFwdTrackMaker:INFO  - Track fit update complete!
StFwdTrackMaker:INFO  - Track Reps: 1
StFwdTrackMaker:INFO  - Track Rep 0 
genfit::AbsTrackRep, pdgCode = -211. PropDir = 0
fitStatus 
 track has been fitted, fit has converged fully, 0 TrackPoints could not be processed, fitted charge = -1, PruneFlags: 
 track has been fitted with reference track, numIterations = 2, track length = 177.729, fChi2 = 1.52309, bChi2 = 1.52309, fNdf = 3, bNdf = 3, fPVal = 0.676951, bPVal = 0.676951

StFwdTrackMaker:INFO  - GenFitTrackResult::mIdTruth = 1, QaTruth = 0.75
StFwdTrackMaker:INFO  - GTR Setting momentum from track
StFwdTrackMaker:INFO  - --isFitConvergedPartially() = 1
StFwdTrackMaker:INFO  - --isFitConverged() = 1
StFwdTrackMaker:INFO  - --isFitConvergedFully() = 1
StFwdTrackMaker:INFO  - 	Initial fit complete, now refitting with additional points
StFwdTrackMaker:WARN  - addFttHits: skipping blown-up state pT=124287
StFwdTrackMaker:WARN  - addFttHits: skipping blown-up state pT=124287
StFwdTrackMaker:WARN  - addFttHits: skipping blown-up state pT=124287
StFwdTrackMaker:WARN  - addFttHits: skipping blown-up state pT=124287
StFwdTrackMaker:WARN  - addEpdHits: skipping blown-up state pT=124287
StFwdTrackMaker:INFO  - GenFitTrackResult::mIdTruth = 1, QaTruth = 0.75
The points are collinear, curvature is undefined.
p1 = 0, 0
p2 = -8.8471, 12.7271
p3 = -8.8471, 12.7271
The points are collinear, curvature is undefined.
p1 = -7.13476, 10.2638
p2 = -8.8471, 12.7271
p3 = -8.8471, 12.7271
StFwdTrackMaker:INFO  - GenericFitSeeder::makeSeed::Curvature: -5.43621e-08
StFwdTrackMaker:INFO  - GenericFitSeeder::makeSeed::pt = 27573.5
StFwdTrackMaker:WARN  - Seed momentum is too high, setting to (0,0,1)
StFwdTrackMaker:INFO  - Note: Using externally provided seed momentum
StFwdTrackMaker:INFO  - Track Setup complete, track has 4 points
StFwdTrackMaker:INFO  -  sorting changed track points: 0
StFwdTrackMaker:INFO  - Fit status:  1
StFwdTrackMaker:INFO  - -Fit pvalue: 0.676951
StFwdTrackMaker:INFO  - -Fit Chi2:   1.52309
StFwdTrackMaker:INFO  - -Fit Chi2:   1.52309
StFwdTrackMaker:INFO  - Track fit charge: -1Fit momentum: -70940.7, 102053, 1.40937e+06
StFwdTrackMaker:INFO  - 	Fit Pt: 124287, eta: 3.12339, phi: 2.17825
StFwdTrackMaker:INFO  - Track fit update complete!
StFwdTrackMaker:INFO  - Track Reps: 1
StFwdTrackMaker:INFO  - Track Rep 0 
genfit::AbsTrackRep, pdgCode = -211. PropDir = 0
fitStatus 
 track has been fitted, fit has converged fully, 0 TrackPoints could not be processed, fitted charge = -1, PruneFlags: 
 track has been fitted with reference track, numIterations = 1, track length = 177.727, fChi2 = 1.52309, bChi2 = 1.52309, fNdf = 3, bNdf = 3, fPVal = 0.676951, bPVal = 0.676951

StFwdTrackMaker:INFO  - GenFitTrackResult::mIdTruth = 1, QaTruth = 0.75
StFwdTrackMaker:INFO  - GTR Setting momentum from track
StFwdTrackMaker:INFO  - --isFitConvergedPartially() = 1
StFwdTrackMaker:INFO  - --isFitConverged() = 1
StFwdTrackMaker:INFO  - --isFitConvergedFully() = 1
StFwdTrackMaker:INFO  - >>doSecondaryTrackFitting( #globals = 1 )
StFwdTrackMaker:INFO  - FwdVertex: 2, 2.76616, -3.97927, 0.57131
StFwdTrackMaker:INFO  - 	nTracks: 1
StFwdTrackMaker:INFO  - 	Chi2: -1
StFwdTrackMaker:INFO  - 	Ndf: -1
StFwdTrackMaker:ERROR - TDecompChol::Decompose() : matrix not positive definite
StFwdTrackMaker:WARN  - FwdVertex: 2, covariance matrix is not valid
StFwdTrackMaker:INFO  - <<Fwd Tracking Fit :3 GenFit Tracks
StFwdTrackMaker:INFO  - TAttr::Found : fillevent = 1

StFwdTrackMaker:INFO  - Creating the StFwdTrackCollection
StFwdTrackMaker:INFO  - Processing GenfitTrackResult(type=0): 0 mIsFitConverged=1, mIsFitConvergedPartially=1, mNumFitPoints=3
AAA FCS StraightLine: det=0 xyzdet=(-17.399,-5.26,710.16) norm=(-0.0301896,0,0.999544)
AAA projectAsStraightLine: tv3A=(-35.813,51.5191,573.918) tv3B=(-39.1705,56.3492,623.817)
AAA   xyzf=(-17.399,-5.26,710.16) norm=(-0.0301896,0,0.999544)
AAA   tintersection=2.71371 result=(-44.9244,64.6265,709.329)
AAA FCS StraightLine result: tv3=(-44.9244,64.6265,709.329)
AAA FCS StraightLine: det=2 xyzdet=(-21.285,1.8,782.63) norm=(-0.0301896,0,0.999544)
AAA projectAsStraightLine: tv3A=(-35.813,51.5191,573.918) tv3B=(-39.1705,56.3492,623.817)
AAA   xyzf=(-21.285,1.8,782.63) norm=(-0.0301896,0,0.999544)
AAA   tintersection=4.16546 result=(-49.7987,71.6385,781.769)
AAA FCS StraightLine result: tv3=(-49.7987,71.6385,781.769)
StFwdTrackMaker:INFO  - Processing GenfitTrackResult(type=2): 1 mIsFitConverged=1, mIsFitConvergedPartially=1, mNumFitPoints=4
AAA FCS StraightLine: det=0 xyzdet=(-17.399,-5.26,710.16) norm=(-0.0301896,0,0.999544)
AAA projectAsStraightLine: tv3A=(-28.8987,41.5725,574.127) tv3B=(-31.4116,45.1875,624.051)
AAA   xyzf=(-17.399,-5.26,710.16) norm=(-0.0301896,0,0.999544)
AAA   tintersection=2.71371 result=(-35.7181,51.3826,709.607)
AAA FCS StraightLine result: tv3=(-35.7181,51.3826,709.607)
AAA FCS StraightLine: det=2 xyzdet=(-21.285,1.8,782.63) norm=(-0.0301896,0,0.999544)
AAA projectAsStraightLine: tv3A=(-28.8987,41.5725,574.127) tv3B=(-31.4116,45.1875,624.051)
AAA   xyzf=(-21.285,1.8,782.63) norm=(-0.0301896,0,0.999544)
AAA   tintersection=4.16546 result=(-39.3662,56.6307,782.084)
AAA FCS StraightLine result: tv3=(-39.3662,56.6307,782.084)
StFwdTrackMaker:INFO  - Processing GenfitTrackResult(type=1): 2 mIsFitConverged=1, mIsFitConvergedPartially=1, mNumFitPoints=4
AAA FCS StraightLine: det=0 xyzdet=(-17.399,-5.26,710.16) norm=(-0.0301896,0,0.999544)
AAA projectAsStraightLine: tv3A=(-33.9691,48.8666,573.974) tv3B=(-37.1013,53.3724,623.879)
AAA   xyzf=(-17.399,-5.26,710.16) norm=(-0.0301896,0,0.999544)
AAA   tintersection=2.71371 result=(-42.469,61.0942,709.403)
AAA FCS StraightLine result: tv3=(-42.469,61.0942,709.403)
AAA FCS StraightLine: det=2 xyzdet=(-21.285,1.8,782.63) norm=(-0.0301896,0,0.999544)
AAA projectAsStraightLine: tv3A=(-33.9691,48.8666,573.974) tv3B=(-37.1013,53.3724,623.879)
AAA   xyzf=(-21.285,1.8,782.63) norm=(-0.0301896,0,0.999544)
AAA   tintersection=4.16546 result=(-47.0162,67.6356,781.853)
AAA FCS StraightLine result: tv3=(-47.0162,67.6356,781.853)
StFwdTrackMaker:INFO  - StFwdTrackCollection has 3 tracks now
StFwdTrackMaker:INFO  - StFwdTrackCollection has 3 tracks now
StFwdTrackMaker:INFO  - *** StFwdTrackMaker::Make() == StOK(0) ***
StFcsTrackMatchMaker:INFO  - *** StFcsTrackMatchMaker::Make() == StOK(0) ***
StStrangeMuDstMaker:INFO  - StV0Controller: found 0 V0 candidates
StStrangeMuDstMaker:INFO  - StXiController: found 0 Xi candidates
StStrangeMuDstMaker:INFO  - StKinkController: found 0 Kink candidates
StStrangeMuDstMaker:INFO  - *** StStrangeMuDstMaker::Make() == StOK(0) ***
StMuDstMaker:INFO  - fillMuFtt
StMuDstMaker:INFO  - fillMuFttRawHits
StMuDstMaker:INFO  - fillMuFttPoints
StMuDstMaker:INFO  - fillMuFttClusters
StMuDstMaker:INFO  - StMuDstMaker::fillFwdTrack(StEvent* ev)
StMuDstMaker:INFO  - StMuDSTMaker filling StMuFwdTrackCollection from StEvent
StMuDstMaker:INFO  - Adding 3 StMuFwdTracks to MuDSt
StMuDstMaker:INFO  - *** StMuDstMaker::Make() == StOK(0) ***
StTreeMaker:INFO  - *** StTreeMaker::Make() == StOK(0) ***
StPicoDstMaker:WARN  - No trigger data bank available!
StPicoDstMaker:INFO  - StPicoDstMaker::fillFcsHits filled 24
StPicoDstMaker:INFO  - StPicoDstMaker::fillFcsClusters filled 2
StPicoDstMaker:INFO  - *** StPicoDstMaker::Make() == StOK(0) ***
<---------- END EVENT
--------->START EVENT: 2
MEM before Chain::Clear + Make	 total =793.699219 heap =208.508148 and   0.176422(+150.413528)
St_geant_Maker:INFO  - *** St_geant_Maker::Make() == StOK(0) ***
St_db_Maker:INFO  - *** St_db_Maker::Make() == StOK(0) ***
StMagFMaker:INFO  - *** StMagFMaker::Make() == StOK(0) ***
StDetectorDbMaker:INFO  - *** StDetectorDbMaker::Make() == StOK(0) ***
StTpcDbMaker:INFO  - *** StTpcDbMaker::Make() == StOK(0) ***
StFcsDbMaker:INFO  - *** StFcsDbMaker::Make() == StOK(0) ***
StEventMaker:INFO  - get trigDetSums from Calibrations/rich/trigDetSums
StEventMaker:WARN  - StEventMaker: No StDAQReader found
StEventMaker:INFO  - *** StEventMaker::Make() == StOK(0) ***
StMcEventMaker:INFO  - StMcEventMaker:   g2t_tpc_hit Table Not found 
StMcEventMaker:INFO  - StMcEventMaker:   particle    Table Not found 
StMcEventMaker:INFO  - *** StMcEventMaker::Make() == StOK(0) ***
StFcsFastSimulatorMaker:DEBUG - StFcsFastSimulatorMaker::Make
StFcsFastSimulatorMaker:DEBUG - Creating StFcsCollection
StFcsFastSimulatorMaker:INFO  - TAttr::Found : fcsleakyhcal = 0

StFcsFastSimulatorMaker:INFO  - TAttr::Found : fcshcalzdepeff = 0

StFcsFastSimulatorMaker:INFO  - g2t_wca_hit table has 57 hit
StFcsFastSimulatorMaker:INFO  - ECAL det=0 id=551 volid=1552 e=0.001074
StFcsFastSimulatorMaker:INFO  - ECAL det=0 id=552 volid=1553 e=0.000261
StFcsFastSimulatorMaker:INFO  - ECAL det=0 id=572 volid=1573 e=0.000906
StFcsFastSimulatorMaker:INFO  - ECAL det=0 id=572 volid=1573 e=0.002550
StFcsFastSimulatorMaker:INFO  - ECAL det=0 id=573 volid=1574 e=0.003398
StFcsFastSimulatorMaker:INFO  - ECAL det=0 id=573 volid=1574 e=0.001111
StFcsFastSimulatorMaker:INFO  - ECAL det=0 id=575 volid=1576 e=0.000291
StFcsFastSimulatorMaker:INFO  - ECAL det=0 id=575 volid=1576 e=0.003182
StFcsFastSimulatorMaker:INFO  - ECAL det=0 id=576 volid=1577 e=0.000663
StFcsFastSimulatorMaker:INFO  - ECAL det=0 id=576 volid=1577 e=0.000668
StFcsFastSimulatorMaker:INFO  - ECAL det=0 id=594 volid=1595 e=0.004472
StFcsFastSimulatorMaker:INFO  - ECAL det=0 id=594 volid=1595 e=0.012017
StFcsFastSimulatorMaker:INFO  - ECAL det=0 id=595 volid=1596 e=0.004371
StFcsFastSimulatorMaker:INFO  - ECAL det=0 id=595 volid=1596 e=0.004405
StFcsFastSimulatorMaker:INFO  - ECAL det=0 id=595 volid=1596 e=0.047954
StFcsFastSimulatorMaker:INFO  - ECAL det=0 id=596 volid=1597 e=0.001352
StFcsFastSimulatorMaker:INFO  - ECAL det=0 id=596 volid=1597 e=0.014366
StFcsFastSimulatorMaker:INFO  - ECAL det=0 id=596 volid=1597 e=0.006445
StFcsFastSimulatorMaker:INFO  - ECAL det=0 id=597 volid=1598 e=0.018596
StFcsFastSimulatorMaker:INFO  - ECAL det=0 id=597 volid=1598 e=0.000814
StFcsFastSimulatorMaker:INFO  - ECAL det=0 id=598 volid=1599 e=0.002850
StFcsFastSimulatorMaker:INFO  - ECAL det=0 id=616 volid=1617 e=0.035710
StFcsFastSimulatorMaker:INFO  - ECAL det=0 id=616 volid=1617 e=0.028329
StFcsFastSimulatorMaker:INFO  - ECAL det=0 id=617 volid=1618 e=0.917851
StFcsFastSimulatorMaker:INFO  - ECAL det=0 id=617 volid=1618 e=0.032622
StFcsFastSimulatorMaker:INFO  - ECAL det=0 id=617 volid=1618 e=0.002145
StFcsFastSimulatorMaker:INFO  - ECAL det=0 id=617 volid=1618 e=0.670339
StFcsFastSimulatorMaker:INFO  - ECAL det=0 id=618 volid=1619 e=0.022539
StFcsFastSimulatorMaker:INFO  - ECAL det=0 id=618 volid=1619 e=0.871704
StFcsFastSimulatorMaker:INFO  - ECAL det=0 id=618 volid=1619 e=0.015475
StFcsFastSimulatorMaker:INFO  - ECAL det=0 id=618 volid=1619 e=0.025098
StFcsFastSimulatorMaker:INFO  - ECAL det=0 id=619 volid=1620 e=0.000817
StFcsFastSimulatorMaker:INFO  - ECAL det=0 id=619 volid=1620 e=0.009833
StFcsFastSimulatorMaker:INFO  - ECAL det=0 id=638 volid=1639 e=0.009453
StFcsFastSimulatorMaker:INFO  - ECAL det=0 id=638 volid=1639 e=0.000187
StFcsFastSimulatorMaker:INFO  - ECAL det=0 id=638 volid=1639 e=0.014272
StFcsFastSimulatorMaker:INFO  - ECAL det=0 id=639 volid=1640 e=0.043621
StFcsFastSimulatorMaker:INFO  - ECAL det=0 id=639 volid=1640 e=0.004542
StFcsFastSimulatorMaker:INFO  - ECAL det=0 id=639 volid=1640 e=0.004052
StFcsFastSimulatorMaker:INFO  - ECAL det=0 id=640 volid=1641 e=0.005938
StFcsFastSimulatorMaker:INFO  - ECAL det=0 id=640 volid=1641 e=0.062231
StFcsFastSimulatorMaker:INFO  - ECAL det=0 id=640 volid=1641 e=0.012091
StFcsFastSimulatorMaker:INFO  - ECAL det=0 id=641 volid=1642 e=0.005103
StFcsFastSimulatorMaker:INFO  - ECAL det=0 id=641 volid=1642 e=0.004019
StFcsFastSimulatorMaker:INFO  - ECAL det=0 id=644 volid=1645 e=0.000197
StFcsFastSimulatorMaker:INFO  - ECAL det=0 id=660 volid=1661 e=0.000149
StFcsFastSimulatorMaker:INFO  - ECAL det=0 id=661 volid=1662 e=0.000553
StFcsFastSimulatorMaker:INFO  - ECAL det=0 id=661 volid=1662 e=0.003770
StFcsFastSimulatorMaker:INFO  - ECAL det=0 id=662 volid=1663 e=0.000123
StFcsFastSimulatorMaker:INFO  - ECAL det=0 id=662 volid=1663 e=0.001471
StFcsFastSimulatorMaker:INFO  - ECAL det=0 id=686 volid=1687 e=0.001572
StFcsFastSimulatorMaker:INFO  - ECAL det=0 id=707 volid=1708 e=0.000647
StFcsFastSimulatorMaker:INFO  - ECAL det=1 id=418 volid=2419 e=0.000672
StFcsFastSimulatorMaker:INFO  - ECAL det=1 id=506 volid=2507 e=0.000430
StFcsFastSimulatorMaker:INFO  - ECAL det=1 id=506 volid=2507 e=0.001407
StFcsFastSimulatorMaker:INFO  - ECAL det=1 id=550 volid=2551 e=0.000014
StFcsFastSimulatorMaker:INFO  - ECAL det=1 id=616 volid=2617 e=0.000610
StFcsFastSimulatorMaker:INFO  - g2t_hca_hit table has 10 hit
StFcsFastSimulatorMaker:INFO  - HCAL det=2 id=182 volid= 1183 e=0.000662
StFcsFastSimulatorMaker:INFO  - HCAL det=2 id=195 volid= 1196 e=0.000033
StFcsFastSimulatorMaker:INFO  - HCAL det=2 id=208 volid= 1209 e=0.000027
StFcsFastSimulatorMaker:INFO  - HCAL det=2 id=209 volid= 1210 e=0.000679
StFcsFastSimulatorMaker:INFO  - HCAL det=2 id=221 volid= 1222 e=0.002519
StFcsFastSimulatorMaker:INFO  - HCAL det=2 id=223 volid= 1224 e=0.000009
StFcsFastSimulatorMaker:INFO  - HCAL det=2 id=234 volid= 1235 e=0.000645
StFcsFastSimulatorMaker:INFO  - HCAL det=2 id=235 volid= 1236 e=0.001254
StFcsFastSimulatorMaker:INFO  - HCAL det=2 id=247 volid= 1248 e=0.000862
StFcsFastSimulatorMaker:INFO  - HCAL det=3 id=209 volid= 2210 e=0.000196
StFcsFastSimulatorMaker:INFO  - g2t_epd_hit table has 5 hit
StFcsFastSimulatorMaker:INFO  - Pres det=4 id=166 volid=206120 e=  1.736311
StFcsFastSimulatorMaker:INFO  - Pres det=4 id=166 volid=206120 e=  3.651716
StFcsFastSimulatorMaker:INFO  - Pres det=4 id=166 volid=206120 e=  2.348842
StFcsFastSimulatorMaker:INFO  - Pres det=4 id=166 volid=206120 e=  1.461338
StFcsFastSimulatorMaker:INFO  - Pres det=4 id=166 volid=206120 e=  1.546461
StFcsFastSimulatorMaker:INFO  - Det=0 id=551 dE=   0.001 SF= 0.200 gain= 0.005 corr= 1.000 ADC=   1 ZS= 1 digiE=   0.005
StFcsFastSimulatorMaker:INFO  - Det=0 id=552 dE=   0.000 SF= 0.200 gain= 0.005 corr= 1.000 ADC=   0 ZS= 1 digiE=   0.000
StFcsFastSimulatorMaker:INFO  - Det=0 id=572 dE=   0.003 SF= 0.200 gain= 0.005 corr= 1.000 ADC=   3 ZS= 1 digiE=   0.016
StFcsFastSimulatorMaker:INFO  - Det=0 id=573 dE=   0.005 SF= 0.200 gain= 0.005 corr= 1.000 ADC=   4 ZS= 1 digiE=   0.021
StFcsFastSimulatorMaker:INFO  - Det=0 id=575 dE=   0.003 SF= 0.200 gain= 0.005 corr= 1.000 ADC=   3 ZS= 1 digiE=   0.016
StFcsFastSimulatorMaker:INFO  - Det=0 id=576 dE=   0.001 SF= 0.200 gain= 0.005 corr= 1.000 ADC=   1 ZS= 1 digiE=   0.005
StFcsFastSimulatorMaker:INFO  - Det=0 id=594 dE=   0.016 SF= 0.200 gain= 0.005 corr= 1.000 ADC=  15 ZS= 1 digiE=   0.079
StFcsFastSimulatorMaker:INFO  - Det=0 id=595 dE=   0.057 SF= 0.200 gain= 0.005 corr= 1.000 ADC=  53 ZS= 1 digiE=   0.281
StFcsFastSimulatorMaker:INFO  - Det=0 id=596 dE=   0.022 SF= 0.200 gain= 0.005 corr= 1.000 ADC=  20 ZS= 1 digiE=   0.106
StFcsFastSimulatorMaker:INFO  - Det=0 id=597 dE=   0.019 SF= 0.200 gain= 0.005 corr= 1.000 ADC=  18 ZS= 1 digiE=   0.095
StFcsFastSimulatorMaker:INFO  - Det=0 id=598 dE=   0.003 SF= 0.200 gain= 0.005 corr= 1.000 ADC=   2 ZS= 1 digiE=   0.011
StFcsFastSimulatorMaker:INFO  - Det=0 id=616 dE=   0.064 SF= 0.200 gain= 0.005 corr= 1.000 ADC=  60 ZS= 1 digiE=   0.318
StFcsFastSimulatorMaker:INFO  - Det=0 id=617 dE=   1.623 SF= 0.200 gain= 0.005 corr= 1.000 ADC=1531 ZS= 1 digiE=   8.114
StFcsFastSimulatorMaker:INFO  - Det=0 id=618 dE=   0.935 SF= 0.200 gain= 0.005 corr= 1.000 ADC= 881 ZS= 1 digiE=   4.669
StFcsFastSimulatorMaker:INFO  - Det=0 id=619 dE=   0.011 SF= 0.200 gain= 0.005 corr= 1.000 ADC=  10 ZS= 1 digiE=   0.053
StFcsFastSimulatorMaker:INFO  - Det=0 id=638 dE=   0.024 SF= 0.200 gain= 0.005 corr= 1.000 ADC=  22 ZS= 1 digiE=   0.117
StFcsFastSimulatorMaker:INFO  - Det=0 id=639 dE=   0.052 SF= 0.200 gain= 0.005 corr= 1.000 ADC=  49 ZS= 1 digiE=   0.260
StFcsFastSimulatorMaker:INFO  - Det=0 id=640 dE=   0.080 SF= 0.200 gain= 0.005 corr= 1.000 ADC=  75 ZS= 1 digiE=   0.397
StFcsFastSimulatorMaker:INFO  - Det=0 id=641 dE=   0.009 SF= 0.200 gain= 0.005 corr= 1.000 ADC=   8 ZS= 1 digiE=   0.042
StFcsFastSimulatorMaker:INFO  - Det=0 id=644 dE=   0.000 SF= 0.200 gain= 0.005 corr= 1.000 ADC=   0 ZS= 1 digiE=   0.000
StFcsFastSimulatorMaker:INFO  - Det=0 id=660 dE=   0.000 SF= 0.200 gain= 0.005 corr= 1.000 ADC=   0 ZS= 1 digiE=   0.000
StFcsFastSimulatorMaker:INFO  - Det=0 id=661 dE=   0.004 SF= 0.200 gain= 0.005 corr= 1.000 ADC=   4 ZS= 1 digiE=   0.021
StFcsFastSimulatorMaker:INFO  - Det=0 id=662 dE=   0.002 SF= 0.200 gain= 0.005 corr= 1.000 ADC=   1 ZS= 1 digiE=   0.005
StFcsFastSimulatorMaker:INFO  - Det=0 id=686 dE=   0.002 SF= 0.200 gain= 0.005 corr= 1.000 ADC=   1 ZS= 1 digiE=   0.005
StFcsFastSimulatorMaker:INFO  - Det=0 id=707 dE=   0.001 SF= 0.200 gain= 0.005 corr= 1.000 ADC=   0 ZS= 1 digiE=   0.000
StFcsFastSimulatorMaker:INFO  - Det=1 id=418 dE=   0.001 SF= 0.200 gain= 0.005 corr= 1.000 ADC=   0 ZS= 1 digiE=   0.000
StFcsFastSimulatorMaker:INFO  - Det=1 id=506 dE=   0.002 SF= 0.200 gain= 0.005 corr= 1.000 ADC=   1 ZS= 1 digiE=   0.005
StFcsFastSimulatorMaker:INFO  - Det=1 id=550 dE=   0.000 SF= 0.200 gain= 0.005 corr= 1.000 ADC=   0 ZS= 1 digiE=   0.000
StFcsFastSimulatorMaker:INFO  - Det=1 id=616 dE=   0.001 SF= 0.200 gain= 0.005 corr= 1.000 ADC=   0 ZS= 1 digiE=   0.000
StFcsFastSimulatorMaker:INFO  - Det=2 id=182 dE=   0.001 SF= 0.014 gain= 0.005 corr= 1.000 ADC=   8 ZS= 1 digiE=   0.042
StFcsFastSimulatorMaker:INFO  - Det=2 id=195 dE=   0.000 SF= 0.014 gain= 0.005 corr= 1.000 ADC=   0 ZS= 1 digiE=   0.000
StFcsFastSimulatorMaker:INFO  - Det=2 id=208 dE=   0.000 SF= 0.014 gain= 0.005 corr= 1.000 ADC=   0 ZS= 1 digiE=   0.000
StFcsFastSimulatorMaker:INFO  - Det=2 id=209 dE=   0.001 SF= 0.014 gain= 0.005 corr= 1.000 ADC=   8 ZS= 1 digiE=   0.042
StFcsFastSimulatorMaker:INFO  - Det=2 id=221 dE=   0.003 SF= 0.014 gain= 0.005 corr= 1.000 ADC=  32 ZS= 1 digiE=   0.170
StFcsFastSimulatorMaker:INFO  - Det=2 id=223 dE=   0.000 SF= 0.014 gain= 0.005 corr= 1.000 ADC=   0 ZS= 1 digiE=   0.000
StFcsFastSimulatorMaker:INFO  - Det=2 id=234 dE=   0.001 SF= 0.014 gain= 0.005 corr= 1.000 ADC=   8 ZS= 1 digiE=   0.042
StFcsFastSimulatorMaker:INFO  - Det=2 id=235 dE=   0.001 SF= 0.014 gain= 0.005 corr= 1.000 ADC=  16 ZS= 1 digiE=   0.085
StFcsFastSimulatorMaker:INFO  - Det=2 id=247 dE=   0.001 SF= 0.014 gain= 0.005 corr= 1.000 ADC=  11 ZS= 1 digiE=   0.058
StFcsFastSimulatorMaker:INFO  - Det=3 id=209 dE=   0.000 SF= 0.014 gain= 0.005 corr= 1.000 ADC=   2 ZS= 1 digiE=   0.011
StFcsFastSimulatorMaker:INFO  - Det=4 id=166 dE=  10.745 SF= 2.000 gain= 0.010 corr= 0.500 ADC=1074 ZS= 1 digiE=   5.370
StFcsFastSimulatorMaker:INFO  - wca Found 57 g2t hits in 17 cells, created 17 hits with ADC>ZS(1) and Etot=  14.617
StFcsFastSimulatorMaker:INFO  - hca Found 10 g2t hits in 7 cells, created 7 hits with ADC>ZS(1) and Etot=   0.450
StFcsFastSimulatorMaker:INFO  - pre Found 5 g2t hits in 1 cells, created 1 hits with ADC>ZS(1) and Etot=   5.370
StFcsFastSimulatorMaker:INFO  - *** StFcsFastSimulatorMaker::Make() == StOK(0) ***
StFcsWaveformFitMaker:INFO  - *** StFcsWaveformFitMaker::Make() == StOK(0) ***
StFcsClusterMaker:DEBUG - StFcsClusterMaker Make!!!
  *** Print FCS collection ***  RecFlag=0
  *** FCS Det=0 *** NHit= 17 NCluster=  1 NPoint=  0
StFcsHit: det= 0 id=617 | ns=0 ehp=0 dep=15 ch=12 | Ntb=  1 Sum=     0 Fit=  0.00   0.00 E=  8.11 | 1531 (  0) 
StFcsHit: det= 0 id=618 | ns=0 ehp=0 dep=15 ch=13 | Ntb=  1 Sum=     0 Fit=  0.00   0.00 E=  4.67 |  881 (  0) 
StFcsHit: det= 0 id=640 | ns=0 ehp=0 dep=15 ch=17 | Ntb=  1 Sum=     0 Fit=  0.00   0.00 E=  0.40 |   75 (  0) 
StFcsHit: det= 0 id=616 | ns=0 ehp=0 dep=22 ch=27 | Ntb=  1 Sum=     0 Fit=  0.00   0.00 E=  0.32 |   60 (  0) 
StFcsHit: det= 0 id=595 | ns=0 ehp=0 dep=15 ch= 8 | Ntb=  1 Sum=     0 Fit=  0.00   0.00 E=  0.28 |   53 (  0) 
StFcsHit: det= 0 id=639 | ns=0 ehp=0 dep=15 ch=16 | Ntb=  1 Sum=     0 Fit=  0.00   0.00 E=  0.26 |   49 (  0) 
StFcsHit: det= 0 id=638 | ns=0 ehp=0 dep=22 ch=28 | Ntb=  1 Sum=     0 Fit=  0.00   0.00 E=  0.12 |   22 (  0) 
StFcsHit: det= 0 id=596 | ns=0 ehp=0 dep=15 ch= 9 | Ntb=  1 Sum=     0 Fit=  0.00   0.00 E=  0.11 |   20 (  0) 
StFcsHit: det= 0 id=597 | ns=0 ehp=0 dep=15 ch=10 | Ntb=  1 Sum=     0 Fit=  0.00   0.00 E=  0.10 |   18 (  0) 
StFcsHit: det= 0 id=594 | ns=0 ehp=0 dep=22 ch=26 | Ntb=  1 Sum=     0 Fit=  0.00   0.00 E=  0.08 |   15 (  0) 
StFcsHit: det= 0 id=619 | ns=0 ehp=0 dep=15 ch=14 | Ntb=  1 Sum=     0 Fit=  0.00   0.00 E=  0.05 |   10 (  0) 
StFcsHit: det= 0 id=641 | ns=0 ehp=0 dep=15 ch=18 | Ntb=  1 Sum=     0 Fit=  0.00   0.00 E=  0.04 |    8 (  0) 
StFcsHit: det= 0 id=661 | ns=0 ehp=0 dep=15 ch=20 | Ntb=  1 Sum=     0 Fit=  0.00   0.00 E=  0.02 |    4 (  0) 
StFcsHit: det= 0 id=573 | ns=0 ehp=0 dep=15 ch= 4 | Ntb=  1 Sum=     0 Fit=  0.00   0.00 E=  0.02 |    4 (  0) 
StFcsHit: det= 0 id=575 | ns=0 ehp=0 dep=15 ch= 6 | Ntb=  1 Sum=     0 Fit=  0.00   0.00 E=  0.02 |    3 (  0) 
StFcsHit: det= 0 id=572 | ns=0 ehp=0 dep=22 ch=25 | Ntb=  1 Sum=     0 Fit=  0.00   0.00 E=  0.02 |    3 (  0) 
StFcsHit: det= 0 id=598 | ns=0 ehp=0 dep=15 ch=11 | Ntb=  1 Sum=     0 Fit=  0.00   0.00 E=  0.01 |    2 (  0) 
StFcsCluster id=   0 ctg=1 n=17 nNeigh=0 nPoints=0 loc=   1.88   28.55 PXYZE=  -0.57   -1.40   14.54   14.62 E=  14.62 sigMin/max=   0.35    0.57 Chi2=   0.00    0.00
  *** FCS Det=1 *** NHit=  0 NCluster=  0 NPoint=  0
  *** FCS Det=2 *** NHit=  6 NCluster=  1 NPoint=  0
StFcsHit: det= 2 id=221 | ns=0 ehp=1 dep= 3 ch=28 | Ntb=  1 Sum=     0 Fit=  0.00   0.00 E=  0.17 |   32 (  0) 
StFcsHit: det= 2 id=235 | ns=0 ehp=1 dep= 7 ch= 1 | Ntb=  1 Sum=     0 Fit=  0.00   0.00 E=  0.08 |   16 (  0) 
StFcsHit: det= 2 id=247 | ns=0 ehp=1 dep= 7 ch= 4 | Ntb=  1 Sum=     0 Fit=  0.00   0.00 E=  0.06 |   11 (  0) 
StFcsHit: det= 2 id=182 | ns=0 ehp=1 dep= 3 ch=16 | Ntb=  1 Sum=     0 Fit=  0.00   0.00 E=  0.04 |    8 (  0) 
StFcsHit: det= 2 id=209 | ns=0 ehp=1 dep= 3 ch=25 | Ntb=  1 Sum=     0 Fit=  0.00   0.00 E=  0.04 |    8 (  0) 
StFcsHit: det= 2 id=234 | ns=0 ehp=1 dep= 7 ch= 0 | Ntb=  1 Sum=     0 Fit=  0.00   0.00 E=  0.04 |    8 (  0) 
StFcsCluster id=   0 ctg=1 n= 5 nNeigh=0 nPoints=0 loc=   0.50   17.50 PXYZE=  -0.01   -0.04    0.40    0.40 E=   0.40 sigMin/max=   0.00    0.00 Chi2=   0.00    0.00
  *** FCS Det=3 *** NHit=  1 NCluster=  0 NPoint=  0
StFcsHit: det= 3 id=209 | ns=1 ehp=1 dep= 3 ch=25 | Ntb=  1 Sum=     0 Fit=  0.00   0.00 E=  0.01 |    2 (  0) 
  *** FCS Det=4 *** NHit=  1 NCluster=  0 NPoint=  0
StFcsHit: det= 4 id=166 | ns=0 ehp=2 dep= 5 ch= 6 | Ntb=  1 Sum=     0 Fit=  0.00   0.00 E=  5.37 | 1074 (  0) 
  *** FCS Det=5 *** NHit=  0 NCluster=  0 NPoint=  0
  *** FCS Det=6 *** NHit=  0 NCluster=  1 NPoint=  0
StFcsClusterMaker:INFO  - *** StFcsClusterMaker::Make() == StOK(0) ***
StFttClusterPointMaker:INFO  - Creating FttCollection
StFttClusterPointMaker:INFO  - Making Geant points
StFttClusterPointMaker:INFO  - *** StFttClusterPointMaker::Make() == StOK(0) ***
StFwdTrackMaker:INFO  - Setting Event Vertex from geant/g2t_vertex[0]: 0xb3b9d70
StFwdTrackMaker:INFO  - TAttr::Found : useftt = 1

StFwdTrackMaker:INFO  - TAttr::Found : usefst = 1

StFwdTrackMaker:INFO  - TAttr::Found : useepd = 1

StFwdTrackMaker:INFO  - There are: 2 with 0 FST, 0 with 1 FST, 0 with 2 FST, 3 with 3 FST
StFwdTrackMaker:INFO  - There are: 2 with 0 FTT, 0 with 1 FTT, 0 with 2 FTT, 0 with 3 FTT, 0 with 4 FTT, 0 with 5 FTT, 0 with 6 FTT, 0 with 7 FTT, 3 with 8 FTT
StFwdTrackMaker:INFO  - There are 3 McTracks with > 2 FST hits (#of possible seeds)
StFwdTrackMaker:INFO  - 	Finding FWD Track Seeds
StFwdTrackMaker:INFO  - Hitmap Source: fst
StFwdTrackMaker:INFO  - Performing Fwd Seed finding with mode: fst = 
StFwdTrackMaker:INFO  - Found 3 seeds in 1 iterations
StFwdTrackMaker:INFO  - Total Hits removed: 0
StFwdTrackMaker:INFO  - Seed [0] with 3 hits : id=6@2id=3@1id=0@0
StFwdTrackMaker:INFO  - Seed [1] with 3 hits : id=7@2id=4@1id=1@0
StFwdTrackMaker:INFO  - Seed [2] with 3 hits : id=8@2id=5@1id=2@0
StFwdTrackMaker:INFO  - <<Fwd Tracking Found : 3 Track Seeds from 3 FST hits and 4 sTGC hits
StFwdTrackMaker:INFO  -     (vs. 3 McTracks with FST>2, eff = 1)
StFwdTrackMaker:INFO  - 	Fitting FWD Track Seeds
StFwdTrackMaker:INFO  - TrackFitter:refit = 1
StFwdTrackMaker:INFO  - Starting Track fitting loop with 3 track seeds
StFwdTrackMaker:INFO  - TrackFitter:refit = 1
StFwdTrackMaker:INFO  - 		Mc Match idTruth=1, quality = 1
StFwdTrackMaker:INFO  - GenFitTrackResult::mIdTruth = 1, QaTruth = 1
StFwdTrackMaker:INFO  - GenericFitSeeder::makeSeed::Curvature: 0.666488
StFwdTrackMaker:INFO  - GenericFitSeeder::makeSeed::pt = 0.00224903
StFwdTrackMaker:INFO  - Track Setup complete, track has 3 points
StFwdTrackMaker:INFO  -  sorting changed track points: 0
StFwdTrackMaker:INFO  - Fit status:  1
StFwdTrackMaker:INFO  - -Fit pvalue: 0.121638
StFwdTrackMaker:INFO  - -Fit Chi2:   2.3961
StFwdTrackMaker:INFO  - -Fit Chi2:   2.3961
StFwdTrackMaker:INFO  - Track fit charge: 1Fit momentum: -0.0177043, -0.0529695, 0.548322
StFwdTrackMaker:INFO  - 	Fit Pt: 0.0558499, eta: 2.97993, phi: -1.89336
StFwdTrackMaker:INFO  - Track fit update complete!
StFwdTrackMaker:INFO  - Track Reps: 1
StFwdTrackMaker:INFO  - Track Rep 0 
genfit::AbsTrackRep, pdgCode = 211. PropDir = 0
fitStatus 
 track has been fitted, fit has converged fully, 0 TrackPoints could not be processed, fitted charge = 1, PruneFlags: 
 track has been fitted with reference track, numIterations = 4, track length = 28.5731, fChi2 = 2.3961, bChi2 = 2.3961, fNdf = 1, bNdf = 1, fPVal = 0.121638, bPVal = 0.121638

StFwdTrackMaker:INFO  - GenFitTrackResult::mIdTruth = 1, QaTruth = 1
StFwdTrackMaker:INFO  - GTR Setting momentum from track
StFwdTrackMaker:INFO  - --isFitConvergedPartially() = 1
StFwdTrackMaker:INFO  - --isFitConverged() = 1
StFwdTrackMaker:INFO  - --isFitConvergedFully() = 1
StFwdTrackMaker:INFO  - Looking for FTT strips near projected state on disk 0
StFwdTrackMaker:INFO  - There are 6 available FTT strips on this disk
AAA FTT proj z= 312.84  x=-14.001 y=-28.069  r= 31.367 phi=-2.0335  sigU= 1.751 sigV= 0.027
AAA FTT momentum at proj: pT= 0.055 eta= 2.998 phi=-2.2404  px= -0.034 py= -0.043 pz=  0.548
AAA FTT search thresholds: dPhi<0.1200 dR<30.00 dx<7.50 dy<7.50  nHits=6
findFttHitsNearProjectedState, msp = (-14.001447, -28.068837)
AAA FTT hit H pos=( -8.038+/-4.33, -29.507+/-0.01)  dx= 5.964 dy= 1.439 dR= 0.785 dPhi=0.1968 (tid=1)  dPhi:FAIL dR:OK XY:OK
	 vs. hit@(-10.667669+/-4.330127, -29.139639+/-0.010000) => dx=3.333778, dy=1.070802, dR=0.336267, dPhi=0.111773 (tid=2), strip=horizontal
AAA FTT hit H pos=(-10.668+/-4.33, -29.140+/-0.01)  dx= 3.334 dy= 1.071 dR= 0.336 dPhi=0.1118 (tid=2)  dPhi:OK dR:OK XY:OK
	 vs. hit@(-17.051289+/-4.330127, -29.472696+/-0.010000) => dx=3.049842, dy=1.403859, dR=2.682579, dPhi=0.061787 (tid=3), strip=horizontal
AAA FTT hit H pos=(-17.051+/-4.33, -29.473+/-0.01)  dx= 3.050 dy= 1.404 dR= 2.683 dPhi=0.0618 (tid=3)  dPhi:OK dR:OK XY:OK
AAA FTT hit V pos=(-11.261+/-0.01, -35.226+/-4.33)  dx= 2.741 dy= 7.157 dR= 5.615 dPhi=0.1533 (tid=1)  dPhi:FAIL dR:OK XY:OK
	 vs. hit@(-13.726418+/-0.010000, -35.546883+/-4.330127) => dx=0.275029, dy=7.478046, dR=6.737875, dPhi=0.094198 (tid=2), strip=vertical
AAA FTT hit V pos=(-13.726+/-0.01, -35.547+/-4.33)  dx= 0.275 dy= 7.478 dR= 6.738 dPhi=0.0942 (tid=2)  dPhi:OK dR:OK XY:OK
AAA FTT hit V pos=(-11.508+/-0.01, -33.711+/-4.33)  dx= 2.493 dy= 5.642 dR= 4.254 dPhi=0.1337 (tid=3)  dPhi:FAIL dR:OK XY:OK
StFwdTrackMaker:INFO  - Adding horizontal strip hit with dPhi = 0.111773, dR = 0.336267, dx = 3.33378, dy = 1.0708
StFwdTrackMaker:INFO  - Adding vertical strip hit with dPhi = 0.0941977, dR = 6.73788, dx = 0.275029, dy = 7.47805
StFwdTrackMaker:INFO  - Closest horizontal FTT strip to FST state: dR=0.336267, dPhi=0.111773, dx=3.333778, dy=1.070802 (tid=2) 
AAA FTT closest-H dPhi=0.1118(<0.1200) dR= 0.336(< 30.0) dx= 3.334 dy= 1.071(< 7.50) tid=2 -> ACCEPT
StFwdTrackMaker:INFO  - Closest vertical FTT strip to FST state: dR=6.737875, dPhi=0.094198, dx=0.275029, dy=7.478046 (tid=2) 
AAA FTT closest-V dPhi=0.0942(<0.1200) dR= 6.738(< 30.0) dx= 0.275 dy= 7.478(< 7.50) tid=2 -> ACCEPT
AAA FTT result: 2 hits added (H:ACCEPT V:ACCEPT)
StFwdTrackMaker:INFO  -  Found #FTT strips on plane #0 = [2]
StFwdTrackMaker:INFO  - Found 3 existing seed points
StFwdTrackMaker:INFO  - Adding 2 new FTT seed points
StFwdTrackMaker:INFO  - Looking for FTT strips near projected state on disk 1
StFwdTrackMaker:INFO  - There are 6 available FTT strips on this disk
AAA FTT proj z= 330.84  x=-15.093 y=-29.487  r= 33.125 phi=-2.0439  sigU= 1.751 sigV= 0.027
AAA FTT momentum at proj: pT= 0.054 eta= 3.011 phi=-2.2089  px= -0.032 py= -0.044 pz=  0.548
AAA FTT search thresholds: dPhi<0.1200 dR<30.00 dx<7.50 dy<7.50  nHits=6
findFttHitsNearProjectedState, msp = (-15.093116, -29.486822)
	 vs. hit@(-12.847940+/-4.330127, -31.236794+/-0.010000) => dx=2.245176, dy=1.749971, dR=0.650693, dPhi=0.082874 (tid=1), strip=horizontal
AAA FTT hit H pos=(-12.848+/-4.33, -31.237+/-0.01)  dx= 2.245 dy= 1.750 dR= 0.651 dPhi=0.0829 (tid=1)  dPhi:OK dR:OK XY:OK
	 vs. hit@(-11.676448+/-4.330127, -30.839258+/-0.010000) => dx=3.416668, dy=1.352436, dR=0.149401, dPhi=0.111147 (tid=2), strip=horizontal
AAA FTT hit H pos=(-11.676+/-4.33, -30.839+/-0.01)  dx= 3.417 dy= 1.352 dR= 0.149 dPhi=0.1111 (tid=2)  dPhi:OK dR:OK XY:OK
	 vs. hit@(-18.889715+/-4.330127, -31.204161+/-0.010000) => dx=3.796599, dy=1.717338, dR=3.351168, dPhi=0.071260 (tid=3), strip=horizontal
AAA FTT hit H pos=(-18.890+/-4.33, -31.204+/-0.01)  dx= 3.797 dy= 1.717 dR= 3.351 dPhi=0.0713 (tid=3)  dPhi:OK dR:OK XY:OK
	 vs. hit@(-11.855920+/-0.010000, -27.745050+/-4.330127) => dx=3.237196, dy=1.741772, dR=2.953121, dPhi=0.069259 (tid=1), strip=vertical
AAA FTT hit V pos=(-11.856+/-0.01, -27.745+/-4.33)  dx= 3.237 dy= 1.742 dR= 2.953 dPhi=0.0693 (tid=1)  dPhi:OK dR:OK XY:OK
	 vs. hit@(-14.554903+/-0.010000, -31.528025+/-4.330127) => dx=0.538213, dy=2.041202, dR=1.600378, dPhi=0.040591 (tid=2), strip=vertical
AAA FTT hit V pos=(-14.555+/-0.01, -31.528+/-4.33)  dx= 0.538 dy= 2.041 dR= 1.600 dPhi=0.0406 (tid=2)  dPhi:OK dR:OK XY:OK
	 vs. hit@(-12.136179+/-0.010000, -28.631783+/-4.330127) => dx=2.956937, dy=0.855040, dR=2.027457, dPhi=0.072176 (tid=3), strip=vertical
AAA FTT hit V pos=(-12.136+/-0.01, -28.632+/-4.33)  dx= 2.957 dy= 0.855 dR= 2.027 dPhi=0.0722 (tid=3)  dPhi:OK dR:OK XY:OK
StFwdTrackMaker:INFO  - Adding horizontal strip hit with dPhi = 0.111147, dR = 0.149401, dx = 3.41667, dy = 1.35244
StFwdTrackMaker:INFO  - Adding vertical strip hit with dPhi = 0.0405908, dR = 1.60038, dx = 0.538213, dy = 2.0412
StFwdTrackMaker:INFO  - Closest horizontal FTT strip to FST state: dR=0.149401, dPhi=0.111147, dx=3.416668, dy=1.352436 (tid=2) 
AAA FTT closest-H dPhi=0.1111(<0.1200) dR= 0.149(< 30.0) dx= 3.417 dy= 1.352(< 7.50) tid=2 -> ACCEPT
StFwdTrackMaker:INFO  - Closest vertical FTT strip to FST state: dR=1.600378, dPhi=0.040591, dx=0.538213, dy=2.041202 (tid=2) 
AAA FTT closest-V dPhi=0.0406(<0.1200) dR= 1.600(< 30.0) dx= 0.538 dy= 2.041(< 7.50) tid=2 -> ACCEPT
AAA FTT result: 2 hits added (H:ACCEPT V:ACCEPT)
StFwdTrackMaker:INFO  -  Found #FTT strips on plane #1 = [2]
StFwdTrackMaker:INFO  - Found 5 existing seed points
StFwdTrackMaker:INFO  - Adding 2 new FTT seed points
StFwdTrackMaker:INFO  - Looking for FTT strips near projected state on disk 2
StFwdTrackMaker:INFO  - There are 6 available FTT strips on this disk
AAA FTT proj z= 346.85  x=-16.003 y=-30.769  r= 34.682 phi=-2.0504  sigU= 1.751 sigV= 0.028
AAA FTT momentum at proj: pT= 0.054 eta= 3.020 phi=-2.1656  px= -0.030 py= -0.044 pz=  0.549
AAA FTT search thresholds: dPhi<0.1200 dR<30.00 dx<7.50 dy<7.50  nHits=6
findFttHitsNearProjectedState, msp = (-16.003195, -30.769444)
AAA FTT hit H pos=( -9.371+/-4.33, -32.772+/-0.01)  dx= 6.632 dy= 2.003 dR= 0.596 dPhi=0.2011 (tid=1)  dPhi:FAIL dR:OK XY:OK
	 vs. hit@(-17.632147+/-4.330127, -32.285282+/-0.010000) => dx=1.628952, dy=1.515838, dR=2.104017, dPhi=0.020273 (tid=2), strip=horizontal
AAA FTT hit H pos=(-17.632+/-4.33, -32.285+/-0.01)  dx= 1.629 dy= 1.516 dR= 2.104 dPhi=0.0203 (tid=2)  dPhi:OK dR:OK XY:OK
	 vs. hit@(-13.540433+/-4.330127, -32.718029+/-0.010000) => dx=2.462762, dy=1.948585, dR=0.726933, dPhi=0.087207 (tid=3), strip=horizontal
AAA FTT hit H pos=(-13.540+/-4.33, -32.718+/-0.01)  dx= 2.463 dy= 1.949 dR= 0.727 dPhi=0.0872 (tid=3)  dPhi:OK dR:OK XY:OK
	 vs. hit@(-12.404651+/-0.010000, -31.013594+/-4.330127) => dx=3.598544, dy=0.244150, dR=1.279915, dPhi=0.099114 (tid=1), strip=vertical
AAA FTT hit V pos=(-12.405+/-0.01, -31.014+/-4.33)  dx= 3.599 dy= 0.244 dR= 1.280 dPhi=0.0991 (tid=1)  dPhi:OK dR:OK XY:OK
	 vs. hit@(-15.264917+/-0.010000, -34.368534+/-4.330127) => dx=0.738277, dy=3.599090, dR=2.923749, dPhi=0.061617 (tid=2), strip=vertical
AAA FTT hit V pos=(-15.265+/-0.01, -34.369+/-4.33)  dx= 0.738 dy= 3.599 dR= 2.924 dPhi=0.0616 (tid=2)  dPhi:OK dR:OK XY:OK
AAA FTT hit V pos=(-12.647+/-0.01, -38.210+/-4.33)  dx= 3.357 dy= 7.440 dR= 5.566 dPhi=0.1600 (tid=3)  dPhi:FAIL dR:OK XY:OK
StFwdTrackMaker:INFO  - Adding horizontal strip hit with dPhi = 0.0202734, dR = 2.10402, dx = 1.62895, dy = 1.51584
StFwdTrackMaker:INFO  - Adding vertical strip hit with dPhi = 0.0616165, dR = 2.92375, dx = 0.738277, dy = 3.59909
StFwdTrackMaker:INFO  - Closest horizontal FTT strip to FST state: dR=2.104017, dPhi=0.020273, dx=1.628952, dy=1.515838 (tid=2) 
AAA FTT closest-H dPhi=0.0203(<0.1200) dR= 2.104(< 30.0) dx= 1.629 dy= 1.516(< 7.50) tid=2 -> ACCEPT
StFwdTrackMaker:INFO  - Closest vertical FTT strip to FST state: dR=2.923749, dPhi=0.061617, dx=0.738277, dy=3.599090 (tid=2) 
AAA FTT closest-V dPhi=0.0616(<0.1200) dR= 2.924(< 30.0) dx= 0.738 dy= 3.599(< 7.50) tid=2 -> ACCEPT
AAA FTT result: 2 hits added (H:ACCEPT V:ACCEPT)
StFwdTrackMaker:INFO  -  Found #FTT strips on plane #2 = [2]
StFwdTrackMaker:INFO  - Found 7 existing seed points
StFwdTrackMaker:INFO  - Adding 2 new FTT seed points
StFwdTrackMaker:INFO  - Looking for FTT strips near projected state on disk 3
StFwdTrackMaker:INFO  - There are 6 available FTT strips on this disk
AAA FTT proj z= 364.84  x=-16.949 y=-32.246  r= 36.429 phi=-2.0547  sigU= 1.751 sigV= 0.029
AAA FTT momentum at proj: pT= 0.053 eta= 3.026 phi=-2.1171  px= -0.028 py= -0.046 pz=  0.549
AAA FTT search thresholds: dPhi<0.1200 dR<30.00 dx<7.50 dy<7.50  nHits=6
findFttHitsNearProjectedState, msp = (-16.949384, -32.245802)
AAA FTT hit H pos=( -9.324+/-4.33, -34.467+/-0.01)  dx= 7.625 dy= 2.221 dR= 0.723 dPhi=0.2197 (tid=1)  dPhi:FAIL dR:OK XY:OK
	 vs. hit@(-17.670483+/-4.330127, -33.987007+/-0.010000) => dx=0.721098, dy=1.741205, dR=1.877151, dPhi=0.004486 (tid=2), strip=horizontal
AAA FTT hit H pos=(-17.670+/-4.33, -33.987+/-0.01)  dx= 0.721 dy= 1.741 dR= 1.877 dPhi=0.0045 (tid=2)  dPhi:OK dR:OK XY:OK
	 vs. hit@(-15.498422+/-4.330127, -34.389561+/-0.010000) => dx=1.450963, dy=2.143759, dR=1.291573, dPhi=0.060528 (tid=3), strip=horizontal
AAA FTT hit H pos=(-15.498+/-4.33, -34.390+/-0.01)  dx= 1.451 dy= 2.144 dR= 1.292 dPhi=0.0605 (tid=3)  dPhi:OK dR:OK XY:OK
	 vs. hit@(-13.021799+/-0.010000, -33.550606+/-4.330127) => dx=3.927585, dy=1.304804, dR=0.439986, dPhi=0.113715 (tid=1), strip=vertical
AAA FTT hit V pos=(-13.022+/-0.01, -33.551+/-4.33)  dx= 3.928 dy= 1.305 dR= 0.440 dPhi=0.1137 (tid=1)  dPhi:OK dR:OK XY:OK
	 vs. hit@(-16.123884+/-0.010000, -40.968906+/-4.330127) => dx=0.825500, dy=8.723105, dR=7.598598, dPhi=0.108996 (tid=2), strip=vertical
AAA FTT hit V pos=(-16.124+/-0.01, -40.969+/-4.33)  dx= 0.826 dy= 8.723 dR= 7.599 dPhi=0.1090 (tid=2)  dPhi:OK dR:OK XY:OK
AAA FTT hit V pos=(-13.242+/-0.01, -38.369+/-4.33)  dx= 3.708 dy= 6.123 dR= 4.161 dPhi=0.1516 (tid=3)  dPhi:FAIL dR:OK XY:OK
StFwdTrackMaker:INFO  - Adding horizontal strip hit with dPhi = 0.00448598, dR = 1.87715, dx = 0.721098, dy = 1.74121
StFwdTrackMaker:INFO  - Adding vertical strip hit with dPhi = 0.108996, dR = 7.5986, dx = 0.8255, dy = 8.7231
StFwdTrackMaker:INFO  - Closest horizontal FTT strip to FST state: dR=1.877151, dPhi=0.004486, dx=0.721098, dy=1.741205 (tid=2) 
AAA FTT closest-H dPhi=0.0045(<0.1200) dR= 1.877(< 30.0) dx= 0.721 dy= 1.741(< 7.50) tid=2 -> ACCEPT
StFwdTrackMaker:INFO  - Closest vertical FTT strip to FST state: dR=7.598598, dPhi=0.108996, dx=0.825500, dy=8.723105 (tid=2) 
AAA FTT closest-V dPhi=0.1090(<0.1200) dR= 7.599(< 30.0) dx= 0.826 dy= 8.723(< 7.50) tid=2 -> ACCEPT
AAA FTT result: 2 hits added (H:ACCEPT V:ACCEPT)
StFwdTrackMaker:INFO  -  Found #FTT strips on plane #3 = [2]
StFwdTrackMaker:INFO  - Found 9 existing seed points
StFwdTrackMaker:INFO  - Adding 2 new FTT seed points
StFwdTrackMaker:INFO  - Closest EPD hit to state: dR=0.259964, dPhi=-0.092581, dx=3.233834, dy=-1.231548
StFwdTrackMaker:INFO  - GenFitTrackResult::mIdTruth = 2, QaTruth = 0.666667
StFwdTrackMaker:INFO  - GenericFitSeeder::makeSeed::Curvature: -0.00899019
StFwdTrackMaker:INFO  - GenericFitSeeder::makeSeed::pt = 0.166732
StFwdTrackMaker:INFO  - Note: Using externally provided seed momentum
StFwdTrackMaker:INFO  - Track Setup complete, track has 12 points
StFwdTrackMaker:INFO  -  sorting changed track points: 1
StFwdTrackMaker:INFO  - Fit status:  1
StFwdTrackMaker:INFO  - -Fit pvalue: 1.64689e-66
StFwdTrackMaker:INFO  - -Fit Chi2:   368.328
StFwdTrackMaker:INFO  - -Fit Chi2:   368.328
StFwdTrackMaker:INFO  - Track fit charge: 1Fit momentum: -0.638588, -1.20534, 13.1163
StFwdTrackMaker:INFO  - 	Fit Pt: 1.36405, eta: 2.95924, phi: -2.058
StFwdTrackMaker:INFO  - Track fit update complete!
StFwdTrackMaker:INFO  - Track Reps: 1
StFwdTrackMaker:INFO  - Track Rep 0 
genfit::AbsTrackRep, pdgCode = -211. PropDir = 0
fitStatus 
 track has been fitted, fit has converged fully, 0 TrackPoints could not be processed, fitted charge = 1, PruneFlags: 
 track has been fitted with reference track, numIterations = 6, track length = -9.61094, fChi2 = 368.328, bChi2 = 368.328, fNdf = 19, bNdf = 19, fPVal = 1.64689e-66, bPVal = 1.64689e-66

StFwdTrackMaker:INFO  - GenFitTrackResult::mIdTruth = 2, QaTruth = 0.666667
StFwdTrackMaker:INFO  - GTR Setting momentum from track
StFwdTrackMaker:INFO  - --isFitConvergedPartially() = 1
StFwdTrackMaker:INFO  - --isFitConverged() = 1
StFwdTrackMaker:INFO  - --isFitConvergedFully() = 1
StFwdTrackMaker:INFO  - 		Mc Match idTruth=2, quality = 1
StFwdTrackMaker:INFO  - GenFitTrackResult::mIdTruth = 2, QaTruth = 1
The points are collinear, curvature is undefined.
p1 = -6.31021, -14.1574
p2 = -7.6006, -16.8666
p3 = -7.6006, -16.8666
StFwdTrackMaker:INFO  - GenericFitSeeder::makeSeed::Curvature: -1e-07
StFwdTrackMaker:INFO  - GenericFitSeeder::makeSeed::pt = 14989.5
StFwdTrackMaker:WARN  - Seed momentum is too high, setting to (0,0,1)
StFwdTrackMaker:INFO  - Track Setup complete, track has 3 points
StFwdTrackMaker:INFO  -  sorting changed track points: 0
StFwdTrackMaker:INFO  - Fit status:  1
StFwdTrackMaker:INFO  - -Fit pvalue: 0.20191
StFwdTrackMaker:INFO  - -Fit Chi2:   1.62851
StFwdTrackMaker:INFO  - -Fit Chi2:   1.62851
StFwdTrackMaker:INFO  - Track fit charge: -1Fit momentum: -0.0278758, -0.0531733, 0.552469
StFwdTrackMaker:INFO  - 	Fit Pt: 0.0600371, eta: 2.91552, phi: -2.05365
StFwdTrackMaker:INFO  - Track fit update complete!
StFwdTrackMaker:INFO  - Track Reps: 1
StFwdTrackMaker:INFO  - Track Rep 0 
genfit::AbsTrackRep, pdgCode = -211. PropDir = 0
fitStatus 
 track has been fitted, fit has converged fully, 0 TrackPoints could not be processed, fitted charge = -1, PruneFlags: 
 track has been fitted with reference track, numIterations = 3, track length = 28.5934, fChi2 = 1.62851, bChi2 = 1.62851, fNdf = 1, bNdf = 1, fPVal = 0.20191, bPVal = 0.20191

StFwdTrackMaker:INFO  - GenFitTrackResult::mIdTruth = 2, QaTruth = 1
StFwdTrackMaker:INFO  - GTR Setting momentum from track
StFwdTrackMaker:INFO  - --isFitConvergedPartially() = 1
StFwdTrackMaker:INFO  - --isFitConverged() = 1
StFwdTrackMaker:INFO  - --isFitConvergedFully() = 1
StFwdTrackMaker:INFO  - Looking for FTT strips near projected state on disk 0
StFwdTrackMaker:INFO  - There are 6 available FTT strips on this disk
AAA FTT proj z= 312.84  x=-11.234 y=-31.417  r= 33.365 phi=-1.9142  sigU= 1.786 sigV= 0.034
AAA FTT momentum at proj: pT= 0.059 eta= 2.933 phi=-1.7080  px= -0.008 py= -0.058 pz=  0.553
AAA FTT search thresholds: dPhi<0.1200 dR<30.00 dx<7.50 dy<7.50  nHits=6
findFttHitsNearProjectedState, msp = (-11.233502, -31.417473)
	 vs. hit@(-8.037513+/-4.330127, -29.507374+/-0.010000) => dx=3.195989, dy=1.910099, dR=2.782931, dPhi=0.077452 (tid=1), strip=horizontal
AAA FTT hit H pos=( -8.038+/-4.33, -29.507+/-0.01)  dx= 3.196 dy= 1.910 dR= 2.783 dPhi=0.0775 (tid=1)  dPhi:OK dR:OK XY:OK
	 vs. hit@(-10.667669+/-4.330127, -29.139639+/-0.010000) => dx=0.565833, dy=2.277834, dR=2.334473, dPhi=0.007544 (tid=2), strip=horizontal
AAA FTT hit H pos=(-10.668+/-4.33, -29.140+/-0.01)  dx= 0.566 dy= 2.278 dR= 2.334 dPhi=0.0075 (tid=2)  dPhi:OK dR:OK XY:OK
AAA FTT hit H pos=(-17.051+/-4.33, -29.473+/-0.01)  dx= 5.818 dy= 1.945 dR= 0.684 dPhi=0.1811 (tid=3)  dPhi:FAIL dR:OK XY:OK
	 vs. hit@(-11.260900+/-0.010000, -35.226025+/-4.330127) => dx=0.027398, dy=3.808552, dR=3.616778, dPhi=0.033982 (tid=1), strip=vertical
AAA FTT hit V pos=(-11.261+/-0.01, -35.226+/-4.33)  dx= 0.027 dy= 3.809 dR= 3.617 dPhi=0.0340 (tid=1)  dPhi:OK dR:OK XY:OK
	 vs. hit@(-13.726418+/-0.010000, -35.546883+/-4.330127) => dx=2.492916, dy=4.129410, dR=4.739669, dPhi=0.025120 (tid=2), strip=vertical
AAA FTT hit V pos=(-13.726+/-0.01, -35.547+/-4.33)  dx= 2.493 dy= 4.129 dR= 4.740 dPhi=0.0251 (tid=2)  dPhi:OK dR:OK XY:OK
	 vs. hit@(-11.508279+/-0.010000, -33.710602+/-4.330127) => dx=0.274777, dy=2.293129, dR=2.255464, dPhi=0.014411 (tid=3), strip=vertical
AAA FTT hit V pos=(-11.508+/-0.01, -33.711+/-4.33)  dx= 0.275 dy= 2.293 dR= 2.255 dPhi=0.0144 (tid=3)  dPhi:OK dR:OK XY:OK
StFwdTrackMaker:INFO  - Adding horizontal strip hit with dPhi = 0.0774521, dR = 2.78293, dx = 3.19599, dy = 1.9101
StFwdTrackMaker:INFO  - Adding vertical strip hit with dPhi = 0.0339815, dR = 3.61678, dx = 0.0273984, dy = 3.80855
StFwdTrackMaker:INFO  - Closest horizontal FTT strip to FST state: dR=2.782931, dPhi=0.077452, dx=3.195989, dy=1.910099 (tid=1) 
AAA FTT closest-H dPhi=0.0775(<0.1200) dR= 2.783(< 30.0) dx= 3.196 dy= 1.910(< 7.50) tid=1 -> ACCEPT
StFwdTrackMaker:INFO  - Closest vertical FTT strip to FST state: dR=3.616778, dPhi=0.033982, dx=0.027398, dy=3.808552 (tid=1) 
AAA FTT closest-V dPhi=0.0340(<0.1200) dR= 3.617(< 30.0) dx= 0.027 dy= 3.809(< 7.50) tid=1 -> ACCEPT
AAA FTT result: 2 hits added (H:ACCEPT V:ACCEPT)
StFwdTrackMaker:INFO  -  Found #FTT strips on plane #0 = [2]
StFwdTrackMaker:INFO  - Found 3 existing seed points
StFwdTrackMaker:INFO  - Adding 2 new FTT seed points
StFwdTrackMaker:INFO  - Looking for FTT strips near projected state on disk 1
StFwdTrackMaker:INFO  - There are 6 available FTT strips on this disk
AAA FTT proj z= 330.84  x=-11.520 y=-33.306  r= 35.242 phi=-1.9038  sigU= 1.786 sigV= 0.030
AAA FTT momentum at proj: pT= 0.058 eta= 2.946 phi=-1.7398  px= -0.010 py= -0.057 pz=  0.553
AAA FTT search thresholds: dPhi<0.1200 dR<30.00 dx<7.50 dy<7.50  nHits=6
findFttHitsNearProjectedState, msp = (-11.520441, -33.305729)
	 vs. hit@(-12.847940+/-4.330127, -31.236794+/-0.010000) => dx=1.327500, dy=2.068936, dR=1.466077, dPhi=0.057199 (tid=1), strip=horizontal
AAA FTT hit H pos=(-12.848+/-4.33, -31.237+/-0.01)  dx= 1.327 dy= 2.069 dR= 1.466 dPhi=0.0572 (tid=1)  dPhi:OK dR:OK XY:OK
	 vs. hit@(-11.676448+/-4.330127, -30.839258+/-0.010000) => dx=0.156007, dy=2.466471, dR=2.266171, dPhi=0.028926 (tid=2), strip=horizontal
AAA FTT hit H pos=(-11.676+/-4.33, -30.839+/-0.01)  dx= 0.156 dy= 2.466 dR= 2.266 dPhi=0.0289 (tid=2)  dPhi:OK dR:OK XY:OK
AAA FTT hit H pos=(-18.890+/-4.33, -31.204+/-0.01)  dx= 7.369 dy= 2.102 dR= 1.234 dPhi=0.2113 (tid=3)  dPhi:FAIL dR:OK XY:OK
	 vs. hit@(-11.855920+/-0.010000, -27.745050+/-4.330127) => dx=0.335479, dy=5.560679, dR=5.069891, dPhi=0.070814 (tid=1), strip=vertical
AAA FTT hit V pos=(-11.856+/-0.01, -27.745+/-4.33)  dx= 0.335 dy= 5.561 dR= 5.070 dPhi=0.0708 (tid=1)  dPhi:OK dR:OK XY:OK
	 vs. hit@(-14.554903+/-0.010000, -31.528025+/-4.330127) => dx=3.034462, dy=1.777705, dR=0.516392, dPhi=0.099482 (tid=2), strip=vertical
AAA FTT hit V pos=(-14.555+/-0.01, -31.528+/-4.33)  dx= 3.034 dy= 1.778 dR= 0.516 dPhi=0.0995 (tid=2)  dPhi:OK dR:OK XY:OK
	 vs. hit@(-12.136179+/-0.010000, -28.631783+/-4.330127) => dx=0.615738, dy=4.673947, dR=4.144227, dPhi=0.067897 (tid=3), strip=vertical
AAA FTT hit V pos=(-12.136+/-0.01, -28.632+/-4.33)  dx= 0.616 dy= 4.674 dR= 4.144 dPhi=0.0679 (tid=3)  dPhi:OK dR:OK XY:OK
StFwdTrackMaker:INFO  - Adding horizontal strip hit with dPhi = 0.0571991, dR = 1.46608, dx = 1.3275, dy = 2.06894
StFwdTrackMaker:INFO  - Adding vertical strip hit with dPhi = 0.0708139, dR = 5.06989, dx = 0.335479, dy = 5.56068
StFwdTrackMaker:INFO  - Closest horizontal FTT strip to FST state: dR=1.466077, dPhi=0.057199, dx=1.327500, dy=2.068936 (tid=1) 
AAA FTT closest-H dPhi=0.0572(<0.1200) dR= 1.466(< 30.0) dx= 1.327 dy= 2.069(< 7.50) tid=1 -> ACCEPT
StFwdTrackMaker:INFO  - Closest vertical FTT strip to FST state: dR=5.069891, dPhi=0.070814, dx=0.335479, dy=5.560679 (tid=1) 
AAA FTT closest-V dPhi=0.0708(<0.1200) dR= 5.070(< 30.0) dx= 0.335 dy= 5.561(< 7.50) tid=1 -> ACCEPT
AAA FTT result: 2 hits added (H:ACCEPT V:ACCEPT)
StFwdTrackMaker:INFO  -  Found #FTT strips on plane #1 = [2]
StFwdTrackMaker:INFO  - Found 5 existing seed points
StFwdTrackMaker:INFO  - Adding 2 new FTT seed points
StFwdTrackMaker:INFO  - Looking for FTT strips near projected state on disk 2
StFwdTrackMaker:INFO  - There are 6 available FTT strips on this disk
AAA FTT proj z= 346.85  x=-11.838 y=-34.954  r= 36.904 phi=-1.8973  sigU= 1.786 sigV= 0.026
AAA FTT momentum at proj: pT= 0.058 eta= 2.955 phi=-1.7836  px= -0.012 py= -0.056 pz=  0.553
AAA FTT search thresholds: dPhi<0.1200 dR<30.00 dx<7.50 dy<7.50  nHits=6
findFttHitsNearProjectedState, msp = (-11.837852, -34.953965)
	 vs. hit@(-9.371473+/-4.330127, -32.772484+/-0.010000) => dx=2.466379, dy=2.181481, dR=2.818054, dPhi=0.048023 (tid=1), strip=horizontal
AAA FTT hit H pos=( -9.371+/-4.33, -32.772+/-0.01)  dx= 2.466 dy= 2.181 dR= 2.818 dPhi=0.0480 (tid=1)  dPhi:OK dR:OK XY:OK
AAA FTT hit H pos=(-17.632+/-4.33, -32.285+/-0.01)  dx= 5.794 dy= 2.669 dR= 0.118 dPhi=0.1733 (tid=2)  dPhi:FAIL dR:OK XY:OK
	 vs. hit@(-13.540433+/-4.330127, -32.718029+/-0.010000) => dx=1.702581, dy=2.235936, dR=1.494906, dPhi=0.065845 (tid=3), strip=horizontal
AAA FTT hit H pos=(-13.540+/-4.33, -32.718+/-0.01)  dx= 1.703 dy= 2.236 dR= 1.495 dPhi=0.0658 (tid=3)  dPhi:OK dR:OK XY:OK
	 vs. hit@(-12.404651+/-0.010000, -31.013594+/-4.330127) => dx=0.566798, dy=3.940371, dR=3.501754, dPhi=0.053939 (tid=1), strip=vertical
AAA FTT hit V pos=(-12.405+/-0.01, -31.014+/-4.33)  dx= 0.567 dy= 3.940 dR= 3.502 dPhi=0.0539 (tid=1)  dPhi:OK dR:OK XY:OK
	 vs. hit@(-15.264917+/-0.010000, -34.368534+/-4.330127) => dx=3.427065, dy=0.585431, dR=0.701910, dPhi=0.091436 (tid=2), strip=vertical
AAA FTT hit V pos=(-15.265+/-0.01, -34.369+/-4.33)  dx= 3.427 dy= 0.585 dR= 0.702 dPhi=0.0914 (tid=2)  dPhi:OK dR:OK XY:OK
	 vs. hit@(-12.646589+/-0.010000, -38.209621+/-4.330127) => dx=0.808737, dy=3.255656, dR=3.343998, dPhi=0.006915 (tid=3), strip=vertical
AAA FTT hit V pos=(-12.647+/-0.01, -38.210+/-4.33)  dx= 0.809 dy= 3.256 dR= 3.344 dPhi=0.0069 (tid=3)  dPhi:OK dR:OK XY:OK
StFwdTrackMaker:INFO  - Adding horizontal strip hit with dPhi = 0.048023, dR = 2.81805, dx = 2.46638, dy = 2.18148
StFwdTrackMaker:INFO  - Adding vertical strip hit with dPhi = 0.0539388, dR = 3.50175, dx = 0.566798, dy = 3.94037
StFwdTrackMaker:INFO  - Closest horizontal FTT strip to FST state: dR=2.818054, dPhi=0.048023, dx=2.466379, dy=2.181481 (tid=1) 
AAA FTT closest-H dPhi=0.0480(<0.1200) dR= 2.818(< 30.0) dx= 2.466 dy= 2.181(< 7.50) tid=1 -> ACCEPT
StFwdTrackMaker:INFO  - Closest vertical FTT strip to FST state: dR=3.501754, dPhi=0.053939, dx=0.566798, dy=3.940371 (tid=1) 
AAA FTT closest-V dPhi=0.0539(<0.1200) dR= 3.502(< 30.0) dx= 0.567 dy= 3.940(< 7.50) tid=1 -> ACCEPT
AAA FTT result: 2 hits added (H:ACCEPT V:ACCEPT)
StFwdTrackMaker:INFO  -  Found #FTT strips on plane #2 = [2]
StFwdTrackMaker:INFO  - Found 7 existing seed points
StFwdTrackMaker:INFO  - Adding 2 new FTT seed points
StFwdTrackMaker:INFO  - Looking for FTT strips near projected state on disk 3
StFwdTrackMaker:INFO  - There are 6 available FTT strips on this disk
AAA FTT proj z= 364.84  x=-12.279 y=-36.773  r= 38.769 phi=-1.8931  sigU= 1.786 sigV= 0.020
AAA FTT momentum at proj: pT= 0.057 eta= 2.961 phi=-1.8324  px= -0.015 py= -0.055 pz=  0.553
AAA FTT search thresholds: dPhi<0.1200 dR<30.00 dx<7.50 dy<7.50  nHits=6
findFttHitsNearProjectedState, msp = (-12.279325, -36.772802)
	 vs. hit@(-9.324011+/-4.330127, -34.466702+/-0.010000) => dx=2.955314, dy=2.306101, dR=3.063201, dPhi=0.058084 (tid=1), strip=horizontal
AAA FTT hit H pos=( -9.324+/-4.33, -34.467+/-0.01)  dx= 2.955 dy= 2.306 dR= 3.063 dPhi=0.0581 (tid=1)  dPhi:OK dR:OK XY:OK
AAA FTT hit H pos=(-17.670+/-4.33, -33.987+/-0.01)  dx= 5.391 dy= 2.786 dR= 0.463 dPhi=0.1572 (tid=2)  dPhi:FAIL dR:OK XY:OK
	 vs. hit@(-15.498422+/-4.330127, -34.389561+/-0.010000) => dx=3.219097, dy=2.383241, dR=1.048222, dPhi=0.101131 (tid=3), strip=horizontal
AAA FTT hit H pos=(-15.498+/-4.33, -34.390+/-0.01)  dx= 3.219 dy= 2.383 dR= 1.048 dPhi=0.1011 (tid=3)  dPhi:OK dR:OK XY:OK
	 vs. hit@(-13.021799+/-0.010000, -33.550606+/-4.330127) => dx=0.742474, dy=3.222196, dR=2.779781, dPhi=0.047945 (tid=1), strip=vertical
AAA FTT hit V pos=(-13.022+/-0.01, -33.551+/-4.33)  dx= 0.742 dy= 3.222 dR= 2.780 dPhi=0.0479 (tid=1)  dPhi:OK dR:OK XY:OK
	 vs. hit@(-16.123884+/-0.010000, -40.968906+/-4.330127) => dx=3.844559, dy=4.196104, dR=5.258803, dPhi=0.052664 (tid=2), strip=vertical
AAA FTT hit V pos=(-16.124+/-0.01, -40.969+/-4.33)  dx= 3.845 dy= 4.196 dR= 5.259 dPhi=0.0527 (tid=2)  dPhi:OK dR:OK XY:OK
	 vs. hit@(-13.241864+/-0.010000, -38.369137+/-4.330127) => dx=0.962539, dy=1.596335, dR=1.821059, dPhi=0.010036 (tid=3), strip=vertical
AAA FTT hit V pos=(-13.242+/-0.01, -38.369+/-4.33)  dx= 0.963 dy= 1.596 dR= 1.821 dPhi=0.0100 (tid=3)  dPhi:OK dR:OK XY:OK
StFwdTrackMaker:INFO  - Adding horizontal strip hit with dPhi = 0.0580836, dR = 3.0632, dx = 2.95531, dy = 2.3061
StFwdTrackMaker:INFO  - Adding vertical strip hit with dPhi = 0.0479447, dR = 2.77978, dx = 0.742474, dy = 3.2222
StFwdTrackMaker:INFO  - Closest horizontal FTT strip to FST state: dR=3.063201, dPhi=0.058084, dx=2.955314, dy=2.306101 (tid=1) 
AAA FTT closest-H dPhi=0.0581(<0.1200) dR= 3.063(< 30.0) dx= 2.955 dy= 2.306(< 7.50) tid=1 -> ACCEPT
StFwdTrackMaker:INFO  - Closest vertical FTT strip to FST state: dR=2.779781, dPhi=0.047945, dx=0.742474, dy=3.222196 (tid=1) 
AAA FTT closest-V dPhi=0.0479(<0.1200) dR= 2.780(< 30.0) dx= 0.742 dy= 3.222(< 7.50) tid=1 -> ACCEPT
AAA FTT result: 2 hits added (H:ACCEPT V:ACCEPT)
StFwdTrackMaker:INFO  -  Found #FTT strips on plane #3 = [2]
StFwdTrackMaker:INFO  - Found 9 existing seed points
StFwdTrackMaker:INFO  - Adding 2 new FTT seed points
StFwdTrackMaker:INFO  - Closest EPD hit to state: dR=2.666374, dPhi=0.071712, dx=-1.654828, dy=3.460732
StFwdTrackMaker:INFO  - GenFitTrackResult::mIdTruth = 1, QaTruth = 0.666667
The points are collinear, curvature is undefined.
p1 = -6.31021, -14.1574
p2 = -7.6006, -16.8666
p3 = -7.6006, -16.8666
The points are collinear, curvature is undefined.
p1 = -7.6006, -16.8666
p2 = -7.6006, -16.8666
p3 = -8.03751, -29.5074
The points are collinear, curvature is undefined.
p1 = -7.6006, -16.8666
p2 = -7.6006, -16.8666
p3 = -11.2609, -35.226
The points are collinear, curvature is undefined.
p1 = -7.6006, -16.8666
p2 = -7.6006, -16.8666
p3 = -12.8479, -31.2368
The points are collinear, curvature is undefined.
p1 = -7.6006, -16.8666
p2 = -7.6006, -16.8666
p3 = -11.8559, -27.7451
The points are collinear, curvature is undefined.
p1 = -7.6006, -16.8666
p2 = -7.6006, -16.8666
p3 = -9.37147, -32.7725
The points are collinear, curvature is undefined.
p1 = -7.6006, -16.8666
p2 = -7.6006, -16.8666
p3 = -12.4047, -31.0136
The points are collinear, curvature is undefined.
p1 = -7.6006, -16.8666
p2 = -7.6006, -16.8666
p3 = -9.32401, -34.4667
The points are collinear, curvature is undefined.
p1 = -7.6006, -16.8666
p2 = -7.6006, -16.8666
p3 = -13.0218, -33.5506
The points are collinear, curvature is undefined.
p1 = -7.6006, -16.8666
p2 = -7.6006, -16.8666
p3 = -14.2186, -34.3267
StFwdTrackMaker:INFO  - GenericFitSeeder::makeSeed::Curvature: 0.0388566
StFwdTrackMaker:INFO  - GenericFitSeeder::makeSeed::pt = 0.0385765
StFwdTrackMaker:INFO  - Note: Using externally provided seed momentum
StFwdTrackMaker:INFO  - Track Setup complete, track has 12 points
StFwdTrackMaker:INFO  -  sorting changed track points: 1
StFwdTrackMaker:INFO  - Fit status:  1
StFwdTrackMaker:INFO  - -Fit pvalue: 1.26527e-70
StFwdTrackMaker:INFO  - -Fit Chi2:   388.162
StFwdTrackMaker:INFO  - -Fit Chi2:   388.162
StFwdTrackMaker:INFO  - Track fit charge: -1Fit momentum: -0.28711, -0.891832, 9.22885
StFwdTrackMaker:INFO  - 	Fit Pt: 0.936908, eta: 2.98322, phi: -1.88225
StFwdTrackMaker:INFO  - Track fit update complete!
StFwdTrackMaker:INFO  - Track Reps: 1
StFwdTrackMaker:INFO  - Track Rep 0 
genfit::AbsTrackRep, pdgCode = 211. PropDir = 0
fitStatus 
 track has been fitted, fit has converged fully, 0 TrackPoints could not be processed, fitted charge = -1, PruneFlags: 
 track has been fitted with reference track, numIterations = 6, track length = -9.60859, fChi2 = 388.162, bChi2 = 388.162, fNdf = 19, bNdf = 19, fPVal = 1.2653e-70, bPVal = 1.26527e-70

StFwdTrackMaker:INFO  - GenFitTrackResult::mIdTruth = 1, QaTruth = 0.666667
StFwdTrackMaker:INFO  - GTR Setting momentum from track
StFwdTrackMaker:INFO  - --isFitConvergedPartially() = 1
StFwdTrackMaker:INFO  - --isFitConverged() = 1
StFwdTrackMaker:INFO  - --isFitConvergedFully() = 1
StFwdTrackMaker:INFO  - 		Mc Match idTruth=3, quality = 1
StFwdTrackMaker:INFO  - GenFitTrackResult::mIdTruth = 3, QaTruth = 1
The points are collinear, curvature is undefined.
p1 = -5.96087, -14.308
p2 = -5.96087, -14.308
p3 = -7.04467, -17.1062
StFwdTrackMaker:INFO  - GenericFitSeeder::makeSeed::Curvature: -1e-07
StFwdTrackMaker:INFO  - GenericFitSeeder::makeSeed::pt = 14989.5
StFwdTrackMaker:WARN  - Seed momentum is too high, setting to (0,0,1)
StFwdTrackMaker:INFO  - Track Setup complete, track has 3 points
StFwdTrackMaker:INFO  -  sorting changed track points: 0
StFwdTrackMaker:INFO  - Fit status:  1
StFwdTrackMaker:INFO  - -Fit pvalue: 0.121272
StFwdTrackMaker:INFO  - -Fit Chi2:   2.40081
StFwdTrackMaker:INFO  - -Fit Chi2:   2.40081
StFwdTrackMaker:INFO  - Track fit charge: -1Fit momentum: -0.0159505, -0.0352039, 0.379199
StFwdTrackMaker:INFO  - 	Fit Pt: 0.0386488, eta: 2.97928, phi: -1.99621
StFwdTrackMaker:INFO  - Track fit update complete!
StFwdTrackMaker:INFO  - Track Reps: 1
StFwdTrackMaker:INFO  - Track Rep 0 
genfit::AbsTrackRep, pdgCode = -211. PropDir = 0
fitStatus 
 track has been fitted, fit has converged fully, 0 TrackPoints could not be processed, fitted charge = -1, PruneFlags: 
 track has been fitted with reference track, numIterations = 4, track length = 28.5733, fChi2 = 2.40081, bChi2 = 2.40081, fNdf = 1, bNdf = 1, fPVal = 0.121272, bPVal = 0.121272

StFwdTrackMaker:INFO  - GenFitTrackResult::mIdTruth = 3, QaTruth = 1
StFwdTrackMaker:INFO  - GTR Setting momentum from track
StFwdTrackMaker:INFO  - --isFitConvergedPartially() = 1
StFwdTrackMaker:INFO  - --isFitConverged() = 1
StFwdTrackMaker:INFO  - --isFitConvergedFully() = 1
StFwdTrackMaker:WARN  - addFttHits: skipping blown-up state pT=0.0386488
StFwdTrackMaker:WARN  - addFttHits: skipping blown-up state pT=0.0386488
StFwdTrackMaker:WARN  - addFttHits: skipping blown-up state pT=0.0386488
StFwdTrackMaker:WARN  - addFttHits: skipping blown-up state pT=0.0386488
StFwdTrackMaker:WARN  - addEpdHits: skipping blown-up state pT=0.0386488
StFwdTrackMaker:INFO  - GenFitTrackResult::mIdTruth = 3, QaTruth = 1
The points are collinear, curvature is undefined.
p1 = -5.96087, -14.308
p2 = -5.96087, -14.308
p3 = -7.04467, -17.1062
StFwdTrackMaker:INFO  - GenericFitSeeder::makeSeed::Curvature: -1e-07
StFwdTrackMaker:INFO  - GenericFitSeeder::makeSeed::pt = 14989.5
StFwdTrackMaker:WARN  - Seed momentum is too high, setting to (0,0,1)
StFwdTrackMaker:INFO  - Note: Using externally provided seed momentum
StFwdTrackMaker:INFO  - Track Setup complete, track has 3 points
StFwdTrackMaker:INFO  -  sorting changed track points: 0
StFwdTrackMaker:INFO  - Fit status:  1
StFwdTrackMaker:INFO  - -Fit pvalue: 0.121272
StFwdTrackMaker:INFO  - -Fit Chi2:   2.40081
StFwdTrackMaker:INFO  - -Fit Chi2:   2.40081
StFwdTrackMaker:INFO  - Track fit charge: -1Fit momentum: -0.0159521, -0.0352075, 0.379244
StFwdTrackMaker:INFO  - 	Fit Pt: 0.0386528, eta: 2.9793, phi: -1.99622
StFwdTrackMaker:INFO  - Track fit update complete!
StFwdTrackMaker:INFO  - Track Reps: 1
StFwdTrackMaker:INFO  - Track Rep 0 
genfit::AbsTrackRep, pdgCode = -211. PropDir = 0
fitStatus 
 track has been fitted, fit has converged fully, 0 TrackPoints could not be processed, fitted charge = -1, PruneFlags: 
 track has been fitted with reference track, numIterations = 2, track length = 28.5752, fChi2 = 2.40081, bChi2 = 2.40081, fNdf = 1, bNdf = 1, fPVal = 0.121272, bPVal = 0.121272

StFwdTrackMaker:INFO  - GenFitTrackResult::mIdTruth = 3, QaTruth = 1
StFwdTrackMaker:INFO  - GTR Setting momentum from track
StFwdTrackMaker:INFO  - --isFitConvergedPartially() = 1
StFwdTrackMaker:INFO  - --isFitConverged() = 1
StFwdTrackMaker:INFO  - --isFitConvergedFully() = 1
StFwdTrackMaker:INFO  - Global track fitting completed, found 3 global tracks from 3 track seed candidates
StFwdTrackMaker:INFO  - >>doBeamlineTrackFitting( #globals = 3 )
StFwdTrackMaker:INFO  - doBeamlineTrackFitting>>0 McId=2 with Beamline, seed already has: 12 hits
StFwdTrackMaker:INFO  - mBeamlineHit: 0, 0, 0
StFwdTrackMaker:INFO  - This fit is for a global that converged? = 1
StFwdTrackMaker:INFO  - GenFitTrackResult::mIdTruth = 2, QaTruth = 0.615385
StFwdTrackMaker:INFO  - GenericFitSeeder::makeSeed::Curvature: -0.00983778
StFwdTrackMaker:INFO  - GenericFitSeeder::makeSeed::pt = 0.152367
StFwdTrackMaker:INFO  - Track Setup complete, track has 13 points
StFwdTrackMaker:INFO  -  sorting changed track points: 1
StFwdTrackMaker:INFO  - Fit status:  1
StFwdTrackMaker:INFO  - -Fit pvalue: 7.07254e-68
StFwdTrackMaker:INFO  - -Fit Chi2:   381.214
StFwdTrackMaker:INFO  - -Fit Chi2:   381.214
StFwdTrackMaker:INFO  - Track fit charge: 1Fit momentum: -0.203421, -0.460408, 4.83017
StFwdTrackMaker:INFO  - 	Fit Pt: 0.503344, eta: 2.95721, phi: -1.98683
StFwdTrackMaker:INFO  - Track fit update complete!
StFwdTrackMaker:INFO  - Track Reps: 1
StFwdTrackMaker:INFO  - Track Rep 0 
genfit::AbsTrackRep, pdgCode = -211. PropDir = 0
fitStatus 
 track has been fitted, fit has converged fully, 0 TrackPoints could not be processed, fitted charge = 1, PruneFlags: 
 track has been fitted with reference track, numIterations = 5, track length = 364.39, fChi2 = 381.214, bChi2 = 381.214, fNdf = 21, bNdf = 21, fPVal = 7.07258e-68, bPVal = 7.07254e-68

StFwdTrackMaker:INFO  - GenFitTrackResult::mIdTruth = 2, QaTruth = 0.615385
StFwdTrackMaker:INFO  - GTR Setting momentum from track
StFwdTrackMaker:INFO  - --isFitConvergedPartially() = 1
StFwdTrackMaker:INFO  - --isFitConverged() = 1
StFwdTrackMaker:INFO  - --isFitConvergedFully() = 1
StFwdTrackMaker:INFO  - SEED momentum:-0.638588, -1.20534, 13.1163
StFwdTrackMaker:INFO  - 	Initial Beamline fit completed, now refitting with additional hits
StFwdTrackMaker:INFO  - Looking for FTT strips near projected state on disk 0
StFwdTrackMaker:INFO  - There are 6 available FTT strips on this disk
AAA FTT proj z= 312.84  x=-13.591 y=-29.240  r= 32.244 phi=-2.0059  sigU= 0.048 sigV= 0.000
AAA FTT momentum at proj: pT= 0.503 eta= 2.958 phi=-2.0713  px= -0.241 py= -0.441 pz=  4.830
AAA FTT search thresholds: dPhi<0.1200 dR<30.00 dx<7.50 dy<7.50  nHits=6
findFttHitsNearProjectedState, msp = (-13.591426, -29.239955)
AAA FTT hit H pos=( -8.038+/-4.33, -29.507+/-0.01)  dx= 5.554 dy= 0.267 dR= 1.662 dPhi=0.1692 (tid=1)  dPhi:FAIL dR:OK XY:OK
	 vs. hit@(-10.667669+/-4.330127, -29.139639+/-0.010000) => dx=2.923757, dy=0.100316, dR=1.213492, dPhi=0.084178 (tid=2), strip=horizontal
AAA FTT hit H pos=(-10.668+/-4.33, -29.140+/-0.01)  dx= 2.924 dy= 0.100 dR= 1.213 dPhi=0.0842 (tid=2)  dPhi:OK dR:OK XY:OK
	 vs. hit@(-17.051289+/-4.330127, -29.472696+/-0.010000) => dx=3.459863, dy=0.232742, dR=1.805354, dPhi=0.089382 (tid=3), strip=horizontal
AAA FTT hit H pos=(-17.051+/-4.33, -29.473+/-0.01)  dx= 3.460 dy= 0.233 dR= 1.805 dPhi=0.0894 (tid=3)  dPhi:OK dR:OK XY:OK
AAA FTT hit V pos=(-11.261+/-0.01, -35.226+/-4.33)  dx= 2.331 dy= 5.986 dR= 4.738 dPhi=0.1257 (tid=1)  dPhi:FAIL dR:OK XY:OK
	 vs. hit@(-13.726418+/-0.010000, -35.546883+/-4.330127) => dx=0.134993, dy=6.306928, dR=5.860651, dPhi=0.066603 (tid=2), strip=vertical
AAA FTT hit V pos=(-13.726+/-0.01, -35.547+/-4.33)  dx= 0.135 dy= 6.307 dR= 5.861 dPhi=0.0666 (tid=2)  dPhi:OK dR:OK XY:OK
	 vs. hit@(-11.508279+/-0.010000, -33.710602+/-4.330127) => dx=2.083147, dy=4.470647, dR=3.376446, dPhi=0.106134 (tid=3), strip=vertical
AAA FTT hit V pos=(-11.508+/-0.01, -33.711+/-4.33)  dx= 2.083 dy= 4.471 dR= 3.376 dPhi=0.1061 (tid=3)  dPhi:OK dR:OK XY:OK
StFwdTrackMaker:INFO  - Adding horizontal strip hit with dPhi = 0.0841782, dR = 1.21349, dx = 2.92376, dy = 0.100316
StFwdTrackMaker:INFO  - Adding vertical strip hit with dPhi = 0.066603, dR = 5.86065, dx = 0.134993, dy = 6.30693
StFwdTrackMaker:INFO  - Closest horizontal FTT strip to FST state: dR=1.213492, dPhi=0.084178, dx=2.923757, dy=0.100316 (tid=2) 
AAA FTT closest-H dPhi=0.0842(<0.1200) dR= 1.213(< 30.0) dx= 2.924 dy= 0.100(< 7.50) tid=2 -> ACCEPT
StFwdTrackMaker:INFO  - Closest vertical FTT strip to FST state: dR=5.860651, dPhi=0.066603, dx=0.134993, dy=6.306928 (tid=2) 
AAA FTT closest-V dPhi=0.0666(<0.1200) dR= 5.861(< 30.0) dx= 0.135 dy= 6.307(< 7.50) tid=2 -> ACCEPT
AAA FTT result: 2 hits added (H:ACCEPT V:ACCEPT)
StFwdTrackMaker:INFO  -  Found #FTT strips on plane #0 = [2]
StFwdTrackMaker:INFO  - Found 13 existing seed points
StFwdTrackMaker:INFO  - Adding 2 new FTT seed points
StFwdTrackMaker:INFO  - Hit already in seed, skipping
StFwdTrackMaker:INFO  - Hit already in seed, skipping
StFwdTrackMaker:INFO  - Looking for FTT strips near projected state on disk 1
StFwdTrackMaker:INFO  - There are 6 available FTT strips on this disk
AAA FTT proj z= 330.84  x=-14.489 y=-30.886  r= 34.115 phi=-2.0094  sigU= 0.048 sigV= 0.000
AAA FTT momentum at proj: pT= 0.503 eta= 2.958 phi=-2.0678  px= -0.240 py= -0.442 pz=  4.830
AAA FTT search thresholds: dPhi<0.1200 dR<30.00 dx<7.50 dy<7.50  nHits=6
findFttHitsNearProjectedState, msp = (-14.488504, -30.885973)
	 vs. hit@(-12.847940+/-4.330127, -31.236794+/-0.010000) => dx=1.640563, dy=0.350821, dR=0.339561, dPhi=0.048404 (tid=1), strip=horizontal
AAA FTT hit H pos=(-12.848+/-4.33, -31.237+/-0.01)  dx= 1.641 dy= 0.351 dR= 0.340 dPhi=0.0484 (tid=1)  dPhi:OK dR:OK XY:OK
	 vs. hit@(-11.676448+/-4.330127, -30.839258+/-0.010000) => dx=2.812056, dy=0.046714, dR=1.139655, dPhi=0.076678 (tid=2), strip=horizontal
AAA FTT hit H pos=(-11.676+/-4.33, -30.839+/-0.01)  dx= 2.812 dy= 0.047 dR= 1.140 dPhi=0.0767 (tid=2)  dPhi:OK dR:OK XY:OK
	 vs. hit@(-18.889715+/-4.330127, -31.204161+/-0.010000) => dx=4.401211, dy=0.318188, dR=2.360914, dPhi=0.105730 (tid=3), strip=horizontal
AAA FTT hit H pos=(-18.890+/-4.33, -31.204+/-0.01)  dx= 4.401 dy= 0.318 dR= 2.361 dPhi=0.1057 (tid=3)  dPhi:OK dR:OK XY:OK
	 vs. hit@(-11.855920+/-0.010000, -27.745050+/-4.330127) => dx=2.632584, dy=3.140922, dR=3.943375, dPhi=0.034789 (tid=1), strip=vertical
AAA FTT hit V pos=(-11.856+/-0.01, -27.745+/-4.33)  dx= 2.633 dy= 3.141 dR= 3.943 dPhi=0.0348 (tid=1)  dPhi:OK dR:OK XY:OK
	 vs. hit@(-14.554903+/-0.010000, -31.528025+/-4.330127) => dx=0.066399, dy=0.642052, dR=0.610124, dPhi=0.006121 (tid=2), strip=vertical
AAA FTT hit V pos=(-14.555+/-0.01, -31.528+/-4.33)  dx= 0.066 dy= 0.642 dR= 0.610 dPhi=0.0061 (tid=2)  dPhi:OK dR:OK XY:OK
	 vs. hit@(-12.136179+/-0.010000, -28.631783+/-4.330127) => dx=2.352325, dy=2.254190, dR=3.017711, dPhi=0.037707 (tid=3), strip=vertical
AAA FTT hit V pos=(-12.136+/-0.01, -28.632+/-4.33)  dx= 2.352 dy= 2.254 dR= 3.018 dPhi=0.0377 (tid=3)  dPhi:OK dR:OK XY:OK
StFwdTrackMaker:INFO  - Adding horizontal strip hit with dPhi = 0.0766776, dR = 1.13966, dx = 2.81206, dy = 0.0467143
StFwdTrackMaker:INFO  - Adding vertical strip hit with dPhi = 0.00612119, dR = 0.610124, dx = 0.0663992, dy = 0.642052
StFwdTrackMaker:INFO  - Closest horizontal FTT strip to FST state: dR=1.139655, dPhi=0.076678, dx=2.812056, dy=0.046714 (tid=2) 
AAA FTT closest-H dPhi=0.0767(<0.1200) dR= 1.140(< 30.0) dx= 2.812 dy= 0.047(< 7.50) tid=2 -> ACCEPT
StFwdTrackMaker:INFO  - Closest vertical FTT strip to FST state: dR=0.610124, dPhi=0.006121, dx=0.066399, dy=0.642052 (tid=2) 
AAA FTT closest-V dPhi=0.0061(<0.1200) dR= 0.610(< 30.0) dx= 0.066 dy= 0.642(< 7.50) tid=2 -> ACCEPT
AAA FTT result: 2 hits added (H:ACCEPT V:ACCEPT)
StFwdTrackMaker:INFO  -  Found #FTT strips on plane #1 = [2]
StFwdTrackMaker:INFO  - Found 13 existing seed points
StFwdTrackMaker:INFO  - Adding 2 new FTT seed points
StFwdTrackMaker:INFO  - Hit already in seed, skipping
StFwdTrackMaker:INFO  - Hit already in seed, skipping
StFwdTrackMaker:INFO  - Looking for FTT strips near projected state on disk 2
StFwdTrackMaker:INFO  - There are 6 available FTT strips on this disk
AAA FTT proj z= 346.85  x=-15.279 y=-32.352  r= 35.779 phi=-2.0120  sigU= 0.048 sigV= 0.000
AAA FTT momentum at proj: pT= 0.503 eta= 2.959 phi=-2.0630  px= -0.237 py= -0.443 pz=  4.830
AAA FTT search thresholds: dPhi<0.1200 dR<30.00 dx<7.50 dy<7.50  nHits=6
findFttHitsNearProjectedState, msp = (-15.279245, -32.352052)
AAA FTT hit H pos=( -9.371+/-4.33, -32.772+/-0.01)  dx= 5.908 dy= 0.420 dR= 1.693 dPhi=0.1627 (tid=1)  dPhi:FAIL dR:OK XY:OK
	 vs. hit@(-17.632147+/-4.330127, -32.285282+/-0.010000) => dx=2.352901, dy=0.066770, dR=1.007669, dPhi=0.058644 (tid=2), strip=horizontal
AAA FTT hit H pos=(-17.632+/-4.33, -32.285+/-0.01)  dx= 2.353 dy= 0.067 dR= 1.008 dPhi=0.0586 (tid=2)  dPhi:OK dR:OK XY:OK
	 vs. hit@(-13.540433+/-4.330127, -32.718029+/-0.010000) => dx=1.738813, dy=0.365977, dR=0.369415, dPhi=0.048836 (tid=3), strip=horizontal
AAA FTT hit H pos=(-13.540+/-4.33, -32.718+/-0.01)  dx= 1.739 dy= 0.366 dR= 0.369 dPhi=0.0488 (tid=3)  dPhi:OK dR:OK XY:OK
	 vs. hit@(-12.404651+/-0.010000, -31.013594+/-4.330127) => dx=2.874595, dy=1.338458, dR=2.376263, dPhi=0.060743 (tid=1), strip=vertical
AAA FTT hit V pos=(-12.405+/-0.01, -31.014+/-4.33)  dx= 2.875 dy= 1.338 dR= 2.376 dPhi=0.0607 (tid=1)  dPhi:OK dR:OK XY:OK
	 vs. hit@(-15.264917+/-0.010000, -34.368534+/-4.330127) => dx=0.014328, dy=2.016482, dR=1.827401, dPhi=0.023246 (tid=2), strip=vertical
AAA FTT hit V pos=(-15.265+/-0.01, -34.369+/-4.33)  dx= 0.014 dy= 2.016 dR= 1.827 dPhi=0.0232 (tid=2)  dPhi:OK dR:OK XY:OK
AAA FTT hit V pos=(-12.647+/-0.01, -38.210+/-4.33)  dx= 2.633 dy= 5.858 dR= 4.469 dPhi=0.1216 (tid=3)  dPhi:FAIL dR:OK XY:OK
StFwdTrackMaker:INFO  - Adding horizontal strip hit with dPhi = 0.0586444, dR = 1.00767, dx = 2.3529, dy = 0.0667697
StFwdTrackMaker:INFO  - Adding vertical strip hit with dPhi = 0.0232455, dR = 1.8274, dx = 0.0143281, dy = 2.01648
StFwdTrackMaker:INFO  - Closest horizontal FTT strip to FST state: dR=1.007669, dPhi=0.058644, dx=2.352901, dy=0.066770 (tid=2) 
AAA FTT closest-H dPhi=0.0586(<0.1200) dR= 1.008(< 30.0) dx= 2.353 dy= 0.067(< 7.50) tid=2 -> ACCEPT
StFwdTrackMaker:INFO  - Closest vertical FTT strip to FST state: dR=1.827401, dPhi=0.023246, dx=0.014328, dy=2.016482 (tid=2) 
AAA FTT closest-V dPhi=0.0232(<0.1200) dR= 1.827(< 30.0) dx= 0.014 dy= 2.016(< 7.50) tid=2 -> ACCEPT
AAA FTT result: 2 hits added (H:ACCEPT V:ACCEPT)
StFwdTrackMaker:INFO  -  Found #FTT strips on plane #2 = [2]
StFwdTrackMaker:INFO  - Found 13 existing seed points
StFwdTrackMaker:INFO  - Adding 2 new FTT seed points
StFwdTrackMaker:INFO  - Hit already in seed, skipping
StFwdTrackMaker:INFO  - Hit already in seed, skipping
StFwdTrackMaker:INFO  - Looking for FTT strips near projected state on disk 3
StFwdTrackMaker:INFO  - There are 6 available FTT strips on this disk
AAA FTT proj z= 364.84  x=-16.159 y=-34.004  r= 37.648 phi=-2.0144  sigU= 0.048 sigV= 0.000
AAA FTT momentum at proj: pT= 0.502 eta= 2.959 phi=-2.0576  px= -0.235 py= -0.444 pz=  4.830
AAA FTT search thresholds: dPhi<0.1200 dR<30.00 dx<7.50 dy<7.50  nHits=6
findFttHitsNearProjectedState, msp = (-16.158924, -34.003833)
AAA FTT hit H pos=( -9.324+/-4.33, -34.467+/-0.01)  dx= 6.835 dy= 0.463 dR= 1.942 dPhi=0.1794 (tid=1)  dPhi:FAIL dR:OK XY:OK
	 vs. hit@(-17.670483+/-4.330127, -33.987007+/-0.010000) => dx=1.511559, dy=0.016826, dR=0.658175, dPhi=0.035837 (tid=2), strip=horizontal
AAA FTT hit H pos=(-17.670+/-4.33, -33.987+/-0.01)  dx= 1.512 dy= 0.017 dR= 0.658 dPhi=0.0358 (tid=2)  dPhi:OK dR:OK XY:OK
	 vs. hit@(-15.498422+/-4.330127, -34.389561+/-0.010000) => dx=0.660502, dy=0.385728, dR=0.072596, dPhi=0.020206 (tid=3), strip=horizontal
AAA FTT hit H pos=(-15.498+/-4.33, -34.390+/-0.01)  dx= 0.661 dy= 0.386 dR= 0.073 dPhi=0.0202 (tid=3)  dPhi:OK dR:OK XY:OK
	 vs. hit@(-13.021799+/-0.010000, -33.550606+/-4.330127) => dx=3.137124, dy=0.453227, dR=1.658963, dPhi=0.073392 (tid=1), strip=vertical
AAA FTT hit V pos=(-13.022+/-0.01, -33.551+/-4.33)  dx= 3.137 dy= 0.453 dR= 1.659 dPhi=0.0734 (tid=1)  dPhi:OK dR:OK XY:OK
	 vs. hit@(-16.123884+/-0.010000, -40.968906+/-4.330127) => dx=0.035039, dy=6.965073, dR=6.379621, dPhi=0.068673 (tid=2), strip=vertical
AAA FTT hit V pos=(-16.124+/-0.01, -40.969+/-4.33)  dx= 0.035 dy= 6.965 dR= 6.380 dPhi=0.0687 (tid=2)  dPhi:OK dR:OK XY:OK
	 vs. hit@(-13.241864+/-0.010000, -38.369137+/-4.330127) => dx=2.917059, dy=4.365304, dR=2.941877, dPhi=0.111300 (tid=3), strip=vertical
AAA FTT hit V pos=(-13.242+/-0.01, -38.369+/-4.33)  dx= 2.917 dy= 4.365 dR= 2.942 dPhi=0.1113 (tid=3)  dPhi:OK dR:OK XY:OK
StFwdTrackMaker:INFO  - Adding horizontal strip hit with dPhi = 0.0358366, dR = 0.658175, dx = 1.51156, dy = 0.016826
StFwdTrackMaker:INFO  - Adding vertical strip hit with dPhi = 0.068673, dR = 6.37962, dx = 0.0350393, dy = 6.96507
StFwdTrackMaker:INFO  - Closest horizontal FTT strip to FST state: dR=0.658175, dPhi=0.035837, dx=1.511559, dy=0.016826 (tid=2) 
AAA FTT closest-H dPhi=0.0358(<0.1200) dR= 0.658(< 30.0) dx= 1.512 dy= 0.017(< 7.50) tid=2 -> ACCEPT
StFwdTrackMaker:INFO  - Closest vertical FTT strip to FST state: dR=6.379621, dPhi=0.068673, dx=0.035039, dy=6.965073 (tid=2) 
AAA FTT closest-V dPhi=0.0687(<0.1200) dR= 6.380(< 30.0) dx= 0.035 dy= 6.965(< 7.50) tid=2 -> ACCEPT
AAA FTT result: 2 hits added (H:ACCEPT V:ACCEPT)
StFwdTrackMaker:INFO  -  Found #FTT strips on plane #3 = [2]
StFwdTrackMaker:INFO  - Found 13 existing seed points
StFwdTrackMaker:INFO  - Adding 2 new FTT seed points
StFwdTrackMaker:INFO  - Hit already in seed, skipping
StFwdTrackMaker:INFO  - Hit already in seed, skipping
StFwdTrackMaker:INFO  - Closest EPD hit to state: dR=1.548991, dPhi=-0.052064, dx=2.433545, dy=0.611843
StFwdTrackMaker:INFO  - GenFitTrackResult::mIdTruth = 2, QaTruth = 0.615385
StFwdTrackMaker:INFO  - GenericFitSeeder::makeSeed::Curvature: -0.00983778
StFwdTrackMaker:INFO  - GenericFitSeeder::makeSeed::pt = 0.152367
StFwdTrackMaker:INFO  - Note: Using externally provided seed momentum
StFwdTrackMaker:INFO  - Track Setup complete, track has 13 points
StFwdTrackMaker:INFO  -  sorting changed track points: 1
StFwdTrackMaker:INFO  - Fit status:  1
StFwdTrackMaker:INFO  - -Fit pvalue: 7.06976e-68
StFwdTrackMaker:INFO  - -Fit Chi2:   381.214
StFwdTrackMaker:INFO  - -Fit Chi2:   381.214
StFwdTrackMaker:INFO  - Track fit charge: 1Fit momentum: -0.203408, -0.460383, 4.82989
StFwdTrackMaker:INFO  - 	Fit Pt: 0.503316, eta: 2.95721, phi: -1.98683
StFwdTrackMaker:INFO  - Track fit update complete!
StFwdTrackMaker:INFO  - Track Reps: 1
StFwdTrackMaker:INFO  - Track Rep 0 
genfit::AbsTrackRep, pdgCode = -211. PropDir = 0
fitStatus 
 track has been fitted, fit has converged fully, 0 TrackPoints could not be processed, fitted charge = 1, PruneFlags: 
 track has been fitted with reference track, numIterations = 4, track length = 364.388, fChi2 = 381.214, bChi2 = 381.214, fNdf = 21, bNdf = 21, fPVal = 7.06976e-68, bPVal = 7.06976e-68

StFwdTrackMaker:INFO  - GenFitTrackResult::mIdTruth = 2, QaTruth = 0.615385
StFwdTrackMaker:INFO  - GTR Setting momentum from track
StFwdTrackMaker:INFO  - --isFitConvergedPartially() = 1
StFwdTrackMaker:INFO  - --isFitConverged() = 1
StFwdTrackMaker:INFO  - --isFitConvergedFully() = 1
StFwdTrackMaker:INFO  - doBeamlineTrackFitting>>1 McId=1 with Beamline, seed already has: 12 hits
StFwdTrackMaker:INFO  - mBeamlineHit: 0, 0, 0
StFwdTrackMaker:INFO  - This fit is for a global that converged? = 1
StFwdTrackMaker:INFO  - GenFitTrackResult::mIdTruth = 1, QaTruth = 0.615385
The points are collinear, curvature is undefined.
p1 = 0, 0
p2 = -7.6006, -16.8666
p3 = -7.6006, -16.8666
The points are collinear, curvature is undefined.
p1 = -6.31021, -14.1574
p2 = -7.6006, -16.8666
p3 = -7.6006, -16.8666
The points are collinear, curvature is undefined.
p1 = -7.6006, -16.8666
p2 = -7.6006, -16.8666
p3 = -8.03751, -29.5074
The points are collinear, curvature is undefined.
p1 = -7.6006, -16.8666
p2 = -7.6006, -16.8666
p3 = -11.2609, -35.226
The points are collinear, curvature is undefined.
p1 = -7.6006, -16.8666
p2 = -7.6006, -16.8666
p3 = -12.8479, -31.2368
The points are collinear, curvature is undefined.
p1 = -7.6006, -16.8666
p2 = -7.6006, -16.8666
p3 = -11.8559, -27.7451
The points are collinear, curvature is undefined.
p1 = -7.6006, -16.8666
p2 = -7.6006, -16.8666
p3 = -9.37147, -32.7725
The points are collinear, curvature is undefined.
p1 = -7.6006, -16.8666
p2 = -7.6006, -16.8666
p3 = -12.4047, -31.0136
The points are collinear, curvature is undefined.
p1 = -7.6006, -16.8666
p2 = -7.6006, -16.8666
p3 = -9.32401, -34.4667
The points are collinear, curvature is undefined.
p1 = -7.6006, -16.8666
p2 = -7.6006, -16.8666
p3 = -13.0218, -33.5506
The points are collinear, curvature is undefined.
p1 = -7.6006, -16.8666
p2 = -7.6006, -16.8666
p3 = -14.2186, -34.3267
StFwdTrackMaker:INFO  - GenericFitSeeder::makeSeed::Curvature: 0.0191291
StFwdTrackMaker:INFO  - GenericFitSeeder::makeSeed::pt = 0.0783598
StFwdTrackMaker:INFO  - Track Setup complete, track has 13 points
StFwdTrackMaker:INFO  -  sorting changed track points: 1
StFwdTrackMaker:INFO  - Fit status:  1
StFwdTrackMaker:INFO  - -Fit pvalue: 7.88835e-72
StFwdTrackMaker:INFO  - -Fit Chi2:   400.341
StFwdTrackMaker:INFO  - -Fit Chi2:   400.341
StFwdTrackMaker:INFO  - Track fit charge: -1Fit momentum: -0.162406, -0.390304, 4.15433
StFwdTrackMaker:INFO  - 	Fit Pt: 0.422744, eta: 2.98086, phi: -1.96511
StFwdTrackMaker:INFO  - Track fit update complete!
StFwdTrackMaker:INFO  - Track Reps: 1
StFwdTrackMaker:INFO  - Track Rep 0 
genfit::AbsTrackRep, pdgCode = 211. PropDir = 0
fitStatus 
 track has been fitted, fit has converged fully, 0 TrackPoints could not be processed, fitted charge = -1, PruneFlags: 
 track has been fitted with reference track, numIterations = 6, track length = 365.843, fChi2 = 400.341, bChi2 = 400.341, fNdf = 21, bNdf = 21, fPVal = 7.88884e-72, bPVal = 7.88835e-72

StFwdTrackMaker:INFO  - GenFitTrackResult::mIdTruth = 1, QaTruth = 0.615385
StFwdTrackMaker:INFO  - GTR Setting momentum from track
StFwdTrackMaker:INFO  - --isFitConvergedPartially() = 1
StFwdTrackMaker:INFO  - --isFitConverged() = 1
StFwdTrackMaker:INFO  - --isFitConvergedFully() = 1
StFwdTrackMaker:INFO  - SEED momentum:-0.28711, -0.891832, 9.22885
StFwdTrackMaker:INFO  - 	Initial Beamline fit completed, now refitting with additional hits
StFwdTrackMaker:INFO  - Looking for FTT strips near projected state on disk 0
StFwdTrackMaker:INFO  - There are 6 available FTT strips on this disk
AAA FTT proj z= 312.84  x=-11.344 y=-29.525  r= 31.630 phi=-1.9376  sigU= 0.049 sigV= 0.000
AAA FTT momentum at proj: pT= 0.422 eta= 2.982 phi=-1.8664  px= -0.123 py= -0.404 pz=  4.154
AAA FTT search thresholds: dPhi<0.1200 dR<30.00 dx<7.50 dy<7.50  nHits=6
findFttHitsNearProjectedState, msp = (-11.344029, -29.525458)
	 vs. hit@(-8.037513+/-4.330127, -29.507374+/-0.010000) => dx=3.306516, dy=0.018085, dR=1.047270, dPhi=0.100884 (tid=1), strip=horizontal
AAA FTT hit H pos=( -8.038+/-4.33, -29.507+/-0.01)  dx= 3.307 dy= 0.018 dR= 1.047 dPhi=0.1009 (tid=1)  dPhi:OK dR:OK XY:OK
	 vs. hit@(-10.667669+/-4.330127, -29.139639+/-0.010000) => dx=0.676359, dy=0.385819, dR=0.598812, dPhi=0.015888 (tid=2), strip=horizontal
AAA FTT hit H pos=(-10.668+/-4.33, -29.140+/-0.01)  dx= 0.676 dy= 0.386 dR= 0.599 dPhi=0.0159 (tid=2)  dPhi:OK dR:OK XY:OK
AAA FTT hit H pos=(-17.051+/-4.33, -29.473+/-0.01)  dx= 5.707 dy= 0.053 dR= 2.420 dPhi=0.1577 (tid=3)  dPhi:FAIL dR:OK XY:OK
	 vs. hit@(-11.260900+/-0.010000, -35.226025+/-4.330127) => dx=0.083128, dy=5.700566, dR=5.352440, dPhi=0.057414 (tid=1), strip=vertical
AAA FTT hit V pos=(-11.261+/-0.01, -35.226+/-4.33)  dx= 0.083 dy= 5.701 dR= 5.352 dPhi=0.0574 (tid=1)  dPhi:OK dR:OK XY:OK
	 vs. hit@(-13.726418+/-0.010000, -35.546883+/-4.330127) => dx=2.382390, dy=6.021424, dR=6.475330, dPhi=0.001688 (tid=2), strip=vertical
AAA FTT hit V pos=(-13.726+/-0.01, -35.547+/-4.33)  dx= 2.382 dy= 6.021 dR= 6.475 dPhi=0.0017 (tid=2)  dPhi:OK dR:OK XY:OK
	 vs. hit@(-11.508279+/-0.010000, -33.710602+/-4.330127) => dx=0.164250, dy=4.185143, dR=3.991125, dPhi=0.037843 (tid=3), strip=vertical
AAA FTT hit V pos=(-11.508+/-0.01, -33.711+/-4.33)  dx= 0.164 dy= 4.185 dR= 3.991 dPhi=0.0378 (tid=3)  dPhi:OK dR:OK XY:OK
StFwdTrackMaker:INFO  - Adding horizontal strip hit with dPhi = 0.100884, dR = 1.04727, dx = 3.30652, dy = 0.0180845
StFwdTrackMaker:INFO  - Adding vertical strip hit with dPhi = 0.0574135, dR = 5.35244, dx = 0.0831281, dy = 5.70057
StFwdTrackMaker:INFO  - Closest horizontal FTT strip to FST state: dR=1.047270, dPhi=0.100884, dx=3.306516, dy=0.018085 (tid=1) 
AAA FTT closest-H dPhi=0.1009(<0.1200) dR= 1.047(< 30.0) dx= 3.307 dy= 0.018(< 7.50) tid=1 -> ACCEPT
StFwdTrackMaker:INFO  - Closest vertical FTT strip to FST state: dR=5.352440, dPhi=0.057414, dx=0.083128, dy=5.700566 (tid=1) 
AAA FTT closest-V dPhi=0.0574(<0.1200) dR= 5.352(< 30.0) dx= 0.083 dy= 5.701(< 7.50) tid=1 -> ACCEPT
AAA FTT result: 2 hits added (H:ACCEPT V:ACCEPT)
StFwdTrackMaker:INFO  -  Found #FTT strips on plane #0 = [2]
StFwdTrackMaker:INFO  - Found 13 existing seed points
StFwdTrackMaker:INFO  - Adding 2 new FTT seed points
StFwdTrackMaker:INFO  - Hit already in seed, skipping
StFwdTrackMaker:INFO  - Hit already in seed, skipping
StFwdTrackMaker:INFO  - Looking for FTT strips near projected state on disk 1
StFwdTrackMaker:INFO  - There are 6 available FTT strips on this disk
AAA FTT proj z= 330.84  x=-11.880 y=-31.275  r= 33.456 phi=-1.9338  sigU= 0.049 sigV= 0.000
AAA FTT momentum at proj: pT= 0.422 eta= 2.982 phi=-1.8705  px= -0.125 py= -0.403 pz=  4.154
AAA FTT search thresholds: dPhi<0.1200 dR<30.00 dx<7.50 dy<7.50  nHits=6
findFttHitsNearProjectedState, msp = (-11.880223, -31.275255)
	 vs. hit@(-12.847940+/-4.330127, -31.236794+/-0.010000) => dx=0.967717, dy=0.038462, dR=0.320171, dPhi=0.027192 (tid=1), strip=horizontal
AAA FTT hit H pos=(-12.848+/-4.33, -31.237+/-0.01)  dx= 0.968 dy= 0.038 dR= 0.320 dPhi=0.0272 (tid=1)  dPhi:OK dR:OK XY:OK
	 vs. hit@(-11.676448+/-4.330127, -30.839258+/-0.010000) => dx=0.203775, dy=0.435997, dR=0.479924, dPhi=0.001082 (tid=2), strip=horizontal
AAA FTT hit H pos=(-11.676+/-4.33, -30.839+/-0.01)  dx= 0.204 dy= 0.436 dR= 0.480 dPhi=0.0011 (tid=2)  dPhi:OK dR:OK XY:OK
AAA FTT hit H pos=(-18.890+/-4.33, -31.204+/-0.01)  dx= 7.009 dy= 0.071 dR= 3.021 dPhi=0.1813 (tid=3)  dPhi:FAIL dR:OK XY:OK
	 vs. hit@(-11.855920+/-0.010000, -27.745050+/-4.330127) => dx=0.024303, dy=3.530205, dR=3.283644, dPhi=0.040806 (tid=1), strip=vertical
AAA FTT hit V pos=(-11.856+/-0.01, -27.745+/-4.33)  dx= 0.024 dy= 3.530 dR= 3.284 dPhi=0.0408 (tid=1)  dPhi:OK dR:OK XY:OK
	 vs. hit@(-14.554903+/-0.010000, -31.528025+/-4.330127) => dx=2.674680, dy=0.252769, dR=1.269856, dPhi=0.069475 (tid=2), strip=vertical
AAA FTT hit V pos=(-14.555+/-0.01, -31.528+/-4.33)  dx= 2.675 dy= 0.253 dR= 1.270 dPhi=0.0695 (tid=2)  dPhi:OK dR:OK XY:OK
	 vs. hit@(-12.136179+/-0.010000, -28.631783+/-4.330127) => dx=0.255956, dy=2.643473, dR=2.357980, dPhi=0.037889 (tid=3), strip=vertical
AAA FTT hit V pos=(-12.136+/-0.01, -28.632+/-4.33)  dx= 0.256 dy= 2.643 dR= 2.358 dPhi=0.0379 (tid=3)  dPhi:OK dR:OK XY:OK
StFwdTrackMaker:INFO  - Adding horizontal strip hit with dPhi = 0.0271916, dR = 0.320171, dx = 0.967717, dy = 0.0384617
StFwdTrackMaker:INFO  - Adding vertical strip hit with dPhi = 0.0408064, dR = 3.28364, dx = 0.0243034, dy = 3.5302
StFwdTrackMaker:INFO  - Closest horizontal FTT strip to FST state: dR=0.320171, dPhi=0.027192, dx=0.967717, dy=0.038462 (tid=1) 
AAA FTT closest-H dPhi=0.0272(<0.1200) dR= 0.320(< 30.0) dx= 0.968 dy= 0.038(< 7.50) tid=1 -> ACCEPT
StFwdTrackMaker:INFO  - Closest vertical FTT strip to FST state: dR=3.283644, dPhi=0.040806, dx=0.024303, dy=3.530205 (tid=1) 
AAA FTT closest-V dPhi=0.0408(<0.1200) dR= 3.284(< 30.0) dx= 0.024 dy= 3.530(< 7.50) tid=1 -> ACCEPT
AAA FTT result: 2 hits added (H:ACCEPT V:ACCEPT)
StFwdTrackMaker:INFO  -  Found #FTT strips on plane #1 = [2]
StFwdTrackMaker:INFO  - Found 13 existing seed points
StFwdTrackMaker:INFO  - Adding 2 new FTT seed points
StFwdTrackMaker:INFO  - Hit already in seed, skipping
StFwdTrackMaker:INFO  - Hit already in seed, skipping
StFwdTrackMaker:INFO  - Looking for FTT strips near projected state on disk 2
StFwdTrackMaker:INFO  - There are 6 available FTT strips on this disk
AAA FTT proj z= 346.85  x=-12.364 y=-32.827  r= 35.079 phi=-1.9310  sigU= 0.049 sigV= 0.000
AAA FTT momentum at proj: pT= 0.422 eta= 2.983 phi=-1.8761  px= -0.127 py= -0.402 pz=  4.154
AAA FTT search thresholds: dPhi<0.1200 dR<30.00 dx<7.50 dy<7.50  nHits=6
findFttHitsNearProjectedState, msp = (-12.364481, -32.827475)
	 vs. hit@(-9.371473+/-4.330127, -32.772484+/-0.010000) => dx=2.993007, dy=0.054991, dR=0.992748, dPhi=0.081694 (tid=1), strip=horizontal
AAA FTT hit H pos=( -9.371+/-4.33, -32.772+/-0.01)  dx= 2.993 dy= 0.055 dR= 0.993 dPhi=0.0817 (tid=1)  dPhi:OK dR:OK XY:OK
AAA FTT hit H pos=(-17.632+/-4.33, -32.285+/-0.01)  dx= 5.268 dy= 0.542 dR= 1.707 dPhi=0.1397 (tid=2)  dPhi:FAIL dR:OK XY:OK
	 vs. hit@(-13.540433+/-4.330127, -32.718029+/-0.010000) => dx=1.175952, dy=0.109446, dR=0.330400, dPhi=0.032174 (tid=3), strip=horizontal
AAA FTT hit H pos=(-13.540+/-4.33, -32.718+/-0.01)  dx= 1.176 dy= 0.109 dR= 0.330 dPhi=0.0322 (tid=3)  dPhi:OK dR:OK XY:OK
	 vs. hit@(-12.404651+/-0.010000, -31.013594+/-4.330127) => dx=0.040170, dy=1.813881, dR=1.676448, dPhi=0.020268 (tid=1), strip=vertical
AAA FTT hit V pos=(-12.405+/-0.01, -31.014+/-4.33)  dx= 0.040 dy= 1.814 dR= 1.676 dPhi=0.0203 (tid=1)  dPhi:OK dR:OK XY:OK
	 vs. hit@(-15.264917+/-0.010000, -34.368534+/-4.330127) => dx=2.900437, dy=1.541059, dR=2.527216, dPhi=0.057765 (tid=2), strip=vertical
AAA FTT hit V pos=(-15.265+/-0.01, -34.369+/-4.33)  dx= 2.900 dy= 1.541 dR= 2.527 dPhi=0.0578 (tid=2)  dPhi:OK dR:OK XY:OK
	 vs. hit@(-12.646589+/-0.010000, -38.209621+/-4.330127) => dx=0.282108, dy=5.382146, dR=5.169304, dPhi=0.040586 (tid=3), strip=vertical
AAA FTT hit V pos=(-12.647+/-0.01, -38.210+/-4.33)  dx= 0.282 dy= 5.382 dR= 5.169 dPhi=0.0406 (tid=3)  dPhi:OK dR:OK XY:OK
StFwdTrackMaker:INFO  - Adding horizontal strip hit with dPhi = 0.0816941, dR = 0.992748, dx = 2.99301, dy = 0.0549912
StFwdTrackMaker:INFO  - Adding vertical strip hit with dPhi = 0.0202677, dR = 1.67645, dx = 0.0401699, dy = 1.81388
StFwdTrackMaker:INFO  - Closest horizontal FTT strip to FST state: dR=0.992748, dPhi=0.081694, dx=2.993007, dy=0.054991 (tid=1) 
AAA FTT closest-H dPhi=0.0817(<0.1200) dR= 0.993(< 30.0) dx= 2.993 dy= 0.055(< 7.50) tid=1 -> ACCEPT
StFwdTrackMaker:INFO  - Closest vertical FTT strip to FST state: dR=1.676448, dPhi=0.020268, dx=0.040170, dy=1.813881 (tid=1) 
AAA FTT closest-V dPhi=0.0203(<0.1200) dR= 1.676(< 30.0) dx= 0.040 dy= 1.814(< 7.50) tid=1 -> ACCEPT
AAA FTT result: 2 hits added (H:ACCEPT V:ACCEPT)
StFwdTrackMaker:INFO  -  Found #FTT strips on plane #2 = [2]
StFwdTrackMaker:INFO  - Found 13 existing seed points
StFwdTrackMaker:INFO  - Adding 2 new FTT seed points
StFwdTrackMaker:INFO  - Hit already in seed, skipping
StFwdTrackMaker:INFO  - Hit already in seed, skipping
StFwdTrackMaker:INFO  - Looking for FTT strips near projected state on disk 3
StFwdTrackMaker:INFO  - There are 6 available FTT strips on this disk
AAA FTT proj z= 364.84  x=-12.919 y=-34.568  r= 36.903 phi=-1.9285  sigU= 0.049 sigV= 0.000
AAA FTT momentum at proj: pT= 0.422 eta= 2.983 phi=-1.8823  px= -0.129 py= -0.401 pz=  4.154
AAA FTT search thresholds: dPhi<0.1200 dR<30.00 dx<7.50 dy<7.50  nHits=6
findFttHitsNearProjectedState, msp = (-12.919112, -34.567843)
	 vs. hit@(-9.324011+/-4.330127, -34.466702+/-0.010000) => dx=3.595102, dy=0.101141, dR=1.197494, dPhi=0.093460 (tid=1), strip=horizontal
AAA FTT hit H pos=( -9.324+/-4.33, -34.467+/-0.01)  dx= 3.595 dy= 0.101 dR= 1.197 dPhi=0.0935 (tid=1)  dPhi:OK dR:OK XY:OK
AAA FTT hit H pos=(-17.670+/-4.33, -33.987+/-0.01)  dx= 4.751 dy= 0.581 dR= 1.403 dPhi=0.1218 (tid=2)  dPhi:FAIL dR:OK XY:OK
	 vs. hit@(-15.498422+/-4.330127, -34.389561+/-0.010000) => dx=2.579309, dy=0.178282, dR=0.817485, dPhi=0.065754 (tid=3), strip=horizontal
AAA FTT hit H pos=(-15.498+/-4.33, -34.390+/-0.01)  dx= 2.579 dy= 0.178 dR= 0.817 dPhi=0.0658 (tid=3)  dPhi:OK dR:OK XY:OK
	 vs. hit@(-13.021799+/-0.010000, -33.550606+/-4.330127) => dx=0.102687, dy=1.017237, dR=0.914074, dPhi=0.012568 (tid=1), strip=vertical
AAA FTT hit V pos=(-13.022+/-0.01, -33.551+/-4.33)  dx= 0.103 dy= 1.017 dR= 0.914 dPhi=0.0126 (tid=1)  dPhi:OK dR:OK XY:OK
	 vs. hit@(-16.123884+/-0.010000, -40.968906+/-4.330127) => dx=3.204772, dy=6.401064, dR=7.124510, dPhi=0.017287 (tid=2), strip=vertical
AAA FTT hit V pos=(-16.124+/-0.01, -40.969+/-4.33)  dx= 3.205 dy= 6.401 dR= 7.125 dPhi=0.0173 (tid=2)  dPhi:OK dR:OK XY:OK
	 vs. hit@(-13.241864+/-0.010000, -38.369137+/-4.330127) => dx=0.322752, dy=3.801294, dR=3.686765, dPhi=0.025340 (tid=3), strip=vertical
AAA FTT hit V pos=(-13.242+/-0.01, -38.369+/-4.33)  dx= 0.323 dy= 3.801 dR= 3.687 dPhi=0.0253 (tid=3)  dPhi:OK dR:OK XY:OK
StFwdTrackMaker:INFO  - Adding horizontal strip hit with dPhi = 0.0934601, dR = 1.19749, dx = 3.5951, dy = 0.101141
StFwdTrackMaker:INFO  - Adding vertical strip hit with dPhi = 0.0125682, dR = 0.914074, dx = 0.102687, dy = 1.01724
StFwdTrackMaker:INFO  - Closest horizontal FTT strip to FST state: dR=1.197494, dPhi=0.093460, dx=3.595102, dy=0.101141 (tid=1) 
AAA FTT closest-H dPhi=0.0935(<0.1200) dR= 1.197(< 30.0) dx= 3.595 dy= 0.101(< 7.50) tid=1 -> ACCEPT
StFwdTrackMaker:INFO  - Closest vertical FTT strip to FST state: dR=0.914074, dPhi=0.012568, dx=0.102687, dy=1.017237 (tid=1) 
AAA FTT closest-V dPhi=0.0126(<0.1200) dR= 0.914(< 30.0) dx= 0.103 dy= 1.017(< 7.50) tid=1 -> ACCEPT
AAA FTT result: 2 hits added (H:ACCEPT V:ACCEPT)
StFwdTrackMaker:INFO  -  Found #FTT strips on plane #3 = [2]
StFwdTrackMaker:INFO  - Found 13 existing seed points
StFwdTrackMaker:INFO  - Adding 2 new FTT seed points
StFwdTrackMaker:INFO  - Hit already in seed, skipping
StFwdTrackMaker:INFO  - Hit already in seed, skipping
StFwdTrackMaker:INFO  - Closest EPD hit to state: dR=0.778634, dPhi=0.036254, dx=-0.981868, dy=1.222510
StFwdTrackMaker:INFO  - GenFitTrackResult::mIdTruth = 1, QaTruth = 0.615385
The points are collinear, curvature is undefined.
p1 = 0, 0
p2 = -7.6006, -16.8666
p3 = -7.6006, -16.8666
The points are collinear, curvature is undefined.
p1 = -6.31021, -14.1574
p2 = -7.6006, -16.8666
p3 = -7.6006, -16.8666
The points are collinear, curvature is undefined.
p1 = -7.6006, -16.8666
p2 = -7.6006, -16.8666
p3 = -8.03751, -29.5074
The points are collinear, curvature is undefined.
p1 = -7.6006, -16.8666
p2 = -7.6006, -16.8666
p3 = -11.2609, -35.226
The points are collinear, curvature is undefined.
p1 = -7.6006, -16.8666
p2 = -7.6006, -16.8666
p3 = -12.8479, -31.2368
The points are collinear, curvature is undefined.
p1 = -7.6006, -16.8666
p2 = -7.6006, -16.8666
p3 = -11.8559, -27.7451
The points are collinear, curvature is undefined.
p1 = -7.6006, -16.8666
p2 = -7.6006, -16.8666
p3 = -9.37147, -32.7725
The points are collinear, curvature is undefined.
p1 = -7.6006, -16.8666
p2 = -7.6006, -16.8666
p3 = -12.4047, -31.0136
The points are collinear, curvature is undefined.
p1 = -7.6006, -16.8666
p2 = -7.6006, -16.8666
p3 = -9.32401, -34.4667
The points are collinear, curvature is undefined.
p1 = -7.6006, -16.8666
p2 = -7.6006, -16.8666
p3 = -13.0218, -33.5506
The points are collinear, curvature is undefined.
p1 = -7.6006, -16.8666
p2 = -7.6006, -16.8666
p3 = -14.2186, -34.3267
StFwdTrackMaker:INFO  - GenericFitSeeder::makeSeed::Curvature: 0.0191291
StFwdTrackMaker:INFO  - GenericFitSeeder::makeSeed::pt = 0.0783598
StFwdTrackMaker:INFO  - Note: Using externally provided seed momentum
StFwdTrackMaker:INFO  - Track Setup complete, track has 13 points
StFwdTrackMaker:INFO  -  sorting changed track points: 1
StFwdTrackMaker:INFO  - Fit status:  1
StFwdTrackMaker:INFO  - -Fit pvalue: 7.86956e-72
StFwdTrackMaker:INFO  - -Fit Chi2:   400.346
StFwdTrackMaker:INFO  - -Fit Chi2:   400.346
StFwdTrackMaker:INFO  - Track fit charge: -1Fit momentum: -0.162363, -0.390193, 4.15316
StFwdTrackMaker:INFO  - 	Fit Pt: 0.422625, eta: 2.98087, phi: -1.96511
StFwdTrackMaker:INFO  - Track fit update complete!
StFwdTrackMaker:INFO  - Track Reps: 1
StFwdTrackMaker:INFO  - Track Rep 0 
genfit::AbsTrackRep, pdgCode = 211. PropDir = 0
fitStatus 
 track has been fitted, fit has converged fully, 0 TrackPoints could not be processed, fitted charge = -1, PruneFlags: 
 track has been fitted with reference track, numIterations = 4, track length = 365.808, fChi2 = 400.346, bChi2 = 400.346, fNdf = 21, bNdf = 21, fPVal = 7.86952e-72, bPVal = 7.86956e-72

StFwdTrackMaker:INFO  - GenFitTrackResult::mIdTruth = 1, QaTruth = 0.615385
StFwdTrackMaker:INFO  - GTR Setting momentum from track
StFwdTrackMaker:INFO  - --isFitConvergedPartially() = 1
StFwdTrackMaker:INFO  - --isFitConverged() = 1
StFwdTrackMaker:INFO  - --isFitConvergedFully() = 1
StFwdTrackMaker:INFO  - doBeamlineTrackFitting>>2 McId=3 with Beamline, seed already has: 3 hits
StFwdTrackMaker:INFO  - mBeamlineHit: 0, 0, 0
StFwdTrackMaker:INFO  - This fit is for a global that converged? = 1
StFwdTrackMaker:INFO  - GenFitTrackResult::mIdTruth = 3, QaTruth = 0.75
The points are collinear, curvature is undefined.
p1 = 0, 0
p2 = -5.96087, -14.308
p3 = -5.96087, -14.308
The points are collinear, curvature is undefined.
p1 = -5.96087, -14.308
p2 = -5.96087, -14.308
p3 = -7.04467, -17.1062
StFwdTrackMaker:INFO  - GenericFitSeeder::makeSeed::Curvature: -0.00272634
StFwdTrackMaker:INFO  - GenericFitSeeder::makeSeed::pt = 0.549803
StFwdTrackMaker:INFO  - Track Setup complete, track has 4 points
StFwdTrackMaker:INFO  -  sorting changed track points: 0
StFwdTrackMaker:INFO  - Fit status:  1
StFwdTrackMaker:INFO  - -Fit pvalue: 0.177648
StFwdTrackMaker:INFO  - -Fit Chi2:   4.92135
StFwdTrackMaker:INFO  - -Fit Chi2:   4.92135
StFwdTrackMaker:INFO  - Track fit charge: -1Fit momentum: -0.197127, -0.438842, 4.73054
StFwdTrackMaker:INFO  - 	Fit Pt: 0.481084, eta: 2.98148, phi: -1.99298
StFwdTrackMaker:INFO  - Track fit update complete!
StFwdTrackMaker:INFO  - Track Reps: 1
StFwdTrackMaker:INFO  - Track Rep 0 
genfit::AbsTrackRep, pdgCode = -211. PropDir = 0
fitStatus 
 track has been fitted, fit has converged fully, 0 TrackPoints could not be processed, fitted charge = -1, PruneFlags: 
 track has been fitted with reference track, numIterations = 3, track length = 176.627, fChi2 = 4.92135, bChi2 = 4.92135, fNdf = 3, bNdf = 3, fPVal = 0.177648, bPVal = 0.177648

StFwdTrackMaker:INFO  - GenFitTrackResult::mIdTruth = 3, QaTruth = 0.75
StFwdTrackMaker:INFO  - GTR Setting momentum from track
StFwdTrackMaker:INFO  - --isFitConvergedPartially() = 1
StFwdTrackMaker:INFO  - --isFitConverged() = 1
StFwdTrackMaker:INFO  - --isFitConvergedFully() = 1
StFwdTrackMaker:INFO  - SEED momentum:-0.0159521, -0.0352075, 0.379244
StFwdTrackMaker:INFO  - 	Initial Beamline fit completed, now refitting with additional hits
StFwdTrackMaker:INFO  - Looking for FTT strips near projected state on disk 0
StFwdTrackMaker:INFO  - There are 6 available FTT strips on this disk
AAA FTT proj z= 312.84  x=-11.469 y=-29.359  r= 31.519 phi=-1.9432  sigU= 0.180 sigV= 0.011
AAA FTT momentum at proj: pT= 0.481 eta= 2.982 phi=-1.9067  px= -0.159 py= -0.454 pz=  4.731
AAA FTT search thresholds: dPhi<0.1200 dR<30.00 dx<7.50 dy<7.50  nHits=6
findFttHitsNearProjectedState, msp = (-11.468597, -29.358981)
	 vs. hit@(-8.037513+/-4.330127, -29.507374+/-0.010000) => dx=3.431084, dy=0.148392, dR=0.937036, dPhi=0.106468 (tid=1), strip=horizontal
AAA FTT hit H pos=( -8.038+/-4.33, -29.507+/-0.01)  dx= 3.431 dy= 0.148 dR= 0.937 dPhi=0.1065 (tid=1)  dPhi:OK dR:OK XY:OK
	 vs. hit@(-10.667669+/-4.330127, -29.139639+/-0.010000) => dx=0.800928, dy=0.219342, dR=0.488578, dPhi=0.021471 (tid=2), strip=horizontal
AAA FTT hit H pos=(-10.668+/-4.33, -29.140+/-0.01)  dx= 0.801 dy= 0.219 dR= 0.489 dPhi=0.0215 (tid=2)  dPhi:OK dR:OK XY:OK
AAA FTT hit H pos=(-17.051+/-4.33, -29.473+/-0.01)  dx= 5.583 dy= 0.114 dR= 2.530 dPhi=0.1521 (tid=3)  dPhi:FAIL dR:OK XY:OK
	 vs. hit@(-11.260900+/-0.010000, -35.226025+/-4.330127) => dx=0.207697, dy=5.867043, dR=5.462673, dPhi=0.062997 (tid=1), strip=vertical
AAA FTT hit V pos=(-11.261+/-0.01, -35.226+/-4.33)  dx= 0.208 dy= 5.867 dR= 5.463 dPhi=0.0630 (tid=1)  dPhi:OK dR:OK XY:OK
	 vs. hit@(-13.726418+/-0.010000, -35.546883+/-4.330127) => dx=2.257821, dy=6.187901, dR=6.585564, dPhi=0.003896 (tid=2), strip=vertical
AAA FTT hit V pos=(-13.726+/-0.01, -35.547+/-4.33)  dx= 2.258 dy= 6.188 dR= 6.586 dPhi=0.0039 (tid=2)  dPhi:OK dR:OK XY:OK
	 vs. hit@(-11.508279+/-0.010000, -33.710602+/-4.330127) => dx=0.039682, dy=4.351620, dR=4.101359, dPhi=0.043427 (tid=3), strip=vertical
AAA FTT hit V pos=(-11.508+/-0.01, -33.711+/-4.33)  dx= 0.040 dy= 4.352 dR= 4.101 dPhi=0.0434 (tid=3)  dPhi:OK dR:OK XY:OK
StFwdTrackMaker:INFO  - Adding horizontal strip hit with dPhi = 0.152089, dR = 2.53027, dx = 5.58269, dy = 0.113715
StFwdTrackMaker:INFO  - Adding vertical strip hit with dPhi = 0.0434266, dR = 4.10136, dx = 0.0396818, dy = 4.35162
StFwdTrackMaker:INFO  - Closest horizontal FTT strip to FST state: dR=2.530268, dPhi=0.152089, dx=5.582692, dy=0.113715 (tid=3) 
AAA FTT closest-H dPhi=0.1521(<0.1200) dR= 2.530(< 30.0) dx= 5.583 dy= 0.114(< 7.50) tid=3 -> ACCEPT
StFwdTrackMaker:INFO  - Closest vertical FTT strip to FST state: dR=4.101359, dPhi=0.043427, dx=0.039682, dy=4.351620 (tid=3) 
AAA FTT closest-V dPhi=0.0434(<0.1200) dR= 4.101(< 30.0) dx= 0.040 dy= 4.352(< 7.50) tid=3 -> ACCEPT
AAA FTT result: 2 hits added (H:ACCEPT V:ACCEPT)
StFwdTrackMaker:INFO  -  Found #FTT strips on plane #0 = [2]
StFwdTrackMaker:INFO  - Found 4 existing seed points
StFwdTrackMaker:INFO  - Adding 2 new FTT seed points
StFwdTrackMaker:INFO  - Looking for FTT strips near projected state on disk 1
StFwdTrackMaker:INFO  - There are 6 available FTT strips on this disk
AAA FTT proj z= 330.84  x=-12.075 y=-31.086  r= 33.349 phi=-1.9413  sigU= 0.180 sigV= 0.009
AAA FTT momentum at proj: pT= 0.481 eta= 2.982 phi=-1.9103  px= -0.160 py= -0.453 pz=  4.731
AAA FTT search thresholds: dPhi<0.1200 dR<30.00 dx<7.50 dy<7.50  nHits=6
findFttHitsNearProjectedState, msp = (-12.074587, -31.085900)
	 vs. hit@(-12.847940+/-4.330127, -31.236794+/-0.010000) => dx=0.773354, dy=0.150894, dR=0.427237, dPhi=0.019727 (tid=1), strip=horizontal
AAA FTT hit H pos=(-12.848+/-4.33, -31.237+/-0.01)  dx= 0.773 dy= 0.151 dR= 0.427 dPhi=0.0197 (tid=1)  dPhi:OK dR:OK XY:OK
	 vs. hit@(-11.676448+/-4.330127, -30.839258+/-0.010000) => dx=0.398139, dy=0.246641, dR=0.372857, dPhi=0.008546 (tid=2), strip=horizontal
AAA FTT hit H pos=(-11.676+/-4.33, -30.839+/-0.01)  dx= 0.398 dy= 0.247 dR= 0.373 dPhi=0.0085 (tid=2)  dPhi:OK dR:OK XY:OK
AAA FTT hit H pos=(-18.890+/-4.33, -31.204+/-0.01)  dx= 6.815 dy= 0.118 dR= 3.128 dPhi=0.1739 (tid=3)  dPhi:FAIL dR:OK XY:OK
	 vs. hit@(-11.855920+/-0.010000, -27.745050+/-4.330127) => dx=0.218667, dy=3.340849, dR=3.176577, dPhi=0.033342 (tid=1), strip=vertical
AAA FTT hit V pos=(-11.856+/-0.01, -27.745+/-4.33)  dx= 0.219 dy= 3.341 dR= 3.177 dPhi=0.0333 (tid=1)  dPhi:OK dR:OK XY:OK
	 vs. hit@(-14.554903+/-0.010000, -31.528025+/-4.330127) => dx=2.480316, dy=0.442125, dR=1.376922, dPhi=0.062010 (tid=2), strip=vertical
AAA FTT hit V pos=(-14.555+/-0.01, -31.528+/-4.33)  dx= 2.480 dy= 0.442 dR= 1.377 dPhi=0.0620 (tid=2)  dPhi:OK dR:OK XY:OK
	 vs. hit@(-12.136179+/-0.010000, -28.631783+/-4.330127) => dx=0.061592, dy=2.454117, dR=2.250913, dPhi=0.030424 (tid=3), strip=vertical
AAA FTT hit V pos=(-12.136+/-0.01, -28.632+/-4.33)  dx= 0.062 dy= 2.454 dR= 2.251 dPhi=0.0304 (tid=3)  dPhi:OK dR:OK XY:OK
StFwdTrackMaker:INFO  - Adding horizontal strip hit with dPhi = 0.173861, dR = 3.12771, dx = 6.81513, dy = 0.118261
StFwdTrackMaker:INFO  - Adding vertical strip hit with dPhi = 0.0304243, dR = 2.25091, dx = 0.0615922, dy = 2.45412
StFwdTrackMaker:INFO  - Closest horizontal FTT strip to FST state: dR=3.127712, dPhi=0.173861, dx=6.815128, dy=0.118261 (tid=3) 
AAA FTT closest-H dPhi=0.1739(<0.1200) dR= 3.128(< 30.0) dx= 6.815 dy= 0.118(< 7.50) tid=3 -> ACCEPT
StFwdTrackMaker:INFO  - Closest vertical FTT strip to FST state: dR=2.250913, dPhi=0.030424, dx=0.061592, dy=2.454117 (tid=3) 
AAA FTT closest-V dPhi=0.0304(<0.1200) dR= 2.251(< 30.0) dx= 0.062 dy= 2.454(< 7.50) tid=3 -> ACCEPT
AAA FTT result: 2 hits added (H:ACCEPT V:ACCEPT)
StFwdTrackMaker:INFO  -  Found #FTT strips on plane #1 = [2]
StFwdTrackMaker:INFO  - Found 6 existing seed points
StFwdTrackMaker:INFO  - Adding 2 new FTT seed points
StFwdTrackMaker:INFO  - Looking for FTT strips near projected state on disk 2
StFwdTrackMaker:INFO  - There are 6 available FTT strips on this disk
AAA FTT proj z= 346.85  x=-12.620 y=-32.618  r= 34.975 phi=-1.9400  sigU= 0.180 sigV= 0.009
AAA FTT momentum at proj: pT= 0.481 eta= 2.982 phi=-1.9152  px= -0.162 py= -0.452 pz=  4.731
AAA FTT search thresholds: dPhi<0.1200 dR<30.00 dx<7.50 dy<7.50  nHits=6
findFttHitsNearProjectedState, msp = (-12.619961, -32.618325)
	 vs. hit@(-9.371473+/-4.330127, -32.772484+/-0.010000) => dx=3.248488, dy=0.154159, dR=0.888471, dPhi=0.090638 (tid=1), strip=horizontal
AAA FTT hit H pos=( -9.371+/-4.33, -32.772+/-0.01)  dx= 3.248 dy= 0.154 dR= 0.888 dPhi=0.0906 (tid=1)  dPhi:OK dR:OK XY:OK
AAA FTT hit H pos=(-17.632+/-4.33, -32.285+/-0.01)  dx= 5.012 dy= 0.333 dR= 1.812 dPhi=0.1307 (tid=2)  dPhi:FAIL dR:OK XY:OK
	 vs. hit@(-13.540433+/-4.330127, -32.718029+/-0.010000) => dx=0.920471, dy=0.099704, dR=0.434677, dPhi=0.023230 (tid=3), strip=horizontal
AAA FTT hit H pos=(-13.540+/-4.33, -32.718+/-0.01)  dx= 0.920 dy= 0.100 dR= 0.435 dPhi=0.0232 (tid=3)  dPhi:OK dR:OK XY:OK
	 vs. hit@(-12.404651+/-0.010000, -31.013594+/-4.330127) => dx=0.215311, dy=1.604731, dR=1.572171, dPhi=0.011324 (tid=1), strip=vertical
AAA FTT hit V pos=(-12.405+/-0.01, -31.014+/-4.33)  dx= 0.215 dy= 1.605 dR= 1.572 dPhi=0.0113 (tid=1)  dPhi:OK dR:OK XY:OK
	 vs. hit@(-15.264917+/-0.010000, -34.368534+/-4.330127) => dx=2.644956, dy=1.750209, dR=2.631493, dPhi=0.048821 (tid=2), strip=vertical
AAA FTT hit V pos=(-15.265+/-0.01, -34.369+/-4.33)  dx= 2.645 dy= 1.750 dR= 2.631 dPhi=0.0488 (tid=2)  dPhi:OK dR:OK XY:OK
	 vs. hit@(-12.646589+/-0.010000, -38.209621+/-4.330127) => dx=0.026628, dy=5.591297, dR=5.273582, dPhi=0.049530 (tid=3), strip=vertical
AAA FTT hit V pos=(-12.647+/-0.01, -38.210+/-4.33)  dx= 0.027 dy= 5.591 dR= 5.274 dPhi=0.0495 (tid=3)  dPhi:OK dR:OK XY:OK
StFwdTrackMaker:INFO  - Adding horizontal strip hit with dPhi = 0.02323, dR = 0.434677, dx = 0.920471, dy = 0.0997044
StFwdTrackMaker:INFO  - Adding vertical strip hit with dPhi = 0.0495304, dR = 5.27358, dx = 0.0266278, dy = 5.5913
StFwdTrackMaker:INFO  - Closest horizontal FTT strip to FST state: dR=0.434677, dPhi=0.023230, dx=0.920471, dy=0.099704 (tid=3) 
AAA FTT closest-H dPhi=0.0232(<0.1200) dR= 0.435(< 30.0) dx= 0.920 dy= 0.100(< 7.50) tid=3 -> ACCEPT
StFwdTrackMaker:INFO  - Closest vertical FTT strip to FST state: dR=5.273582, dPhi=0.049530, dx=0.026628, dy=5.591297 (tid=3) 
AAA FTT closest-V dPhi=0.0495(<0.1200) dR= 5.274(< 30.0) dx= 0.027 dy= 5.591(< 7.50) tid=3 -> ACCEPT
AAA FTT result: 2 hits added (H:ACCEPT V:ACCEPT)
StFwdTrackMaker:INFO  -  Found #FTT strips on plane #2 = [2]
StFwdTrackMaker:INFO  - Found 8 existing seed points
StFwdTrackMaker:INFO  - Adding 2 new FTT seed points
StFwdTrackMaker:INFO  - Looking for FTT strips near projected state on disk 3
StFwdTrackMaker:INFO  - There are 6 available FTT strips on this disk
AAA FTT proj z= 364.84  x=-13.242 y=-34.337  r= 36.802 phi=-1.9389  sigU= 0.180 sigV= 0.009
AAA FTT momentum at proj: pT= 0.481 eta= 2.983 phi=-1.9207  px= -0.165 py= -0.451 pz=  4.731
AAA FTT search thresholds: dPhi<0.1200 dR<30.00 dx<7.50 dy<7.50  nHits=6
findFttHitsNearProjectedState, msp = (-13.242033, -34.337010)
	 vs. hit@(-9.324011+/-4.330127, -34.466702+/-0.010000) => dx=3.918022, dy=0.129691, dR=1.096314, dPhi=0.103875 (tid=1), strip=horizontal
AAA FTT hit H pos=( -9.324+/-4.33, -34.467+/-0.01)  dx= 3.918 dy= 0.130 dR= 1.096 dPhi=0.1039 (tid=1)  dPhi:OK dR:OK XY:OK
	 vs. hit@(-17.670483+/-4.330127, -33.987007+/-0.010000) => dx=4.428450, dy=0.350003, dR=1.504244, dPhi=0.111381 (tid=2), strip=horizontal
AAA FTT hit H pos=(-17.670+/-4.33, -33.987+/-0.01)  dx= 4.428 dy= 0.350 dR= 1.504 dPhi=0.1114 (tid=2)  dPhi:OK dR:OK XY:OK
	 vs. hit@(-15.498422+/-4.330127, -34.389561+/-0.010000) => dx=2.256389, dy=0.052550, dR=0.918665, dPhi=0.055339 (tid=3), strip=horizontal
AAA FTT hit H pos=(-15.498+/-4.33, -34.390+/-0.01)  dx= 2.256 dy= 0.053 dR= 0.919 dPhi=0.0553 (tid=3)  dPhi:OK dR:OK XY:OK
	 vs. hit@(-13.021799+/-0.010000, -33.550606+/-4.330127) => dx=0.220234, dy=0.786405, dR=0.812894, dPhi=0.002153 (tid=1), strip=vertical
AAA FTT hit V pos=(-13.022+/-0.01, -33.551+/-4.33)  dx= 0.220 dy= 0.786 dR= 0.813 dPhi=0.0022 (tid=1)  dPhi:OK dR:OK XY:OK
	 vs. hit@(-16.123884+/-0.010000, -40.968906+/-4.330127) => dx=2.881851, dy=6.631896, dR=7.225690, dPhi=0.006872 (tid=2), strip=vertical
AAA FTT hit V pos=(-16.124+/-0.01, -40.969+/-4.33)  dx= 2.882 dy= 6.632 dR= 7.226 dPhi=0.0069 (tid=2)  dPhi:OK dR:OK XY:OK
	 vs. hit@(-13.241864+/-0.010000, -38.369137+/-4.330127) => dx=0.000169, dy=4.032126, dR=3.787945, dPhi=0.035755 (tid=3), strip=vertical
AAA FTT hit V pos=(-13.242+/-0.01, -38.369+/-4.33)  dx= 0.000 dy= 4.032 dR= 3.788 dPhi=0.0358 (tid=3)  dPhi:OK dR:OK XY:OK
StFwdTrackMaker:INFO  - Adding horizontal strip hit with dPhi = 0.0553389, dR = 0.918665, dx = 2.25639, dy = 0.0525503
StFwdTrackMaker:INFO  - Adding vertical strip hit with dPhi = 0.0357553, dR = 3.78795, dx = 0.000168927, dy = 4.03213
StFwdTrackMaker:INFO  - Closest horizontal FTT strip to FST state: dR=0.918665, dPhi=0.055339, dx=2.256389, dy=0.052550 (tid=3) 
AAA FTT closest-H dPhi=0.0553(<0.1200) dR= 0.919(< 30.0) dx= 2.256 dy= 0.053(< 7.50) tid=3 -> ACCEPT
StFwdTrackMaker:INFO  - Closest vertical FTT strip to FST state: dR=3.787945, dPhi=0.035755, dx=0.000169, dy=4.032126 (tid=3) 
AAA FTT closest-V dPhi=0.0358(<0.1200) dR= 3.788(< 30.0) dx= 0.000 dy= 4.032(< 7.50) tid=3 -> ACCEPT
AAA FTT result: 2 hits added (H:ACCEPT V:ACCEPT)
StFwdTrackMaker:INFO  -  Found #FTT strips on plane #3 = [2]
StFwdTrackMaker:INFO  - Found 10 existing seed points
StFwdTrackMaker:INFO  - Adding 2 new FTT seed points
StFwdTrackMaker:INFO  - Closest EPD hit to state: dR=0.679184, dPhi=0.025086, dx=-0.621409, dy=0.979655
StFwdTrackMaker:INFO  - GenFitTrackResult::mIdTruth = 3, QaTruth = 0.846154
The points are collinear, curvature is undefined.
p1 = 0, 0
p2 = -5.96087, -14.308
p3 = -5.96087, -14.308
The points are collinear, curvature is undefined.
p1 = -5.96087, -14.308
p2 = -5.96087, -14.308
p3 = -7.04467, -17.1062
The points are collinear, curvature is undefined.
p1 = -5.96087, -14.308
p2 = -5.96087, -14.308
p3 = -17.0513, -29.4727
The points are collinear, curvature is undefined.
p1 = -5.96087, -14.308
p2 = -5.96087, -14.308
p3 = -11.5083, -33.7106
The points are collinear, curvature is undefined.
p1 = -5.96087, -14.308
p2 = -5.96087, -14.308
p3 = -18.8897, -31.2042
The points are collinear, curvature is undefined.
p1 = -5.96087, -14.308
p2 = -5.96087, -14.308
p3 = -12.1362, -28.6318
The points are collinear, curvature is undefined.
p1 = -5.96087, -14.308
p2 = -5.96087, -14.308
p3 = -13.5404, -32.718
The points are collinear, curvature is undefined.
p1 = -5.96087, -14.308
p2 = -5.96087, -14.308
p3 = -12.6466, -38.2096
The points are collinear, curvature is undefined.
p1 = -5.96087, -14.308
p2 = -5.96087, -14.308
p3 = -15.4984, -34.3896
The points are collinear, curvature is undefined.
p1 = -5.96087, -14.308
p2 = -5.96087, -14.308
p3 = -13.2419, -38.3691
The points are collinear, curvature is undefined.
p1 = -5.96087, -14.308
p2 = -5.96087, -14.308
p3 = -14.2186, -34.3267
StFwdTrackMaker:INFO  - GenericFitSeeder::makeSeed::Curvature: -0.00375381
StFwdTrackMaker:INFO  - GenericFitSeeder::makeSeed::pt = 0.399315
StFwdTrackMaker:INFO  - Note: Using externally provided seed momentum
StFwdTrackMaker:INFO  - Track Setup complete, track has 13 points
StFwdTrackMaker:INFO  -  sorting changed track points: 1
StFwdTrackMaker:INFO  - Fit status:  1
StFwdTrackMaker:INFO  - -Fit pvalue: 0.121097
StFwdTrackMaker:INFO  - -Fit Chi2:   28.7117
StFwdTrackMaker:INFO  - -Fit Chi2:   28.7117
StFwdTrackMaker:INFO  - Track fit charge: -1Fit momentum: -0.185444, -0.409737, 4.48407
StFwdTrackMaker:INFO  - 	Fit Pt: 0.449749, eta: 2.99525, phi: -1.9958
StFwdTrackMaker:INFO  - Track fit update complete!
StFwdTrackMaker:INFO  - Track Reps: 1
StFwdTrackMaker:INFO  - Track Rep 0 
genfit::AbsTrackRep, pdgCode = -211. PropDir = 0
fitStatus 
 track has been fitted, fit has converged fully, 0 TrackPoints could not be processed, fitted charge = -1, PruneFlags: 
 track has been fitted with reference track, numIterations = 3, track length = 370.637, fChi2 = 28.7117, bChi2 = 28.7117, fNdf = 21, bNdf = 21, fPVal = 0.121097, bPVal = 0.121097

StFwdTrackMaker:INFO  - GenFitTrackResult::mIdTruth = 3, QaTruth = 0.846154
StFwdTrackMaker:INFO  - GTR Setting momentum from track
StFwdTrackMaker:INFO  - --isFitConvergedPartially() = 1
StFwdTrackMaker:INFO  - --isFitConverged() = 1
StFwdTrackMaker:INFO  - --isFitConvergedFully() = 1
StFwdTrackMaker:INFO  - >>doPrimaryTrackFitting( #globals = 3 )
StFwdTrackMaker:INFO  - Refitting Track 0, McId=2 with Primary Vertex, seed already has: 12 hits
StFwdTrackMaker:INFO  - mEventVertexHit: 0, 0, 0
StFwdTrackMaker:INFO  - This fit is for a global that converged? = 1
StFwdTrackMaker:INFO  - GenFitTrackResult::mIdTruth = 2, QaTruth = 0.615385
StFwdTrackMaker:INFO  - GenericFitSeeder::makeSeed::Curvature: -0.00983778
StFwdTrackMaker:INFO  - GenericFitSeeder::makeSeed::pt = 0.152367
StFwdTrackMaker:INFO  - Note: Using externally provided seed momentum
StFwdTrackMaker:INFO  - Track Setup complete, track has 13 points
StFwdTrackMaker:INFO  -  sorting changed track points: 1
StFwdTrackMaker:INFO  - Fit status:  1
StFwdTrackMaker:INFO  - -Fit pvalue: 6.99827e-75
StFwdTrackMaker:INFO  - -Fit Chi2:   415.08
StFwdTrackMaker:INFO  - -Fit Chi2:   415.08
StFwdTrackMaker:INFO  - Track fit charge: 1Fit momentum: -0.080447, -0.229412, 2.3499
StFwdTrackMaker:INFO  - 	Fit Pt: 0.243108, eta: 2.96443, phi: -1.90806
StFwdTrackMaker:INFO  - Track fit update complete!
StFwdTrackMaker:INFO  - Track Reps: 1
StFwdTrackMaker:INFO  - Track Rep 0 
genfit::AbsTrackRep, pdgCode = -211. PropDir = 0
fitStatus 
 track has been fitted, fit has converged fully, 0 TrackPoints could not be processed, fitted charge = 1, PruneFlags: 
 track has been fitted with reference track, numIterations = 4, track length = 367.374, fChi2 = 415.08, bChi2 = 415.08, fNdf = 21, bNdf = 21, fPVal = 6.99827e-75, bPVal = 6.99827e-75

StFwdTrackMaker:INFO  - GenFitTrackResult::mIdTruth = 2, QaTruth = 0.615385
StFwdTrackMaker:INFO  - GTR Setting momentum from track
StFwdTrackMaker:INFO  - --isFitConvergedPartially() = 1
StFwdTrackMaker:INFO  - --isFitConverged() = 1
StFwdTrackMaker:INFO  - --isFitConvergedFully() = 1
StFwdTrackMaker:INFO  - 	Initial fit complete, now refitting with additional points
StFwdTrackMaker:INFO  - Looking for FTT strips near projected state on disk 0
StFwdTrackMaker:INFO  - There are 6 available FTT strips on this disk
AAA FTT proj z= 312.84  x=-13.583 y=-29.272  r= 32.270 phi=-2.0053  sigU= 0.009 sigV= 0.000
AAA FTT momentum at proj: pT= 0.243 eta= 2.966 phi=-2.0842  px= -0.119 py= -0.211 pz=  2.350
AAA FTT search thresholds: dPhi<0.1200 dR<30.00 dx<7.50 dy<7.50  nHits=6
findFttHitsNearProjectedState, msp = (-13.583467, -29.272153)
AAA FTT hit H pos=( -8.038+/-4.33, -29.507+/-0.01)  dx= 5.546 dy= 0.235 dR= 1.688 dPhi=0.1685 (tid=1)  dPhi:FAIL dR:OK XY:OK
	 vs. hit@(-10.667669+/-4.330127, -29.139639+/-0.010000) => dx=2.915798, dy=0.132514, dR=1.239342, dPhi=0.083534 (tid=2), strip=horizontal
AAA FTT hit H pos=(-10.668+/-4.33, -29.140+/-0.01)  dx= 2.916 dy= 0.133 dR= 1.239 dPhi=0.0835 (tid=2)  dPhi:OK dR:OK XY:OK
	 vs. hit@(-17.051289+/-4.330127, -29.472696+/-0.010000) => dx=3.467821, dy=0.200543, dR=1.779504, dPhi=0.090026 (tid=3), strip=horizontal
AAA FTT hit H pos=(-17.051+/-4.33, -29.473+/-0.01)  dx= 3.468 dy= 0.201 dR= 1.780 dPhi=0.0900 (tid=3)  dPhi:OK dR:OK XY:OK
AAA FTT hit V pos=(-11.261+/-0.01, -35.226+/-4.33)  dx= 2.323 dy= 5.954 dR= 4.712 dPhi=0.1251 (tid=1)  dPhi:FAIL dR:OK XY:OK
	 vs. hit@(-13.726418+/-0.010000, -35.546883+/-4.330127) => dx=0.142951, dy=6.274730, dR=5.834800, dPhi=0.065959 (tid=2), strip=vertical
AAA FTT hit V pos=(-13.726+/-0.01, -35.547+/-4.33)  dx= 0.143 dy= 6.275 dR= 5.835 dPhi=0.0660 (tid=2)  dPhi:OK dR:OK XY:OK
	 vs. hit@(-11.508279+/-0.010000, -33.710602+/-4.330127) => dx=2.075189, dy=4.438449, dR=3.350595, dPhi=0.105489 (tid=3), strip=vertical
AAA FTT hit V pos=(-11.508+/-0.01, -33.711+/-4.33)  dx= 2.075 dy= 4.438 dR= 3.351 dPhi=0.1055 (tid=3)  dPhi:OK dR:OK XY:OK
StFwdTrackMaker:INFO  - Adding horizontal strip hit with dPhi = 0.083534, dR = 1.23934, dx = 2.9158, dy = 0.132514
StFwdTrackMaker:INFO  - Adding vertical strip hit with dPhi = 0.0659588, dR = 5.8348, dx = 0.142951, dy = 6.27473
StFwdTrackMaker:INFO  - Closest horizontal FTT strip to FST state: dR=1.239342, dPhi=0.083534, dx=2.915798, dy=0.132514 (tid=2) 
AAA FTT closest-H dPhi=0.0835(<0.1200) dR= 1.239(< 30.0) dx= 2.916 dy= 0.133(< 7.50) tid=2 -> ACCEPT
StFwdTrackMaker:INFO  - Closest vertical FTT strip to FST state: dR=5.834800, dPhi=0.065959, dx=0.142951, dy=6.274730 (tid=2) 
AAA FTT closest-V dPhi=0.0660(<0.1200) dR= 5.835(< 30.0) dx= 0.143 dy= 6.275(< 7.50) tid=2 -> ACCEPT
AAA FTT result: 2 hits added (H:ACCEPT V:ACCEPT)
StFwdTrackMaker:INFO  -  Found #FTT strips on plane #0 = [2]
StFwdTrackMaker:INFO  - Found 13 existing seed points
StFwdTrackMaker:INFO  - Adding 2 new FTT seed points
StFwdTrackMaker:INFO  - Hit already in seed, skipping
StFwdTrackMaker:INFO  - Hit already in seed, skipping
StFwdTrackMaker:INFO  - Looking for FTT strips near projected state on disk 1
StFwdTrackMaker:INFO  - There are 6 available FTT strips on this disk
AAA FTT proj z= 330.84  x=-14.491 y=-30.894  r= 34.124 phi=-2.0094  sigU= 0.009 sigV= 0.000
AAA FTT momentum at proj: pT= 0.242 eta= 2.967 phi=-2.0768  px= -0.118 py= -0.212 pz=  2.350
AAA FTT search thresholds: dPhi<0.1200 dR<30.00 dx<7.50 dy<7.50  nHits=6
findFttHitsNearProjectedState, msp = (-14.491117, -30.894081)
	 vs. hit@(-12.847940+/-4.330127, -31.236794+/-0.010000) => dx=1.643176, dy=0.342713, dR=0.348011, dPhi=0.048373 (tid=1), strip=horizontal
AAA FTT hit H pos=(-12.848+/-4.33, -31.237+/-0.01)  dx= 1.643 dy= 0.343 dR= 0.348 dPhi=0.0484 (tid=1)  dPhi:OK dR:OK XY:OK
	 vs. hit@(-11.676448+/-4.330127, -30.839258+/-0.010000) => dx=2.814669, dy=0.054823, dR=1.148106, dPhi=0.076646 (tid=2), strip=horizontal
AAA FTT hit H pos=(-11.676+/-4.33, -30.839+/-0.01)  dx= 2.815 dy= 0.055 dR= 1.148 dPhi=0.0766 (tid=2)  dPhi:OK dR:OK XY:OK
	 vs. hit@(-18.889715+/-4.330127, -31.204161+/-0.010000) => dx=4.398599, dy=0.310080, dR=2.352464, dPhi=0.105761 (tid=3), strip=horizontal
AAA FTT hit H pos=(-18.890+/-4.33, -31.204+/-0.01)  dx= 4.399 dy= 0.310 dR= 2.352 dPhi=0.1058 (tid=3)  dPhi:OK dR:OK XY:OK
	 vs. hit@(-11.855920+/-0.010000, -27.745050+/-4.330127) => dx=2.635197, dy=3.149031, dR=3.951826, dPhi=0.034758 (tid=1), strip=vertical
AAA FTT hit V pos=(-11.856+/-0.01, -27.745+/-4.33)  dx= 2.635 dy= 3.149 dR= 3.952 dPhi=0.0348 (tid=1)  dPhi:OK dR:OK XY:OK
	 vs. hit@(-14.554903+/-0.010000, -31.528025+/-4.330127) => dx=0.063786, dy=0.633944, dR=0.601674, dPhi=0.006090 (tid=2), strip=vertical
AAA FTT hit V pos=(-14.555+/-0.01, -31.528+/-4.33)  dx= 0.064 dy= 0.634 dR= 0.602 dPhi=0.0061 (tid=2)  dPhi:OK dR:OK XY:OK
	 vs. hit@(-12.136179+/-0.010000, -28.631783+/-4.330127) => dx=2.354938, dy=2.262298, dR=3.026162, dPhi=0.037675 (tid=3), strip=vertical
AAA FTT hit V pos=(-12.136+/-0.01, -28.632+/-4.33)  dx= 2.355 dy= 2.262 dR= 3.026 dPhi=0.0377 (tid=3)  dPhi:OK dR:OK XY:OK
StFwdTrackMaker:INFO  - Adding horizontal strip hit with dPhi = 0.076646, dR = 1.14811, dx = 2.81467, dy = 0.0548227
StFwdTrackMaker:INFO  - Adding vertical strip hit with dPhi = 0.00608959, dR = 0.601674, dx = 0.0637865, dy = 0.633944
StFwdTrackMaker:INFO  - Closest horizontal FTT strip to FST state: dR=1.148106, dPhi=0.076646, dx=2.814669, dy=0.054823 (tid=2) 
AAA FTT closest-H dPhi=0.0766(<0.1200) dR= 1.148(< 30.0) dx= 2.815 dy= 0.055(< 7.50) tid=2 -> ACCEPT
StFwdTrackMaker:INFO  - Closest vertical FTT strip to FST state: dR=0.601674, dPhi=0.006090, dx=0.063786, dy=0.633944 (tid=2) 
AAA FTT closest-V dPhi=0.0061(<0.1200) dR= 0.602(< 30.0) dx= 0.064 dy= 0.634(< 7.50) tid=2 -> ACCEPT
AAA FTT result: 2 hits added (H:ACCEPT V:ACCEPT)
StFwdTrackMaker:INFO  -  Found #FTT strips on plane #1 = [2]
StFwdTrackMaker:INFO  - Found 13 existing seed points
StFwdTrackMaker:INFO  - Adding 2 new FTT seed points
StFwdTrackMaker:INFO  - Hit already in seed, skipping
StFwdTrackMaker:INFO  - Hit already in seed, skipping
StFwdTrackMaker:INFO  - Looking for FTT strips near projected state on disk 2
StFwdTrackMaker:INFO  - There are 6 available FTT strips on this disk
AAA FTT proj z= 346.85  x=-15.284 y=-32.342  r= 35.771 phi=-2.0123  sigU= 0.009 sigV= 0.000
AAA FTT momentum at proj: pT= 0.242 eta= 2.968 phi=-2.0667  px= -0.115 py= -0.213 pz=  2.350
AAA FTT search thresholds: dPhi<0.1200 dR<30.00 dx<7.50 dy<7.50  nHits=6
findFttHitsNearProjectedState, msp = (-15.283964, -32.341666)
AAA FTT hit H pos=( -9.371+/-4.33, -32.772+/-0.01)  dx= 5.912 dy= 0.431 dR= 1.685 dPhi=0.1629 (tid=1)  dPhi:FAIL dR:OK XY:OK
	 vs. hit@(-17.632147+/-4.330127, -32.285282+/-0.010000) => dx=2.348183, dy=0.056384, dR=1.015044, dPhi=0.058401 (tid=2), strip=horizontal
AAA FTT hit H pos=(-17.632+/-4.33, -32.285+/-0.01)  dx= 2.348 dy= 0.056 dR= 1.015 dPhi=0.0584 (tid=2)  dPhi:OK dR:OK XY:OK
	 vs. hit@(-13.540433+/-4.330127, -32.718029+/-0.010000) => dx=1.743531, dy=0.376363, dR=0.362040, dPhi=0.049080 (tid=3), strip=horizontal
AAA FTT hit H pos=(-13.540+/-4.33, -32.718+/-0.01)  dx= 1.744 dy= 0.376 dR= 0.362 dPhi=0.0491 (tid=3)  dPhi:OK dR:OK XY:OK
	 vs. hit@(-12.404651+/-0.010000, -31.013594+/-4.330127) => dx=2.879314, dy=1.328072, dR=2.368888, dPhi=0.060986 (tid=1), strip=vertical
AAA FTT hit V pos=(-12.405+/-0.01, -31.014+/-4.33)  dx= 2.879 dy= 1.328 dR= 2.369 dPhi=0.0610 (tid=1)  dPhi:OK dR:OK XY:OK
	 vs. hit@(-15.264917+/-0.010000, -34.368534+/-4.330127) => dx=0.019047, dy=2.026868, dR=1.834776, dPhi=0.023489 (tid=2), strip=vertical
AAA FTT hit V pos=(-15.265+/-0.01, -34.369+/-4.33)  dx= 0.019 dy= 2.027 dR= 1.835 dPhi=0.0235 (tid=2)  dPhi:OK dR:OK XY:OK
AAA FTT hit V pos=(-12.647+/-0.01, -38.210+/-4.33)  dx= 2.637 dy= 5.868 dR= 4.477 dPhi=0.1218 (tid=3)  dPhi:FAIL dR:OK XY:OK
StFwdTrackMaker:INFO  - Adding horizontal strip hit with dPhi = 0.0584011, dR = 1.01504, dx = 2.34818, dy = 0.0563839
StFwdTrackMaker:INFO  - Adding vertical strip hit with dPhi = 0.0234888, dR = 1.83478, dx = 0.0190469, dy = 2.02687
StFwdTrackMaker:INFO  - Closest horizontal FTT strip to FST state: dR=1.015044, dPhi=0.058401, dx=2.348183, dy=0.056384 (tid=2) 
AAA FTT closest-H dPhi=0.0584(<0.1200) dR= 1.015(< 30.0) dx= 2.348 dy= 0.056(< 7.50) tid=2 -> ACCEPT
StFwdTrackMaker:INFO  - Closest vertical FTT strip to FST state: dR=1.834776, dPhi=0.023489, dx=0.019047, dy=2.026868 (tid=2) 
AAA FTT closest-V dPhi=0.0235(<0.1200) dR= 1.835(< 30.0) dx= 0.019 dy= 2.027(< 7.50) tid=2 -> ACCEPT
AAA FTT result: 2 hits added (H:ACCEPT V:ACCEPT)
StFwdTrackMaker:INFO  -  Found #FTT strips on plane #2 = [2]
StFwdTrackMaker:INFO  - Found 13 existing seed points
StFwdTrackMaker:INFO  - Adding 2 new FTT seed points
StFwdTrackMaker:INFO  - Hit already in seed, skipping
StFwdTrackMaker:INFO  - Hit already in seed, skipping
StFwdTrackMaker:INFO  - Looking for FTT strips near projected state on disk 3
StFwdTrackMaker:INFO  - There are 6 available FTT strips on this disk
AAA FTT proj z= 364.84  x=-16.157 y=-33.977  r= 37.623 phi=-2.0147  sigU= 0.009 sigV= 0.000
AAA FTT momentum at proj: pT= 0.242 eta= 2.969 phi=-2.0557  px= -0.113 py= -0.214 pz=  2.350
AAA FTT search thresholds: dPhi<0.1200 dR<30.00 dx<7.50 dy<7.50  nHits=6
findFttHitsNearProjectedState, msp = (-16.156662, -33.976766)
AAA FTT hit H pos=( -9.324+/-4.33, -34.467+/-0.01)  dx= 6.833 dy= 0.490 dR= 1.917 dPhi=0.1797 (tid=1)  dPhi:FAIL dR:OK XY:OK
	 vs. hit@(-17.670483+/-4.330127, -33.987007+/-0.010000) => dx=1.513820, dy=0.010241, dR=0.683592, dPhi=0.035582 (tid=2), strip=horizontal
AAA FTT hit H pos=(-17.670+/-4.33, -33.987+/-0.01)  dx= 1.514 dy= 0.010 dR= 0.684 dPhi=0.0356 (tid=2)  dPhi:OK dR:OK XY:OK
	 vs. hit@(-15.498422+/-4.330127, -34.389561+/-0.010000) => dx=0.658240, dy=0.412795, dR=0.098013, dPhi=0.020460 (tid=3), strip=horizontal
AAA FTT hit H pos=(-15.498+/-4.33, -34.390+/-0.01)  dx= 0.658 dy= 0.413 dR= 0.098 dPhi=0.0205 (tid=3)  dPhi:OK dR:OK XY:OK
	 vs. hit@(-13.021799+/-0.010000, -33.550606+/-4.330127) => dx=3.134863, dy=0.426160, dR=1.633546, dPhi=0.073646 (tid=1), strip=vertical
AAA FTT hit V pos=(-13.022+/-0.01, -33.551+/-4.33)  dx= 3.135 dy= 0.426 dR= 1.634 dPhi=0.0736 (tid=1)  dPhi:OK dR:OK XY:OK
	 vs. hit@(-16.123884+/-0.010000, -40.968906+/-4.330127) => dx=0.032778, dy=6.992140, dR=6.405038, dPhi=0.068927 (tid=2), strip=vertical
AAA FTT hit V pos=(-16.124+/-0.01, -40.969+/-4.33)  dx= 0.033 dy= 6.992 dR= 6.405 dPhi=0.0689 (tid=2)  dPhi:OK dR:OK XY:OK
	 vs. hit@(-13.241864+/-0.010000, -38.369137+/-4.330127) => dx=2.914798, dy=4.392371, dR=2.967293, dPhi=0.111555 (tid=3), strip=vertical
AAA FTT hit V pos=(-13.242+/-0.01, -38.369+/-4.33)  dx= 2.915 dy= 4.392 dR= 2.967 dPhi=0.1116 (tid=3)  dPhi:OK dR:OK XY:OK
StFwdTrackMaker:INFO  - Adding horizontal strip hit with dPhi = 0.0355821, dR = 0.683592, dx = 1.51382, dy = 0.0102412
StFwdTrackMaker:INFO  - Adding vertical strip hit with dPhi = 0.0689275, dR = 6.40504, dx = 0.0327779, dy = 6.99214
StFwdTrackMaker:INFO  - Closest horizontal FTT strip to FST state: dR=0.683592, dPhi=0.035582, dx=1.513820, dy=0.010241 (tid=2) 
AAA FTT closest-H dPhi=0.0356(<0.1200) dR= 0.684(< 30.0) dx= 1.514 dy= 0.010(< 7.50) tid=2 -> ACCEPT
StFwdTrackMaker:INFO  - Closest vertical FTT strip to FST state: dR=6.405038, dPhi=0.068927, dx=0.032778, dy=6.992140 (tid=2) 
AAA FTT closest-V dPhi=0.0689(<0.1200) dR= 6.405(< 30.0) dx= 0.033 dy= 6.992(< 7.50) tid=2 -> ACCEPT
AAA FTT result: 2 hits added (H:ACCEPT V:ACCEPT)
StFwdTrackMaker:INFO  -  Found #FTT strips on plane #3 = [2]
StFwdTrackMaker:INFO  - Found 13 existing seed points
StFwdTrackMaker:INFO  - Adding 2 new FTT seed points
StFwdTrackMaker:INFO  - Hit already in seed, skipping
StFwdTrackMaker:INFO  - Hit already in seed, skipping
StFwdTrackMaker:INFO  - Closest EPD hit to state: dR=1.513307, dPhi=-0.052213, dx=2.423390, dy=0.577153
StFwdTrackMaker:INFO  - GenFitTrackResult::mIdTruth = 2, QaTruth = 0.615385
StFwdTrackMaker:INFO  - GenericFitSeeder::makeSeed::Curvature: -0.00983778
StFwdTrackMaker:INFO  - GenericFitSeeder::makeSeed::pt = 0.152367
StFwdTrackMaker:INFO  - Note: Using externally provided seed momentum
StFwdTrackMaker:INFO  - Track Setup complete, track has 13 points
StFwdTrackMaker:INFO  -  sorting changed track points: 1
StFwdTrackMaker:INFO  - Fit status:  1
StFwdTrackMaker:INFO  - -Fit pvalue: 6.99627e-75
StFwdTrackMaker:INFO  - -Fit Chi2:   415.08
StFwdTrackMaker:INFO  - -Fit Chi2:   415.08
StFwdTrackMaker:INFO  - Track fit charge: 1Fit momentum: -0.0804463, -0.229411, 2.34989
StFwdTrackMaker:INFO  - 	Fit Pt: 0.243107, eta: 2.96443, phi: -1.90806
StFwdTrackMaker:INFO  - Track fit update complete!
StFwdTrackMaker:INFO  - Track Reps: 1
StFwdTrackMaker:INFO  - Track Rep 0 
genfit::AbsTrackRep, pdgCode = -211. PropDir = 0
fitStatus 
 track has been fitted, fit has converged fully, 0 TrackPoints could not be processed, fitted charge = 1, PruneFlags: 
 track has been fitted with reference track, numIterations = 4, track length = 367.374, fChi2 = 415.08, bChi2 = 415.08, fNdf = 21, bNdf = 21, fPVal = 6.99627e-75, bPVal = 6.99627e-75

StFwdTrackMaker:INFO  - GenFitTrackResult::mIdTruth = 2, QaTruth = 0.615385
StFwdTrackMaker:INFO  - GTR Setting momentum from track
StFwdTrackMaker:INFO  - --isFitConvergedPartially() = 1
StFwdTrackMaker:INFO  - --isFitConverged() = 1
StFwdTrackMaker:INFO  - --isFitConvergedFully() = 1
StFwdTrackMaker:INFO  - Refitting Track 1, McId=1 with Primary Vertex, seed already has: 12 hits
StFwdTrackMaker:INFO  - mEventVertexHit: 0, 0, 0
StFwdTrackMaker:INFO  - This fit is for a global that converged? = 1
StFwdTrackMaker:INFO  - GenFitTrackResult::mIdTruth = 1, QaTruth = 0.615385
The points are collinear, curvature is undefined.
p1 = 0, 0
p2 = -7.6006, -16.8666
p3 = -7.6006, -16.8666
The points are collinear, curvature is undefined.
p1 = -6.31021, -14.1574
p2 = -7.6006, -16.8666
p3 = -7.6006, -16.8666
The points are collinear, curvature is undefined.
p1 = -7.6006, -16.8666
p2 = -7.6006, -16.8666
p3 = -8.03751, -29.5074
The points are collinear, curvature is undefined.
p1 = -7.6006, -16.8666
p2 = -7.6006, -16.8666
p3 = -11.2609, -35.226
The points are collinear, curvature is undefined.
p1 = -7.6006, -16.8666
p2 = -7.6006, -16.8666
p3 = -12.8479, -31.2368
The points are collinear, curvature is undefined.
p1 = -7.6006, -16.8666
p2 = -7.6006, -16.8666
p3 = -11.8559, -27.7451
The points are collinear, curvature is undefined.
p1 = -7.6006, -16.8666
p2 = -7.6006, -16.8666
p3 = -9.37147, -32.7725
The points are collinear, curvature is undefined.
p1 = -7.6006, -16.8666
p2 = -7.6006, -16.8666
p3 = -12.4047, -31.0136
The points are collinear, curvature is undefined.
p1 = -7.6006, -16.8666
p2 = -7.6006, -16.8666
p3 = -9.32401, -34.4667
The points are collinear, curvature is undefined.
p1 = -7.6006, -16.8666
p2 = -7.6006, -16.8666
p3 = -13.0218, -33.5506
The points are collinear, curvature is undefined.
p1 = -7.6006, -16.8666
p2 = -7.6006, -16.8666
p3 = -14.2186, -34.3267
StFwdTrackMaker:INFO  - GenericFitSeeder::makeSeed::Curvature: 0.0191291
StFwdTrackMaker:INFO  - GenericFitSeeder::makeSeed::pt = 0.0783598
StFwdTrackMaker:INFO  - Note: Using externally provided seed momentum
StFwdTrackMaker:INFO  - Track Setup complete, track has 13 points
StFwdTrackMaker:INFO  -  sorting changed track points: 1
StFwdTrackMaker:INFO  - Fit status:  1
StFwdTrackMaker:INFO  - -Fit pvalue: 1.66925e-76
StFwdTrackMaker:INFO  - -Fit Chi2:   422.904
StFwdTrackMaker:INFO  - -Fit Chi2:   422.904
StFwdTrackMaker:INFO  - Track fit charge: -1Fit momentum: -0.101373, -0.19894, 2.20165
StFwdTrackMaker:INFO  - 	Fit Pt: 0.22328, eta: 2.98424, phi: -2.04207
StFwdTrackMaker:INFO  - Track fit update complete!
StFwdTrackMaker:INFO  - Track Reps: 1
StFwdTrackMaker:INFO  - Track Rep 0 
genfit::AbsTrackRep, pdgCode = 211. PropDir = 0
fitStatus 
 track has been fitted, fit has converged fully, 0 TrackPoints could not be processed, fitted charge = -1, PruneFlags: 
 track has been fitted with reference track, numIterations = 4, track length = 367.306, fChi2 = 422.904, bChi2 = 422.904, fNdf = 21, bNdf = 21, fPVal = 1.66925e-76, bPVal = 1.66925e-76

StFwdTrackMaker:INFO  - GenFitTrackResult::mIdTruth = 1, QaTruth = 0.615385
StFwdTrackMaker:INFO  - GTR Setting momentum from track
StFwdTrackMaker:INFO  - --isFitConvergedPartially() = 1
StFwdTrackMaker:INFO  - --isFitConverged() = 1
StFwdTrackMaker:INFO  - --isFitConvergedFully() = 1
StFwdTrackMaker:INFO  - 	Initial fit complete, now refitting with additional points
StFwdTrackMaker:INFO  - Looking for FTT strips near projected state on disk 0
StFwdTrackMaker:INFO  - There are 6 available FTT strips on this disk
AAA FTT proj z= 312.84  x=-11.368 y=-29.533  r= 31.645 phi=-1.9383  sigU= 0.010 sigV= 0.000
AAA FTT momentum at proj: pT= 0.223 eta= 2.986 phi=-1.8541  px= -0.062 py= -0.214 pz=  2.202
AAA FTT search thresholds: dPhi<0.1200 dR<30.00 dx<7.50 dy<7.50  nHits=6
findFttHitsNearProjectedState, msp = (-11.368371, -29.532655)
	 vs. hit@(-8.037513+/-4.330127, -29.507374+/-0.010000) => dx=3.330858, dy=0.025282, dR=1.062725, dPhi=0.101521 (tid=1), strip=horizontal
AAA FTT hit H pos=( -8.038+/-4.33, -29.507+/-0.01)  dx= 3.331 dy= 0.025 dR= 1.063 dPhi=0.1015 (tid=1)  dPhi:OK dR:OK XY:OK
	 vs. hit@(-10.667669+/-4.330127, -29.139639+/-0.010000) => dx=0.700701, dy=0.393017, dR=0.614267, dPhi=0.016524 (tid=2), strip=horizontal
AAA FTT hit H pos=(-10.668+/-4.33, -29.140+/-0.01)  dx= 0.701 dy= 0.393 dR= 0.614 dPhi=0.0165 (tid=2)  dPhi:OK dR:OK XY:OK
AAA FTT hit H pos=(-17.051+/-4.33, -29.473+/-0.01)  dx= 5.683 dy= 0.060 dR= 2.405 dPhi=0.1570 (tid=3)  dPhi:FAIL dR:OK XY:OK
	 vs. hit@(-11.260900+/-0.010000, -35.226025+/-4.330127) => dx=0.107470, dy=5.693369, dR=5.336985, dPhi=0.058050 (tid=1), strip=vertical
AAA FTT hit V pos=(-11.261+/-0.01, -35.226+/-4.33)  dx= 0.107 dy= 5.693 dR= 5.337 dPhi=0.0581 (tid=1)  dPhi:OK dR:OK XY:OK
	 vs. hit@(-13.726418+/-0.010000, -35.546883+/-4.330127) => dx=2.358048, dy=6.014227, dR=6.459875, dPhi=0.001051 (tid=2), strip=vertical
AAA FTT hit V pos=(-13.726+/-0.01, -35.547+/-4.33)  dx= 2.358 dy= 6.014 dR= 6.460 dPhi=0.0011 (tid=2)  dPhi:OK dR:OK XY:OK
	 vs. hit@(-11.508279+/-0.010000, -33.710602+/-4.330127) => dx=0.139908, dy=4.177946, dR=3.975670, dPhi=0.038480 (tid=3), strip=vertical
AAA FTT hit V pos=(-11.508+/-0.01, -33.711+/-4.33)  dx= 0.140 dy= 4.178 dR= 3.976 dPhi=0.0385 (tid=3)  dPhi:OK dR:OK XY:OK
StFwdTrackMaker:INFO  - Adding horizontal strip hit with dPhi = 0.101521, dR = 1.06272, dx = 3.33086, dy = 0.0252817
StFwdTrackMaker:INFO  - Adding vertical strip hit with dPhi = 0.05805, dR = 5.33698, dx = 0.10747, dy = 5.69337
StFwdTrackMaker:INFO  - Closest horizontal FTT strip to FST state: dR=1.062725, dPhi=0.101521, dx=3.330858, dy=0.025282 (tid=1) 
AAA FTT closest-H dPhi=0.1015(<0.1200) dR= 1.063(< 30.0) dx= 3.331 dy= 0.025(< 7.50) tid=1 -> ACCEPT
StFwdTrackMaker:INFO  - Closest vertical FTT strip to FST state: dR=5.336985, dPhi=0.058050, dx=0.107470, dy=5.693369 (tid=1) 
AAA FTT closest-V dPhi=0.0581(<0.1200) dR= 5.337(< 30.0) dx= 0.107 dy= 5.693(< 7.50) tid=1 -> ACCEPT
AAA FTT result: 2 hits added (H:ACCEPT V:ACCEPT)
StFwdTrackMaker:INFO  -  Found #FTT strips on plane #0 = [2]
StFwdTrackMaker:INFO  - Found 13 existing seed points
StFwdTrackMaker:INFO  - Adding 2 new FTT seed points
StFwdTrackMaker:INFO  - Hit already in seed, skipping
StFwdTrackMaker:INFO  - Hit already in seed, skipping
StFwdTrackMaker:INFO  - Looking for FTT strips near projected state on disk 1
StFwdTrackMaker:INFO  - There are 6 available FTT strips on this disk
AAA FTT proj z= 330.84  x=-11.884 y=-31.280  r= 33.461 phi=-1.9339  sigU= 0.010 sigV= 0.000
AAA FTT momentum at proj: pT= 0.223 eta= 2.987 phi=-1.8620  px= -0.064 py= -0.213 pz=  2.202
AAA FTT search thresholds: dPhi<0.1200 dR<30.00 dx<7.50 dy<7.50  nHits=6
findFttHitsNearProjectedState, msp = (-11.883527, -31.279710)
	 vs. hit@(-12.847940+/-4.330127, -31.236794+/-0.010000) => dx=0.964413, dy=0.042916, dR=0.314833, dPhi=0.027147 (tid=1), strip=horizontal
AAA FTT hit H pos=(-12.848+/-4.33, -31.237+/-0.01)  dx= 0.964 dy= 0.043 dR= 0.315 dPhi=0.0271 (tid=1)  dPhi:OK dR:OK XY:OK
	 vs. hit@(-11.676448+/-4.330127, -30.839258+/-0.010000) => dx=0.207079, dy=0.440451, dR=0.485261, dPhi=0.001127 (tid=2), strip=horizontal
AAA FTT hit H pos=(-11.676+/-4.33, -30.839+/-0.01)  dx= 0.207 dy= 0.440 dR= 0.485 dPhi=0.0011 (tid=2)  dPhi:OK dR:OK XY:OK
AAA FTT hit H pos=(-18.890+/-4.33, -31.204+/-0.01)  dx= 7.006 dy= 0.076 dR= 3.015 dPhi=0.1813 (tid=3)  dPhi:FAIL dR:OK XY:OK
	 vs. hit@(-11.855920+/-0.010000, -27.745050+/-4.330127) => dx=0.027607, dy=3.534659, dR=3.288981, dPhi=0.040761 (tid=1), strip=vertical
AAA FTT hit V pos=(-11.856+/-0.01, -27.745+/-4.33)  dx= 0.028 dy= 3.535 dR= 3.289 dPhi=0.0408 (tid=1)  dPhi:OK dR:OK XY:OK
	 vs. hit@(-14.554903+/-0.010000, -31.528025+/-4.330127) => dx=2.671376, dy=0.248315, dR=1.264518, dPhi=0.069430 (tid=2), strip=vertical
AAA FTT hit V pos=(-14.555+/-0.01, -31.528+/-4.33)  dx= 2.671 dy= 0.248 dR= 1.265 dPhi=0.0694 (tid=2)  dPhi:OK dR:OK XY:OK
	 vs. hit@(-12.136179+/-0.010000, -28.631783+/-4.330127) => dx=0.252652, dy=2.647927, dR=2.363317, dPhi=0.037844 (tid=3), strip=vertical
AAA FTT hit V pos=(-12.136+/-0.01, -28.632+/-4.33)  dx= 0.253 dy= 2.648 dR= 2.363 dPhi=0.0378 (tid=3)  dPhi:OK dR:OK XY:OK
StFwdTrackMaker:INFO  - Adding horizontal strip hit with dPhi = 0.0271466, dR = 0.314833, dx = 0.964413, dy = 0.0429161
StFwdTrackMaker:INFO  - Adding vertical strip hit with dPhi = 0.0407613, dR = 3.28898, dx = 0.0276071, dy = 3.53466
StFwdTrackMaker:INFO  - Closest horizontal FTT strip to FST state: dR=0.314833, dPhi=0.027147, dx=0.964413, dy=0.042916 (tid=1) 
AAA FTT closest-H dPhi=0.0271(<0.1200) dR= 0.315(< 30.0) dx= 0.964 dy= 0.043(< 7.50) tid=1 -> ACCEPT
StFwdTrackMaker:INFO  - Closest vertical FTT strip to FST state: dR=3.288981, dPhi=0.040761, dx=0.027607, dy=3.534659 (tid=1) 
AAA FTT closest-V dPhi=0.0408(<0.1200) dR= 3.289(< 30.0) dx= 0.028 dy= 3.535(< 7.50) tid=1 -> ACCEPT
AAA FTT result: 2 hits added (H:ACCEPT V:ACCEPT)
StFwdTrackMaker:INFO  -  Found #FTT strips on plane #1 = [2]
StFwdTrackMaker:INFO  - Found 13 existing seed points
StFwdTrackMaker:INFO  - Adding 2 new FTT seed points
StFwdTrackMaker:INFO  - Hit already in seed, skipping
StFwdTrackMaker:INFO  - Hit already in seed, skipping
StFwdTrackMaker:INFO  - Looking for FTT strips near projected state on disk 2
StFwdTrackMaker:INFO  - There are 6 available FTT strips on this disk
AAA FTT proj z= 346.85  x=-12.356 y=-32.826  r= 35.075 phi=-1.9308  sigU= 0.010 sigV= 0.000
AAA FTT momentum at proj: pT= 0.222 eta= 2.988 phi=-1.8726  px= -0.066 py= -0.212 pz=  2.202
AAA FTT search thresholds: dPhi<0.1200 dR<30.00 dx<7.50 dy<7.50  nHits=6
findFttHitsNearProjectedState, msp = (-12.355882, -32.826411)
	 vs. hit@(-9.371473+/-4.330127, -32.772484+/-0.010000) => dx=2.984409, dy=0.053927, dR=0.988722, dPhi=0.081475 (tid=1), strip=horizontal
AAA FTT hit H pos=( -9.371+/-4.33, -32.772+/-0.01)  dx= 2.984 dy= 0.054 dR= 0.989 dPhi=0.0815 (tid=1)  dPhi:OK dR:OK XY:OK
AAA FTT hit H pos=(-17.632+/-4.33, -32.285+/-0.01)  dx= 5.276 dy= 0.541 dR= 1.712 dPhi=0.1399 (tid=2)  dPhi:FAIL dR:OK XY:OK
	 vs. hit@(-13.540433+/-4.330127, -32.718029+/-0.010000) => dx=1.184551, dy=0.108382, dR=0.334426, dPhi=0.032393 (tid=3), strip=horizontal
AAA FTT hit H pos=(-13.540+/-4.33, -32.718+/-0.01)  dx= 1.185 dy= 0.108 dR= 0.334 dPhi=0.0324 (tid=3)  dPhi:OK dR:OK XY:OK
	 vs. hit@(-12.404651+/-0.010000, -31.013594+/-4.330127) => dx=0.048769, dy=1.812817, dR=1.672422, dPhi=0.020486 (tid=1), strip=vertical
AAA FTT hit V pos=(-12.405+/-0.01, -31.014+/-4.33)  dx= 0.049 dy= 1.813 dR= 1.672 dPhi=0.0205 (tid=1)  dPhi:OK dR:OK XY:OK
	 vs. hit@(-15.264917+/-0.010000, -34.368534+/-4.330127) => dx=2.909035, dy=1.542123, dR=2.531242, dPhi=0.057984 (tid=2), strip=vertical
AAA FTT hit V pos=(-15.265+/-0.01, -34.369+/-4.33)  dx= 2.909 dy= 1.542 dR= 2.531 dPhi=0.0580 (tid=2)  dPhi:OK dR:OK XY:OK
	 vs. hit@(-12.646589+/-0.010000, -38.209621+/-4.330127) => dx=0.290707, dy=5.383210, dR=5.173330, dPhi=0.040368 (tid=3), strip=vertical
AAA FTT hit V pos=(-12.647+/-0.01, -38.210+/-4.33)  dx= 0.291 dy= 5.383 dR= 5.173 dPhi=0.0404 (tid=3)  dPhi:OK dR:OK XY:OK
StFwdTrackMaker:INFO  - Adding horizontal strip hit with dPhi = 0.0814754, dR = 0.988722, dx = 2.98441, dy = 0.0539273
StFwdTrackMaker:INFO  - Adding vertical strip hit with dPhi = 0.0204865, dR = 1.67242, dx = 0.0487688, dy = 1.81282
StFwdTrackMaker:INFO  - Closest horizontal FTT strip to FST state: dR=0.988722, dPhi=0.081475, dx=2.984409, dy=0.053927 (tid=1) 
AAA FTT closest-H dPhi=0.0815(<0.1200) dR= 0.989(< 30.0) dx= 2.984 dy= 0.054(< 7.50) tid=1 -> ACCEPT
StFwdTrackMaker:INFO  - Closest vertical FTT strip to FST state: dR=1.672422, dPhi=0.020486, dx=0.048769, dy=1.812817 (tid=1) 
AAA FTT closest-V dPhi=0.0205(<0.1200) dR= 1.672(< 30.0) dx= 0.049 dy= 1.813(< 7.50) tid=1 -> ACCEPT
AAA FTT result: 2 hits added (H:ACCEPT V:ACCEPT)
StFwdTrackMaker:INFO  -  Found #FTT strips on plane #2 = [2]
StFwdTrackMaker:INFO  - Found 13 existing seed points
StFwdTrackMaker:INFO  - Adding 2 new FTT seed points
StFwdTrackMaker:INFO  - Hit already in seed, skipping
StFwdTrackMaker:INFO  - Hit already in seed, skipping
StFwdTrackMaker:INFO  - Looking for FTT strips near projected state on disk 3
StFwdTrackMaker:INFO  - There are 6 available FTT strips on this disk
AAA FTT proj z= 364.84  x=-12.906 y=-34.557  r= 36.888 phi=-1.9282  sigU= 0.010 sigV= 0.000
AAA FTT momentum at proj: pT= 0.222 eta= 2.989 phi=-1.8844  px= -0.069 py= -0.211 pz=  2.202
AAA FTT search thresholds: dPhi<0.1200 dR<30.00 dx<7.50 dy<7.50  nHits=6
findFttHitsNearProjectedState, msp = (-12.906161, -34.556870)
	 vs. hit@(-9.324011+/-4.330127, -34.466702+/-0.010000) => dx=3.582151, dy=0.090168, dR=1.182683, dPhi=0.093235 (tid=1), strip=horizontal
AAA FTT hit H pos=( -9.324+/-4.33, -34.467+/-0.01)  dx= 3.582 dy= 0.090 dR= 1.183 dPhi=0.0932 (tid=1)  dPhi:OK dR:OK XY:OK
AAA FTT hit H pos=(-17.670+/-4.33, -33.987+/-0.01)  dx= 4.764 dy= 0.570 dR= 1.418 dPhi=0.1220 (tid=2)  dPhi:FAIL dR:OK XY:OK
	 vs. hit@(-15.498422+/-4.330127, -34.389561+/-0.010000) => dx=2.592260, dy=0.167309, dR=0.832296, dPhi=0.065979 (tid=3), strip=horizontal
AAA FTT hit H pos=(-15.498+/-4.33, -34.390+/-0.01)  dx= 2.592 dy= 0.167 dR= 0.832 dPhi=0.0660 (tid=3)  dPhi:OK dR:OK XY:OK
	 vs. hit@(-13.021799+/-0.010000, -33.550606+/-4.330127) => dx=0.115638, dy=1.006264, dR=0.899263, dPhi=0.012793 (tid=1), strip=vertical
AAA FTT hit V pos=(-13.022+/-0.01, -33.551+/-4.33)  dx= 0.116 dy= 1.006 dR= 0.899 dPhi=0.0128 (tid=1)  dPhi:OK dR:OK XY:OK
	 vs. hit@(-16.123884+/-0.010000, -40.968906+/-4.330127) => dx=3.217723, dy=6.412037, dR=7.139321, dPhi=0.017512 (tid=2), strip=vertical
AAA FTT hit V pos=(-16.124+/-0.01, -40.969+/-4.33)  dx= 3.218 dy= 6.412 dR= 7.139 dPhi=0.0175 (tid=2)  dPhi:OK dR:OK XY:OK
	 vs. hit@(-13.241864+/-0.010000, -38.369137+/-4.330127) => dx=0.335703, dy=3.812267, dR=3.701577, dPhi=0.025115 (tid=3), strip=vertical
AAA FTT hit V pos=(-13.242+/-0.01, -38.369+/-4.33)  dx= 0.336 dy= 3.812 dR= 3.702 dPhi=0.0251 (tid=3)  dPhi:OK dR:OK XY:OK
StFwdTrackMaker:INFO  - Adding horizontal strip hit with dPhi = 0.0932353, dR = 1.18268, dx = 3.58215, dy = 0.0901683
StFwdTrackMaker:INFO  - Adding vertical strip hit with dPhi = 0.0127929, dR = 0.899263, dx = 0.115638, dy = 1.00626
StFwdTrackMaker:INFO  - Closest horizontal FTT strip to FST state: dR=1.182683, dPhi=0.093235, dx=3.582151, dy=0.090168 (tid=1) 
AAA FTT closest-H dPhi=0.0932(<0.1200) dR= 1.183(< 30.0) dx= 3.582 dy= 0.090(< 7.50) tid=1 -> ACCEPT
StFwdTrackMaker:INFO  - Closest vertical FTT strip to FST state: dR=0.899263, dPhi=0.012793, dx=0.115638, dy=1.006264 (tid=1) 
AAA FTT closest-V dPhi=0.0128(<0.1200) dR= 0.899(< 30.0) dx= 0.116 dy= 1.006(< 7.50) tid=1 -> ACCEPT
AAA FTT result: 2 hits added (H:ACCEPT V:ACCEPT)
StFwdTrackMaker:INFO  -  Found #FTT strips on plane #3 = [2]
StFwdTrackMaker:INFO  - Found 13 existing seed points
StFwdTrackMaker:INFO  - Adding 2 new FTT seed points
StFwdTrackMaker:INFO  - Hit already in seed, skipping
StFwdTrackMaker:INFO  - Hit already in seed, skipping
StFwdTrackMaker:INFO  - Closest EPD hit to state: dR=0.757652, dPhi=0.036374, dx=-0.993434, dy=1.204427
StFwdTrackMaker:INFO  - GenFitTrackResult::mIdTruth = 1, QaTruth = 0.615385
The points are collinear, curvature is undefined.
p1 = 0, 0
p2 = -7.6006, -16.8666
p3 = -7.6006, -16.8666
The points are collinear, curvature is undefined.
p1 = -6.31021, -14.1574
p2 = -7.6006, -16.8666
p3 = -7.6006, -16.8666
The points are collinear, curvature is undefined.
p1 = -7.6006, -16.8666
p2 = -7.6006, -16.8666
p3 = -8.03751, -29.5074
The points are collinear, curvature is undefined.
p1 = -7.6006, -16.8666
p2 = -7.6006, -16.8666
p3 = -11.2609, -35.226
The points are collinear, curvature is undefined.
p1 = -7.6006, -16.8666
p2 = -7.6006, -16.8666
p3 = -12.8479, -31.2368
The points are collinear, curvature is undefined.
p1 = -7.6006, -16.8666
p2 = -7.6006, -16.8666
p3 = -11.8559, -27.7451
The points are collinear, curvature is undefined.
p1 = -7.6006, -16.8666
p2 = -7.6006, -16.8666
p3 = -9.37147, -32.7725
The points are collinear, curvature is undefined.
p1 = -7.6006, -16.8666
p2 = -7.6006, -16.8666
p3 = -12.4047, -31.0136
The points are collinear, curvature is undefined.
p1 = -7.6006, -16.8666
p2 = -7.6006, -16.8666
p3 = -9.32401, -34.4667
The points are collinear, curvature is undefined.
p1 = -7.6006, -16.8666
p2 = -7.6006, -16.8666
p3 = -13.0218, -33.5506
The points are collinear, curvature is undefined.
p1 = -7.6006, -16.8666
p2 = -7.6006, -16.8666
p3 = -14.2186, -34.3267
StFwdTrackMaker:INFO  - GenericFitSeeder::makeSeed::Curvature: 0.0191291
StFwdTrackMaker:INFO  - GenericFitSeeder::makeSeed::pt = 0.0783598
StFwdTrackMaker:INFO  - Note: Using externally provided seed momentum
StFwdTrackMaker:INFO  - Track Setup complete, track has 13 points
StFwdTrackMaker:INFO  -  sorting changed track points: 1
StFwdTrackMaker:INFO  - Fit status:  1
StFwdTrackMaker:INFO  - -Fit pvalue: 1.66439e-76
StFwdTrackMaker:INFO  - -Fit Chi2:   422.91
StFwdTrackMaker:INFO  - -Fit Chi2:   422.91
StFwdTrackMaker:INFO  - Track fit charge: -1Fit momentum: -0.101373, -0.198939, 2.20163
StFwdTrackMaker:INFO  - 	Fit Pt: 0.223278, eta: 2.98424, phi: -2.04207
StFwdTrackMaker:INFO  - Track fit update complete!
StFwdTrackMaker:INFO  - Track Reps: 1
StFwdTrackMaker:INFO  - Track Rep 0 
genfit::AbsTrackRep, pdgCode = 211. PropDir = 0
fitStatus 
 track has been fitted, fit has converged fully, 0 TrackPoints could not be processed, fitted charge = -1, PruneFlags: 
 track has been fitted with reference track, numIterations = 4, track length = 367.306, fChi2 = 422.91, bChi2 = 422.91, fNdf = 21, bNdf = 21, fPVal = 1.66439e-76, bPVal = 1.66439e-76

StFwdTrackMaker:INFO  - GenFitTrackResult::mIdTruth = 1, QaTruth = 0.615385
StFwdTrackMaker:INFO  - GTR Setting momentum from track
StFwdTrackMaker:INFO  - --isFitConvergedPartially() = 1
StFwdTrackMaker:INFO  - --isFitConverged() = 1
StFwdTrackMaker:INFO  - --isFitConvergedFully() = 1
StFwdTrackMaker:INFO  - Refitting Track 2, McId=3 with Primary Vertex, seed already has: 3 hits
StFwdTrackMaker:INFO  - mEventVertexHit: 0, 0, 0
StFwdTrackMaker:INFO  - This fit is for a global that converged? = 1
StFwdTrackMaker:INFO  - GenFitTrackResult::mIdTruth = 3, QaTruth = 0.75
The points are collinear, curvature is undefined.
p1 = 0, 0
p2 = -5.96087, -14.308
p3 = -5.96087, -14.308
The points are collinear, curvature is undefined.
p1 = -5.96087, -14.308
p2 = -5.96087, -14.308
p3 = -7.04467, -17.1062
StFwdTrackMaker:INFO  - GenericFitSeeder::makeSeed::Curvature: -0.00272634
StFwdTrackMaker:INFO  - GenericFitSeeder::makeSeed::pt = 0.549803
StFwdTrackMaker:INFO  - Note: Using externally provided seed momentum
StFwdTrackMaker:INFO  - Track Setup complete, track has 4 points
StFwdTrackMaker:INFO  -  sorting changed track points: 0
StFwdTrackMaker:INFO  - Fit status:  1
StFwdTrackMaker:INFO  - -Fit pvalue: 0.175536
StFwdTrackMaker:INFO  - -Fit Chi2:   4.94945
StFwdTrackMaker:INFO  - -Fit Chi2:   4.94945
StFwdTrackMaker:INFO  - Track fit charge: -1Fit momentum: -0.218471, -0.494172, 5.40428
StFwdTrackMaker:INFO  - 	Fit Pt: 0.540311, eta: 2.99844, phi: -1.98706
StFwdTrackMaker:INFO  - Track fit update complete!
StFwdTrackMaker:INFO  - Track Reps: 1
StFwdTrackMaker:INFO  - Track Rep 0 
genfit::AbsTrackRep, pdgCode = -211. PropDir = 0
fitStatus 
 track has been fitted, fit has converged fully, 0 TrackPoints could not be processed, fitted charge = -1, PruneFlags: 
 track has been fitted with reference track, numIterations = 4, track length = 179.325, fChi2 = 4.94945, bChi2 = 4.94945, fNdf = 3, bNdf = 3, fPVal = 0.175536, bPVal = 0.175536

StFwdTrackMaker:INFO  - GenFitTrackResult::mIdTruth = 3, QaTruth = 0.75
StFwdTrackMaker:INFO  - GTR Setting momentum from track
StFwdTrackMaker:INFO  - --isFitConvergedPartially() = 1
StFwdTrackMaker:INFO  - --isFitConverged() = 1
StFwdTrackMaker:INFO  - --isFitConvergedFully() = 1
StFwdTrackMaker:INFO  - 	Initial fit complete, now refitting with additional points
StFwdTrackMaker:INFO  - Looking for FTT strips near projected state on disk 0
StFwdTrackMaker:INFO  - There are 6 available FTT strips on this disk
AAA FTT proj z= 312.84  x=-11.413 y=-29.110  r= 31.267 phi=-1.9445  sigU= 0.082 sigV= 0.002
AAA FTT momentum at proj: pT= 0.540 eta= 2.999 phi=-1.9105  px= -0.180 py= -0.509 pz=  5.404
AAA FTT search thresholds: dPhi<0.1200 dR<30.00 dx<7.50 dy<7.50  nHits=6
findFttHitsNearProjectedState, msp = (-11.413466, -29.109563)
	 vs. hit@(-8.037513+/-4.330127, -29.507374+/-0.010000) => dx=3.375954, dy=0.397811, dR=0.684679, dPhi=0.107728 (tid=1), strip=horizontal
AAA FTT hit H pos=( -8.038+/-4.33, -29.507+/-0.01)  dx= 3.376 dy= 0.398 dR= 0.685 dPhi=0.1077 (tid=1)  dPhi:OK dR:OK XY:OK
	 vs. hit@(-10.667669+/-4.330127, -29.139639+/-0.010000) => dx=0.745797, dy=0.030076, dR=0.236221, dPhi=0.022731 (tid=2), strip=horizontal
AAA FTT hit H pos=(-10.668+/-4.33, -29.140+/-0.01)  dx= 0.746 dy= 0.030 dR= 0.236 dPhi=0.0227 (tid=2)  dPhi:OK dR:OK XY:OK
AAA FTT hit H pos=(-17.051+/-4.33, -29.473+/-0.01)  dx= 5.638 dy= 0.363 dR= 2.783 dPhi=0.1508 (tid=3)  dPhi:FAIL dR:OK XY:OK
	 vs. hit@(-11.260900+/-0.010000, -35.226025+/-4.330127) => dx=0.152566, dy=6.116462, dR=5.715030, dPhi=0.064257 (tid=1), strip=vertical
AAA FTT hit V pos=(-11.261+/-0.01, -35.226+/-4.33)  dx= 0.153 dy= 6.116 dR= 5.715 dPhi=0.0643 (tid=1)  dPhi:OK dR:OK XY:OK
	 vs. hit@(-13.726418+/-0.010000, -35.546883+/-4.330127) => dx=2.312952, dy=6.437320, dR=6.837921, dPhi=0.005156 (tid=2), strip=vertical
AAA FTT hit V pos=(-13.726+/-0.01, -35.547+/-4.33)  dx= 2.313 dy= 6.437 dR= 6.838 dPhi=0.0052 (tid=2)  dPhi:OK dR:OK XY:OK
	 vs. hit@(-11.508279+/-0.010000, -33.710602+/-4.330127) => dx=0.094813, dy=4.601039, dR=4.353716, dPhi=0.044687 (tid=3), strip=vertical
AAA FTT hit V pos=(-11.508+/-0.01, -33.711+/-4.33)  dx= 0.095 dy= 4.601 dR= 4.354 dPhi=0.0447 (tid=3)  dPhi:OK dR:OK XY:OK
StFwdTrackMaker:INFO  - Adding horizontal strip hit with dPhi = 0.0227313, dR = 0.236221, dx = 0.745797, dy = 0.0300763
StFwdTrackMaker:INFO  - Adding vertical strip hit with dPhi = 0.0446868, dR = 4.35372, dx = 0.0948125, dy = 4.60104
StFwdTrackMaker:INFO  - Closest horizontal FTT strip to FST state: dR=0.236221, dPhi=0.022731, dx=0.745797, dy=0.030076 (tid=2) 
AAA FTT closest-H dPhi=0.0227(<0.1200) dR= 0.236(< 30.0) dx= 0.746 dy= 0.030(< 7.50) tid=2 -> ACCEPT
StFwdTrackMaker:INFO  - Closest vertical FTT strip to FST state: dR=4.353716, dPhi=0.044687, dx=0.094813, dy=4.601039 (tid=3) 
AAA FTT closest-V dPhi=0.0447(<0.1200) dR= 4.354(< 30.0) dx= 0.095 dy= 4.601(< 7.50) tid=3 -> ACCEPT
AAA FTT result: 2 hits added (H:ACCEPT V:ACCEPT)
StFwdTrackMaker:INFO  -  Found #FTT strips on plane #0 = [2]
StFwdTrackMaker:INFO  - Found 4 existing seed points
StFwdTrackMaker:INFO  - Adding 2 new FTT seed points
StFwdTrackMaker:INFO  - Looking for FTT strips near projected state on disk 1
StFwdTrackMaker:INFO  - There are 6 available FTT strips on this disk
AAA FTT proj z= 330.84  x=-12.015 y=-30.805  r= 33.066 phi=-1.9427  sigU= 0.082 sigV= 0.002
AAA FTT momentum at proj: pT= 0.540 eta= 2.999 phi=-1.9137  px= -0.182 py= -0.509 pz=  5.404
AAA FTT search thresholds: dPhi<0.1200 dR<30.00 dx<7.50 dy<7.50  nHits=6
findFttHitsNearProjectedState, msp = (-12.015464, -30.805276)
	 vs. hit@(-12.847940+/-4.330127, -31.236794+/-0.010000) => dx=0.832476, dy=0.431517, dR=0.710194, dPhi=0.018321 (tid=1), strip=horizontal
AAA FTT hit H pos=(-12.848+/-4.33, -31.237+/-0.01)  dx= 0.832 dy= 0.432 dR= 0.710 dPhi=0.0183 (tid=1)  dPhi:OK dR:OK XY:OK
	 vs. hit@(-11.676448+/-4.330127, -30.839258+/-0.010000) => dx=0.339017, dy=0.033982, dR=0.089900, dPhi=0.009953 (tid=2), strip=horizontal
AAA FTT hit H pos=(-11.676+/-4.33, -30.839+/-0.01)  dx= 0.339 dy= 0.034 dR= 0.090 dPhi=0.0100 (tid=2)  dPhi:OK dR:OK XY:OK
AAA FTT hit H pos=(-18.890+/-4.33, -31.204+/-0.01)  dx= 6.874 dy= 0.399 dR= 3.411 dPhi=0.1725 (tid=3)  dPhi:FAIL dR:OK XY:OK
	 vs. hit@(-11.855920+/-0.010000, -27.745050+/-4.330127) => dx=0.159545, dy=3.060226, dR=2.893620, dPhi=0.031935 (tid=1), strip=vertical
AAA FTT hit V pos=(-11.856+/-0.01, -27.745+/-4.33)  dx= 0.160 dy= 3.060 dR= 2.894 dPhi=0.0319 (tid=1)  dPhi:OK dR:OK XY:OK
	 vs. hit@(-14.554903+/-0.010000, -31.528025+/-4.330127) => dx=2.539439, dy=0.722749, dR=1.659879, dPhi=0.060604 (tid=2), strip=vertical
AAA FTT hit V pos=(-14.555+/-0.01, -31.528+/-4.33)  dx= 2.539 dy= 0.723 dR= 1.660 dPhi=0.0606 (tid=2)  dPhi:OK dR:OK XY:OK
	 vs. hit@(-12.136179+/-0.010000, -28.631783+/-4.330127) => dx=0.120715, dy=2.173494, dR=1.967956, dPhi=0.029018 (tid=3), strip=vertical
AAA FTT hit V pos=(-12.136+/-0.01, -28.632+/-4.33)  dx= 0.121 dy= 2.173 dR= 1.968 dPhi=0.0290 (tid=3)  dPhi:OK dR:OK XY:OK
StFwdTrackMaker:INFO  - Adding horizontal strip hit with dPhi = 0.00995263, dR = 0.0899003, dx = 0.339017, dy = 0.0339821
StFwdTrackMaker:INFO  - Adding vertical strip hit with dPhi = 0.0290182, dR = 1.96796, dx = 0.120715, dy = 2.17349
StFwdTrackMaker:INFO  - Closest horizontal FTT strip to FST state: dR=0.089900, dPhi=0.009953, dx=0.339017, dy=0.033982 (tid=2) 
AAA FTT closest-H dPhi=0.0100(<0.1200) dR= 0.090(< 30.0) dx= 0.339 dy= 0.034(< 7.50) tid=2 -> ACCEPT
StFwdTrackMaker:INFO  - Closest vertical FTT strip to FST state: dR=1.967956, dPhi=0.029018, dx=0.120715, dy=2.173494 (tid=3) 
AAA FTT closest-V dPhi=0.0290(<0.1200) dR= 1.968(< 30.0) dx= 0.121 dy= 2.173(< 7.50) tid=3 -> ACCEPT
AAA FTT result: 2 hits added (H:ACCEPT V:ACCEPT)
StFwdTrackMaker:INFO  -  Found #FTT strips on plane #1 = [2]
StFwdTrackMaker:INFO  - Found 6 existing seed points
StFwdTrackMaker:INFO  - Adding 2 new FTT seed points
StFwdTrackMaker:INFO  - Looking for FTT strips near projected state on disk 2
StFwdTrackMaker:INFO  - There are 6 available FTT strips on this disk
AAA FTT proj z= 346.85  x=-12.556 y=-32.310  r= 34.664 phi=-1.9415  sigU= 0.082 sigV= 0.002
AAA FTT momentum at proj: pT= 0.540 eta= 2.999 phi=-1.9181  px= -0.184 py= -0.508 pz=  5.404
AAA FTT search thresholds: dPhi<0.1200 dR<30.00 dx<7.50 dy<7.50  nHits=6
findFttHitsNearProjectedState, msp = (-12.556424, -32.310325)
	 vs. hit@(-9.371473+/-4.330127, -32.772484+/-0.010000) => dx=3.184951, dy=0.462159, dR=0.578333, dPhi=0.092135 (tid=1), strip=horizontal
AAA FTT hit H pos=( -9.371+/-4.33, -32.772+/-0.01)  dx= 3.185 dy= 0.462 dR= 0.578 dPhi=0.0921 (tid=1)  dPhi:OK dR:OK XY:OK
AAA FTT hit H pos=(-17.632+/-4.33, -32.285+/-0.01)  dx= 5.076 dy= 0.025 dR= 2.122 dPhi=0.1292 (tid=2)  dPhi:FAIL dR:OK XY:OK
	 vs. hit@(-13.540433+/-4.330127, -32.718029+/-0.010000) => dx=0.984009, dy=0.407704, dR=0.744815, dPhi=0.021733 (tid=3), strip=horizontal
AAA FTT hit H pos=(-13.540+/-4.33, -32.718+/-0.01)  dx= 0.984 dy= 0.408 dR= 0.745 dPhi=0.0217 (tid=3)  dPhi:OK dR:OK XY:OK
	 vs. hit@(-12.404651+/-0.010000, -31.013594+/-4.330127) => dx=0.151773, dy=1.296731, dR=1.262033, dPhi=0.009827 (tid=1), strip=vertical
AAA FTT hit V pos=(-12.405+/-0.01, -31.014+/-4.33)  dx= 0.152 dy= 1.297 dR= 1.262 dPhi=0.0098 (tid=1)  dPhi:OK dR:OK XY:OK
	 vs. hit@(-15.264917+/-0.010000, -34.368534+/-4.330127) => dx=2.708493, dy=2.058209, dR=2.941631, dPhi=0.047324 (tid=2), strip=vertical
AAA FTT hit V pos=(-15.265+/-0.01, -34.369+/-4.33)  dx= 2.708 dy= 2.058 dR= 2.942 dPhi=0.0473 (tid=2)  dPhi:OK dR:OK XY:OK
	 vs. hit@(-12.646589+/-0.010000, -38.209621+/-4.330127) => dx=0.090165, dy=5.899296, dR=5.583719, dPhi=0.051027 (tid=3), strip=vertical
AAA FTT hit V pos=(-12.647+/-0.01, -38.210+/-4.33)  dx= 0.090 dy= 5.899 dR= 5.584 dPhi=0.0510 (tid=3)  dPhi:OK dR:OK XY:OK
StFwdTrackMaker:INFO  - Adding horizontal strip hit with dPhi = 0.129214, dR = 2.1219, dx = 5.07572, dy = 0.0250429
StFwdTrackMaker:INFO  - Adding vertical strip hit with dPhi = 0.051027, dR = 5.58372, dx = 0.0901653, dy = 5.8993
StFwdTrackMaker:INFO  - Closest horizontal FTT strip to FST state: dR=2.121899, dPhi=0.129214, dx=5.075723, dy=0.025043 (tid=2) 
AAA FTT closest-H dPhi=0.1292(<0.1200) dR= 2.122(< 30.0) dx= 5.076 dy= 0.025(< 7.50) tid=2 -> ACCEPT
StFwdTrackMaker:INFO  - Closest vertical FTT strip to FST state: dR=5.583719, dPhi=0.051027, dx=0.090165, dy=5.899296 (tid=3) 
AAA FTT closest-V dPhi=0.0510(<0.1200) dR= 5.584(< 30.0) dx= 0.090 dy= 5.899(< 7.50) tid=3 -> ACCEPT
AAA FTT result: 2 hits added (H:ACCEPT V:ACCEPT)
StFwdTrackMaker:INFO  -  Found #FTT strips on plane #2 = [2]
StFwdTrackMaker:INFO  - Found 8 existing seed points
StFwdTrackMaker:INFO  - Adding 2 new FTT seed points
StFwdTrackMaker:INFO  - Looking for FTT strips near projected state on disk 3
StFwdTrackMaker:INFO  - There are 6 available FTT strips on this disk
AAA FTT proj z= 364.84  x=-13.172 y=-33.999  r= 36.461 phi=-1.9404  sigU= 0.082 sigV= 0.002
AAA FTT momentum at proj: pT= 0.540 eta= 2.999 phi=-1.9229  px= -0.186 py= -0.507 pz=  5.404
AAA FTT search thresholds: dPhi<0.1200 dR<30.00 dx<7.50 dy<7.50  nHits=6
findFttHitsNearProjectedState, msp = (-13.172242, -33.998751)
	 vs. hit@(-9.324011+/-4.330127, -34.466702+/-0.010000) => dx=3.848231, dy=0.467950, dR=0.755642, dPhi=0.105428 (tid=1), strip=horizontal
AAA FTT hit H pos=( -9.324+/-4.33, -34.467+/-0.01)  dx= 3.848 dy= 0.468 dR= 0.756 dPhi=0.1054 (tid=1)  dPhi:OK dR:OK XY:OK
	 vs. hit@(-17.670483+/-4.330127, -33.987007+/-0.010000) => dx=4.498241, dy=0.011744, dR=1.844916, dPhi=0.109829 (tid=2), strip=horizontal
AAA FTT hit H pos=(-17.670+/-4.33, -33.987+/-0.01)  dx= 4.498 dy= 0.012 dR= 1.845 dPhi=0.1098 (tid=2)  dPhi:OK dR:OK XY:OK
	 vs. hit@(-15.498422+/-4.330127, -34.389561+/-0.010000) => dx=2.326180, dy=0.390810, dR=1.259337, dPhi=0.053787 (tid=3), strip=horizontal
AAA FTT hit H pos=(-15.498+/-4.33, -34.390+/-0.01)  dx= 2.326 dy= 0.391 dR= 1.259 dPhi=0.0538 (tid=3)  dPhi:OK dR:OK XY:OK
	 vs. hit@(-13.021799+/-0.010000, -33.550606+/-4.330127) => dx=0.150442, dy=0.448145, dR=0.472222, dPhi=0.000601 (tid=1), strip=vertical
AAA FTT hit V pos=(-13.022+/-0.01, -33.551+/-4.33)  dx= 0.150 dy= 0.448 dR= 0.472 dPhi=0.0006 (tid=1)  dPhi:OK dR:OK XY:OK
	 vs. hit@(-16.123884+/-0.010000, -40.968906+/-4.330127) => dx=2.951643, dy=6.970155, dR=7.566362, dPhi=0.005320 (tid=2), strip=vertical
AAA FTT hit V pos=(-16.124+/-0.01, -40.969+/-4.33)  dx= 2.952 dy= 6.970 dR= 7.566 dPhi=0.0053 (tid=2)  dPhi:OK dR:OK XY:OK
	 vs. hit@(-13.241864+/-0.010000, -38.369137+/-4.330127) => dx=0.069623, dy=4.370386, dR=4.128617, dPhi=0.037307 (tid=3), strip=vertical
AAA FTT hit V pos=(-13.242+/-0.01, -38.369+/-4.33)  dx= 0.070 dy= 4.370 dR= 4.129 dPhi=0.0373 (tid=3)  dPhi:OK dR:OK XY:OK
StFwdTrackMaker:INFO  - Adding horizontal strip hit with dPhi = 0.109829, dR = 1.84492, dx = 4.49824, dy = 0.011744
StFwdTrackMaker:INFO  - Adding vertical strip hit with dPhi = 0.0373075, dR = 4.12862, dx = 0.0696227, dy = 4.37039
StFwdTrackMaker:INFO  - Closest horizontal FTT strip to FST state: dR=1.844916, dPhi=0.109829, dx=4.498241, dy=0.011744 (tid=2) 
AAA FTT closest-H dPhi=0.1098(<0.1200) dR= 1.845(< 30.0) dx= 4.498 dy= 0.012(< 7.50) tid=2 -> ACCEPT
StFwdTrackMaker:INFO  - Closest vertical FTT strip to FST state: dR=4.128617, dPhi=0.037307, dx=0.069623, dy=4.370386 (tid=3) 
AAA FTT closest-V dPhi=0.0373(<0.1200) dR= 4.129(< 30.0) dx= 0.070 dy= 4.370(< 7.50) tid=3 -> ACCEPT
AAA FTT result: 2 hits added (H:ACCEPT V:ACCEPT)
StFwdTrackMaker:INFO  -  Found #FTT strips on plane #3 = [2]
StFwdTrackMaker:INFO  - Found 10 existing seed points
StFwdTrackMaker:INFO  - Adding 2 new FTT seed points
StFwdTrackMaker:INFO  - Closest EPD hit to state: dR=0.321268, dPhi=0.023518, dx=-0.695209, dy=0.624486
StFwdTrackMaker:INFO  - GenFitTrackResult::mIdTruth = 3, QaTruth = 0.538462
The points are collinear, curvature is undefined.
p1 = 0, 0
p2 = -5.96087, -14.308
p3 = -5.96087, -14.308
The points are collinear, curvature is undefined.
p1 = -5.96087, -14.308
p2 = -5.96087, -14.308
p3 = -7.04467, -17.1062
The points are collinear, curvature is undefined.
p1 = -5.96087, -14.308
p2 = -5.96087, -14.308
p3 = -10.6677, -29.1396
The points are collinear, curvature is undefined.
p1 = -5.96087, -14.308
p2 = -5.96087, -14.308
p3 = -11.5083, -33.7106
The points are collinear, curvature is undefined.
p1 = -5.96087, -14.308
p2 = -5.96087, -14.308
p3 = -11.6764, -30.8393
The points are collinear, curvature is undefined.
p1 = -5.96087, -14.308
p2 = -5.96087, -14.308
p3 = -12.1362, -28.6318
The points are collinear, curvature is undefined.
p1 = -5.96087, -14.308
p2 = -5.96087, -14.308
p3 = -17.6321, -32.2853
The points are collinear, curvature is undefined.
p1 = -5.96087, -14.308
p2 = -5.96087, -14.308
p3 = -12.6466, -38.2096
The points are collinear, curvature is undefined.
p1 = -5.96087, -14.308
p2 = -5.96087, -14.308
p3 = -17.6705, -33.987
The points are collinear, curvature is undefined.
p1 = -5.96087, -14.308
p2 = -5.96087, -14.308
p3 = -13.2419, -38.3691
The points are collinear, curvature is undefined.
p1 = -5.96087, -14.308
p2 = -5.96087, -14.308
p3 = -14.2186, -34.3267
StFwdTrackMaker:INFO  - GenericFitSeeder::makeSeed::Curvature: 0.00278294
StFwdTrackMaker:INFO  - GenericFitSeeder::makeSeed::pt = 0.538621
StFwdTrackMaker:INFO  - Note: Using externally provided seed momentum
StFwdTrackMaker:INFO  - Track Setup complete, track has 13 points
StFwdTrackMaker:INFO  -  sorting changed track points: 1
StFwdTrackMaker:INFO  - Fit status:  1
StFwdTrackMaker:INFO  - -Fit pvalue: 8.2959e-06
StFwdTrackMaker:INFO  - -Fit Chi2:   61.2329
StFwdTrackMaker:INFO  - -Fit Chi2:   61.2329
StFwdTrackMaker:INFO  - Track fit charge: -1Fit momentum: -0.228565, -0.517879, 5.6577
StFwdTrackMaker:INFO  - 	Fit Pt: 0.566075, eta: 2.99769, phi: -1.98643
StFwdTrackMaker:INFO  - Track fit update complete!
StFwdTrackMaker:INFO  - Track Reps: 1
StFwdTrackMaker:INFO  - Track Rep 0 
genfit::AbsTrackRep, pdgCode = 211. PropDir = 0
fitStatus 
 track has been fitted, fit has converged fully, 0 TrackPoints could not be processed, fitted charge = -1, PruneFlags: 
 track has been fitted with reference track, numIterations = 3, track length = 367.261, fChi2 = 61.2329, bChi2 = 61.2329, fNdf = 21, bNdf = 21, fPVal = 8.2959e-06, bPVal = 8.2959e-06

StFwdTrackMaker:INFO  - GenFitTrackResult::mIdTruth = 3, QaTruth = 0.538462
StFwdTrackMaker:INFO  - GTR Setting momentum from track
StFwdTrackMaker:INFO  - --isFitConvergedPartially() = 1
StFwdTrackMaker:INFO  - --isFitConverged() = 1
StFwdTrackMaker:INFO  - --isFitConvergedFully() = 1
StFwdTrackMaker:INFO  - >>doSecondaryTrackFitting( #globals = 3 )
StFwdTrackMaker:INFO  - FwdVertex: 7, -7.14437, -16.8743, 221.968
StFwdTrackMaker:INFO  - 	nTracks: 3
StFwdTrackMaker:INFO  - 	Chi2: 1.34189e+15
StFwdTrackMaker:INFO  - 	Ndf: 3
StFwdTrackMaker:INFO  - FOUND global track for vertex 7, iVtxTrack = 0
StFwdTrackMaker:INFO  - GenFitTrackResult::mIdTruth = 2, QaTruth = 0.615385
StFwdTrackMaker:INFO  - GenericFitSeeder::makeSeed::Curvature: -0.0089418
StFwdTrackMaker:INFO  - GenericFitSeeder::makeSeed::pt = 0.167634
StFwdTrackMaker:INFO  - Note: Using externally provided seed momentum
StFwdTrackMaker:INFO  - Track Setup complete, track has 13 points
StFwdTrackMaker:INFO  -  sorting changed track points: 1
StFwdTrackMaker:INFO  - Fit status:  1
StFwdTrackMaker:INFO  - -Fit pvalue: 0
StFwdTrackMaker:INFO  - -Fit Chi2:   5505.78
StFwdTrackMaker:INFO  - -Fit Chi2:   5505.78
StFwdTrackMaker:INFO  - Track fit charge: 1Fit momentum: -0.225935, -0.451959, 4.40383
StFwdTrackMaker:INFO  - 	Fit Pt: 0.505285, eta: 2.86153, phi: -2.03437
StFwdTrackMaker:INFO  - Track fit update complete!
StFwdTrackMaker:INFO  - Track Reps: 1
StFwdTrackMaker:INFO  - Track Rep 0 
genfit::AbsTrackRep, pdgCode = -211. PropDir = 0
fitStatus 
 track has been fitted, fit has converged fully, 0 TrackPoints could not be processed, fitted charge = 1, PruneFlags: 
 track has been fitted with reference track, numIterations = 5, track length = 172.685, fChi2 = 5505.78, bChi2 = 5505.78, fNdf = 21, bNdf = 21, fPVal = 0, bPVal = 0

StFwdTrackMaker:INFO  - GenFitTrackResult::mIdTruth = 2, QaTruth = 0.615385
StFwdTrackMaker:INFO  - GTR Setting momentum from track
StFwdTrackMaker:INFO  - --isFitConvergedPartially() = 1
StFwdTrackMaker:INFO  - --isFitConverged() = 1
StFwdTrackMaker:INFO  - --isFitConvergedFully() = 1
StFwdTrackMaker:INFO  - 	Initial fit complete, now refitting with additional points
StFwdTrackMaker:INFO  - Looking for FTT strips near projected state on disk 0
StFwdTrackMaker:INFO  - There are 6 available FTT strips on this disk
AAA FTT proj z= 312.84  x=-13.468 y=-28.969  r= 31.947 phi=-2.0060  sigU= 0.027 sigV= 0.000
AAA FTT momentum at proj: pT= 0.505 eta= 2.862 phi=-2.0634  px= -0.239 py= -0.445 pz=  4.404
AAA FTT search thresholds: dPhi<0.1200 dR<30.00 dx<7.50 dy<7.50  nHits=6
findFttHitsNearProjectedState, msp = (-13.468212, -28.968902)
AAA FTT hit H pos=( -8.038+/-4.33, -29.507+/-0.01)  dx= 5.431 dy= 0.538 dR= 1.364 dPhi=0.1693 (tid=1)  dPhi:FAIL dR:OK XY:OK
	 vs. hit@(-10.667669+/-4.330127, -29.139639+/-0.010000) => dx=2.800543, dy=0.170737, dR=0.915759, dPhi=0.084257 (tid=2), strip=horizontal
AAA FTT hit H pos=(-10.668+/-4.33, -29.140+/-0.01)  dx= 2.801 dy= 0.171 dR= 0.916 dPhi=0.0843 (tid=2)  dPhi:OK dR:OK XY:OK
	 vs. hit@(-17.051289+/-4.330127, -29.472696+/-0.010000) => dx=3.583076, dy=0.503794, dR=2.103087, dPhi=0.089303 (tid=3), strip=horizontal
AAA FTT hit H pos=(-17.051+/-4.33, -29.473+/-0.01)  dx= 3.583 dy= 0.504 dR= 2.103 dPhi=0.0893 (tid=3)  dPhi:OK dR:OK XY:OK
AAA FTT hit V pos=(-11.261+/-0.01, -35.226+/-4.33)  dx= 2.207 dy= 6.257 dR= 5.035 dPhi=0.1258 (tid=1)  dPhi:FAIL dR:OK XY:OK
	 vs. hit@(-13.726418+/-0.010000, -35.546883+/-4.330127) => dx=0.258206, dy=6.577981, dR=6.158383, dPhi=0.066682 (tid=2), strip=vertical
AAA FTT hit V pos=(-13.726+/-0.01, -35.547+/-4.33)  dx= 0.258 dy= 6.578 dR= 6.158 dPhi=0.0667 (tid=2)  dPhi:OK dR:OK XY:OK
	 vs. hit@(-11.508279+/-0.010000, -33.710602+/-4.330127) => dx=1.959934, dy=4.741700, dR=3.674178, dPhi=0.106213 (tid=3), strip=vertical
AAA FTT hit V pos=(-11.508+/-0.01, -33.711+/-4.33)  dx= 1.960 dy= 4.742 dR= 3.674 dPhi=0.1062 (tid=3)  dPhi:OK dR:OK XY:OK
StFwdTrackMaker:INFO  - Adding horizontal strip hit with dPhi = 0.0842571, dR = 0.915759, dx = 2.80054, dy = 0.170737
StFwdTrackMaker:INFO  - Adding vertical strip hit with dPhi = 0.0666819, dR = 6.15838, dx = 0.258206, dy = 6.57798
StFwdTrackMaker:INFO  - Closest horizontal FTT strip to FST state: dR=0.915759, dPhi=0.084257, dx=2.800543, dy=0.170737 (tid=2) 
AAA FTT closest-H dPhi=0.0843(<0.1200) dR= 0.916(< 30.0) dx= 2.801 dy= 0.171(< 7.50) tid=2 -> ACCEPT
StFwdTrackMaker:INFO  - Closest vertical FTT strip to FST state: dR=6.158383, dPhi=0.066682, dx=0.258206, dy=6.577981 (tid=2) 
AAA FTT closest-V dPhi=0.0667(<0.1200) dR= 6.158(< 30.0) dx= 0.258 dy= 6.578(< 7.50) tid=2 -> ACCEPT
AAA FTT result: 2 hits added (H:ACCEPT V:ACCEPT)
StFwdTrackMaker:INFO  -  Found #FTT strips on plane #0 = [2]
StFwdTrackMaker:INFO  - Found 13 existing seed points
StFwdTrackMaker:INFO  - Adding 2 new FTT seed points
StFwdTrackMaker:INFO  - Hit already in seed, skipping
StFwdTrackMaker:INFO  - Hit already in seed, skipping
StFwdTrackMaker:INFO  - Looking for FTT strips near projected state on disk 1
StFwdTrackMaker:INFO  - There are 6 available FTT strips on this disk
AAA FTT proj z= 330.84  x=-14.442 y=-30.789  r= 34.008 phi=-2.0094  sigU= 0.027 sigV= 0.000
AAA FTT momentum at proj: pT= 0.505 eta= 2.863 phi=-2.0603  px= -0.237 py= -0.446 pz=  4.404
AAA FTT search thresholds: dPhi<0.1200 dR<30.00 dx<7.50 dy<7.50  nHits=6
findFttHitsNearProjectedState, msp = (-14.442148, -30.788975)
	 vs. hit@(-12.847940+/-4.330127, -31.236794+/-0.010000) => dx=1.594208, dy=0.447818, dR=0.232059, dPhi=0.048381 (tid=1), strip=horizontal
AAA FTT hit H pos=(-12.848+/-4.33, -31.237+/-0.01)  dx= 1.594 dy= 0.448 dR= 0.232 dPhi=0.0484 (tid=1)  dPhi:OK dR:OK XY:OK
	 vs. hit@(-11.676448+/-4.330127, -30.839258+/-0.010000) => dx=2.765700, dy=0.050283, dR=1.032153, dPhi=0.076655 (tid=2), strip=horizontal
AAA FTT hit H pos=(-11.676+/-4.33, -30.839+/-0.01)  dx= 2.766 dy= 0.050 dR= 1.032 dPhi=0.0767 (tid=2)  dPhi:OK dR:OK XY:OK
	 vs. hit@(-18.889715+/-4.330127, -31.204161+/-0.010000) => dx=4.447567, dy=0.415185, dR=2.468416, dPhi=0.105753 (tid=3), strip=horizontal
AAA FTT hit H pos=(-18.890+/-4.33, -31.204+/-0.01)  dx= 4.448 dy= 0.415 dR= 2.468 dPhi=0.1058 (tid=3)  dPhi:OK dR:OK XY:OK
	 vs. hit@(-11.855920+/-0.010000, -27.745050+/-4.330127) => dx=2.586228, dy=3.043925, dR=3.835873, dPhi=0.034767 (tid=1), strip=vertical
AAA FTT hit V pos=(-11.856+/-0.01, -27.745+/-4.33)  dx= 2.586 dy= 3.044 dR= 3.836 dPhi=0.0348 (tid=1)  dPhi:OK dR:OK XY:OK
	 vs. hit@(-14.554903+/-0.010000, -31.528025+/-4.330127) => dx=0.112755, dy=0.739049, dR=0.717626, dPhi=0.006098 (tid=2), strip=vertical
AAA FTT hit V pos=(-14.555+/-0.01, -31.528+/-4.33)  dx= 0.113 dy= 0.739 dR= 0.718 dPhi=0.0061 (tid=2)  dPhi:OK dR:OK XY:OK
	 vs. hit@(-12.136179+/-0.010000, -28.631783+/-4.330127) => dx=2.305969, dy=2.157193, dR=2.910209, dPhi=0.037684 (tid=3), strip=vertical
AAA FTT hit V pos=(-12.136+/-0.01, -28.632+/-4.33)  dx= 2.306 dy= 2.157 dR= 2.910 dPhi=0.0377 (tid=3)  dPhi:OK dR:OK XY:OK
StFwdTrackMaker:INFO  - Adding horizontal strip hit with dPhi = 0.0766548, dR = 1.03215, dx = 2.7657, dy = 0.0502828
StFwdTrackMaker:INFO  - Adding vertical strip hit with dPhi = 0.00609843, dR = 0.717626, dx = 0.112755, dy = 0.739049
StFwdTrackMaker:INFO  - Closest horizontal FTT strip to FST state: dR=1.032153, dPhi=0.076655, dx=2.765700, dy=0.050283 (tid=2) 
AAA FTT closest-H dPhi=0.0767(<0.1200) dR= 1.032(< 30.0) dx= 2.766 dy= 0.050(< 7.50) tid=2 -> ACCEPT
StFwdTrackMaker:INFO  - Closest vertical FTT strip to FST state: dR=0.717626, dPhi=0.006098, dx=0.112755, dy=0.739049 (tid=2) 
AAA FTT closest-V dPhi=0.0061(<0.1200) dR= 0.718(< 30.0) dx= 0.113 dy= 0.739(< 7.50) tid=2 -> ACCEPT
AAA FTT result: 2 hits added (H:ACCEPT V:ACCEPT)
StFwdTrackMaker:INFO  -  Found #FTT strips on plane #1 = [2]
StFwdTrackMaker:INFO  - Found 13 existing seed points
StFwdTrackMaker:INFO  - Adding 2 new FTT seed points
StFwdTrackMaker:INFO  - Hit already in seed, skipping
StFwdTrackMaker:INFO  - Hit already in seed, skipping
StFwdTrackMaker:INFO  - Looking for FTT strips near projected state on disk 2
StFwdTrackMaker:INFO  - There are 6 available FTT strips on this disk
AAA FTT proj z= 346.85  x=-15.301 y=-32.410  r= 35.840 phi=-2.0119  sigU= 0.027 sigV= 0.000
AAA FTT momentum at proj: pT= 0.505 eta= 2.863 phi=-2.0557  px= -0.235 py= -0.446 pz=  4.404
AAA FTT search thresholds: dPhi<0.1200 dR<30.00 dx<7.50 dy<7.50  nHits=6
findFttHitsNearProjectedState, msp = (-15.301022, -32.409857)
AAA FTT hit H pos=( -9.371+/-4.33, -32.772+/-0.01)  dx= 5.930 dy= 0.363 dR= 1.754 dPhi=0.1626 (tid=1)  dPhi:FAIL dR:OK XY:OK
	 vs. hit@(-17.632147+/-4.330127, -32.285282+/-0.010000) => dx=2.331125, dy=0.124575, dR=0.946100, dPhi=0.058784 (tid=2), strip=horizontal
AAA FTT hit H pos=(-17.632+/-4.33, -32.285+/-0.01)  dx= 2.331 dy= 0.125 dR= 0.946 dPhi=0.0588 (tid=2)  dPhi:OK dR:OK XY:OK
	 vs. hit@(-13.540433+/-4.330127, -32.718029+/-0.010000) => dx=1.760589, dy=0.308172, dR=0.430984, dPhi=0.048697 (tid=3), strip=horizontal
AAA FTT hit H pos=(-13.540+/-4.33, -32.718+/-0.01)  dx= 1.761 dy= 0.308 dR= 0.431 dPhi=0.0487 (tid=3)  dPhi:OK dR:OK XY:OK
	 vs. hit@(-12.404651+/-0.010000, -31.013594+/-4.330127) => dx=2.896372, dy=1.396263, dR=2.437832, dPhi=0.060603 (tid=1), strip=vertical
AAA FTT hit V pos=(-12.405+/-0.01, -31.014+/-4.33)  dx= 2.896 dy= 1.396 dR= 2.438 dPhi=0.0606 (tid=1)  dPhi:OK dR:OK XY:OK
	 vs. hit@(-15.264917+/-0.010000, -34.368534+/-4.330127) => dx=0.036105, dy=1.958677, dR=1.765832, dPhi=0.023106 (tid=2), strip=vertical
AAA FTT hit V pos=(-15.265+/-0.01, -34.369+/-4.33)  dx= 0.036 dy= 1.959 dR= 1.766 dPhi=0.0231 (tid=2)  dPhi:OK dR:OK XY:OK
AAA FTT hit V pos=(-12.647+/-0.01, -38.210+/-4.33)  dx= 2.654 dy= 5.800 dR= 4.408 dPhi=0.1215 (tid=3)  dPhi:FAIL dR:OK XY:OK
StFwdTrackMaker:INFO  - Adding horizontal strip hit with dPhi = 0.0587837, dR = 0.9461, dx = 2.33112, dy = 0.124575
StFwdTrackMaker:INFO  - Adding vertical strip hit with dPhi = 0.0231062, dR = 1.76583, dx = 0.0361049, dy = 1.95868
StFwdTrackMaker:INFO  - Closest horizontal FTT strip to FST state: dR=0.946100, dPhi=0.058784, dx=2.331125, dy=0.124575 (tid=2) 
AAA FTT closest-H dPhi=0.0588(<0.1200) dR= 0.946(< 30.0) dx= 2.331 dy= 0.125(< 7.50) tid=2 -> ACCEPT
StFwdTrackMaker:INFO  - Closest vertical FTT strip to FST state: dR=1.765832, dPhi=0.023106, dx=0.036105, dy=1.958677 (tid=2) 
AAA FTT closest-V dPhi=0.0231(<0.1200) dR= 1.766(< 30.0) dx= 0.036 dy= 1.959(< 7.50) tid=2 -> ACCEPT
AAA FTT result: 2 hits added (H:ACCEPT V:ACCEPT)
StFwdTrackMaker:INFO  -  Found #FTT strips on plane #2 = [2]
StFwdTrackMaker:INFO  - Found 13 existing seed points
StFwdTrackMaker:INFO  - Adding 2 new FTT seed points
StFwdTrackMaker:INFO  - Hit already in seed, skipping
StFwdTrackMaker:INFO  - Hit already in seed, skipping
StFwdTrackMaker:INFO  - Looking for FTT strips near projected state on disk 3
StFwdTrackMaker:INFO  - There are 6 available FTT strips on this disk
AAA FTT proj z= 364.84  x=-16.257 y=-34.236  r= 37.900 phi=-2.0141  sigU= 0.027 sigV= 0.000
AAA FTT momentum at proj: pT= 0.504 eta= 2.863 phi=-2.0506  px= -0.233 py= -0.447 pz=  4.404
AAA FTT search thresholds: dPhi<0.1200 dR<30.00 dx<7.50 dy<7.50  nHits=6
findFttHitsNearProjectedState, msp = (-16.256998, -34.235742)
AAA FTT hit H pos=( -9.324+/-4.33, -34.467+/-0.01)  dx= 6.933 dy= 0.231 dR= 2.194 dPhi=0.1791 (tid=1)  dPhi:FAIL dR:OK XY:OK
	 vs. hit@(-17.670483+/-4.330127, -33.987007+/-0.010000) => dx=1.413485, dy=0.248735, dR=0.406618, dPhi=0.036126 (tid=2), strip=horizontal
AAA FTT hit H pos=(-17.670+/-4.33, -33.987+/-0.01)  dx= 1.413 dy= 0.249 dR= 0.407 dPhi=0.0361 (tid=2)  dPhi:OK dR:OK XY:OK
	 vs. hit@(-15.498422+/-4.330127, -34.389561+/-0.010000) => dx=0.758576, dy=0.153819, dR=0.178961, dPhi=0.019917 (tid=3), strip=horizontal
AAA FTT hit H pos=(-15.498+/-4.33, -34.390+/-0.01)  dx= 0.759 dy= 0.154 dR= 0.179 dPhi=0.0199 (tid=3)  dPhi:OK dR:OK XY:OK
	 vs. hit@(-13.021799+/-0.010000, -33.550606+/-4.330127) => dx=3.235199, dy=0.685136, dR=1.910520, dPhi=0.073103 (tid=1), strip=vertical
AAA FTT hit V pos=(-13.022+/-0.01, -33.551+/-4.33)  dx= 3.235 dy= 0.685 dR= 1.911 dPhi=0.0731 (tid=1)  dPhi:OK dR:OK XY:OK
	 vs. hit@(-16.123884+/-0.010000, -40.968906+/-4.330127) => dx=0.133114, dy=6.733164, dR=6.128064, dPhi=0.068384 (tid=2), strip=vertical
AAA FTT hit V pos=(-16.124+/-0.01, -40.969+/-4.33)  dx= 0.133 dy= 6.733 dR= 6.128 dPhi=0.0684 (tid=2)  dPhi:OK dR:OK XY:OK
	 vs. hit@(-13.241864+/-0.010000, -38.369137+/-4.330127) => dx=3.015134, dy=4.133395, dR=2.690319, dPhi=0.111011 (tid=3), strip=vertical
AAA FTT hit V pos=(-13.242+/-0.01, -38.369+/-4.33)  dx= 3.015 dy= 4.133 dR= 2.690 dPhi=0.1110 (tid=3)  dPhi:OK dR:OK XY:OK
StFwdTrackMaker:INFO  - Adding horizontal strip hit with dPhi = 0.0199168, dR = 0.178961, dx = 0.758576, dy = 0.153819
StFwdTrackMaker:INFO  - Adding vertical strip hit with dPhi = 0.0683839, dR = 6.12806, dx = 0.133114, dy = 6.73316
StFwdTrackMaker:INFO  - Closest horizontal FTT strip to FST state: dR=0.178961, dPhi=0.019917, dx=0.758576, dy=0.153819 (tid=3) 
AAA FTT closest-H dPhi=0.0199(<0.1200) dR= 0.179(< 30.0) dx= 0.759 dy= 0.154(< 7.50) tid=3 -> ACCEPT
StFwdTrackMaker:INFO  - Closest vertical FTT strip to FST state: dR=6.128064, dPhi=0.068384, dx=0.133114, dy=6.733164 (tid=2) 
AAA FTT closest-V dPhi=0.0684(<0.1200) dR= 6.128(< 30.0) dx= 0.133 dy= 6.733(< 7.50) tid=2 -> ACCEPT
AAA FTT result: 2 hits added (H:ACCEPT V:ACCEPT)
StFwdTrackMaker:INFO  -  Found #FTT strips on plane #3 = [2]
StFwdTrackMaker:INFO  - Found 13 existing seed points
StFwdTrackMaker:INFO  - Adding 2 new FTT seed points
StFwdTrackMaker:INFO  - Hit already in seed, skipping
StFwdTrackMaker:INFO  - Closest EPD hit to state: dR=1.907858, dPhi=-0.051682, dx=2.574474, dy=0.942215
StFwdTrackMaker:INFO  - GenFitTrackResult::mIdTruth = 2, QaTruth = 0.571429
StFwdTrackMaker:INFO  - GenericFitSeeder::makeSeed::Curvature: -0.0149576
StFwdTrackMaker:INFO  - GenericFitSeeder::makeSeed::pt = 0.100213
StFwdTrackMaker:INFO  - Note: Using externally provided seed momentum
StFwdTrackMaker:INFO  - Track Setup complete, track has 14 points
StFwdTrackMaker:INFO  -  sorting changed track points: 1
StFwdTrackMaker:INFO  - Fit status:  1
StFwdTrackMaker:INFO  - -Fit pvalue: 0
StFwdTrackMaker:INFO  - -Fit Chi2:   5805.69
StFwdTrackMaker:INFO  - -Fit Chi2:   5805.69
StFwdTrackMaker:INFO  - Track fit charge: 1Fit momentum: -0.225161, -0.451886, 4.35042
StFwdTrackMaker:INFO  - 	Fit Pt: 0.504875, eta: 2.85021, phi: -2.03306
StFwdTrackMaker:INFO  - Track fit update complete!
StFwdTrackMaker:INFO  - Track Reps: 1
StFwdTrackMaker:INFO  - Track Rep 0 
genfit::AbsTrackRep, pdgCode = -211. PropDir = 0
fitStatus 
 track has been fitted, fit has converged fully, 0 TrackPoints could not be processed, fitted charge = 1, PruneFlags: 
 track has been fitted with reference track, numIterations = 5, track length = 171.36, fChi2 = 5805.69, bChi2 = 5805.69, fNdf = 23, bNdf = 23, fPVal = 0, bPVal = 0

StFwdTrackMaker:INFO  - GenFitTrackResult::mIdTruth = 2, QaTruth = 0.571429
StFwdTrackMaker:INFO  - GTR Setting momentum from track
StFwdTrackMaker:INFO  - --isFitConvergedPartially() = 1
StFwdTrackMaker:INFO  - --isFitConverged() = 1
StFwdTrackMaker:INFO  - --isFitConvergedFully() = 1
StFwdTrackMaker:INFO  - FOUND global track for vertex 7, iVtxTrack = 1
StFwdTrackMaker:INFO  - GenFitTrackResult::mIdTruth = 1, QaTruth = 0.615385
The points are collinear, curvature is undefined.
p1 = -6.31021, -14.1574
p2 = -7.6006, -16.8666
p3 = -7.6006, -16.8666
The points are collinear, curvature is undefined.
p1 = -7.6006, -16.8666
p2 = -7.6006, -16.8666
p3 = -7.14437, -16.8743
The points are collinear, curvature is undefined.
p1 = -7.6006, -16.8666
p2 = -7.6006, -16.8666
p3 = -8.03751, -29.5074
The points are collinear, curvature is undefined.
p1 = -7.6006, -16.8666
p2 = -7.6006, -16.8666
p3 = -11.2609, -35.226
The points are collinear, curvature is undefined.
p1 = -7.6006, -16.8666
p2 = -7.6006, -16.8666
p3 = -12.8479, -31.2368
The points are collinear, curvature is undefined.
p1 = -7.6006, -16.8666
p2 = -7.6006, -16.8666
p3 = -11.8559, -27.7451
The points are collinear, curvature is undefined.
p1 = -7.6006, -16.8666
p2 = -7.6006, -16.8666
p3 = -9.37147, -32.7725
The points are collinear, curvature is undefined.
p1 = -7.6006, -16.8666
p2 = -7.6006, -16.8666
p3 = -12.4047, -31.0136
The points are collinear, curvature is undefined.
p1 = -7.6006, -16.8666
p2 = -7.6006, -16.8666
p3 = -9.32401, -34.4667
The points are collinear, curvature is undefined.
p1 = -7.6006, -16.8666
p2 = -7.6006, -16.8666
p3 = -13.0218, -33.5506
The points are collinear, curvature is undefined.
p1 = -7.6006, -16.8666
p2 = -7.6006, -16.8666
p3 = -14.2186, -34.3267
StFwdTrackMaker:INFO  - GenericFitSeeder::makeSeed::Curvature: 0.0360552
StFwdTrackMaker:INFO  - GenericFitSeeder::makeSeed::pt = 0.0415737
StFwdTrackMaker:INFO  - Note: Using externally provided seed momentum
StFwdTrackMaker:INFO  - Track Setup complete, track has 13 points
StFwdTrackMaker:INFO  -  sorting changed track points: 1
StFwdTrackMaker:INFO  - Fit status:  1
StFwdTrackMaker:INFO  - -Fit pvalue: 0
StFwdTrackMaker:INFO  - -Fit Chi2:   4851.05
StFwdTrackMaker:INFO  - -Fit Chi2:   4851.05
StFwdTrackMaker:INFO  - Track fit charge: -1Fit momentum: -0.261275, -0.766947, 7.25729
StFwdTrackMaker:INFO  - 	Fit Pt: 0.810229, eta: 2.88869, phi: -1.89913
StFwdTrackMaker:INFO  - Track fit update complete!
StFwdTrackMaker:INFO  - Track Reps: 1
StFwdTrackMaker:INFO  - Track Rep 0 
genfit::AbsTrackRep, pdgCode = 211. PropDir = 0
fitStatus 
 track has been fitted, fit has converged fully, 0 TrackPoints could not be processed, fitted charge = -1, PruneFlags: 
 track has been fitted with reference track, numIterations = 5, track length = 170.536, fChi2 = 4851.05, bChi2 = 4851.05, fNdf = 21, bNdf = 21, fPVal = 0, bPVal = 0

StFwdTrackMaker:INFO  - GenFitTrackResult::mIdTruth = 1, QaTruth = 0.615385
StFwdTrackMaker:INFO  - GTR Setting momentum from track
StFwdTrackMaker:INFO  - --isFitConvergedPartially() = 1
StFwdTrackMaker:INFO  - --isFitConverged() = 1
StFwdTrackMaker:INFO  - --isFitConvergedFully() = 1
StFwdTrackMaker:INFO  - 	Initial fit complete, now refitting with additional points
StFwdTrackMaker:INFO  - Looking for FTT strips near projected state on disk 0
StFwdTrackMaker:INFO  - There are 6 available FTT strips on this disk
AAA FTT proj z= 312.84  x=-11.218 y=-29.271  r= 31.347 phi=-1.9368  sigU= 0.028 sigV= 0.000
AAA FTT momentum at proj: pT= 0.810 eta= 2.889 phi=-1.8819  px= -0.248 py= -0.771 pz=  7.257
AAA FTT search thresholds: dPhi<0.1200 dR<30.00 dx<7.50 dy<7.50  nHits=6
findFttHitsNearProjectedState, msp = (-11.218030, -29.270918)
	 vs. hit@(-8.037513+/-4.330127, -29.507374+/-0.010000) => dx=3.180517, dy=0.236456, dR=0.764485, dPhi=0.100044 (tid=1), strip=horizontal
AAA FTT hit H pos=( -8.038+/-4.33, -29.507+/-0.01)  dx= 3.181 dy= 0.236 dR= 0.764 dPhi=0.1000 (tid=1)  dPhi:OK dR:OK XY:OK
	 vs. hit@(-10.667669+/-4.330127, -29.139639+/-0.010000) => dx=0.550360, dy=0.131279, dR=0.316027, dPhi=0.015048 (tid=2), strip=horizontal
AAA FTT hit H pos=(-10.668+/-4.33, -29.140+/-0.01)  dx= 0.550 dy= 0.131 dR= 0.316 dPhi=0.0150 (tid=2)  dPhi:OK dR:OK XY:OK
AAA FTT hit H pos=(-17.051+/-4.33, -29.473+/-0.01)  dx= 5.833 dy= 0.202 dR= 2.703 dPhi=0.1585 (tid=3)  dPhi:FAIL dR:OK XY:OK
	 vs. hit@(-11.260900+/-0.010000, -35.226025+/-4.330127) => dx=0.042871, dy=5.955107, dR=5.635224, dPhi=0.056574 (tid=1), strip=vertical
AAA FTT hit V pos=(-11.261+/-0.01, -35.226+/-4.33)  dx= 0.043 dy= 5.955 dR= 5.635 dPhi=0.0566 (tid=1)  dPhi:OK dR:OK XY:OK
	 vs. hit@(-13.726418+/-0.010000, -35.546883+/-4.330127) => dx=2.508389, dy=6.275965, dR=6.758115, dPhi=0.002527 (tid=2), strip=vertical
AAA FTT hit V pos=(-13.726+/-0.01, -35.547+/-4.33)  dx= 2.508 dy= 6.276 dR= 6.758 dPhi=0.0025 (tid=2)  dPhi:OK dR:OK XY:OK
	 vs. hit@(-11.508279+/-0.010000, -33.710602+/-4.330127) => dx=0.290249, dy=4.439684, dR=4.273910, dPhi=0.037003 (tid=3), strip=vertical
AAA FTT hit V pos=(-11.508+/-0.01, -33.711+/-4.33)  dx= 0.290 dy= 4.440 dR= 4.274 dPhi=0.0370 (tid=3)  dPhi:OK dR:OK XY:OK
StFwdTrackMaker:INFO  - Adding horizontal strip hit with dPhi = 0.0150479, dR = 0.316027, dx = 0.55036, dy = 0.131279
StFwdTrackMaker:INFO  - Adding vertical strip hit with dPhi = 0.0565737, dR = 5.63522, dx = 0.0428707, dy = 5.95511
StFwdTrackMaker:INFO  - Closest horizontal FTT strip to FST state: dR=0.316027, dPhi=0.015048, dx=0.550360, dy=0.131279 (tid=2) 
AAA FTT closest-H dPhi=0.0150(<0.1200) dR= 0.316(< 30.0) dx= 0.550 dy= 0.131(< 7.50) tid=2 -> ACCEPT
StFwdTrackMaker:INFO  - Closest vertical FTT strip to FST state: dR=5.635224, dPhi=0.056574, dx=0.042871, dy=5.955107 (tid=1) 
AAA FTT closest-V dPhi=0.0566(<0.1200) dR= 5.635(< 30.0) dx= 0.043 dy= 5.955(< 7.50) tid=1 -> ACCEPT
AAA FTT result: 2 hits added (H:ACCEPT V:ACCEPT)
StFwdTrackMaker:INFO  -  Found #FTT strips on plane #0 = [2]
StFwdTrackMaker:INFO  - Found 13 existing seed points
StFwdTrackMaker:INFO  - Adding 2 new FTT seed points
StFwdTrackMaker:INFO  - Hit already in seed, skipping
StFwdTrackMaker:INFO  - Looking for FTT strips near projected state on disk 1
StFwdTrackMaker:INFO  - There are 6 available FTT strips on this disk
AAA FTT proj z= 330.84  x=-11.835 y=-31.183  r= 33.353 phi=-1.9335  sigU= 0.028 sigV= 0.000
AAA FTT momentum at proj: pT= 0.810 eta= 2.889 phi=-1.8838  px= -0.249 py= -0.770 pz=  7.257
AAA FTT search thresholds: dPhi<0.1200 dR<30.00 dx<7.50 dy<7.50  nHits=6
findFttHitsNearProjectedState, msp = (-11.834566, -31.183252)
	 vs. hit@(-12.847940+/-4.330127, -31.236794+/-0.010000) => dx=1.013374, dy=0.053541, dR=0.422389, dPhi=0.027492 (tid=1), strip=horizontal
AAA FTT hit H pos=(-12.848+/-4.33, -31.237+/-0.01)  dx= 1.013 dy= 0.054 dR= 0.422 dPhi=0.0275 (tid=1)  dPhi:OK dR:OK XY:OK
	 vs. hit@(-11.676448+/-4.330127, -30.839258+/-0.010000) => dx=0.158118, dy=0.343994, dR=0.377705, dPhi=0.000782 (tid=2), strip=horizontal
AAA FTT hit H pos=(-11.676+/-4.33, -30.839+/-0.01)  dx= 0.158 dy= 0.344 dR= 0.378 dPhi=0.0008 (tid=2)  dPhi:OK dR:OK XY:OK
AAA FTT hit H pos=(-18.890+/-4.33, -31.204+/-0.01)  dx= 7.055 dy= 0.021 dR= 3.123 dPhi=0.1816 (tid=3)  dPhi:FAIL dR:OK XY:OK
	 vs. hit@(-11.855920+/-0.010000, -27.745050+/-4.330127) => dx=0.021354, dy=3.438202, dR=3.181425, dPhi=0.041107 (tid=1), strip=vertical
AAA FTT hit V pos=(-11.856+/-0.01, -27.745+/-4.33)  dx= 0.021 dy= 3.438 dR= 3.181 dPhi=0.0411 (tid=1)  dPhi:OK dR:OK XY:OK
	 vs. hit@(-14.554903+/-0.010000, -31.528025+/-4.330127) => dx=2.720337, dy=0.344773, dR=1.372074, dPhi=0.069775 (tid=2), strip=vertical
AAA FTT hit V pos=(-14.555+/-0.01, -31.528+/-4.33)  dx= 2.720 dy= 0.345 dR= 1.372 dPhi=0.0698 (tid=2)  dPhi:OK dR:OK XY:OK
	 vs. hit@(-12.136179+/-0.010000, -28.631783+/-4.330127) => dx=0.301613, dy=2.551470, dR=2.255761, dPhi=0.038189 (tid=3), strip=vertical
AAA FTT hit V pos=(-12.136+/-0.01, -28.632+/-4.33)  dx= 0.302 dy= 2.551 dR= 2.256 dPhi=0.0382 (tid=3)  dPhi:OK dR:OK XY:OK
StFwdTrackMaker:INFO  - Adding horizontal strip hit with dPhi = 0.181626, dR = 3.12286, dx = 7.05515, dy = 0.0209087
StFwdTrackMaker:INFO  - Adding vertical strip hit with dPhi = 0.0411065, dR = 3.18143, dx = 0.0213537, dy = 3.4382
StFwdTrackMaker:INFO  - Closest horizontal FTT strip to FST state: dR=3.122864, dPhi=0.181626, dx=7.055149, dy=0.020909 (tid=3) 
AAA FTT closest-H dPhi=0.1816(<0.1200) dR= 3.123(< 30.0) dx= 7.055 dy= 0.021(< 7.50) tid=3 -> ACCEPT
StFwdTrackMaker:INFO  - Closest vertical FTT strip to FST state: dR=3.181425, dPhi=0.041107, dx=0.021354, dy=3.438202 (tid=1) 
AAA FTT closest-V dPhi=0.0411(<0.1200) dR= 3.181(< 30.0) dx= 0.021 dy= 3.438(< 7.50) tid=1 -> ACCEPT
AAA FTT result: 2 hits added (H:ACCEPT V:ACCEPT)
StFwdTrackMaker:INFO  -  Found #FTT strips on plane #1 = [2]
StFwdTrackMaker:INFO  - Found 14 existing seed points
StFwdTrackMaker:INFO  - Adding 2 new FTT seed points
StFwdTrackMaker:INFO  - Hit already in seed, skipping
StFwdTrackMaker:INFO  - Looking for FTT strips near projected state on disk 2
StFwdTrackMaker:INFO  - There are 6 available FTT strips on this disk
AAA FTT proj z= 346.85  x=-12.387 y=-32.882  r= 35.137 phi=-1.9311  sigU= 0.028 sigV= 0.000
AAA FTT momentum at proj: pT= 0.810 eta= 2.889 phi=-1.8865  px= -0.251 py= -0.770 pz=  7.257
AAA FTT search thresholds: dPhi<0.1200 dR<30.00 dx<7.50 dy<7.50  nHits=6
findFttHitsNearProjectedState, msp = (-12.386699, -32.881535)
	 vs. hit@(-9.371473+/-4.330127, -32.772484+/-0.010000) => dx=3.015226, dy=0.109051, dR=1.051169, dPhi=0.081744 (tid=1), strip=horizontal
AAA FTT hit H pos=( -9.371+/-4.33, -32.772+/-0.01)  dx= 3.015 dy= 0.109 dR= 1.051 dPhi=0.0817 (tid=1)  dPhi:OK dR:OK XY:OK
AAA FTT hit H pos=(-17.632+/-4.33, -32.285+/-0.01)  dx= 5.245 dy= 0.596 dR= 1.649 dPhi=0.1396 (tid=2)  dPhi:FAIL dR:OK XY:OK
	 vs. hit@(-13.540433+/-4.330127, -32.718029+/-0.010000) => dx=1.153734, dy=0.163506, dR=0.271978, dPhi=0.032124 (tid=3), strip=horizontal
AAA FTT hit H pos=(-13.540+/-4.33, -32.718+/-0.01)  dx= 1.154 dy= 0.164 dR= 0.272 dPhi=0.0321 (tid=3)  dPhi:OK dR:OK XY:OK
	 vs. hit@(-12.404651+/-0.010000, -31.013594+/-4.330127) => dx=0.017952, dy=1.867941, dR=1.734870, dPhi=0.020218 (tid=1), strip=vertical
AAA FTT hit V pos=(-12.405+/-0.01, -31.014+/-4.33)  dx= 0.018 dy= 1.868 dR= 1.735 dPhi=0.0202 (tid=1)  dPhi:OK dR:OK XY:OK
	 vs. hit@(-15.264917+/-0.010000, -34.368534+/-4.330127) => dx=2.878218, dy=1.486999, dR=2.468795, dPhi=0.057715 (tid=2), strip=vertical
AAA FTT hit V pos=(-15.265+/-0.01, -34.369+/-4.33)  dx= 2.878 dy= 1.487 dR= 2.469 dPhi=0.0577 (tid=2)  dPhi:OK dR:OK XY:OK
	 vs. hit@(-12.646589+/-0.010000, -38.209621+/-4.330127) => dx=0.259890, dy=5.328087, dR=5.110883, dPhi=0.040636 (tid=3), strip=vertical
AAA FTT hit V pos=(-12.647+/-0.01, -38.210+/-4.33)  dx= 0.260 dy= 5.328 dR= 5.111 dPhi=0.0406 (tid=3)  dPhi:OK dR:OK XY:OK
StFwdTrackMaker:INFO  - Adding horizontal strip hit with dPhi = 0.0817435, dR = 1.05117, dx = 3.01523, dy = 0.109051
StFwdTrackMaker:INFO  - Adding vertical strip hit with dPhi = 0.0202183, dR = 1.73487, dx = 0.0179517, dy = 1.86794
StFwdTrackMaker:INFO  - Closest horizontal FTT strip to FST state: dR=1.051169, dPhi=0.081744, dx=3.015226, dy=0.109051 (tid=1) 
AAA FTT closest-H dPhi=0.0817(<0.1200) dR= 1.051(< 30.0) dx= 3.015 dy= 0.109(< 7.50) tid=1 -> ACCEPT
StFwdTrackMaker:INFO  - Closest vertical FTT strip to FST state: dR=1.734870, dPhi=0.020218, dx=0.017952, dy=1.867941 (tid=1) 
AAA FTT closest-V dPhi=0.0202(<0.1200) dR= 1.735(< 30.0) dx= 0.018 dy= 1.868(< 7.50) tid=1 -> ACCEPT
AAA FTT result: 2 hits added (H:ACCEPT V:ACCEPT)
StFwdTrackMaker:INFO  -  Found #FTT strips on plane #2 = [2]
StFwdTrackMaker:INFO  - Found 15 existing seed points
StFwdTrackMaker:INFO  - Adding 2 new FTT seed points
StFwdTrackMaker:INFO  - Hit already in seed, skipping
StFwdTrackMaker:INFO  - Hit already in seed, skipping
StFwdTrackMaker:INFO  - Looking for FTT strips near projected state on disk 3
StFwdTrackMaker:INFO  - There are 6 available FTT strips on this disk
AAA FTT proj z= 364.84  x=-13.013 y=-34.788  r= 37.142 phi=-1.9287  sigU= 0.028 sigV= 0.000
AAA FTT momentum at proj: pT= 0.809 eta= 2.890 phi=-1.8897  px= -0.254 py= -0.769 pz=  7.257
AAA FTT search thresholds: dPhi<0.1200 dR<30.00 dx<7.50 dy<7.50  nHits=6
findFttHitsNearProjectedState, msp = (-13.012870, -34.788007)
	 vs. hit@(-9.324011+/-4.330127, -34.466702+/-0.010000) => dx=3.688859, dy=0.321305, dR=1.436550, dPhi=0.093749 (tid=1), strip=horizontal
AAA FTT hit H pos=( -9.324+/-4.33, -34.467+/-0.01)  dx= 3.689 dy= 0.321 dR= 1.437 dPhi=0.0937 (tid=1)  dPhi:OK dR:OK XY:OK
AAA FTT hit H pos=(-17.670+/-4.33, -33.987+/-0.01)  dx= 4.658 dy= 0.801 dR= 1.164 dPhi=0.1215 (tid=2)  dPhi:FAIL dR:OK XY:OK
	 vs. hit@(-15.498422+/-4.330127, -34.389561+/-0.010000) => dx=2.485552, dy=0.398446, dR=0.578429, dPhi=0.065465 (tid=3), strip=horizontal
AAA FTT hit H pos=(-15.498+/-4.33, -34.390+/-0.01)  dx= 2.486 dy= 0.398 dR= 0.578 dPhi=0.0655 (tid=3)  dPhi:OK dR:OK XY:OK
	 vs. hit@(-13.021799+/-0.010000, -33.550606+/-4.330127) => dx=0.008929, dy=1.237401, dR=1.153130, dPhi=0.012279 (tid=1), strip=vertical
AAA FTT hit V pos=(-13.022+/-0.01, -33.551+/-4.33)  dx= 0.009 dy= 1.237 dR= 1.153 dPhi=0.0123 (tid=1)  dPhi:OK dR:OK XY:OK
	 vs. hit@(-16.123884+/-0.010000, -40.968906+/-4.330127) => dx=3.111014, dy=6.180900, dR=6.885454, dPhi=0.016998 (tid=2), strip=vertical
AAA FTT hit V pos=(-16.124+/-0.01, -40.969+/-4.33)  dx= 3.111 dy= 6.181 dR= 6.885 dPhi=0.0170 (tid=2)  dPhi:OK dR:OK XY:OK
	 vs. hit@(-13.241864+/-0.010000, -38.369137+/-4.330127) => dx=0.228994, dy=3.581130, dR=3.447709, dPhi=0.025629 (tid=3), strip=vertical
AAA FTT hit V pos=(-13.242+/-0.01, -38.369+/-4.33)  dx= 0.229 dy= 3.581 dR= 3.448 dPhi=0.0256 (tid=3)  dPhi:OK dR:OK XY:OK
StFwdTrackMaker:INFO  - Adding horizontal strip hit with dPhi = 0.0937495, dR = 1.43655, dx = 3.68886, dy = 0.321305
StFwdTrackMaker:INFO  - Adding vertical strip hit with dPhi = 0.0122788, dR = 1.15313, dx = 0.00892935, dy = 1.2374
StFwdTrackMaker:INFO  - Closest horizontal FTT strip to FST state: dR=1.436550, dPhi=0.093749, dx=3.688859, dy=0.321305 (tid=1) 
AAA FTT closest-H dPhi=0.0937(<0.1200) dR= 1.437(< 30.0) dx= 3.689 dy= 0.321(< 7.50) tid=1 -> ACCEPT
StFwdTrackMaker:INFO  - Closest vertical FTT strip to FST state: dR=1.153130, dPhi=0.012279, dx=0.008929, dy=1.237401 (tid=1) 
AAA FTT closest-V dPhi=0.0123(<0.1200) dR= 1.153(< 30.0) dx= 0.009 dy= 1.237(< 7.50) tid=1 -> ACCEPT
AAA FTT result: 2 hits added (H:ACCEPT V:ACCEPT)
StFwdTrackMaker:INFO  -  Found #FTT strips on plane #3 = [2]
StFwdTrackMaker:INFO  - Found 15 existing seed points
StFwdTrackMaker:INFO  - Adding 2 new FTT seed points
StFwdTrackMaker:INFO  - Hit already in seed, skipping
StFwdTrackMaker:INFO  - Hit already in seed, skipping
StFwdTrackMaker:INFO  - Closest EPD hit to state: dR=1.119757, dPhi=0.035886, dx=-0.849617, dy=1.537267
StFwdTrackMaker:INFO  - GenFitTrackResult::mIdTruth = 1, QaTruth = 0.533333
The points are collinear, curvature is undefined.
p1 = -6.31021, -14.1574
p2 = -7.6006, -16.8666
p3 = -7.6006, -16.8666
The points are collinear, curvature is undefined.
p1 = -7.6006, -16.8666
p2 = -7.6006, -16.8666
p3 = -7.14437, -16.8743
The points are collinear, curvature is undefined.
p1 = -7.6006, -16.8666
p2 = -7.6006, -16.8666
p3 = -8.03751, -29.5074
The points are collinear, curvature is undefined.
p1 = -7.6006, -16.8666
p2 = -7.6006, -16.8666
p3 = -10.6677, -29.1396
The points are collinear, curvature is undefined.
p1 = -7.6006, -16.8666
p2 = -7.6006, -16.8666
p3 = -11.2609, -35.226
The points are collinear, curvature is undefined.
p1 = -7.6006, -16.8666
p2 = -7.6006, -16.8666
p3 = -12.8479, -31.2368
The points are collinear, curvature is undefined.
p1 = -7.6006, -16.8666
p2 = -7.6006, -16.8666
p3 = -18.8897, -31.2042
The points are collinear, curvature is undefined.
p1 = -7.6006, -16.8666
p2 = -7.6006, -16.8666
p3 = -11.8559, -27.7451
The points are collinear, curvature is undefined.
p1 = -7.6006, -16.8666
p2 = -7.6006, -16.8666
p3 = -9.37147, -32.7725
The points are collinear, curvature is undefined.
p1 = -7.6006, -16.8666
p2 = -7.6006, -16.8666
p3 = -12.4047, -31.0136
The points are collinear, curvature is undefined.
p1 = -7.6006, -16.8666
p2 = -7.6006, -16.8666
p3 = -9.32401, -34.4667
The points are collinear, curvature is undefined.
p1 = -7.6006, -16.8666
p2 = -7.6006, -16.8666
p3 = -13.0218, -33.5506
The points are collinear, curvature is undefined.
p1 = -7.6006, -16.8666
p2 = -7.6006, -16.8666
p3 = -14.2186, -34.3267
StFwdTrackMaker:INFO  - GenericFitSeeder::makeSeed::Curvature: 0.02563
StFwdTrackMaker:INFO  - GenericFitSeeder::makeSeed::pt = 0.0584842
StFwdTrackMaker:INFO  - Note: Using externally provided seed momentum
StFwdTrackMaker:INFO  - Track Setup complete, track has 15 points
StFwdTrackMaker:INFO  -  sorting changed track points: 1
StFwdTrackMaker:INFO  - Fit status:  1
StFwdTrackMaker:INFO  - -Fit pvalue: 0
StFwdTrackMaker:INFO  - -Fit Chi2:   4963.19
StFwdTrackMaker:INFO  - -Fit Chi2:   4963.19
StFwdTrackMaker:INFO  - Track fit charge: -1Fit momentum: -0.225749, -0.658872, 6.21504
StFwdTrackMaker:INFO  - 	Fit Pt: 0.696473, eta: 2.88497, phi: -1.90089
StFwdTrackMaker:INFO  - Track fit update complete!
StFwdTrackMaker:INFO  - Track Reps: 1
StFwdTrackMaker:INFO  - Track Rep 0 
genfit::AbsTrackRep, pdgCode = 211. PropDir = 0
fitStatus 
 track has been fitted, fit has converged fully, 0 TrackPoints could not be processed, fitted charge = -1, PruneFlags: 
 track has been fitted with reference track, numIterations = 5, track length = 170.047, fChi2 = 4963.19, bChi2 = 4963.19, fNdf = 25, bNdf = 25, fPVal = 0, bPVal = 0

StFwdTrackMaker:INFO  - GenFitTrackResult::mIdTruth = 1, QaTruth = 0.533333
StFwdTrackMaker:INFO  - GTR Setting momentum from track
StFwdTrackMaker:INFO  - --isFitConvergedPartially() = 1
StFwdTrackMaker:INFO  - --isFitConverged() = 1
StFwdTrackMaker:INFO  - --isFitConvergedFully() = 1
StFwdTrackMaker:INFO  - FOUND global track for vertex 7, iVtxTrack = 2
StFwdTrackMaker:INFO  - GenFitTrackResult::mIdTruth = 3, QaTruth = 0.75
The points are collinear, curvature is undefined.
p1 = -5.96087, -14.308
p2 = -5.96087, -14.308
p3 = -7.04467, -17.1062
The points are collinear, curvature is undefined.
p1 = -5.96087, -14.308
p2 = -5.96087, -14.308
p3 = -7.14437, -16.8743
StFwdTrackMaker:INFO  - GenericFitSeeder::makeSeed::Curvature: 0.24774
StFwdTrackMaker:INFO  - GenericFitSeeder::makeSeed::pt = 0.0060505
StFwdTrackMaker:INFO  - Note: Using externally provided seed momentum
StFwdTrackMaker:INFO  - Track Setup complete, track has 4 points
StFwdTrackMaker:INFO  -  sorting changed track points: 1
StFwdTrackMaker:INFO  - Fit status:  1
StFwdTrackMaker:INFO  - -Fit pvalue: 0.0190254
StFwdTrackMaker:INFO  - -Fit Chi2:   9.94662
StFwdTrackMaker:INFO  - -Fit Chi2:   9.94662
StFwdTrackMaker:INFO  - Track fit charge: -1Fit momentum: 0.007352, 0.0113937, -0.380517
StFwdTrackMaker:INFO  - 	Fit Pt: 0.0135598, eta: -4.02789, phi: 0.997754
StFwdTrackMaker:INFO  - Track fit update complete!
StFwdTrackMaker:INFO  - Track Reps: 1
StFwdTrackMaker:INFO  - Track Rep 0 
genfit::AbsTrackRep, pdgCode = 211. PropDir = 0
fitStatus 
 track has been fitted, fit has converged fully, 0 TrackPoints could not be processed, fitted charge = -1, PruneFlags: 
 track has been fitted with reference track, numIterations = 7, track length = 43.5648, fChi2 = 9.92737, bChi2 = 9.94662, fNdf = 3, bNdf = 3, fPVal = 0.0191937, bPVal = 0.0190254

StFwdTrackMaker:INFO  - GenFitTrackResult::mIdTruth = 3, QaTruth = 0.75
StFwdTrackMaker:INFO  - GTR Setting momentum from track
StFwdTrackMaker:INFO  - --isFitConvergedPartially() = 1
StFwdTrackMaker:INFO  - --isFitConverged() = 1
StFwdTrackMaker:INFO  - --isFitConvergedFully() = 1
StFwdTrackMaker:INFO  - 	Initial fit complete, now refitting with additional points
StFwdTrackMaker:WARN  - addFttHits: skipping blown-up state pT=0.0135598
StFwdTrackMaker:WARN  - addFttHits: skipping blown-up state pT=0.0135598
StFwdTrackMaker:WARN  - addFttHits: skipping blown-up state pT=0.0135598
StFwdTrackMaker:WARN  - addFttHits: skipping blown-up state pT=0.0135598
StFwdTrackMaker:WARN  - addEpdHits: skipping blown-up state pT=0.0135598
StFwdTrackMaker:INFO  - GenFitTrackResult::mIdTruth = 3, QaTruth = 0.75
The points are collinear, curvature is undefined.
p1 = -5.96087, -14.308
p2 = -5.96087, -14.308
p3 = -7.04467, -17.1062
The points are collinear, curvature is undefined.
p1 = -5.96087, -14.308
p2 = -5.96087, -14.308
p3 = -7.14437, -16.8743
StFwdTrackMaker:INFO  - GenericFitSeeder::makeSeed::Curvature: 0.24774
StFwdTrackMaker:INFO  - GenericFitSeeder::makeSeed::pt = 0.0060505
StFwdTrackMaker:INFO  - Note: Using externally provided seed momentum
StFwdTrackMaker:INFO  - Track Setup complete, track has 4 points
StFwdTrackMaker:INFO  -  sorting changed track points: 1
StFwdTrackMaker:INFO  - Fit status:  1
StFwdTrackMaker:INFO  - -Fit pvalue: 0.0194246
StFwdTrackMaker:INFO  - -Fit Chi2:   9.90123
StFwdTrackMaker:INFO  - -Fit Chi2:   9.90123
StFwdTrackMaker:INFO  - Track fit charge: -1Fit momentum: 0.00733708, 0.0113652, -0.38005
StFwdTrackMaker:INFO  - 	Fit Pt: 0.0135277, eta: -4.02902, phi: 0.997537
StFwdTrackMaker:INFO  - Track fit update complete!
StFwdTrackMaker:INFO  - Track Reps: 1
StFwdTrackMaker:INFO  - Track Rep 0 
genfit::AbsTrackRep, pdgCode = 211. PropDir = 0
fitStatus 
 track has been fitted, fit has converged fully, 0 TrackPoints could not be processed, fitted charge = -1, PruneFlags: 
 track has been fitted with reference track, numIterations = 5, track length = 43.5649, fChi2 = 9.92722, bChi2 = 9.90123, fNdf = 3, bNdf = 3, fPVal = 0.0191951, bPVal = 0.0194246

StFwdTrackMaker:INFO  - GenFitTrackResult::mIdTruth = 3, QaTruth = 0.75
StFwdTrackMaker:INFO  - GTR Setting momentum from track
StFwdTrackMaker:INFO  - --isFitConvergedPartially() = 1
StFwdTrackMaker:INFO  - --isFitConverged() = 1
StFwdTrackMaker:INFO  - --isFitConvergedFully() = 1
StFwdTrackMaker:INFO  - <<Fwd Tracking Fit :12 GenFit Tracks
StFwdTrackMaker:INFO  - TAttr::Found : fillevent = 1

StFwdTrackMaker:INFO  - Creating the StFwdTrackCollection
StFwdTrackMaker:INFO  - Processing GenfitTrackResult(type=0): 0 mIsFitConverged=1, mIsFitConvergedPartially=1, mNumFitPoints=12
AAA FCS StraightLine: det=0 xyzdet=(-17.399,-5.26,710.16) norm=(-0.0301896,0,0.999544)
AAA projectAsStraightLine: tv3A=(-26.297,-53.2692,574.206) tv3B=(-28.7129,-57.8641,624.133)
AAA   xyzf=(-17.399,-5.26,710.16) norm=(-0.0301896,0,0.999544)
AAA   tintersection=2.71371 result=(-32.8531,-65.7385,709.693)
AAA FCS StraightLine result: tv3=(-32.8531,-65.7385,709.693)
AAA FCS StraightLine: det=2 xyzdet=(-21.285,1.8,782.63) norm=(-0.0301896,0,0.999544)
AAA projectAsStraightLine: tv3A=(-26.297,-53.2692,574.206) tv3B=(-28.7129,-57.8641,624.133)
AAA   xyzf=(-21.285,1.8,782.63) norm=(-0.0301896,0,0.999544)
AAA   tintersection=4.16546 result=(-36.3604,-72.4092,782.175)
AAA FCS StraightLine result: tv3=(-36.3604,-72.4092,782.175)
StFwdTrackMaker:INFO  - Processing GenfitTrackResult(type=0): 1 mIsFitConverged=1, mIsFitConvergedPartially=1, mNumFitPoints=12
AAA FCS StraightLine: det=0 xyzdet=(-17.399,-5.26,710.16) norm=(-0.0301896,0,0.999544)
AAA projectAsStraightLine: tv3A=(-19.5159,-54.79,574.411) tv3B=(-21.0913,-59.6089,624.363)
AAA   xyzf=(-17.399,-5.26,710.16) norm=(-0.0301896,0,0.999544)
AAA   tintersection=2.71371 result=(-23.7909,-67.8671,709.967)
AAA FCS StraightLine result: tv3=(-23.7909,-67.8671,709.967)
AAA FCS StraightLine: det=2 xyzdet=(-21.285,1.8,782.63) norm=(-0.0301896,0,0.999544)
AAA projectAsStraightLine: tv3A=(-19.5159,-54.79,574.411) tv3B=(-21.0913,-59.6089,624.363)
AAA   xyzf=(-21.285,1.8,782.63) norm=(-0.0301896,0,0.999544)
AAA   tintersection=4.16546 result=(-26.0778,-74.8629,782.485)
AAA FCS StraightLine result: tv3=(-26.0778,-74.8629,782.485)
StFwdTrackMaker:INFO  - Processing GenfitTrackResult(type=0): 2 mIsFitConverged=1, mIsFitConvergedPartially=1, mNumFitPoints=3
AAA FCS StraightLine: det=0 xyzdet=(-17.399,-5.26,710.16) norm=(-0.0301896,0,0.999544)
AAA projectAsStraightLine: tv3A=(-12.1202,-53.3557,574.634) tv3B=(-13.2627,-57.7289,624.599)
AAA   xyzf=(-17.399,-5.26,710.16) norm=(-0.0301896,0,0.999544)
AAA   tintersection=2.71371 result=(-15.2207,-65.2234,710.226)
AAA FCS StraightLine result: tv3=(-15.2207,-65.2234,710.226)
AAA FCS StraightLine: det=2 xyzdet=(-21.285,1.8,782.63) norm=(-0.0301896,0,0.999544)
AAA projectAsStraightLine: tv3A=(-12.1202,-53.3557,574.634) tv3B=(-13.2627,-57.7289,624.599)
AAA   xyzf=(-21.285,1.8,782.63) norm=(-0.0301896,0,0.999544)
AAA   tintersection=4.16546 result=(-16.8793,-71.5722,782.763)
AAA FCS StraightLine result: tv3=(-16.8793,-71.5722,782.763)
StFwdTrackMaker:INFO  - Processing GenfitTrackResult(type=2): 3 mIsFitConverged=1, mIsFitConvergedPartially=1, mNumFitPoints=13
AAA FCS StraightLine: det=0 xyzdet=(-17.399,-5.26,710.16) norm=(-0.0301896,0,0.999544)
AAA projectAsStraightLine: tv3A=(-25.8309,-53.2303,574.22) tv3B=(-28.1224,-57.8289,624.151)
AAA   xyzf=(-17.399,-5.26,710.16) norm=(-0.0301896,0,0.999544)
AAA   tintersection=2.71371 result=(-32.0494,-65.7095,709.717)
AAA FCS StraightLine result: tv3=(-32.0494,-65.7095,709.717)
AAA FCS StraightLine: det=2 xyzdet=(-21.285,1.8,782.63) norm=(-0.0301896,0,0.999544)
AAA projectAsStraightLine: tv3A=(-25.8309,-53.2303,574.22) tv3B=(-28.1224,-57.8289,624.151)
AAA   xyzf=(-21.285,1.8,782.63) norm=(-0.0301896,0,0.999544)
AAA   tintersection=4.16546 result=(-35.3761,-72.3855,782.204)
AAA FCS StraightLine result: tv3=(-35.3761,-72.3855,782.204)
StFwdTrackMaker:INFO  - Processing GenfitTrackResult(type=2): 4 mIsFitConverged=1, mIsFitConvergedPartially=1, mNumFitPoints=13
AAA FCS StraightLine: det=0 xyzdet=(-17.399,-5.26,710.16) norm=(-0.0301896,0,0.999544)
AAA projectAsStraightLine: tv3A=(-19.8359,-54.5135,574.401) tv3B=(-21.5044,-59.2638,624.351)
AAA   xyzf=(-17.399,-5.26,710.16) norm=(-0.0301896,0,0.999544)
AAA   tintersection=2.71371 result=(-24.3637,-67.4044,709.95)
AAA FCS StraightLine result: tv3=(-24.3637,-67.4044,709.95)
AAA FCS StraightLine: det=2 xyzdet=(-21.285,1.8,782.63) norm=(-0.0301896,0,0.999544)
AAA projectAsStraightLine: tv3A=(-19.8359,-54.5135,574.401) tv3B=(-21.5044,-59.2638,624.351)
AAA   xyzf=(-21.285,1.8,782.63) norm=(-0.0301896,0,0.999544)
AAA   tintersection=4.16545 result=(-26.7859,-74.3006,782.464)
AAA FCS StraightLine result: tv3=(-26.7859,-74.3006,782.464)
StFwdTrackMaker:INFO  - Processing GenfitTrackResult(type=2): 5 mIsFitConverged=1, mIsFitConvergedPartially=1, mNumFitPoints=13
AAA FCS StraightLine: det=0 xyzdet=(-17.399,-5.26,710.16) norm=(-0.0301896,0,0.999544)
AAA projectAsStraightLine: tv3A=(-20.678,-53.6455,574.375) tv3B=(-22.4549,-58.3114,624.322)
AAA   xyzf=(-17.399,-5.26,710.16) norm=(-0.0301896,0,0.999544)
AAA   tintersection=2.71371 result=(-25.5,-66.3073,709.915)
AAA FCS StraightLine result: tv3=(-25.5,-66.3073,709.915)
AAA FCS StraightLine: det=2 xyzdet=(-21.285,1.8,782.63) norm=(-0.0301896,0,0.999544)
AAA projectAsStraightLine: tv3A=(-20.678,-53.6455,574.375) tv3B=(-22.4549,-58.3114,624.322)
AAA   xyzf=(-21.285,1.8,782.63) norm=(-0.0301896,0,0.999544)
AAA   tintersection=4.16546 result=(-28.0796,-73.081,782.425)
AAA FCS StraightLine result: tv3=(-28.0796,-73.081,782.425)
StFwdTrackMaker:INFO  - Processing GenfitTrackResult(type=1): 6 mIsFitConverged=1, mIsFitConvergedPartially=1, mNumFitPoints=13
AAA FCS StraightLine: det=0 xyzdet=(-17.399,-5.26,710.16) norm=(-0.0301896,0,0.999544)
AAA projectAsStraightLine: tv3A=(-26.164,-53.3344,574.21) tv3B=(-28.5425,-57.9475,624.138)
AAA   xyzf=(-17.399,-5.26,710.16) norm=(-0.0301896,0,0.999544)
AAA   tintersection=2.71371 result=(-32.6186,-65.8531,709.7)
AAA FCS StraightLine result: tv3=(-32.6186,-65.8531,709.7)
AAA FCS StraightLine: det=2 xyzdet=(-21.285,1.8,782.63) norm=(-0.0301896,0,0.999544)
AAA projectAsStraightLine: tv3A=(-26.164,-53.3344,574.21) tv3B=(-28.5425,-57.9475,624.138)
AAA   xyzf=(-21.285,1.8,782.63) norm=(-0.0301896,0,0.999544)
AAA   tintersection=4.16546 result=(-36.0716,-72.5501,782.183)
AAA FCS StraightLine result: tv3=(-36.0716,-72.5501,782.183)
StFwdTrackMaker:INFO  - Processing GenfitTrackResult(type=1): 7 mIsFitConverged=1, mIsFitConvergedPartially=1, mNumFitPoints=13
AAA FCS StraightLine: det=0 xyzdet=(-17.399,-5.26,710.16) norm=(-0.0301896,0,0.999544)
AAA projectAsStraightLine: tv3A=(-19.6565,-54.7337,574.406) tv3B=(-21.2716,-59.5368,624.358)
AAA   xyzf=(-17.399,-5.26,710.16) norm=(-0.0301896,0,0.999544)
AAA   tintersection=2.71371 result=(-24.0395,-67.7677,709.959)
AAA FCS StraightLine result: tv3=(-24.0395,-67.7677,709.959)
AAA FCS StraightLine: det=2 xyzdet=(-21.285,1.8,782.63) norm=(-0.0301896,0,0.999544)
AAA projectAsStraightLine: tv3A=(-19.6565,-54.7337,574.406) tv3B=(-21.2716,-59.5368,624.358)
AAA   xyzf=(-21.285,1.8,782.63) norm=(-0.0301896,0,0.999544)
AAA   tintersection=4.16546 result=(-26.3842,-74.7405,782.476)
AAA FCS StraightLine result: tv3=(-26.3842,-74.7405,782.476)
StFwdTrackMaker:INFO  - Processing GenfitTrackResult(type=1): 8 mIsFitConverged=1, mIsFitConvergedPartially=1, mNumFitPoints=13
AAA FCS StraightLine: det=0 xyzdet=(-17.399,-5.26,710.16) norm=(-0.0301896,0,0.999544)
AAA projectAsStraightLine: tv3A=(-20.5749,-54.1195,574.379) tv3B=(-22.333,-58.8031,624.325)
AAA   xyzf=(-17.399,-5.26,710.16) norm=(-0.0301896,0,0.999544)
AAA   tintersection=2.71371 result=(-25.3458,-66.8294,709.92)
AAA FCS StraightLine result: tv3=(-25.3458,-66.8294,709.92)
AAA FCS StraightLine: det=2 xyzdet=(-21.285,1.8,782.63) norm=(-0.0301896,0,0.999544)
AAA projectAsStraightLine: tv3A=(-20.5749,-54.1195,574.379) tv3B=(-22.333,-58.8031,624.325)
AAA   xyzf=(-21.285,1.8,782.63) norm=(-0.0301896,0,0.999544)
AAA   tintersection=4.16546 result=(-27.8981,-73.6287,782.43)
AAA FCS StraightLine result: tv3=(-27.8981,-73.6287,782.43)
StFwdTrackMaker:INFO  - Processing GenfitTrackResult(type=3): 9 mIsFitConverged=1, mIsFitConvergedPartially=1, mNumFitPoints=14
AAA FCS StraightLine: det=0 xyzdet=(-17.399,-5.26,710.16) norm=(-0.0301896,0,0.999544)
AAA projectAsStraightLine: tv3A=(-27.2438,-55.9259,574.177) tv3B=(-29.8532,-61.0851,624.098)
AAA   xyzf=(-17.399,-5.26,710.16) norm=(-0.0301896,0,0.999544)
AAA   tintersection=2.71371 result=(-34.3248,-69.9263,709.649)
AAA FCS StraightLine result: tv3=(-34.3248,-69.9263,709.649)
AAA FCS StraightLine: det=2 xyzdet=(-21.285,1.8,782.63) norm=(-0.0301896,0,0.999544)
AAA projectAsStraightLine: tv3A=(-27.2438,-55.9259,574.177) tv3B=(-29.8532,-61.0851,624.098)
AAA   xyzf=(-21.285,1.8,782.63) norm=(-0.0301896,0,0.999544)
AAA   tintersection=4.16546 result=(-38.1129,-77.4161,782.122)
AAA FCS StraightLine result: tv3=(-38.1129,-77.4161,782.122)
StFwdTrackMaker:INFO  - Processing GenfitTrackResult(type=3): 10 mIsFitConverged=1, mIsFitConvergedPartially=1, mNumFitPoints=15
AAA FCS StraightLine: det=0 xyzdet=(-17.399,-5.26,710.16) norm=(-0.0301896,0,0.999544)
AAA projectAsStraightLine: tv3A=(-20.5117,-57.0204,574.38) tv3B=(-22.3045,-62.3136,624.326)
AAA   xyzf=(-17.399,-5.26,710.16) norm=(-0.0301896,0,0.999544)
AAA   tintersection=2.71371 result=(-25.3768,-71.3846,709.919)
AAA FCS StraightLine result: tv3=(-25.3768,-71.3846,709.919)
AAA FCS StraightLine: det=2 xyzdet=(-21.285,1.8,782.63) norm=(-0.0301896,0,0.999544)
AAA projectAsStraightLine: tv3A=(-20.5117,-57.0204,574.38) tv3B=(-22.3045,-62.3136,624.326)
AAA   xyzf=(-21.285,1.8,782.63) norm=(-0.0301896,0,0.999544)
AAA   tintersection=4.16546 result=(-27.9795,-79.069,782.428)
AAA FCS StraightLine result: tv3=(-27.9795,-79.069,782.428)
StFwdTrackMaker:INFO  - Processing GenfitTrackResult(type=3): 11 mIsFitConverged=1, mIsFitConvergedPartially=1, mNumFitPoints=4
AAA FCS StraightLine: det=0 xyzdet=(-17.399,-5.26,710.16) norm=(-0.0301896,0,0.999544)
AAA projectAsStraightLine: tv3A=(-9.82745,-28.4793,574.703) tv3B=(-9.74418,-30.3391,624.706)
AAA   xyzf=(-17.399,-5.26,710.16) norm=(-0.0301896,0,0.999544)
AAA   tintersection=2.71371 result=(-9.60149,-33.5262,710.395)
AAA FCS StraightLine result: tv3=(-9.60149,-33.5262,710.395)
AAA FCS StraightLine: det=2 xyzdet=(-21.285,1.8,782.63) norm=(-0.0301896,0,0.999544)
AAA projectAsStraightLine: tv3A=(-9.82745,-28.4793,574.703) tv3B=(-9.74418,-30.3391,624.706)
AAA   xyzf=(-21.285,1.8,782.63) norm=(-0.0301896,0,0.999544)
AAA   tintersection=4.16546 result=(-9.4806,-36.2262,782.987)
AAA FCS StraightLine result: tv3=(-9.4806,-36.2262,782.987)
StFwdTrackMaker:INFO  - StFwdTrackCollection has 12 tracks now
StFwdTrackMaker:INFO  - StFwdTrackCollection has 12 tracks now
StFwdTrackMaker:INFO  - *** StFwdTrackMaker::Make() == StOK(0) ***
StFcsTrackMatchMaker:INFO  - *** StFcsTrackMatchMaker::Make() == StOK(0) ***
StStrangeMuDstMaker:INFO  - StV0Controller: found 0 V0 candidates
StStrangeMuDstMaker:INFO  - StXiController: found 0 Xi candidates
StStrangeMuDstMaker:INFO  - StKinkController: found 0 Kink candidates
StStrangeMuDstMaker:INFO  - *** StStrangeMuDstMaker::Make() == StOK(0) ***
StMuDstMaker:INFO  - fillMuFtt
StMuDstMaker:INFO  - fillMuFttRawHits
StMuDstMaker:INFO  - fillMuFttPoints
StMuDstMaker:INFO  - fillMuFttClusters
StMuDstMaker:INFO  - StMuDstMaker::fillFwdTrack(StEvent* ev)
StMuDstMaker:INFO  - StMuDSTMaker filling StMuFwdTrackCollection from StEvent
StMuDstMaker:INFO  - Adding 12 StMuFwdTracks to MuDSt
StMuDstMaker:INFO  - *** StMuDstMaker::Make() == StOK(0) ***
StTreeMaker:INFO  - *** StTreeMaker::Make() == StOK(0) ***
StPicoDstMaker:WARN  - No trigger data bank available!
StPicoDstMaker:INFO  - StPicoDstMaker::fillFcsHits filled 25
StPicoDstMaker:INFO  - StPicoDstMaker::fillFcsClusters filled 2
StPicoDstMaker:INFO  - *** StPicoDstMaker::Make() == StOK(0) ***
MEM after Chain::Clear + Make	 total =793.882812 heap =208.641434 and   0.227325( +0.133286)
<---------- END EVENT
--------->START EVENT: 3
MEM before Chain::Clear + Make	 total =793.882812 heap =208.641632 and   0.227051( +0.000198)
St_geant_Maker:INFO  - *** St_geant_Maker::Make() == StOK(0) ***
St_db_Maker:INFO  - *** St_db_Maker::Make() == StOK(0) ***
StMagFMaker:INFO  - *** StMagFMaker::Make() == StOK(0) ***
StDetectorDbMaker:INFO  - *** StDetectorDbMaker::Make() == StOK(0) ***
StTpcDbMaker:INFO  - *** StTpcDbMaker::Make() == StOK(0) ***
StFcsDbMaker:INFO  - *** StFcsDbMaker::Make() == StOK(0) ***
StEventMaker:INFO  - get trigDetSums from Calibrations/rich/trigDetSums
StEventMaker:WARN  - StEventMaker: No StDAQReader found
StEventMaker:INFO  - *** StEventMaker::Make() == StOK(0) ***
StMcEventMaker:INFO  - StMcEventMaker:   g2t_tpc_hit Table Not found 
StMcEventMaker:INFO  - StMcEventMaker:   particle    Table Not found 
StMcEventMaker:INFO  - *** StMcEventMaker::Make() == StOK(0) ***
StFcsFastSimulatorMaker:DEBUG - StFcsFastSimulatorMaker::Make
StFcsFastSimulatorMaker:DEBUG - Creating StFcsCollection
StFcsFastSimulatorMaker:INFO  - TAttr::Found : fcsleakyhcal = 0

StFcsFastSimulatorMaker:INFO  - TAttr::Found : fcshcalzdepeff = 0

StFcsFastSimulatorMaker:INFO  - g2t_wca_hit table has 28 hit
StFcsFastSimulatorMaker:INFO  - ECAL det=0 id=442 volid=1443 e=0.000362
StFcsFastSimulatorMaker:INFO  - ECAL det=0 id=485 volid=1486 e=0.000701
StFcsFastSimulatorMaker:INFO  - ECAL det=0 id=486 volid=1487 e=0.001525
StFcsFastSimulatorMaker:INFO  - ECAL det=0 id=506 volid=1507 e=0.008449
StFcsFastSimulatorMaker:INFO  - ECAL det=0 id=507 volid=1508 e=0.018414
StFcsFastSimulatorMaker:INFO  - ECAL det=0 id=508 volid=1509 e=0.007446
StFcsFastSimulatorMaker:INFO  - ECAL det=0 id=528 volid=1529 e=0.170093
StFcsFastSimulatorMaker:INFO  - ECAL det=0 id=529 volid=1530 e=3.067843
StFcsFastSimulatorMaker:INFO  - ECAL det=0 id=530 volid=1531 e=0.025576
StFcsFastSimulatorMaker:INFO  - ECAL det=0 id=531 volid=1532 e=0.000820
StFcsFastSimulatorMaker:INFO  - ECAL det=0 id=532 volid=1533 e=0.003393
StFcsFastSimulatorMaker:INFO  - ECAL det=0 id=550 volid=1551 e=0.094687
StFcsFastSimulatorMaker:INFO  - ECAL det=0 id=551 volid=1552 e=0.505243
StFcsFastSimulatorMaker:INFO  - ECAL det=0 id=552 volid=1553 e=0.011749
StFcsFastSimulatorMaker:INFO  - ECAL det=0 id=553 volid=1554 e=0.006384
StFcsFastSimulatorMaker:INFO  - ECAL det=0 id=572 volid=1573 e=0.008029
StFcsFastSimulatorMaker:INFO  - ECAL det=0 id=573 volid=1574 e=0.003167
StFcsFastSimulatorMaker:INFO  - ECAL det=0 id=574 volid=1575 e=0.002078
StFcsFastSimulatorMaker:INFO  - ECAL det=0 id=575 volid=1576 e=0.000641
StFcsFastSimulatorMaker:INFO  - ECAL det=0 id=594 volid=1595 e=0.004862
StFcsFastSimulatorMaker:INFO  - ECAL det=0 id=595 volid=1596 e=0.005051
StFcsFastSimulatorMaker:INFO  - ECAL det=0 id=596 volid=1597 e=0.004990
StFcsFastSimulatorMaker:INFO  - ECAL det=0 id=597 volid=1598 e=0.000523
StFcsFastSimulatorMaker:INFO  - ECAL det=0 id=598 volid=1599 e=0.000840
StFcsFastSimulatorMaker:INFO  - ECAL det=0 id=641 volid=1642 e=0.000009
StFcsFastSimulatorMaker:INFO  - ECAL det=1 id=331 volid=2332 e=0.000925
StFcsFastSimulatorMaker:INFO  - ECAL det=1 id=462 volid=2463 e=0.001291
StFcsFastSimulatorMaker:INFO  - ECAL det=1 id=726 volid=2727 e=0.000553
StFcsFastSimulatorMaker:INFO  - g2t_hca_hit table has 18 hit
StFcsFastSimulatorMaker:INFO  - HCAL det=2 id=157 volid= 1158 e=0.001007
StFcsFastSimulatorMaker:INFO  - HCAL det=2 id=170 volid= 1171 e=0.001253
StFcsFastSimulatorMaker:INFO  - HCAL det=2 id=171 volid= 1172 e=0.000578
StFcsFastSimulatorMaker:INFO  - HCAL det=2 id=182 volid= 1183 e=0.000181
StFcsFastSimulatorMaker:INFO  - HCAL det=2 id=183 volid= 1184 e=0.002655
StFcsFastSimulatorMaker:INFO  - HCAL det=2 id=195 volid= 1196 e=0.012082
StFcsFastSimulatorMaker:INFO  - HCAL det=2 id=196 volid= 1197 e=0.000597
StFcsFastSimulatorMaker:INFO  - HCAL det=2 id=208 volid= 1209 e=0.000077
StFcsFastSimulatorMaker:INFO  - HCAL det=2 id=209 volid= 1210 e=0.000040
StFcsFastSimulatorMaker:INFO  - HCAL det=2 id=212 volid= 1213 e=0.000180
StFcsFastSimulatorMaker:INFO  - HCAL det=3 id=182 volid= 2183 e=0.000908
StFcsFastSimulatorMaker:INFO  - HCAL det=3 id=195 volid= 2196 e=0.000133
StFcsFastSimulatorMaker:INFO  - HCAL det=3 id=200 volid= 2201 e=0.002518
StFcsFastSimulatorMaker:INFO  - HCAL det=3 id=208 volid= 2209 e=0.000069
StFcsFastSimulatorMaker:INFO  - HCAL det=3 id=209 volid= 2210 e=0.000770
StFcsFastSimulatorMaker:INFO  - HCAL det=3 id=221 volid= 2222 e=0.002661
StFcsFastSimulatorMaker:INFO  - HCAL det=3 id=234 volid= 2235 e=0.001742
StFcsFastSimulatorMaker:INFO  - HCAL det=3 id=251 volid= 2252 e=0.000006
StFcsFastSimulatorMaker:INFO  - g2t_epd_hit table has 1 hit
StFcsFastSimulatorMaker:INFO  - Pres det=4 id=164 volid=206080 e=  1.921551
StFcsFastSimulatorMaker:INFO  - Det=0 id=442 dE=   0.000 SF= 0.200 gain= 0.005 corr= 1.000 ADC=   0 ZS= 1 digiE=   0.000
StFcsFastSimulatorMaker:INFO  - Det=0 id=485 dE=   0.001 SF= 0.200 gain= 0.005 corr= 1.000 ADC=   0 ZS= 1 digiE=   0.000
StFcsFastSimulatorMaker:INFO  - Det=0 id=486 dE=   0.002 SF= 0.200 gain= 0.005 corr= 1.000 ADC=   1 ZS= 1 digiE=   0.005
StFcsFastSimulatorMaker:INFO  - Det=0 id=506 dE=   0.008 SF= 0.200 gain= 0.005 corr= 1.000 ADC=   7 ZS= 1 digiE=   0.037
StFcsFastSimulatorMaker:INFO  - Det=0 id=507 dE=   0.018 SF= 0.200 gain= 0.005 corr= 1.000 ADC=  17 ZS= 1 digiE=   0.090
StFcsFastSimulatorMaker:INFO  - Det=0 id=508 dE=   0.007 SF= 0.200 gain= 0.005 corr= 1.000 ADC=   7 ZS= 1 digiE=   0.037
StFcsFastSimulatorMaker:INFO  - Det=0 id=528 dE=   0.170 SF= 0.200 gain= 0.005 corr= 1.000 ADC= 160 ZS= 1 digiE=   0.848
StFcsFastSimulatorMaker:INFO  - Det=0 id=529 dE=   3.068 SF= 0.200 gain= 0.005 corr= 1.000 ADC=2894 ZS= 1 digiE=  15.338
StFcsFastSimulatorMaker:INFO  - Det=0 id=530 dE=   0.026 SF= 0.200 gain= 0.005 corr= 1.000 ADC=  24 ZS= 1 digiE=   0.127
StFcsFastSimulatorMaker:INFO  - Det=0 id=531 dE=   0.001 SF= 0.200 gain= 0.005 corr= 1.000 ADC=   0 ZS= 1 digiE=   0.000
StFcsFastSimulatorMaker:INFO  - Det=0 id=532 dE=   0.003 SF= 0.200 gain= 0.005 corr= 1.000 ADC=   3 ZS= 1 digiE=   0.016
StFcsFastSimulatorMaker:INFO  - Det=0 id=550 dE=   0.095 SF= 0.200 gain= 0.005 corr= 1.000 ADC=  89 ZS= 1 digiE=   0.472
StFcsFastSimulatorMaker:INFO  - Det=0 id=551 dE=   0.505 SF= 0.200 gain= 0.005 corr= 1.000 ADC= 476 ZS= 1 digiE=   2.523
StFcsFastSimulatorMaker:INFO  - Det=0 id=552 dE=   0.012 SF= 0.200 gain= 0.005 corr= 1.000 ADC=  11 ZS= 1 digiE=   0.058
StFcsFastSimulatorMaker:INFO  - Det=0 id=553 dE=   0.006 SF= 0.200 gain= 0.005 corr= 1.000 ADC=   6 ZS= 1 digiE=   0.032
StFcsFastSimulatorMaker:INFO  - Det=0 id=572 dE=   0.008 SF= 0.200 gain= 0.005 corr= 1.000 ADC=   7 ZS= 1 digiE=   0.037
StFcsFastSimulatorMaker:INFO  - Det=0 id=573 dE=   0.003 SF= 0.200 gain= 0.005 corr= 1.000 ADC=   2 ZS= 1 digiE=   0.011
StFcsFastSimulatorMaker:INFO  - Det=0 id=574 dE=   0.002 SF= 0.200 gain= 0.005 corr= 1.000 ADC=   1 ZS= 1 digiE=   0.005
StFcsFastSimulatorMaker:INFO  - Det=0 id=575 dE=   0.001 SF= 0.200 gain= 0.005 corr= 1.000 ADC=   0 ZS= 1 digiE=   0.000
StFcsFastSimulatorMaker:INFO  - Det=0 id=594 dE=   0.005 SF= 0.200 gain= 0.005 corr= 1.000 ADC=   4 ZS= 1 digiE=   0.021
StFcsFastSimulatorMaker:INFO  - Det=0 id=595 dE=   0.005 SF= 0.200 gain= 0.005 corr= 1.000 ADC=   4 ZS= 1 digiE=   0.021
StFcsFastSimulatorMaker:INFO  - Det=0 id=596 dE=   0.005 SF= 0.200 gain= 0.005 corr= 1.000 ADC=   4 ZS= 1 digiE=   0.021
StFcsFastSimulatorMaker:INFO  - Det=0 id=597 dE=   0.001 SF= 0.200 gain= 0.005 corr= 1.000 ADC=   0 ZS= 1 digiE=   0.000
StFcsFastSimulatorMaker:INFO  - Det=0 id=598 dE=   0.001 SF= 0.200 gain= 0.005 corr= 1.000 ADC=   0 ZS= 1 digiE=   0.000
StFcsFastSimulatorMaker:INFO  - Det=0 id=641 dE=   0.000 SF= 0.200 gain= 0.005 corr= 1.000 ADC=   0 ZS= 1 digiE=   0.000
StFcsFastSimulatorMaker:INFO  - Det=1 id=331 dE=   0.001 SF= 0.200 gain= 0.005 corr= 1.000 ADC=   0 ZS= 1 digiE=   0.000
StFcsFastSimulatorMaker:INFO  - Det=1 id=462 dE=   0.001 SF= 0.200 gain= 0.005 corr= 1.000 ADC=   1 ZS= 1 digiE=   0.005
StFcsFastSimulatorMaker:INFO  - Det=1 id=726 dE=   0.001 SF= 0.200 gain= 0.005 corr= 1.000 ADC=   0 ZS= 1 digiE=   0.000
StFcsFastSimulatorMaker:INFO  - Det=2 id=157 dE=   0.001 SF= 0.014 gain= 0.005 corr= 1.000 ADC=  13 ZS= 1 digiE=   0.069
StFcsFastSimulatorMaker:INFO  - Det=2 id=170 dE=   0.001 SF= 0.014 gain= 0.005 corr= 1.000 ADC=  16 ZS= 1 digiE=   0.085
StFcsFastSimulatorMaker:INFO  - Det=2 id=171 dE=   0.001 SF= 0.014 gain= 0.005 corr= 1.000 ADC=   7 ZS= 1 digiE=   0.037
StFcsFastSimulatorMaker:INFO  - Det=2 id=182 dE=   0.000 SF= 0.014 gain= 0.005 corr= 1.000 ADC=   2 ZS= 1 digiE=   0.011
StFcsFastSimulatorMaker:INFO  - Det=2 id=183 dE=   0.003 SF= 0.014 gain= 0.005 corr= 1.000 ADC=  34 ZS= 1 digiE=   0.180
StFcsFastSimulatorMaker:INFO  - Det=2 id=195 dE=   0.012 SF= 0.014 gain= 0.005 corr= 1.000 ADC= 157 ZS= 1 digiE=   0.832
StFcsFastSimulatorMaker:INFO  - Det=2 id=196 dE=   0.001 SF= 0.014 gain= 0.005 corr= 1.000 ADC=   7 ZS= 1 digiE=   0.037
StFcsFastSimulatorMaker:INFO  - Det=2 id=208 dE=   0.000 SF= 0.014 gain= 0.005 corr= 1.000 ADC=   0 ZS= 1 digiE=   0.000
StFcsFastSimulatorMaker:INFO  - Det=2 id=209 dE=   0.000 SF= 0.014 gain= 0.005 corr= 1.000 ADC=   0 ZS= 1 digiE=   0.000
StFcsFastSimulatorMaker:INFO  - Det=2 id=212 dE=   0.000 SF= 0.014 gain= 0.005 corr= 1.000 ADC=   2 ZS= 1 digiE=   0.011
StFcsFastSimulatorMaker:INFO  - Det=3 id=182 dE=   0.001 SF= 0.014 gain= 0.005 corr= 1.000 ADC=  11 ZS= 1 digiE=   0.058
StFcsFastSimulatorMaker:INFO  - Det=3 id=195 dE=   0.000 SF= 0.014 gain= 0.005 corr= 1.000 ADC=   1 ZS= 1 digiE=   0.005
StFcsFastSimulatorMaker:INFO  - Det=3 id=200 dE=   0.003 SF= 0.014 gain= 0.005 corr= 1.000 ADC=  32 ZS= 1 digiE=   0.170
StFcsFastSimulatorMaker:INFO  - Det=3 id=208 dE=   0.000 SF= 0.014 gain= 0.005 corr= 1.000 ADC=   0 ZS= 1 digiE=   0.000
StFcsFastSimulatorMaker:INFO  - Det=3 id=209 dE=   0.001 SF= 0.014 gain= 0.005 corr= 1.000 ADC=  10 ZS= 1 digiE=   0.053
StFcsFastSimulatorMaker:INFO  - Det=3 id=221 dE=   0.003 SF= 0.014 gain= 0.005 corr= 1.000 ADC=  34 ZS= 1 digiE=   0.180
StFcsFastSimulatorMaker:INFO  - Det=3 id=234 dE=   0.002 SF= 0.014 gain= 0.005 corr= 1.000 ADC=  22 ZS= 1 digiE=   0.117
StFcsFastSimulatorMaker:INFO  - Det=3 id=251 dE=   0.000 SF= 0.014 gain= 0.005 corr= 1.000 ADC=   0 ZS= 1 digiE=   0.000
StFcsFastSimulatorMaker:INFO  - Det=4 id=164 dE=   1.922 SF= 2.000 gain= 0.010 corr= 0.500 ADC= 192 ZS= 1 digiE=   0.960
StFcsFastSimulatorMaker:INFO  - wca Found 28 g2t hits in 16 cells, created 16 hits with ADC>ZS(1) and Etot=  19.689
StFcsFastSimulatorMaker:INFO  - hca Found 18 g2t hits in 13 cells, created 13 hits with ADC>ZS(1) and Etot=   1.839
StFcsFastSimulatorMaker:INFO  - pre Found 1 g2t hits in 1 cells, created 1 hits with ADC>ZS(1) and Etot=   0.960
StFcsFastSimulatorMaker:INFO  - *** StFcsFastSimulatorMaker::Make() == StOK(0) ***
StFcsWaveformFitMaker:INFO  - *** StFcsWaveformFitMaker::Make() == StOK(0) ***
StFcsClusterMaker:DEBUG - StFcsClusterMaker Make!!!
  *** Print FCS collection ***  RecFlag=0
  *** FCS Det=0 *** NHit= 16 NCluster=  1 NPoint=  0
StFcsHit: det= 0 id=529 | ns=0 ehp=0 dep=10 ch=28 | Ntb=  1 Sum=     0 Fit=  0.00   0.00 E= 15.34 | 2894 (  0) 
StFcsHit: det= 0 id=551 | ns=0 ehp=0 dep=15 ch= 0 | Ntb=  1 Sum=     0 Fit=  0.00   0.00 E=  2.52 |  476 (  0) 
StFcsHit: det= 0 id=528 | ns=0 ehp=0 dep=22 ch=23 | Ntb=  1 Sum=     0 Fit=  0.00   0.00 E=  0.85 |  160 (  0) 
StFcsHit: det= 0 id=550 | ns=0 ehp=0 dep=22 ch=24 | Ntb=  1 Sum=     0 Fit=  0.00   0.00 E=  0.47 |   89 (  0) 
StFcsHit: det= 0 id=530 | ns=0 ehp=0 dep=10 ch=29 | Ntb=  1 Sum=     0 Fit=  0.00   0.00 E=  0.13 |   24 (  0) 
StFcsHit: det= 0 id=507 | ns=0 ehp=0 dep=10 ch=24 | Ntb=  1 Sum=     0 Fit=  0.00   0.00 E=  0.09 |   17 (  0) 
StFcsHit: det= 0 id=552 | ns=0 ehp=0 dep=15 ch= 1 | Ntb=  1 Sum=     0 Fit=  0.00   0.00 E=  0.06 |   11 (  0) 
StFcsHit: det= 0 id=506 | ns=0 ehp=0 dep=22 ch=22 | Ntb=  1 Sum=     0 Fit=  0.00   0.00 E=  0.04 |    7 (  0) 
StFcsHit: det= 0 id=508 | ns=0 ehp=0 dep=10 ch=25 | Ntb=  1 Sum=     0 Fit=  0.00   0.00 E=  0.04 |    7 (  0) 
StFcsHit: det= 0 id=572 | ns=0 ehp=0 dep=22 ch=25 | Ntb=  1 Sum=     0 Fit=  0.00   0.00 E=  0.04 |    7 (  0) 
StFcsHit: det= 0 id=553 | ns=0 ehp=0 dep=15 ch= 2 | Ntb=  1 Sum=     0 Fit=  0.00   0.00 E=  0.03 |    6 (  0) 
StFcsHit: det= 0 id=594 | ns=0 ehp=0 dep=22 ch=26 | Ntb=  1 Sum=     0 Fit=  0.00   0.00 E=  0.02 |    4 (  0) 
StFcsHit: det= 0 id=595 | ns=0 ehp=0 dep=15 ch= 8 | Ntb=  1 Sum=     0 Fit=  0.00   0.00 E=  0.02 |    4 (  0) 
StFcsHit: det= 0 id=596 | ns=0 ehp=0 dep=15 ch= 9 | Ntb=  1 Sum=     0 Fit=  0.00   0.00 E=  0.02 |    4 (  0) 
StFcsHit: det= 0 id=532 | ns=0 ehp=0 dep=10 ch=31 | Ntb=  1 Sum=     0 Fit=  0.00   0.00 E=  0.02 |    3 (  0) 
StFcsHit: det= 0 id=573 | ns=0 ehp=0 dep=15 ch= 4 | Ntb=  1 Sum=     0 Fit=  0.00   0.00 E=  0.01 |    2 (  0) 
StFcsCluster id=   0 ctg=1 n=15 nNeigh=0 nPoints=0 loc=   1.33   24.81 PXYZE=  -0.68   -1.32   19.62   19.67 E=  19.67 sigMin/max=   0.39    0.47 Chi2=   0.00    0.00
  *** FCS Det=1 *** NHit=  0 NCluster=  0 NPoint=  0
  *** FCS Det=2 *** NHit=  8 NCluster=  1 NPoint=  0
StFcsHit: det= 2 id=195 | ns=0 ehp=1 dep= 3 ch=20 | Ntb=  1 Sum=     0 Fit=  0.00   0.00 E=  0.83 |  157 (  0) 
StFcsHit: det= 2 id=183 | ns=0 ehp=1 dep= 3 ch=17 | Ntb=  1 Sum=     0 Fit=  0.00   0.00 E=  0.18 |   34 (  0) 
StFcsHit: det= 2 id=170 | ns=0 ehp=1 dep= 3 ch=13 | Ntb=  1 Sum=     0 Fit=  0.00   0.00 E=  0.08 |   16 (  0) 
StFcsHit: det= 2 id=157 | ns=0 ehp=1 dep= 3 ch= 9 | Ntb=  1 Sum=     0 Fit=  0.00   0.00 E=  0.07 |   13 (  0) 
StFcsHit: det= 2 id=171 | ns=0 ehp=1 dep= 3 ch=14 | Ntb=  1 Sum=     0 Fit=  0.00   0.00 E=  0.04 |    7 (  0) 
StFcsHit: det= 2 id=196 | ns=0 ehp=1 dep= 3 ch=21 | Ntb=  1 Sum=     0 Fit=  0.00   0.00 E=  0.04 |    7 (  0) 
StFcsHit: det= 2 id=182 | ns=0 ehp=1 dep= 3 ch=16 | Ntb=  1 Sum=     0 Fit=  0.00   0.00 E=  0.01 |    2 (  0) 
StFcsHit: det= 2 id=212 | ns=0 ehp=1 dep= 4 ch=24 | Ntb=  1 Sum=     0 Fit=  0.00   0.00 E=  0.01 |    2 (  0) 
StFcsCluster id=   0 ctg=1 n= 7 nNeigh=0 nPoints=0 loc=   0.62   15.38 PXYZE=  -0.04   -0.08    1.25    1.25 E=   1.25 sigMin/max=   0.00    0.46 Chi2=   0.00    0.00
  *** FCS Det=3 *** NHit=  5 NCluster=  2 NPoint=  0
StFcsHit: det= 3 id=221 | ns=1 ehp=1 dep= 3 ch=28 | Ntb=  1 Sum=     0 Fit=  0.00   0.00 E=  0.18 |   34 (  0) 
StFcsHit: det= 3 id=200 | ns=1 ehp=1 dep= 4 ch=21 | Ntb=  1 Sum=     0 Fit=  0.00   0.00 E=  0.17 |   32 (  0) 
StFcsHit: det= 3 id=234 | ns=1 ehp=1 dep= 7 ch= 0 | Ntb=  1 Sum=     0 Fit=  0.00   0.00 E=  0.12 |   22 (  0) 
StFcsHit: det= 3 id=182 | ns=1 ehp=1 dep= 3 ch=16 | Ntb=  1 Sum=     0 Fit=  0.00   0.00 E=  0.06 |   11 (  0) 
StFcsHit: det= 3 id=209 | ns=1 ehp=1 dep= 3 ch=25 | Ntb=  1 Sum=     0 Fit=  0.00   0.00 E=  0.05 |   10 (  0) 
StFcsCluster id=   0 ctg=1 n= 3 nNeigh=0 nPoints=0 loc=   0.50   17.68 PXYZE=   0.01   -0.03    0.35    0.35 E=   0.35 sigMin/max=   0.00    0.38 Chi2=   0.00    0.00
StFcsCluster id=   1 ctg=1 n= 1 nNeigh=0 nPoints=0 loc=   5.50   15.50 PXYZE=   0.02   -0.01    0.17    0.17 E=   0.17 sigMin/max=   0.00    0.00 Chi2=   0.00    0.00
  *** FCS Det=4 *** NHit=  1 NCluster=  0 NPoint=  0
StFcsHit: det= 4 id=164 | ns=0 ehp=2 dep= 5 ch= 4 | Ntb=  1 Sum=     0 Fit=  0.00   0.00 E=  0.96 |  192 (  0) 
  *** FCS Det=5 *** NHit=  0 NCluster=  0 NPoint=  0
  *** FCS Det=6 *** NHit=  0 NCluster=  1 NPoint=  0
StFcsClusterMaker:INFO  - *** StFcsClusterMaker::Make() == StOK(0) ***
StFttClusterPointMaker:INFO  - Creating FttCollection
StFttClusterPointMaker:INFO  - Making Geant points
StFttClusterPointMaker:INFO  - *** StFttClusterPointMaker::Make() == StOK(0) ***
StFwdTrackMaker:INFO  - Setting Event Vertex from geant/g2t_vertex[0]: 0xb4a74a0
StFwdTrackMaker:INFO  - TAttr::Found : useftt = 1

StFwdTrackMaker:INFO  - TAttr::Found : usefst = 1

StFwdTrackMaker:INFO  - TAttr::Found : useepd = 1

StFwdTrackMaker:INFO  - There are: 0 with 0 FST, 0 with 1 FST, 0 with 2 FST, 1 with 3 FST
StFwdTrackMaker:INFO  - There are: 0 with 0 FTT, 0 with 1 FTT, 0 with 2 FTT, 0 with 3 FTT, 0 with 4 FTT, 0 with 5 FTT, 0 with 6 FTT, 0 with 7 FTT, 1 with 8 FTT
StFwdTrackMaker:INFO  - There are 1 McTracks with > 2 FST hits (#of possible seeds)
StFwdTrackMaker:INFO  - 	Finding FWD Track Seeds
StFwdTrackMaker:INFO  - Hitmap Source: fst
StFwdTrackMaker:INFO  - Performing Fwd Seed finding with mode: fst = 
StFwdTrackMaker:INFO  - Found 1 seeds in 1 iterations
StFwdTrackMaker:INFO  - Total Hits removed: 0
StFwdTrackMaker:INFO  - Seed [0] with 3 hits : id=2@2id=1@1id=0@0
StFwdTrackMaker:INFO  - <<Fwd Tracking Found : 1 Track Seeds from 3 FST hits and 4 sTGC hits
StFwdTrackMaker:INFO  -     (vs. 1 McTracks with FST>2, eff = 1)
StFwdTrackMaker:INFO  - 	Fitting FWD Track Seeds
StFwdTrackMaker:INFO  - TrackFitter:refit = 1
StFwdTrackMaker:INFO  - Starting Track fitting loop with 1 track seeds
StFwdTrackMaker:INFO  - TrackFitter:refit = 1
StFwdTrackMaker:INFO  - 		Mc Match idTruth=1, quality = 1
StFwdTrackMaker:INFO  - GenFitTrackResult::mIdTruth = 1, QaTruth = 1
The points are collinear, curvature is undefined.
p1 = -5.95999, -10.9877
p2 = -5.91499, -11.0119
p3 = -5.91499, -11.0119
StFwdTrackMaker:INFO  - GenericFitSeeder::makeSeed::Curvature: -1e-07
StFwdTrackMaker:INFO  - GenericFitSeeder::makeSeed::pt = 14989.5
StFwdTrackMaker:WARN  - Seed momentum is too high, setting to (0,0,1)
StFwdTrackMaker:INFO  - Track Setup complete, track has 3 points
StFwdTrackMaker:INFO  -  sorting changed track points: 0
StFwdTrackMaker:INFO  - Fit status:  1
StFwdTrackMaker:INFO  - -Fit pvalue: 0.964743
StFwdTrackMaker:INFO  - -Fit Chi2:   0.00195386
StFwdTrackMaker:INFO  - -Fit Chi2:   0.00195386
StFwdTrackMaker:INFO  - Track fit charge: -1Fit momentum: 1.90807e-05, -0.000104482, 0.0056602
StFwdTrackMaker:INFO  - 	Fit Pt: 0.00010621, eta: 4.66903, phi: -1.39017
StFwdTrackMaker:INFO  - Track fit update complete!
StFwdTrackMaker:INFO  - Track Reps: 1
StFwdTrackMaker:INFO  - Track Rep 0 
genfit::AbsTrackRep, pdgCode = -211. PropDir = 0
fitStatus 
 track has been fitted, fit has converged fully, 0 TrackPoints could not be processed, fitted charge = -1, PruneFlags: 
 track has been fitted with reference track, numIterations = 8, track length = 27.0342, fChi2 = 0.00195459, bChi2 = 0.00195386, fNdf = 1, bNdf = 1, fPVal = 0.964736, bPVal = 0.964743

StFwdTrackMaker:INFO  - GenFitTrackResult::mIdTruth = 1, QaTruth = 1
StFwdTrackMaker:INFO  - GTR Setting momentum from track
StFwdTrackMaker:INFO  - --isFitConvergedPartially() = 1
StFwdTrackMaker:INFO  - --isFitConverged() = 1
StFwdTrackMaker:INFO  - --isFitConvergedFully() = 1
StFwdTrackMaker:WARN  - addFttHits: skipping blown-up state pT=0.00010621
StFwdTrackMaker:WARN  - addFttHits: skipping blown-up state pT=0.00010621
StFwdTrackMaker:WARN  - addFttHits: skipping blown-up state pT=0.00010621
StFwdTrackMaker:WARN  - addFttHits: skipping blown-up state pT=0.00010621
StFwdTrackMaker:WARN  - addEpdHits: skipping blown-up state pT=0.00010621
StFwdTrackMaker:INFO  - GenFitTrackResult::mIdTruth = 1, QaTruth = 1
The points are collinear, curvature is undefined.
p1 = -5.95999, -10.9877
p2 = -5.91499, -11.0119
p3 = -5.91499, -11.0119
StFwdTrackMaker:INFO  - GenericFitSeeder::makeSeed::Curvature: -1e-07
StFwdTrackMaker:INFO  - GenericFitSeeder::makeSeed::pt = 14989.5
StFwdTrackMaker:WARN  - Seed momentum is too high, setting to (0,0,1)
StFwdTrackMaker:INFO  - Note: Using externally provided seed momentum
StFwdTrackMaker:INFO  - Track Setup complete, track has 3 points
StFwdTrackMaker:INFO  -  sorting changed track points: 0
StFwdTrackMaker:INFO  - Fit status:  1
StFwdTrackMaker:INFO  - -Fit pvalue: 0.946653
StFwdTrackMaker:INFO  - -Fit Chi2:   0.004477
StFwdTrackMaker:INFO  - -Fit Chi2:   0.004477
StFwdTrackMaker:INFO  - Track fit charge: -1Fit momentum: 1.6175e-05, -0.000128425, 0.00594616
StFwdTrackMaker:INFO  - 	Fit Pt: 0.00012944, eta: 4.52055, phi: -1.44551
StFwdTrackMaker:INFO  - Track fit update complete!
StFwdTrackMaker:INFO  - Track Reps: 1
StFwdTrackMaker:INFO  - Track Rep 0 
genfit::AbsTrackRep, pdgCode = -211. PropDir = 0
fitStatus 
 track has been fitted, fit has converged fully, 0 TrackPoints could not be processed, fitted charge = -1, PruneFlags: 
 track has been fitted with reference track, numIterations = 5, track length = 27.0345, fChi2 = 0.00448094, bChi2 = 0.004477, fNdf = 1, bNdf = 1, fPVal = 0.94663, bPVal = 0.946653

StFwdTrackMaker:INFO  - GenFitTrackResult::mIdTruth = 1, QaTruth = 1
StFwdTrackMaker:INFO  - GTR Setting momentum from track
StFwdTrackMaker:INFO  - --isFitConvergedPartially() = 1
StFwdTrackMaker:INFO  - --isFitConverged() = 1
StFwdTrackMaker:INFO  - --isFitConvergedFully() = 1
StFwdTrackMaker:INFO  - Global track fitting completed, found 1 global tracks from 1 track seed candidates
StFwdTrackMaker:INFO  - >>doBeamlineTrackFitting( #globals = 1 )
StFwdTrackMaker:INFO  - doBeamlineTrackFitting>>0 McId=1 with Beamline, seed already has: 3 hits
StFwdTrackMaker:INFO  - mBeamlineHit: 0, 0, 0
StFwdTrackMaker:INFO  - This fit is for a global that converged? = 1
StFwdTrackMaker:INFO  - GenFitTrackResult::mIdTruth = 1, QaTruth = 0.75
The points are collinear, curvature is undefined.
p1 = 0, 0
p2 = -5.91499, -11.0119
p3 = -5.91499, -11.0119
The points are collinear, curvature is undefined.
p1 = -5.95999, -10.9877
p2 = -5.91499, -11.0119
p3 = -5.91499, -11.0119
StFwdTrackMaker:INFO  - GenericFitSeeder::makeSeed::Curvature: -0.0799999
StFwdTrackMaker:INFO  - GenericFitSeeder::makeSeed::pt = 0.0187369
StFwdTrackMaker:INFO  - Track Setup complete, track has 4 points
StFwdTrackMaker:INFO  -  sorting changed track points: 0
StFwdTrackMaker:INFO  - Fit status:  1
StFwdTrackMaker:INFO  - -Fit pvalue: 0.393162
StFwdTrackMaker:INFO  - -Fit Chi2:   2.99005
StFwdTrackMaker:INFO  - -Fit Chi2:   2.99005
StFwdTrackMaker:INFO  - Track fit charge: -1Fit momentum: -0.136628, -0.234827, 4.97378
StFwdTrackMaker:INFO  - 	Fit Pt: 0.271682, eta: 3.6012, phi: -2.09775
StFwdTrackMaker:INFO  - Track fit update complete!
StFwdTrackMaker:INFO  - Track Reps: 1
StFwdTrackMaker:INFO  - Track Rep 0 
genfit::AbsTrackRep, pdgCode = -211. PropDir = 0
fitStatus 
 track has been fitted, fit has converged fully, 0 TrackPoints could not be processed, fitted charge = -1, PruneFlags: 
 track has been fitted with reference track, numIterations = 7, track length = 244.665, fChi2 = 2.99005, bChi2 = 2.99005, fNdf = 3, bNdf = 3, fPVal = 0.393162, bPVal = 0.393162

StFwdTrackMaker:INFO  - GenFitTrackResult::mIdTruth = 1, QaTruth = 0.75
StFwdTrackMaker:INFO  - GTR Setting momentum from track
StFwdTrackMaker:INFO  - --isFitConvergedPartially() = 1
StFwdTrackMaker:INFO  - --isFitConverged() = 1
StFwdTrackMaker:INFO  - --isFitConvergedFully() = 1
StFwdTrackMaker:INFO  - SEED momentum:1.6175e-05, -0.000128425, 0.00594616
StFwdTrackMaker:INFO  - 	Initial Beamline fit completed, now refitting with additional hits
StFwdTrackMaker:INFO  - Looking for FTT strips near projected state on disk 0
StFwdTrackMaker:INFO  - There are 2 available FTT strips on this disk
AAA FTT proj z= 312.84  x= -9.338 y=-18.286  r= 20.533 phi=-2.0429  sigU= 0.171 sigV= 0.008
AAA FTT momentum at proj: pT= 0.272 eta= 3.602 phi=-1.9979  px= -0.112 py= -0.247 pz=  4.974
AAA FTT search thresholds: dPhi<0.1200 dR<30.00 dx<7.50 dy<7.50  nHits=2
findFttHitsNearProjectedState, msp = (-9.338069, -18.286236)
	 vs. hit@(-8.382616+/-4.330127, -20.343037+/-0.010000) => dx=0.955453, dy=2.056801, dR=1.469882, dPhi=0.081278 (tid=1), strip=horizontal
AAA FTT hit H pos=( -8.383+/-4.33, -20.343+/-0.01)  dx= 0.955 dy= 2.057 dR= 1.470 dPhi=0.0813 (tid=1)  dPhi:OK dR:OK XY:OK
AAA FTT hit V pos=(-10.911+/-0.01, -13.434+/-4.33)  dx= 1.573 dy= 4.852 dR= 3.225 dPhi=0.2100 (tid=1)  dPhi:FAIL dR:OK XY:OK
StFwdTrackMaker:INFO  - Adding horizontal strip hit with dPhi = 0.0812778, dR = 1.46988, dx = 0.955453, dy = 2.0568
StFwdTrackMaker:INFO  - Adding vertical strip hit with dPhi = 0.210002, dR = 3.22548, dx = 1.5733, dy = 4.85206
StFwdTrackMaker:INFO  - Closest horizontal FTT strip to FST state: dR=1.469882, dPhi=0.081278, dx=0.955453, dy=2.056801 (tid=1) 
AAA FTT closest-H dPhi=0.0813(<0.1200) dR= 1.470(< 30.0) dx= 0.955 dy= 2.057(< 7.50) tid=1 -> ACCEPT
StFwdTrackMaker:INFO  - Closest vertical FTT strip to FST state: dR=3.225479, dPhi=0.210002, dx=1.573300, dy=4.852062 (tid=1) 
AAA FTT closest-V dPhi=0.2100(<0.1200) dR= 3.225(< 30.0) dx= 1.573 dy= 4.852(< 7.50) tid=1 -> ACCEPT
AAA FTT result: 2 hits added (H:ACCEPT V:ACCEPT)
StFwdTrackMaker:INFO  -  Found #FTT strips on plane #0 = [2]
StFwdTrackMaker:INFO  - Found 4 existing seed points
StFwdTrackMaker:INFO  - Adding 2 new FTT seed points
StFwdTrackMaker:INFO  - Looking for FTT strips near projected state on disk 1
StFwdTrackMaker:INFO  - There are 2 available FTT strips on this disk
AAA FTT proj z= 330.84  x= -9.747 y=-19.180  r= 21.514 phi=-2.0410  sigU= 0.171 sigV= 0.007
AAA FTT momentum at proj: pT= 0.271 eta= 3.602 phi=-2.0023  px= -0.114 py= -0.247 pz=  4.974
AAA FTT search thresholds: dPhi<0.1200 dR<30.00 dx<7.50 dy<7.50  nHits=2
findFttHitsNearProjectedState, msp = (-9.746936, -19.179949)
AAA FTT hit H pos=( -5.967+/-4.33, -21.500+/-0.01)  dx= 3.779 dy= 2.320 dR= 0.798 dPhi=0.1994 (tid=1)  dPhi:FAIL dR:OK XY:OK
	 vs. hit@(-11.508456+/-0.010000, -26.411396+/-4.330127) => dx=1.761520, dy=7.231447, dR=7.295344, dPhi=0.059242 (tid=1), strip=vertical
AAA FTT hit V pos=(-11.508+/-0.01, -26.411+/-4.33)  dx= 1.762 dy= 7.231 dR= 7.295 dPhi=0.0592 (tid=1)  dPhi:OK dR:OK XY:OK
StFwdTrackMaker:INFO  - Adding horizontal strip hit with dPhi = 0.199431, dR = 0.798311, dx = 3.77946, dy = 2.32006
StFwdTrackMaker:INFO  - Adding vertical strip hit with dPhi = 0.0592423, dR = 7.29534, dx = 1.76152, dy = 7.23145
StFwdTrackMaker:INFO  - Closest horizontal FTT strip to FST state: dR=0.798311, dPhi=0.199431, dx=3.779460, dy=2.320057 (tid=1) 
AAA FTT closest-H dPhi=0.1994(<0.1200) dR= 0.798(< 30.0) dx= 3.779 dy= 2.320(< 7.50) tid=1 -> ACCEPT
StFwdTrackMaker:INFO  - Closest vertical FTT strip to FST state: dR=7.295344, dPhi=0.059242, dx=1.761520, dy=7.231447 (tid=1) 
AAA FTT closest-V dPhi=0.0592(<0.1200) dR= 7.295(< 30.0) dx= 1.762 dy= 7.231(< 7.50) tid=1 -> ACCEPT
AAA FTT result: 2 hits added (H:ACCEPT V:ACCEPT)
StFwdTrackMaker:INFO  -  Found #FTT strips on plane #1 = [2]
StFwdTrackMaker:INFO  - Found 6 existing seed points
StFwdTrackMaker:INFO  - Adding 2 new FTT seed points
StFwdTrackMaker:INFO  - Looking for FTT strips near projected state on disk 2
StFwdTrackMaker:INFO  - There are 2 available FTT strips on this disk
AAA FTT proj z= 346.85  x=-10.114 y=-19.972  r= 22.387 phi=-2.0396  sigU= 0.171 sigV= 0.007
AAA FTT momentum at proj: pT= 0.271 eta= 3.602 phi=-2.0076  px= -0.115 py= -0.246 pz=  4.974
AAA FTT search thresholds: dPhi<0.1200 dR<30.00 dx<7.50 dy<7.50  nHits=2
findFttHitsNearProjectedState, msp = (-10.114266, -19.972363)
	 vs. hit@(-9.344719+/-4.330127, -22.573395+/-0.010000) => dx=0.769547, dy=2.601032, dR=2.043812, dPhi=0.076273 (tid=1), strip=horizontal
AAA FTT hit H pos=( -9.345+/-4.33, -22.573+/-0.01)  dx= 0.770 dy= 2.601 dR= 2.044 dPhi=0.0763 (tid=1)  dPhi:OK dR:OK XY:OK
	 vs. hit@(-12.060439+/-0.010000, -23.518124+/-4.330127) => dx=1.946173, dy=3.545760, dR=4.042861, dPhi=0.005082 (tid=1), strip=vertical
AAA FTT hit V pos=(-12.060+/-0.01, -23.518+/-4.33)  dx= 1.946 dy= 3.546 dR= 4.043 dPhi=0.0051 (tid=1)  dPhi:OK dR:OK XY:OK
StFwdTrackMaker:INFO  - Adding horizontal strip hit with dPhi = 0.0762733, dR = 2.04381, dx = 0.769547, dy = 2.60103
StFwdTrackMaker:INFO  - Adding vertical strip hit with dPhi = 0.00508183, dR = 4.04286, dx = 1.94617, dy = 3.54576
StFwdTrackMaker:INFO  - Closest horizontal FTT strip to FST state: dR=2.043812, dPhi=0.076273, dx=0.769547, dy=2.601032 (tid=1) 
AAA FTT closest-H dPhi=0.0763(<0.1200) dR= 2.044(< 30.0) dx= 0.770 dy= 2.601(< 7.50) tid=1 -> ACCEPT
StFwdTrackMaker:INFO  - Closest vertical FTT strip to FST state: dR=4.042861, dPhi=0.005082, dx=1.946173, dy=3.545760 (tid=1) 
AAA FTT closest-V dPhi=0.0051(<0.1200) dR= 4.043(< 30.0) dx= 1.946 dy= 3.546(< 7.50) tid=1 -> ACCEPT
AAA FTT result: 2 hits added (H:ACCEPT V:ACCEPT)
StFwdTrackMaker:INFO  -  Found #FTT strips on plane #2 = [2]
StFwdTrackMaker:INFO  - Found 8 existing seed points
StFwdTrackMaker:INFO  - Adding 2 new FTT seed points
StFwdTrackMaker:INFO  - Looking for FTT strips near projected state on disk 3
StFwdTrackMaker:INFO  - There are 2 available FTT strips on this disk
AAA FTT proj z= 364.84  x=-10.532 y=-20.860  r= 23.368 phi=-2.0383  sigU= 0.171 sigV= 0.007
AAA FTT momentum at proj: pT= 0.271 eta= 3.603 phi=-2.0136  px= -0.116 py= -0.245 pz=  4.974
AAA FTT search thresholds: dPhi<0.1200 dR<30.00 dx<7.50 dy<7.50  nHits=2
findFttHitsNearProjectedState, msp = (-10.532180, -20.860329)
AAA FTT hit H pos=( -8.079+/-4.33, -23.718+/-0.01)  dx= 2.454 dy= 2.857 dR= 1.687 dPhi=0.1393 (tid=1)  dPhi:FAIL dR:OK XY:OK
	 vs. hit@(-12.689061+/-0.010000, -27.480450+/-4.330127) => dx=2.156882, dy=6.620120, dR=6.900230, dPhi=0.034971 (tid=1), strip=vertical
AAA FTT hit V pos=(-12.689+/-0.01, -27.480+/-4.33)  dx= 2.157 dy= 6.620 dR= 6.900 dPhi=0.0350 (tid=1)  dPhi:OK dR:OK XY:OK
StFwdTrackMaker:INFO  - Adding horizontal strip hit with dPhi = 0.139265, dR = 1.68741, dx = 2.45364, dy = 2.85736
StFwdTrackMaker:INFO  - Adding vertical strip hit with dPhi = 0.0349712, dR = 6.90023, dx = 2.15688, dy = 6.62012
StFwdTrackMaker:INFO  - Closest horizontal FTT strip to FST state: dR=1.687413, dPhi=0.139265, dx=2.453642, dy=2.857362 (tid=1) 
AAA FTT closest-H dPhi=0.1393(<0.1200) dR= 1.687(< 30.0) dx= 2.454 dy= 2.857(< 7.50) tid=1 -> ACCEPT
StFwdTrackMaker:INFO  - Closest vertical FTT strip to FST state: dR=6.900230, dPhi=0.034971, dx=2.156882, dy=6.620120 (tid=1) 
AAA FTT closest-V dPhi=0.0350(<0.1200) dR= 6.900(< 30.0) dx= 2.157 dy= 6.620(< 7.50) tid=1 -> ACCEPT
AAA FTT result: 2 hits added (H:ACCEPT V:ACCEPT)
StFwdTrackMaker:INFO  -  Found #FTT strips on plane #3 = [2]
StFwdTrackMaker:INFO  - Found 10 existing seed points
StFwdTrackMaker:INFO  - Adding 2 new FTT seed points
StFwdTrackMaker:INFO  - Closest EPD hit to state: dR=-2.172492, dPhi=-0.074316, dx=0.784334, dy=-2.747840
StFwdTrackMaker:INFO  - GenFitTrackResult::mIdTruth = 1, QaTruth = 0.846154
The points are collinear, curvature is undefined.
p1 = 0, 0
p2 = -5.91499, -11.0119
p3 = -5.91499, -11.0119
The points are collinear, curvature is undefined.
p1 = -5.95999, -10.9877
p2 = -5.91499, -11.0119
p3 = -5.91499, -11.0119
The points are collinear, curvature is undefined.
p1 = -5.91499, -11.0119
p2 = -5.91499, -11.0119
p3 = -8.38262, -20.343
The points are collinear, curvature is undefined.
p1 = -5.91499, -11.0119
p2 = -5.91499, -11.0119
p3 = -10.9114, -13.4342
The points are collinear, curvature is undefined.
p1 = -5.91499, -11.0119
p2 = -5.91499, -11.0119
p3 = -5.96748, -21.5
The points are collinear, curvature is undefined.
p1 = -5.91499, -11.0119
p2 = -5.91499, -11.0119
p3 = -11.5085, -26.4114
The points are collinear, curvature is undefined.
p1 = -5.91499, -11.0119
p2 = -5.91499, -11.0119
p3 = -9.34472, -22.5734
The points are collinear, curvature is undefined.
p1 = -5.91499, -11.0119
p2 = -5.91499, -11.0119
p3 = -12.0604, -23.5181
The points are collinear, curvature is undefined.
p1 = -5.91499, -11.0119
p2 = -5.91499, -11.0119
p3 = -8.07854, -23.7177
The points are collinear, curvature is undefined.
p1 = -5.91499, -11.0119
p2 = -5.91499, -11.0119
p3 = -12.6891, -27.4804
The points are collinear, curvature is undefined.
p1 = -5.91499, -11.0119
p2 = -5.91499, -11.0119
p3 = -9.98612, -24.1086
StFwdTrackMaker:INFO  - GenericFitSeeder::makeSeed::Curvature: -0.00785612
StFwdTrackMaker:INFO  - GenericFitSeeder::makeSeed::pt = 0.1908
StFwdTrackMaker:INFO  - Note: Using externally provided seed momentum
StFwdTrackMaker:INFO  - Track Setup complete, track has 13 points
StFwdTrackMaker:INFO  -  sorting changed track points: 1
StFwdTrackMaker:INFO  - Fit status:  1
StFwdTrackMaker:INFO  - -Fit pvalue: 0.31653
StFwdTrackMaker:INFO  - -Fit Chi2:   23.5271
StFwdTrackMaker:INFO  - -Fit Chi2:   23.5271
StFwdTrackMaker:INFO  - Track fit charge: 1Fit momentum: -1.40293, -2.71343, 41.5538
StFwdTrackMaker:INFO  - 	Fit Pt: 3.05466, eta: 3.30482, phi: -2.04798
StFwdTrackMaker:INFO  - Track fit update complete!
StFwdTrackMaker:INFO  - Track Reps: 1
StFwdTrackMaker:INFO  - Track Rep 0 
genfit::AbsTrackRep, pdgCode = -211. PropDir = 0
fitStatus 
 track has been fitted, fit has converged fully, 0 TrackPoints could not be processed, fitted charge = 1, PruneFlags: 
 track has been fitted with reference track, numIterations = 5, track length = 367.85, fChi2 = 23.5272, bChi2 = 23.5271, fNdf = 21, bNdf = 21, fPVal = 0.316528, bPVal = 0.31653

StFwdTrackMaker:INFO  - GenFitTrackResult::mIdTruth = 1, QaTruth = 0.846154
StFwdTrackMaker:INFO  - GTR Setting momentum from track
StFwdTrackMaker:INFO  - --isFitConvergedPartially() = 1
StFwdTrackMaker:INFO  - --isFitConverged() = 1
StFwdTrackMaker:INFO  - --isFitConvergedFully() = 1
StFwdTrackMaker:INFO  - >>doPrimaryTrackFitting( #globals = 1 )
StFwdTrackMaker:INFO  - Refitting Track 0, McId=1 with Primary Vertex, seed already has: 3 hits
StFwdTrackMaker:INFO  - mEventVertexHit: 0, 0, 0
StFwdTrackMaker:INFO  - This fit is for a global that converged? = 1
StFwdTrackMaker:INFO  - GenFitTrackResult::mIdTruth = 1, QaTruth = 0.75
The points are collinear, curvature is undefined.
p1 = 0, 0
p2 = -5.91499, -11.0119
p3 = -5.91499, -11.0119
The points are collinear, curvature is undefined.
p1 = -5.95999, -10.9877
p2 = -5.91499, -11.0119
p3 = -5.91499, -11.0119
StFwdTrackMaker:INFO  - GenericFitSeeder::makeSeed::Curvature: -0.0799999
StFwdTrackMaker:INFO  - GenericFitSeeder::makeSeed::pt = 0.0187369
StFwdTrackMaker:INFO  - Note: Using externally provided seed momentum
StFwdTrackMaker:INFO  - Track Setup complete, track has 4 points
StFwdTrackMaker:INFO  -  sorting changed track points: 0
StFwdTrackMaker:INFO  - Fit status:  0
StFwdTrackMaker:INFO  - -Fit pvalue: 7.2863e-134
StFwdTrackMaker:INFO  - -Fit Chi2:   619.101
StFwdTrackMaker:INFO  - -Fit Chi2:   619.101
StFwdTrackMaker:INFO  - Track fit update complete!
StFwdTrackMaker:INFO  - Track Reps: 1
StFwdTrackMaker:INFO  - Track Rep 0 
genfit::AbsTrackRep, pdgCode = -211. PropDir = 0
fitStatus 
 track has been fitted, fit has NOT converged, 0 TrackPoints could not be processed, fitted charge = -1, PruneFlags: 
 track has been fitted with reference track, numIterations = 20, track length = 177.067, fChi2 = 619.101, bChi2 = 619.101, fNdf = 3, bNdf = 3, fPVal = 7.2863e-134, bPVal = 7.2863e-134

StFwdTrackMaker:ERROR - --FitTrack is nullptr or fit did not converge, setting seed only
StFwdTrackMaker:INFO  - GenFitTrackResult::mIdTruth = 1, QaTruth = 0.75
StFwdTrackMaker:INFO  - >>doSecondaryTrackFitting( #globals = 1 )
StFwdTrackMaker:INFO  - <<Fwd Tracking Fit :3 GenFit Tracks
StFwdTrackMaker:INFO  - TAttr::Found : fillevent = 1

StFwdTrackMaker:INFO  - Creating the StFwdTrackCollection
StFwdTrackMaker:INFO  - Processing GenfitTrackResult(type=0): 0 mIsFitConverged=1, mIsFitConvergedPartially=1, mNumFitPoints=3
AAA FCS StraightLine: det=1 xyzdet=(17.399,-5.26,710.16) norm=(0.0301896,0,0.999544)
AAA projectAsStraightLine: tv3A=(-43.4341,-61.9693,576.312) tv3B=(-51.1179,-73.2041,626.544)
AAA   xyzf=(17.399,-5.26,710.16) norm=(0.0301896,0,0.999544)
AAA   tintersection=2.71371 result=(-64.2855,-92.4573,712.627)
AAA FCS StraightLine result: tv3=(-64.2855,-92.4573,712.627)
AAA FCS StraightLine: det=3 xyzdet=(21.285,1.8,782.63) norm=(0.0301896,0,0.999544)
AAA projectAsStraightLine: tv3A=(-43.4341,-61.9693,576.312) tv3B=(-51.1179,-73.2041,626.544)
AAA   xyzf=(21.285,1.8,782.63) norm=(0.0301896,0,0.999544)
AAA   tintersection=4.16545 result=(-75.4403,-108.767,785.551)
AAA FCS StraightLine result: tv3=(-75.4403,-108.767,785.551)
StFwdTrackMaker:INFO  - Processing GenfitTrackResult(type=2): 1 mIsFitConverged=0, mIsFitConvergedPartially=0, mNumFitPoints=0
StFwdTrackMaker:INFO  - Processing GenfitTrackResult(type=1): 2 mIsFitConverged=1, mIsFitConvergedPartially=1, mNumFitPoints=13
AAA FCS StraightLine: det=0 xyzdet=(-17.399,-5.26,710.16) norm=(-0.0301896,0,0.999544)
AAA projectAsStraightLine: tv3A=(-19.8411,-37.3937,574.401) tv3B=(-21.5509,-40.6431,624.349)
AAA   xyzf=(-17.399,-5.26,710.16) norm=(-0.0301896,0,0.999544)
AAA   tintersection=2.71371 result=(-24.481,-46.2117,709.946)
AAA FCS StraightLine result: tv3=(-24.481,-46.2117,709.946)
AAA FCS StraightLine: det=2 xyzdet=(-21.285,1.8,782.63) norm=(-0.0301896,0,0.999544)
AAA projectAsStraightLine: tv3A=(-19.8411,-37.3937,574.401) tv3B=(-21.5509,-40.6431,624.349)
AAA   xyzf=(-21.285,1.8,782.63) norm=(-0.0301896,0,0.999544)
AAA   tintersection=4.16546 result=(-26.9632,-50.929,782.459)
AAA FCS StraightLine result: tv3=(-26.9632,-50.929,782.459)
StFwdTrackMaker:INFO  - StFwdTrackCollection has 3 tracks now
StFwdTrackMaker:INFO  - StFwdTrackCollection has 3 tracks now
StFwdTrackMaker:INFO  - *** StFwdTrackMaker::Make() == StOK(0) ***
StFcsTrackMatchMaker:INFO  - *** StFcsTrackMatchMaker::Make() == StOK(0) ***
StStrangeMuDstMaker:INFO  - StV0Controller: found 0 V0 candidates
StStrangeMuDstMaker:INFO  - StXiController: found 0 Xi candidates
StStrangeMuDstMaker:INFO  - StKinkController: found 0 Kink candidates
StStrangeMuDstMaker:INFO  - *** StStrangeMuDstMaker::Make() == StOK(0) ***
StMuDstMaker:INFO  - fillMuFtt
StMuDstMaker:INFO  - fillMuFttRawHits
StMuDstMaker:INFO  - fillMuFttPoints
StMuDstMaker:INFO  - fillMuFttClusters
StMuDstMaker:INFO  - StMuDstMaker::fillFwdTrack(StEvent* ev)
StMuDstMaker:INFO  - StMuDSTMaker filling StMuFwdTrackCollection from StEvent
StMuDstMaker:INFO  - Adding 3 StMuFwdTracks to MuDSt
StMuDstMaker:INFO  - *** StMuDstMaker::Make() == StOK(0) ***
StTreeMaker:INFO  - *** StTreeMaker::Make() == StOK(0) ***
StPicoDstMaker:WARN  - No trigger data bank available!
StPicoDstMaker:INFO  - StPicoDstMaker::fillFcsHits filled 30
StPicoDstMaker:INFO  - StPicoDstMaker::fillFcsClusters filled 4
StPicoDstMaker:INFO  - *** StPicoDstMaker::Make() == StOK(0) ***
MEM after Chain::Clear + Make	 total =793.882812 heap =208.710800 and   0.157654( +0.069168)
<---------- END EVENT
--------->START EVENT: 4
MEM before Chain::Clear + Make	 total =793.882812 heap =208.710999 and   0.157364( +0.000198)
St_geant_Maker:INFO  - *** St_geant_Maker::Make() == StOK(0) ***
St_db_Maker:INFO  - *** St_db_Maker::Make() == StOK(0) ***
StMagFMaker:INFO  - *** StMagFMaker::Make() == StOK(0) ***
StDetectorDbMaker:INFO  - *** StDetectorDbMaker::Make() == StOK(0) ***
StTpcDbMaker:INFO  - *** StTpcDbMaker::Make() == StOK(0) ***
StFcsDbMaker:INFO  - *** StFcsDbMaker::Make() == StOK(0) ***
StEventMaker:INFO  - get trigDetSums from Calibrations/rich/trigDetSums
StEventMaker:WARN  - StEventMaker: No StDAQReader found
StEventMaker:INFO  - *** StEventMaker::Make() == StOK(0) ***
StMcEventMaker:INFO  - StMcEventMaker:   g2t_tpc_hit Table Not found 
StMcEventMaker:INFO  - StMcEventMaker:   particle    Table Not found 
StMcEventMaker:INFO  - *** StMcEventMaker::Make() == StOK(0) ***
StFcsFastSimulatorMaker:DEBUG - StFcsFastSimulatorMaker::Make
StFcsFastSimulatorMaker:DEBUG - Creating StFcsCollection
StFcsFastSimulatorMaker:INFO  - TAttr::Found : fcsleakyhcal = 0

StFcsFastSimulatorMaker:INFO  - TAttr::Found : fcshcalzdepeff = 0

StFcsFastSimulatorMaker:INFO  - g2t_wca_hit table has 1 hit
StFcsFastSimulatorMaker:INFO  - ECAL det=1 id=110 volid=2111 e=0.000004
StFcsFastSimulatorMaker:INFO  - g2t_hca_hit table is empty
StFcsFastSimulatorMaker:INFO  - g2t_epd_hit table has 4 hit
StFcsFastSimulatorMaker:INFO  - Pres det=4 id= 17 volid=201030 e=  2.725189
StFcsFastSimulatorMaker:INFO  - Pres det=5 id= 18 volid=212040 e=  2.677972
StFcsFastSimulatorMaker:INFO  - Pres det=5 id= 18 volid=212040 e=  1.930911
StFcsFastSimulatorMaker:INFO  - Pres det=5 id= 18 volid=212040 e=  1.863437
StFcsFastSimulatorMaker:INFO  - Det=1 id=110 dE=   0.000 SF= 0.200 gain= 0.005 corr= 1.000 ADC=   0 ZS= 1 digiE=   0.000
StFcsFastSimulatorMaker:INFO  - Det=4 id= 17 dE=   2.725 SF= 2.000 gain= 0.010 corr= 0.500 ADC= 272 ZS= 1 digiE=   1.360
StFcsFastSimulatorMaker:INFO  - Det=5 id= 18 dE=   6.472 SF= 2.000 gain= 0.010 corr= 0.500 ADC= 647 ZS= 1 digiE=   3.235
StFcsFastSimulatorMaker:INFO  - wca Found 1 g2t hits in 0 cells, created 0 hits with ADC>ZS(1) and Etot=   0.000
StFcsFastSimulatorMaker:INFO  - hca Found 0 g2t hits in 0 cells, created 0 hits with ADC>ZS(1) and Etot=   0.000
StFcsFastSimulatorMaker:INFO  - pre Found 4 g2t hits in 2 cells, created 2 hits with ADC>ZS(1) and Etot=   4.595
StFcsFastSimulatorMaker:INFO  - *** StFcsFastSimulatorMaker::Make() == StOK(0) ***
StFcsWaveformFitMaker:INFO  - *** StFcsWaveformFitMaker::Make() == StOK(0) ***
StFcsClusterMaker:DEBUG - StFcsClusterMaker Make!!!
  *** Print FCS collection ***  RecFlag=0
  *** FCS Det=0 *** NHit=  0 NCluster=  0 NPoint=  0
  *** FCS Det=1 *** NHit=  0 NCluster=  0 NPoint=  0
  *** FCS Det=2 *** NHit=  0 NCluster=  0 NPoint=  0
  *** FCS Det=3 *** NHit=  0 NCluster=  0 NPoint=  0
  *** FCS Det=4 *** NHit=  1 NCluster=  0 NPoint=  0
StFcsHit: det= 4 id= 17 | ns=0 ehp=2 dep= 0 ch=17 | Ntb=  1 Sum=     0 Fit=  0.00   0.00 E=  1.36 |  272 (  0) 
  *** FCS Det=5 *** NHit=  1 NCluster=  0 NPoint=  0
StFcsHit: det= 5 id= 18 | ns=1 ehp=2 dep= 0 ch=18 | Ntb=  1 Sum=     0 Fit=  0.00   0.00 E=  3.23 |  647 (  0) 
  *** FCS Det=6 *** NHit=  0 NCluster=  0 NPoint=  0
StFcsClusterMaker:INFO  - *** StFcsClusterMaker::Make() == StOK(0) ***
StFttClusterPointMaker:INFO  - Creating FttCollection
StFttClusterPointMaker:INFO  - Making Geant points
Skipping hit on same track/vol 
Skipping hit on same track/vol 
Skipping hit on same track/vol 
Skipping hit on same track/vol 
Skipping hit on same track/vol 
Skipping hit on same track/vol 
Skipping hit on same track/vol 
StFttClusterPointMaker:INFO  - *** StFttClusterPointMaker::Make() == StOK(0) ***
StFwdTrackMaker:INFO  - Setting Event Vertex from geant/g2t_vertex[0]: 0xb3adf30
StFwdTrackMaker:INFO  - TAttr::Found : useftt = 1

StFwdTrackMaker:INFO  - TAttr::Found : usefst = 1

StFwdTrackMaker:INFO  - TAttr::Found : useepd = 1

StFwdTrackMaker:INFO  - There are: 4 with 0 FST, 0 with 1 FST, 0 with 2 FST, 1 with 3 FST
StFwdTrackMaker:INFO  - There are: 0 with 0 FTT, 0 with 1 FTT, 0 with 2 FTT, 2 with 3 FTT, 0 with 4 FTT, 2 with 5 FTT, 0 with 6 FTT, 0 with 7 FTT, 1 with 8 FTT
StFwdTrackMaker:INFO  - There are 1 McTracks with > 2 FST hits (#of possible seeds)
StFwdTrackMaker:INFO  - 	Finding FWD Track Seeds
StFwdTrackMaker:INFO  - Hitmap Source: fst
StFwdTrackMaker:INFO  - Performing Fwd Seed finding with mode: fst = 
StFwdTrackMaker:INFO  - Found 1 seeds in 1 iterations
StFwdTrackMaker:INFO  - Total Hits removed: 0
StFwdTrackMaker:INFO  - Seed [0] with 3 hits : id=2@2id=1@1id=0@0
StFwdTrackMaker:INFO  - <<Fwd Tracking Found : 1 Track Seeds from 3 FST hits and 4 sTGC hits
StFwdTrackMaker:INFO  -     (vs. 1 McTracks with FST>2, eff = 1)
StFwdTrackMaker:INFO  - 	Fitting FWD Track Seeds
StFwdTrackMaker:INFO  - TrackFitter:refit = 1
StFwdTrackMaker:INFO  - Starting Track fitting loop with 1 track seeds
StFwdTrackMaker:INFO  - TrackFitter:refit = 1
StFwdTrackMaker:INFO  - 		Mc Match idTruth=1, quality = 1
StFwdTrackMaker:INFO  - GenFitTrackResult::mIdTruth = 1, QaTruth = 1
The points are collinear, curvature is undefined.
p1 = 2.07676, 6.15931
p2 = 2.10194, 6.15076
p3 = 2.10194, 6.15076
StFwdTrackMaker:INFO  - GenericFitSeeder::makeSeed::Curvature: -1e-07
StFwdTrackMaker:INFO  - GenericFitSeeder::makeSeed::pt = 14989.5
StFwdTrackMaker:WARN  - Seed momentum is too high, setting to (0,0,1)
StFwdTrackMaker:INFO  - Track Setup complete, track has 3 points
StFwdTrackMaker:INFO  -  sorting changed track points: 0
StFwdTrackMaker:INFO  - Fit status:  0
StFwdTrackMaker:INFO  - -Fit pvalue: 0
StFwdTrackMaker:INFO  - -Fit Chi2:   0
StFwdTrackMaker:INFO  - -Fit Chi2:   0
StFwdTrackMaker:INFO  - Track fit update complete!
StFwdTrackMaker:INFO  - Track Reps: 1
StFwdTrackMaker:INFO  - Track Rep 0 
genfit::AbsTrackRep, pdgCode = -211. PropDir = 0
fitStatus 
 track has NOT been fitted, track has been fitted with reference track,
StFwdTrackMaker:ERROR - --FitTrack is nullptr or fit did not converge, setting seed only
StFwdTrackMaker:INFO  - GenFitTrackResult::mIdTruth = 1, QaTruth = 1
StFwdTrackMaker:WARN  - 	Initial global fitting failed for seed 0
StFwdTrackMaker:INFO  - Global track fitting completed, found 1 global tracks from 1 track seed candidates
StFwdTrackMaker:INFO  - >>doBeamlineTrackFitting( #globals = 1 )
StFwdTrackMaker:INFO  - doBeamlineTrackFitting>>0 McId=1 with Beamline, seed already has: 3 hits
StFwdTrackMaker:INFO  - mBeamlineHit: 0, 0, 0
StFwdTrackMaker:INFO  - This fit is for a global that converged? = 0
StFwdTrackMaker:INFO  - GenFitTrackResult::mIdTruth = 1, QaTruth = 0.75
The points are collinear, curvature is undefined.
p1 = 0, 0
p2 = 2.10194, 6.15076
p3 = 2.10194, 6.15076
The points are collinear, curvature is undefined.
p1 = 2.07676, 6.15931
p2 = 2.10194, 6.15076
p3 = 2.10194, 6.15076
StFwdTrackMaker:INFO  - GenericFitSeeder::makeSeed::Curvature: 0.153846
StFwdTrackMaker:INFO  - GenericFitSeeder::makeSeed::pt = 0.0097432
StFwdTrackMaker:INFO  - Track Setup complete, track has 4 points
StFwdTrackMaker:INFO  -  sorting changed track points: 0
StFwdTrackMaker:INFO  - Fit status:  1
StFwdTrackMaker:INFO  - -Fit pvalue: 0.633229
StFwdTrackMaker:INFO  - -Fit Chi2:   1.71669
StFwdTrackMaker:INFO  - -Fit Chi2:   1.71669
StFwdTrackMaker:INFO  - Track fit charge: 1Fit momentum: 0.0678454, 0.208882, 6.55858
StFwdTrackMaker:INFO  - 	Fit Pt: 0.219624, eta: 4.09004, phi: 1.25674
StFwdTrackMaker:INFO  - Track fit update complete!
StFwdTrackMaker:INFO  - Track Reps: 1
StFwdTrackMaker:INFO  - Track Rep 0 
genfit::AbsTrackRep, pdgCode = 211. PropDir = 0
fitStatus 
 track has been fitted, fit has converged fully, 0 TrackPoints could not be processed, fitted charge = 1, PruneFlags: 
 track has been fitted with reference track, numIterations = 6, track length = 203.778, fChi2 = 1.71669, bChi2 = 1.71669, fNdf = 3, bNdf = 3, fPVal = 0.633229, bPVal = 0.633229

StFwdTrackMaker:INFO  - GenFitTrackResult::mIdTruth = 1, QaTruth = 0.75
StFwdTrackMaker:INFO  - GTR Setting momentum from track
StFwdTrackMaker:INFO  - --isFitConvergedPartially() = 1
StFwdTrackMaker:INFO  - --isFitConverged() = 1
StFwdTrackMaker:INFO  - --isFitConvergedFully() = 1
StFwdTrackMaker:INFO  - SEED momentum:0, 0, 1
StFwdTrackMaker:INFO  - 	Initial Beamline fit completed, now refitting with additional hits
StFwdTrackMaker:INFO  - Looking for FTT strips near projected state on disk 0
StFwdTrackMaker:INFO  - There are 3 available FTT strips on this disk
AAA FTT proj z= 313.01  x=  3.885 y= 10.718  r= 11.401 phi= 1.2231  sigU= 0.358 sigV= 0.007
AAA FTT momentum at proj: pT= 0.220 eta= 4.090 phi= 1.1886  px=  0.082 py=  0.204 pz=  6.559
AAA FTT search thresholds: dPhi<0.1200 dR<30.00 dx<7.50 dy<7.50  nHits=3
findFttHitsNearProjectedState, msp = (3.884835, 10.718388)
	 vs. hit@(5.182172+/-4.330127, 11.910885+/-0.010000) => dx=1.297337, dy=1.192497, dR=1.588691, dPhi=0.062657 (tid=1), strip=horizontal
AAA FTT hit H pos=(  5.182+/-4.33,  11.911+/-0.01)  dx= 1.297 dy= 1.192 dR= 1.589 dPhi=0.0627 (tid=1)  dPhi:OK dR:OK XY:OK
AAA FTT hit V pos=(  4.061+/-0.01,  19.429+/-4.33)  dx= 0.176 dy= 8.711 dR= 8.448 dPhi=0.1417 (tid=1)  dPhi:FAIL dR:OK XY:OK
AAA FTT hit V pos=( 32.764+/-0.01,   1.233+/-4.33)  dx=28.879 dy= 9.485 dR=21.386 dPhi=1.1855 (tid=2)  dPhi:FAIL dR:OK XY:FAIL
StFwdTrackMaker:INFO  - Adding horizontal strip hit with dPhi = 0.0626572, dR = 1.58869, dx = 1.29734, dy = 1.1925
StFwdTrackMaker:INFO  - Adding vertical strip hit with dPhi = 0.141665, dR = 8.44814, dx = 0.176215, dy = 8.71056
StFwdTrackMaker:INFO  - Closest horizontal FTT strip to FST state: dR=1.588691, dPhi=0.062657, dx=1.297337, dy=1.192497 (tid=1) 
AAA FTT closest-H dPhi=0.0627(<0.1200) dR= 1.589(< 30.0) dx= 1.297 dy= 1.192(< 7.50) tid=1 -> ACCEPT
StFwdTrackMaker:INFO  - Closest vertical FTT strip to FST state: dR=8.448136, dPhi=0.141665, dx=0.176215, dy=8.710556 (tid=1) 
AAA FTT closest-V dPhi=0.1417(<0.1200) dR= 8.448(< 30.0) dx= 0.176 dy= 8.711(< 7.50) tid=1 -> ACCEPT
AAA FTT result: 2 hits added (H:ACCEPT V:ACCEPT)
StFwdTrackMaker:INFO  -  Found #FTT strips on plane #0 = [2]
StFwdTrackMaker:INFO  - Found 4 existing seed points
StFwdTrackMaker:INFO  - Adding 2 new FTT seed points
StFwdTrackMaker:INFO  - Looking for FTT strips near projected state on disk 1
StFwdTrackMaker:INFO  - There are 6 available FTT strips on this disk
AAA FTT proj z= 331.01  x=  4.109 y= 11.278  r= 12.003 phi= 1.2214  sigU= 0.358 sigV= 0.007
AAA FTT momentum at proj: pT= 0.220 eta= 4.091 phi= 1.1914  px=  0.081 py=  0.204 pz=  6.559
AAA FTT search thresholds: dPhi<0.1200 dR<30.00 dx<7.50 dy<7.50  nHits=6
findFttHitsNearProjectedState, msp = (4.108779, 11.277578)
AAA FTT hit H pos=(  2.637+/-4.33,  12.622+/-0.01)  dx= 1.471 dy= 1.344 dR= 0.892 dPhi=0.1434 (tid=1)  dPhi:FAIL dR:OK XY:OK
AAA FTT hit H pos=( 33.058+/-4.33,  10.721+/-0.01)  dx=28.949 dy= 0.557 dR=22.750 dPhi=0.9078 (tid=2)  dPhi:FAIL dR:OK XY:OK
	 vs. hit@(4.316393+/-0.010000, 15.315194+/-4.330127) => dx=0.207614, dy=4.037616, dR=3.909090, dPhi=0.074673 (tid=1), strip=vertical
AAA FTT hit V pos=(  4.316+/-0.01,  15.315+/-4.33)  dx= 0.208 dy= 4.038 dR= 3.909 dPhi=0.0747 (tid=1)  dPhi:OK dR:OK XY:OK
AAA FTT hit V pos=( 36.548+/-0.01,  12.630+/-4.33)  dx=32.440 dy= 1.352 dR=26.666 dPhi=0.8887 (tid=2)  dPhi:FAIL dR:OK XY:OK
AAA FTT hit V pos=(  4.272+/-0.01,   6.962+/-4.33)  dx= 0.163 dy= 4.316 dR= 3.834 dPhi=0.2010 (tid=3)  dPhi:FAIL dR:OK XY:OK
	 vs. hit@(4.271584+/-0.010000, 12.229140+/-4.330127) => dx=0.162805, dy=0.951562, dR=0.950956, dPhi=0.013338 (tid=4), strip=vertical
AAA FTT hit V pos=(  4.272+/-0.01,  12.229+/-4.33)  dx= 0.163 dy= 0.952 dR= 0.951 dPhi=0.0133 (tid=4)  dPhi:OK dR:OK XY:OK
StFwdTrackMaker:INFO  - Adding horizontal strip hit with dPhi = 0.90781, dR = 22.7501, dx = 28.9491, dy = 0.55682
StFwdTrackMaker:INFO  - Adding vertical strip hit with dPhi = 0.0133379, dR = 0.950956, dx = 0.162805, dy = 0.951562
StFwdTrackMaker:INFO  - Closest horizontal FTT strip to FST state: dR=22.750061, dPhi=0.907810, dx=28.949090, dy=0.556820 (tid=2) 
AAA FTT closest-H dPhi=0.9078(<0.1200) dR=22.750(< 30.0) dx=28.949 dy= 0.557(< 7.50) tid=2 -> ACCEPT
StFwdTrackMaker:INFO  - Closest vertical FTT strip to FST state: dR=0.950956, dPhi=0.013338, dx=0.162805, dy=0.951562 (tid=4) 
AAA FTT closest-V dPhi=0.0133(<0.1200) dR= 0.951(< 30.0) dx= 0.163 dy= 0.952(< 7.50) tid=4 -> ACCEPT
AAA FTT result: 2 hits added (H:ACCEPT V:ACCEPT)
StFwdTrackMaker:INFO  -  Found #FTT strips on plane #1 = [2]
StFwdTrackMaker:INFO  - Found 6 existing seed points
StFwdTrackMaker:INFO  - Adding 2 new FTT seed points
StFwdTrackMaker:INFO  - Looking for FTT strips near projected state on disk 2
StFwdTrackMaker:INFO  - There are 7 available FTT strips on this disk
AAA FTT proj z= 346.93  x=  4.305 y= 11.773  r= 12.535 phi= 1.2202  sigU= 0.358 sigV= 0.007
AAA FTT momentum at proj: pT= 0.219 eta= 4.091 phi= 1.1949  px=  0.081 py=  0.204 pz=  6.559
AAA FTT search thresholds: dPhi<0.1200 dR<30.00 dx<7.50 dy<7.50  nHits=7
findFttHitsNearProjectedState, msp = (4.305224, 11.772747)
AAA FTT hit H pos=( 11.151+/-4.33,  13.239+/-0.01)  dx= 6.846 dy= 1.466 dR= 4.774 dPhi=0.3494 (tid=1)  dPhi:FAIL dR:OK XY:OK
AAA FTT hit H pos=(  1.959+/-4.33,  13.196+/-0.01)  dx= 2.347 dy= 1.423 dR= 0.805 dPhi=0.2032 (tid=3)  dPhi:FAIL dR:OK XY:OK
	 vs. hit@(6.712893+/-4.330127, 13.226198+/-0.010000) => dx=2.407668, dy=1.453451, dR=2.296985, dPhi=0.119078 (tid=4), strip=horizontal
AAA FTT hit H pos=(  6.713+/-4.33,  13.226+/-0.01)  dx= 2.408 dy= 1.453 dR= 2.297 dPhi=0.1191 (tid=4)  dPhi:OK dR:OK XY:OK
AAA FTT hit V pos=(  4.495+/-0.01,   7.259+/-4.33)  dx= 0.190 dy= 4.514 dR= 3.997 dPhi=0.2039 (tid=1)  dPhi:FAIL dR:OK XY:OK
	 vs. hit@(4.440587+/-0.010000, 16.793550+/-4.330127) => dx=0.135362, dy=5.020803, dR=4.835475, dPhi=0.092082 (tid=3), strip=vertical
AAA FTT hit V pos=(  4.441+/-0.01,  16.794+/-4.33)  dx= 0.135 dy= 5.021 dR= 4.835 dPhi=0.0921 (tid=3)  dPhi:OK dR:OK XY:OK
AAA FTT hit V pos=(  4.436+/-0.01,  20.203+/-4.33)  dx= 0.130 dy= 8.431 dR= 8.149 dPhi=0.1345 (tid=4)  dPhi:FAIL dR:OK XY:OK
AAA FTT hit V pos=(  4.271+/-0.01,   6.160+/-4.33)  dx= 0.034 dy= 5.612 dR= 5.039 dPhi=0.2556 (tid=5)  dPhi:FAIL dR:OK XY:OK
StFwdTrackMaker:INFO  - Adding horizontal strip hit with dPhi = 0.203238, dR = 0.804955, dx = 2.34666, dy = 1.4229
StFwdTrackMaker:INFO  - Adding vertical strip hit with dPhi = 0.255628, dR = 5.03924, dx = 0.0342868, dy = 5.61245
StFwdTrackMaker:INFO  - Closest horizontal FTT strip to FST state: dR=0.804955, dPhi=0.203238, dx=2.346657, dy=1.422901 (tid=3) 
AAA FTT closest-H dPhi=0.2032(<0.1200) dR= 0.805(< 30.0) dx= 2.347 dy= 1.423(< 7.50) tid=3 -> ACCEPT
StFwdTrackMaker:INFO  - Closest vertical FTT strip to FST state: dR=5.039241, dPhi=0.255628, dx=0.034287, dy=5.612449 (tid=5) 
AAA FTT closest-V dPhi=0.2556(<0.1200) dR= 5.039(< 30.0) dx= 0.034 dy= 5.612(< 7.50) tid=5 -> ACCEPT
AAA FTT result: 2 hits added (H:ACCEPT V:ACCEPT)
StFwdTrackMaker:INFO  -  Found #FTT strips on plane #2 = [2]
StFwdTrackMaker:INFO  - Found 8 existing seed points
StFwdTrackMaker:INFO  - Adding 2 new FTT seed points
StFwdTrackMaker:INFO  - Looking for FTT strips near projected state on disk 3
StFwdTrackMaker:INFO  - There are 8 available FTT strips on this disk
AAA FTT proj z= 364.83  x=  4.524 y= 12.330  r= 13.134 phi= 1.2191  sigU= 0.358 sigV= 0.007
AAA FTT momentum at proj: pT= 0.219 eta= 4.091 phi= 1.1989  px=  0.080 py=  0.204 pz=  6.559
AAA FTT search thresholds: dPhi<0.1200 dR<30.00 dx<7.50 dy<7.50  nHits=8
findFttHitsNearProjectedState, msp = (4.523986, 12.330368)
AAA FTT hit H pos=( 10.278+/-4.33,  13.881+/-0.01)  dx= 5.754 dy= 1.551 dR= 4.138 dPhi=0.2857 (tid=1)  dPhi:FAIL dR:OK XY:OK
AAA FTT hit H pos=( -0.358+/-4.33,  13.883+/-0.01)  dx= 4.882 dy= 1.553 dR= 0.753 dPhi=0.3775 (tid=3)  dPhi:FAIL dR:OK XY:OK
	 vs. hit@(6.189661+/-4.330127, 13.899536+/-0.010000) => dx=1.665674, dy=1.569168, dR=2.081326, dPhi=0.067302 (tid=4), strip=horizontal
AAA FTT hit H pos=(  6.190+/-4.33,  13.900+/-0.01)  dx= 1.666 dy= 1.569 dR= 2.081 dPhi=0.0673 (tid=4)  dPhi:OK dR:OK XY:OK
AAA FTT hit V pos=(  4.739+/-0.01,  20.948+/-4.33)  dx= 0.215 dy= 8.618 dR= 8.344 dPhi=0.1291 (tid=1)  dPhi:FAIL dR:OK XY:OK
	 vs. hit@(4.662242+/-0.010000, 17.126719+/-4.330127) => dx=0.138256, dy=4.796350, dR=4.615863, dPhi=0.085868 (tid=3), strip=vertical
AAA FTT hit V pos=(  4.662+/-0.01,  17.127+/-4.33)  dx= 0.138 dy= 4.796 dR= 4.616 dPhi=0.0859 (tid=3)  dPhi:OK dR:OK XY:OK
	 vs. hit@(4.615993+/-0.010000, 16.703770+/-4.330127) => dx=0.092007, dy=4.373401, dR=4.195745, dPhi=0.082033 (tid=4), strip=vertical
AAA FTT hit V pos=(  4.616+/-0.01,  16.704+/-4.33)  dx= 0.092 dy= 4.373 dR= 4.196 dPhi=0.0820 (tid=4)  dPhi:OK dR:OK XY:OK
AAA FTT hit H pos=(  0.110+/-4.33,  12.878+/-0.01)  dx= 4.414 dy= 0.548 dR= 0.256 dPhi=0.3431 (tid=5)  dPhi:FAIL dR:OK XY:OK
AAA FTT hit V pos=( -6.839+/-0.01,   9.304+/-4.33)  dx=11.363 dy= 3.027 dR= 1.587 dPhi=0.9855 (tid=5)  dPhi:FAIL dR:OK XY:OK
StFwdTrackMaker:INFO  - Adding horizontal strip hit with dPhi = 0.343095, dR = 0.255626, dx = 4.41383, dy = 0.547629
StFwdTrackMaker:INFO  - Adding vertical strip hit with dPhi = 0.0820329, dR = 4.19574, dx = 0.092007, dy = 4.3734
StFwdTrackMaker:INFO  - Closest horizontal FTT strip to FST state: dR=0.255626, dPhi=0.343095, dx=4.413833, dy=0.547629 (tid=5) 
AAA FTT closest-H dPhi=0.3431(<0.1200) dR= 0.256(< 30.0) dx= 4.414 dy= 0.548(< 7.50) tid=5 -> ACCEPT
StFwdTrackMaker:INFO  - Closest vertical FTT strip to FST state: dR=4.195745, dPhi=0.082033, dx=0.092007, dy=4.373401 (tid=4) 
AAA FTT closest-V dPhi=0.0820(<0.1200) dR= 4.196(< 30.0) dx= 0.092 dy= 4.373(< 7.50) tid=4 -> ACCEPT
AAA FTT result: 2 hits added (H:ACCEPT V:ACCEPT)
StFwdTrackMaker:INFO  -  Found #FTT strips on plane #3 = [2]
StFwdTrackMaker:INFO  - Found 10 existing seed points
StFwdTrackMaker:INFO  - Adding 2 new FTT seed points
StFwdTrackMaker:INFO  - Closest EPD hit to state: dR=-2.125545, dPhi=0.040565, dx=1.322495, dy=1.764876
StFwdTrackMaker:INFO  - GenFitTrackResult::mIdTruth = 1, QaTruth = 0.384615
The points are collinear, curvature is undefined.
p1 = 0, 0
p2 = 2.10194, 6.15076
p3 = 2.10194, 6.15076
The points are collinear, curvature is undefined.
p1 = 2.07676, 6.15931
p2 = 2.10194, 6.15076
p3 = 2.10194, 6.15076
The points are collinear, curvature is undefined.
p1 = 2.10194, 6.15076
p2 = 2.10194, 6.15076
p3 = 5.18217, 11.9109
The points are collinear, curvature is undefined.
p1 = 2.10194, 6.15076
p2 = 2.10194, 6.15076
p3 = 4.06105, 19.4289
The points are collinear, curvature is undefined.
p1 = 2.10194, 6.15076
p2 = 2.10194, 6.15076
p3 = 33.0579, 10.7208
The points are collinear, curvature is undefined.
p1 = 2.10194, 6.15076
p2 = 2.10194, 6.15076
p3 = 4.27158, 12.2291
The points are collinear, curvature is undefined.
p1 = 2.10194, 6.15076
p2 = 2.10194, 6.15076
p3 = 1.95857, 13.1956
The points are collinear, curvature is undefined.
p1 = 2.10194, 6.15076
p2 = 2.10194, 6.15076
p3 = 4.27094, 6.1603
The points are collinear, curvature is undefined.
p1 = 2.10194, 6.15076
p2 = 2.10194, 6.15076
p3 = 0.110153, 12.878
The points are collinear, curvature is undefined.
p1 = 2.10194, 6.15076
p2 = 2.10194, 6.15076
p3 = 4.61599, 16.7038
The points are collinear, curvature is undefined.
p1 = 2.10194, 6.15076
p2 = 2.10194, 6.15076
p3 = 5.96986, 14.4125
StFwdTrackMaker:INFO  - GenericFitSeeder::makeSeed::Curvature: 0.0331918
StFwdTrackMaker:INFO  - GenericFitSeeder::makeSeed::pt = 0.0451603
StFwdTrackMaker:INFO  - Note: Using externally provided seed momentum
StFwdTrackMaker:INFO  - Track Setup complete, track has 13 points
StFwdTrackMaker:INFO  -  sorting changed track points: 1
StFwdTrackMaker:INFO  - Fit status:  1
StFwdTrackMaker:INFO  - -Fit pvalue: 0
StFwdTrackMaker:INFO  - -Fit Chi2:   23723.4
StFwdTrackMaker:INFO  - -Fit Chi2:   23723.4
StFwdTrackMaker:INFO  - Track fit charge: -1Fit momentum: 0.454556, 1.195, 39.8816
StFwdTrackMaker:INFO  - 	Fit Pt: 1.27853, eta: 4.13361, phi: 1.20731
StFwdTrackMaker:INFO  - Track fit update complete!
StFwdTrackMaker:INFO  - Track Reps: 1
StFwdTrackMaker:INFO  - Track Rep 0 
genfit::AbsTrackRep, pdgCode = 211. PropDir = 0
fitStatus 
 track has been fitted, fit has converged fully, 0 TrackPoints could not be processed, fitted charge = -1, PruneFlags: 
 track has been fitted with reference track, numIterations = 4, track length = 429.426, fChi2 = 23723.4, bChi2 = 23723.4, fNdf = 21, bNdf = 21, fPVal = 0, bPVal = 0

StFwdTrackMaker:INFO  - GenFitTrackResult::mIdTruth = 1, QaTruth = 0.384615
StFwdTrackMaker:INFO  - GTR Setting momentum from track
StFwdTrackMaker:INFO  - --isFitConvergedPartially() = 1
StFwdTrackMaker:INFO  - --isFitConverged() = 1
StFwdTrackMaker:INFO  - --isFitConvergedFully() = 1
StFwdTrackMaker:INFO  - >>doPrimaryTrackFitting( #globals = 1 )
StFwdTrackMaker:INFO  - Refitting Track 0, McId=1 with Primary Vertex, seed already has: 3 hits
StFwdTrackMaker:INFO  - mEventVertexHit: 0, 0, 0
StFwdTrackMaker:INFO  - This fit is for a global that converged? = 0
StFwdTrackMaker:INFO  - GenFitTrackResult::mIdTruth = 1, QaTruth = 0.75
The points are collinear, curvature is undefined.
p1 = 0, 0
p2 = 2.10194, 6.15076
p3 = 2.10194, 6.15076
The points are collinear, curvature is undefined.
p1 = 2.07676, 6.15931
p2 = 2.10194, 6.15076
p3 = 2.10194, 6.15076
StFwdTrackMaker:INFO  - GenericFitSeeder::makeSeed::Curvature: 0.153846
StFwdTrackMaker:INFO  - GenericFitSeeder::makeSeed::pt = 0.0097432
StFwdTrackMaker:INFO  - Note: Using externally provided seed momentum
StFwdTrackMaker:INFO  - Track Setup complete, track has 4 points
StFwdTrackMaker:INFO  -  sorting changed track points: 0
StFwdTrackMaker:INFO  - Fit status:  1
StFwdTrackMaker:INFO  - -Fit pvalue: 0.599006
StFwdTrackMaker:INFO  - -Fit Chi2:   1.87381
StFwdTrackMaker:INFO  - -Fit Chi2:   1.87381
StFwdTrackMaker:INFO  - Track fit charge: 1Fit momentum: 0.0562924, 0.180289, 4.83837
StFwdTrackMaker:INFO  - 	Fit Pt: 0.188873, eta: 3.93679, phi: 1.26815
StFwdTrackMaker:INFO  - Track fit update complete!
StFwdTrackMaker:INFO  - Track Reps: 1
StFwdTrackMaker:INFO  - Track Rep 0 
genfit::AbsTrackRep, pdgCode = 211. PropDir = 0
fitStatus 
 track has been fitted, fit has converged fully, 0 TrackPoints could not be processed, fitted charge = 1, PruneFlags: 
 track has been fitted with reference track, numIterations = 4, track length = 177.175, fChi2 = 1.87381, bChi2 = 1.87381, fNdf = 3, bNdf = 3, fPVal = 0.599006, bPVal = 0.599006

StFwdTrackMaker:INFO  - GenFitTrackResult::mIdTruth = 1, QaTruth = 0.75
StFwdTrackMaker:INFO  - GTR Setting momentum from track
StFwdTrackMaker:INFO  - --isFitConvergedPartially() = 1
StFwdTrackMaker:INFO  - --isFitConverged() = 1
StFwdTrackMaker:INFO  - --isFitConvergedFully() = 1
StFwdTrackMaker:INFO  - 	Initial fit complete, now refitting with additional points
StFwdTrackMaker:INFO  - Looking for FTT strips near projected state on disk 0
StFwdTrackMaker:INFO  - There are 3 available FTT strips on this disk
AAA FTT proj z= 313.01  x=  4.189 y= 11.474  r= 12.214 phi= 1.2208  sigU= 0.094 sigV= 0.001
AAA FTT momentum at proj: pT= 0.189 eta= 3.937 phi= 1.1836  px=  0.071 py=  0.175 pz=  4.838
AAA FTT search thresholds: dPhi<0.1200 dR<30.00 dx<7.50 dy<7.50  nHits=3
findFttHitsNearProjectedState, msp = (4.188607, 11.473712)
	 vs. hit@(5.182172+/-4.330127, 11.910885+/-0.010000) => dx=0.993565, dy=0.437172, dR=0.775027, dPhi=0.060347 (tid=1), strip=horizontal
AAA FTT hit H pos=(  5.182+/-4.33,  11.911+/-0.01)  dx= 0.994 dy= 0.437 dR= 0.775 dPhi=0.0603 (tid=1)  dPhi:OK dR:OK XY:OK
AAA FTT hit V pos=(  4.061+/-0.01,  19.429+/-4.33)  dx= 0.128 dy= 7.955 dR= 7.634 dPhi=0.1440 (tid=1)  dPhi:FAIL dR:OK XY:OK
AAA FTT hit V pos=( 32.764+/-0.01,   1.233+/-4.33)  dx=28.575 dy=10.241 dR=20.572 dPhi=1.1832 (tid=2)  dPhi:FAIL dR:OK XY:FAIL
StFwdTrackMaker:INFO  - Adding horizontal strip hit with dPhi = 0.0603475, dR = 0.775027, dx = 0.993565, dy = 0.437172
StFwdTrackMaker:INFO  - Adding vertical strip hit with dPhi = 0.143975, dR = 7.63447, dx = 0.127557, dy = 7.95523
StFwdTrackMaker:INFO  - Closest horizontal FTT strip to FST state: dR=0.775027, dPhi=0.060347, dx=0.993565, dy=0.437172 (tid=1) 
AAA FTT closest-H dPhi=0.0603(<0.1200) dR= 0.775(< 30.0) dx= 0.994 dy= 0.437(< 7.50) tid=1 -> ACCEPT
StFwdTrackMaker:INFO  - Closest vertical FTT strip to FST state: dR=7.634471, dPhi=0.143975, dx=0.127557, dy=7.955231 (tid=1) 
AAA FTT closest-V dPhi=0.1440(<0.1200) dR= 7.634(< 30.0) dx= 0.128 dy= 7.955(< 7.50) tid=1 -> ACCEPT
AAA FTT result: 2 hits added (H:ACCEPT V:ACCEPT)
StFwdTrackMaker:INFO  -  Found #FTT strips on plane #0 = [2]
StFwdTrackMaker:INFO  - Found 4 existing seed points
StFwdTrackMaker:INFO  - Adding 2 new FTT seed points
StFwdTrackMaker:INFO  - Looking for FTT strips near projected state on disk 1
StFwdTrackMaker:INFO  - There are 6 available FTT strips on this disk
AAA FTT proj z= 331.01  x=  4.453 y= 12.124  r= 12.916 phi= 1.2188  sigU= 0.094 sigV= 0.001
AAA FTT momentum at proj: pT= 0.189 eta= 3.937 phi= 1.1868  px=  0.071 py=  0.175 pz=  4.838
AAA FTT search thresholds: dPhi<0.1200 dR<30.00 dx<7.50 dy<7.50  nHits=6
findFttHitsNearProjectedState, msp = (4.452786, 12.124221)
AAA FTT hit H pos=(  2.637+/-4.33,  12.622+/-0.01)  dx= 1.815 dy= 0.498 dR= 0.022 dPhi=0.1460 (tid=1)  dPhi:FAIL dR:OK XY:OK
AAA FTT hit H pos=( 33.058+/-4.33,  10.721+/-0.01)  dx=28.605 dy= 1.403 dR=21.837 dPhi=0.9052 (tid=2)  dPhi:FAIL dR:OK XY:OK
	 vs. hit@(4.316393+/-0.010000, 15.315194+/-4.330127) => dx=0.136393, dy=3.190973, dR=2.995795, dPhi=0.077259 (tid=1), strip=vertical
AAA FTT hit V pos=(  4.316+/-0.01,  15.315+/-4.33)  dx= 0.136 dy= 3.191 dR= 2.996 dPhi=0.0773 (tid=1)  dPhi:OK dR:OK XY:OK
AAA FTT hit V pos=( 36.548+/-0.01,  12.630+/-4.33)  dx=32.096 dy= 0.506 dR=25.753 dPhi=0.8861 (tid=2)  dPhi:FAIL dR:OK XY:OK
AAA FTT hit V pos=(  4.272+/-0.01,   6.962+/-4.33)  dx= 0.181 dy= 5.162 dR= 4.748 dPhi=0.1984 (tid=3)  dPhi:FAIL dR:OK XY:OK
	 vs. hit@(4.271584+/-0.010000, 12.229140+/-4.330127) => dx=0.181202, dy=0.104920, dR=0.037661, dPhi=0.015924 (tid=4), strip=vertical
AAA FTT hit V pos=(  4.272+/-0.01,  12.229+/-4.33)  dx= 0.181 dy= 0.105 dR= 0.038 dPhi=0.0159 (tid=4)  dPhi:OK dR:OK XY:OK
StFwdTrackMaker:INFO  - Adding horizontal strip hit with dPhi = 0.145986, dR = 0.0216029, dx = 1.81546, dy = 0.497625
StFwdTrackMaker:INFO  - Adding vertical strip hit with dPhi = 0.0772593, dR = 2.99579, dx = 0.136393, dy = 3.19097
StFwdTrackMaker:INFO  - Closest horizontal FTT strip to FST state: dR=0.021603, dPhi=0.145986, dx=1.815463, dy=0.497625 (tid=1) 
AAA FTT closest-H dPhi=0.1460(<0.1200) dR= 0.022(< 30.0) dx= 1.815 dy= 0.498(< 7.50) tid=1 -> ACCEPT
StFwdTrackMaker:INFO  - Closest vertical FTT strip to FST state: dR=2.995795, dPhi=0.077259, dx=0.136393, dy=3.190973 (tid=1) 
AAA FTT closest-V dPhi=0.0773(<0.1200) dR= 2.996(< 30.0) dx= 0.136 dy= 3.191(< 7.50) tid=1 -> ACCEPT
AAA FTT result: 2 hits added (H:ACCEPT V:ACCEPT)
StFwdTrackMaker:INFO  -  Found #FTT strips on plane #1 = [2]
StFwdTrackMaker:INFO  - Found 6 existing seed points
StFwdTrackMaker:INFO  - Adding 2 new FTT seed points
StFwdTrackMaker:INFO  - Looking for FTT strips near projected state on disk 2
StFwdTrackMaker:INFO  - There are 7 available FTT strips on this disk
AAA FTT proj z= 346.93  x=  4.684 y= 12.700  r= 13.537 phi= 1.2174  sigU= 0.094 sigV= 0.001
AAA FTT momentum at proj: pT= 0.189 eta= 3.938 phi= 1.1910  px=  0.070 py=  0.175 pz=  4.838
AAA FTT search thresholds: dPhi<0.1200 dR<30.00 dx<7.50 dy<7.50  nHits=7
findFttHitsNearProjectedState, msp = (4.684215, 12.700361)
AAA FTT hit H pos=( 11.151+/-4.33,  13.239+/-0.01)  dx= 6.467 dy= 0.538 dR= 3.773 dPhi=0.3467 (tid=1)  dPhi:FAIL dR:OK XY:OK
AAA FTT hit H pos=(  1.959+/-4.33,  13.196+/-0.01)  dx= 2.726 dy= 0.495 dR= 0.196 dPhi=0.2060 (tid=3)  dPhi:FAIL dR:OK XY:OK
	 vs. hit@(6.712893+/-4.330127, 13.226198+/-0.010000) => dx=2.028677, dy=0.525837, dR=1.295581, dPhi=0.116319 (tid=4), strip=horizontal
AAA FTT hit H pos=(  6.713+/-4.33,  13.226+/-0.01)  dx= 2.029 dy= 0.526 dR= 1.296 dPhi=0.1163 (tid=4)  dPhi:OK dR:OK XY:OK
AAA FTT hit V pos=(  4.495+/-0.01,   7.259+/-4.33)  dx= 0.189 dy= 5.442 dR= 4.999 dPhi=0.2011 (tid=1)  dPhi:FAIL dR:OK XY:OK
	 vs. hit@(4.440587+/-0.010000, 16.793550+/-4.330127) => dx=0.243629, dy=4.093189, dR=3.834071, dPhi=0.094841 (tid=3), strip=vertical
AAA FTT hit V pos=(  4.441+/-0.01,  16.794+/-4.33)  dx= 0.244 dy= 4.093 dR= 3.834 dPhi=0.0948 (tid=3)  dPhi:OK dR:OK XY:OK
AAA FTT hit V pos=(  4.436+/-0.01,  20.203+/-4.33)  dx= 0.249 dy= 7.503 dR= 7.148 dPhi=0.1372 (tid=4)  dPhi:FAIL dR:OK XY:OK
AAA FTT hit V pos=(  4.271+/-0.01,   6.160+/-4.33)  dx= 0.413 dy= 6.540 dR= 6.041 dPhi=0.2529 (tid=5)  dPhi:FAIL dR:OK XY:OK
StFwdTrackMaker:INFO  - Adding horizontal strip hit with dPhi = 0.205997, dR = 0.196449, dx = 2.72565, dy = 0.495287
StFwdTrackMaker:INFO  - Adding vertical strip hit with dPhi = 0.201126, dR = 4.99876, dx = 0.189054, dy = 5.44163
StFwdTrackMaker:INFO  - Closest horizontal FTT strip to FST state: dR=0.196449, dPhi=0.205997, dx=2.725648, dy=0.495287 (tid=3) 
AAA FTT closest-H dPhi=0.2060(<0.1200) dR= 0.196(< 30.0) dx= 2.726 dy= 0.495(< 7.50) tid=3 -> ACCEPT
StFwdTrackMaker:INFO  - Closest vertical FTT strip to FST state: dR=4.998758, dPhi=0.201126, dx=0.189054, dy=5.441628 (tid=1) 
AAA FTT closest-V dPhi=0.2011(<0.1200) dR= 4.999(< 30.0) dx= 0.189 dy= 5.442(< 7.50) tid=1 -> ACCEPT
AAA FTT result: 2 hits added (H:ACCEPT V:ACCEPT)
StFwdTrackMaker:INFO  -  Found #FTT strips on plane #2 = [2]
StFwdTrackMaker:INFO  - Found 8 existing seed points
StFwdTrackMaker:INFO  - Adding 2 new FTT seed points
StFwdTrackMaker:INFO  - Looking for FTT strips near projected state on disk 3
StFwdTrackMaker:INFO  - There are 8 available FTT strips on this disk
AAA FTT proj z= 364.83  x=  4.941 y= 13.349  r= 14.235 phi= 1.2163  sigU= 0.094 sigV= 0.001
AAA FTT momentum at proj: pT= 0.189 eta= 3.938 phi= 1.1959  px=  0.069 py=  0.176 pz=  4.838
AAA FTT search thresholds: dPhi<0.1200 dR<30.00 dx<7.50 dy<7.50  nHits=8
findFttHitsNearProjectedState, msp = (4.941417, 13.349362)
AAA FTT hit H pos=( 10.278+/-4.33,  13.881+/-0.01)  dx= 5.337 dy= 0.532 dR= 3.038 dPhi=0.2828 (tid=1)  dPhi:FAIL dR:OK XY:OK
AAA FTT hit H pos=( -0.358+/-4.33,  13.883+/-0.01)  dx= 5.300 dy= 0.534 dR= 0.347 dPhi=0.3803 (tid=3)  dPhi:FAIL dR:OK XY:OK
	 vs. hit@(6.189661+/-4.330127, 13.899536+/-0.010000) => dx=1.248243, dy=0.550175, dR=0.980847, dPhi=0.064429 (tid=4), strip=horizontal
AAA FTT hit H pos=(  6.190+/-4.33,  13.900+/-0.01)  dx= 1.248 dy= 0.550 dR= 0.981 dPhi=0.0644 (tid=4)  dPhi:OK dR:OK XY:OK
AAA FTT hit V pos=(  4.739+/-0.01,  20.948+/-4.33)  dx= 0.202 dy= 7.599 dR= 7.243 dPhi=0.1320 (tid=1)  dPhi:FAIL dR:OK XY:OK
	 vs. hit@(4.662242+/-0.010000, 17.126719+/-4.330127) => dx=0.279175, dy=3.777357, dR=3.515385, dPhi=0.088742 (tid=3), strip=vertical
AAA FTT hit V pos=(  4.662+/-0.01,  17.127+/-4.33)  dx= 0.279 dy= 3.777 dR= 3.515 dPhi=0.0887 (tid=3)  dPhi:OK dR:OK XY:OK
	 vs. hit@(4.615993+/-0.010000, 16.703770+/-4.330127) => dx=0.325424, dy=3.354408, dR=3.095266, dPhi=0.084906 (tid=4), strip=vertical
AAA FTT hit V pos=(  4.616+/-0.01,  16.704+/-4.33)  dx= 0.325 dy= 3.354 dR= 3.095 dPhi=0.0849 (tid=4)  dPhi:OK dR:OK XY:OK
AAA FTT hit H pos=(  0.110+/-4.33,  12.878+/-0.01)  dx= 4.831 dy= 0.471 dR= 1.356 dPhi=0.3460 (tid=5)  dPhi:FAIL dR:OK XY:OK
AAA FTT hit V pos=( -6.839+/-0.01,   9.304+/-4.33)  dx=11.780 dy= 4.046 dR= 2.688 dPhi=0.9884 (tid=5)  dPhi:FAIL dR:OK XY:OK
StFwdTrackMaker:INFO  - Adding horizontal strip hit with dPhi = 0.345968, dR = 1.3561, dx = 4.83126, dy = 0.471364
StFwdTrackMaker:INFO  - Adding vertical strip hit with dPhi = 0.132022, dR = 7.24313, dx = 0.201954, dy = 7.59889
StFwdTrackMaker:INFO  - Closest horizontal FTT strip to FST state: dR=1.356104, dPhi=0.345968, dx=4.831264, dy=0.471364 (tid=5) 
AAA FTT closest-H dPhi=0.3460(<0.1200) dR= 1.356(< 30.0) dx= 4.831 dy= 0.471(< 7.50) tid=5 -> ACCEPT
StFwdTrackMaker:INFO  - Closest vertical FTT strip to FST state: dR=7.243133, dPhi=0.132022, dx=0.201954, dy=7.598892 (tid=1) 
AAA FTT closest-V dPhi=0.1320(<0.1200) dR= 7.243(< 30.0) dx= 0.202 dy= 7.599(< 7.50) tid=1 -> ACCEPT
AAA FTT result: 2 hits added (H:ACCEPT V:ACCEPT)
StFwdTrackMaker:INFO  -  Found #FTT strips on plane #3 = [2]
StFwdTrackMaker:INFO  - Found 10 existing seed points
StFwdTrackMaker:INFO  - Adding 2 new FTT seed points
StFwdTrackMaker:INFO  - Closest EPD hit to state: dR=-0.968759, dPhi=0.037658, dx=0.883613, dy=0.693801
StFwdTrackMaker:INFO  - GenFitTrackResult::mIdTruth = 1, QaTruth = 0.692308
The points are collinear, curvature is undefined.
p1 = 0, 0
p2 = 2.10194, 6.15076
p3 = 2.10194, 6.15076
The points are collinear, curvature is undefined.
p1 = 2.07676, 6.15931
p2 = 2.10194, 6.15076
p3 = 2.10194, 6.15076
The points are collinear, curvature is undefined.
p1 = 2.10194, 6.15076
p2 = 2.10194, 6.15076
p3 = 5.18217, 11.9109
The points are collinear, curvature is undefined.
p1 = 2.10194, 6.15076
p2 = 2.10194, 6.15076
p3 = 4.06105, 19.4289
The points are collinear, curvature is undefined.
p1 = 2.10194, 6.15076
p2 = 2.10194, 6.15076
p3 = 2.63732, 12.6218
The points are collinear, curvature is undefined.
p1 = 2.10194, 6.15076
p2 = 2.10194, 6.15076
p3 = 4.31639, 15.3152
The points are collinear, curvature is undefined.
p1 = 2.10194, 6.15076
p2 = 2.10194, 6.15076
p3 = 1.95857, 13.1956
The points are collinear, curvature is undefined.
p1 = 2.10194, 6.15076
p2 = 2.10194, 6.15076
p3 = 4.49516, 7.25873
The points are collinear, curvature is undefined.
p1 = 2.10194, 6.15076
p2 = 2.10194, 6.15076
p3 = 0.110153, 12.878
The points are collinear, curvature is undefined.
p1 = 2.10194, 6.15076
p2 = 2.10194, 6.15076
p3 = 4.73946, 20.9483
The points are collinear, curvature is undefined.
p1 = 2.10194, 6.15076
p2 = 2.10194, 6.15076
p3 = 5.96986, 14.4125
StFwdTrackMaker:INFO  - GenericFitSeeder::makeSeed::Curvature: 0.0516186
StFwdTrackMaker:INFO  - GenericFitSeeder::makeSeed::pt = 0.029039
StFwdTrackMaker:INFO  - Note: Using externally provided seed momentum
StFwdTrackMaker:INFO  - Track Setup complete, track has 13 points
StFwdTrackMaker:INFO  -  sorting changed track points: 1
StFwdTrackMaker:INFO  - Fit status:  1
StFwdTrackMaker:INFO  - -Fit pvalue: 0
StFwdTrackMaker:INFO  - -Fit Chi2:   6892.49
StFwdTrackMaker:INFO  - -Fit Chi2:   6892.49
StFwdTrackMaker:INFO  - Track fit charge: 1Fit momentum: 0.124839, 0.388289, 10.8227
StFwdTrackMaker:INFO  - 	Fit Pt: 0.407864, eta: 3.97197, phi: 1.25973
StFwdTrackMaker:INFO  - Track fit update complete!
StFwdTrackMaker:INFO  - Track Reps: 1
StFwdTrackMaker:INFO  - Track Rep 0 
genfit::AbsTrackRep, pdgCode = 211. PropDir = 0
fitStatus 
 track has been fitted, fit has converged fully, 0 TrackPoints could not be processed, fitted charge = 1, PruneFlags: 
 track has been fitted with reference track, numIterations = 3, track length = 365.716, fChi2 = 6892.49, bChi2 = 6892.49, fNdf = 21, bNdf = 21, fPVal = 0, bPVal = 0

StFwdTrackMaker:INFO  - GenFitTrackResult::mIdTruth = 1, QaTruth = 0.692308
StFwdTrackMaker:INFO  - GTR Setting momentum from track
StFwdTrackMaker:INFO  - --isFitConvergedPartially() = 1
StFwdTrackMaker:INFO  - --isFitConverged() = 1
StFwdTrackMaker:INFO  - --isFitConvergedFully() = 1
StFwdTrackMaker:INFO  - >>doSecondaryTrackFitting( #globals = 1 )
StFwdTrackMaker:INFO  - <<Fwd Tracking Fit :3 GenFit Tracks
StFwdTrackMaker:INFO  - TAttr::Found : fillevent = 1

StFwdTrackMaker:INFO  - Creating the StFwdTrackCollection
StFwdTrackMaker:INFO  - Processing GenfitTrackResult(type=0): 0 mIsFitConverged=0, mIsFitConvergedPartially=0, mNumFitPoints=0
StFwdTrackMaker:INFO  - Processing GenfitTrackResult(type=2): 1 mIsFitConverged=1, mIsFitConvergedPartially=1, mNumFitPoints=13
AAA FCS StraightLine: det=1 xyzdet=(17.399,-5.26,710.16) norm=(0.0301896,0,0.999544)
AAA projectAsStraightLine: tv3A=(7.35862,21.0375,574.778) tv3B=(7.98198,22.8145,624.759)
AAA   xyzf=(17.399,-5.26,710.16) norm=(0.0301896,0,0.999544)
AAA   tintersection=2.71371 result=(9.05024,25.8598,710.412)
AAA FCS StraightLine result: tv3=(9.05024,25.8598,710.412)
AAA FCS StraightLine: det=3 xyzdet=(21.285,1.8,782.63) norm=(0.0301896,0,0.999544)
AAA projectAsStraightLine: tv3A=(7.35862,21.0375,574.778) tv3B=(7.98198,22.8145,624.759)
AAA   xyzf=(21.285,1.8,782.63) norm=(0.0301896,0,0.999544)
AAA   tintersection=4.16546 result=(9.95521,28.4396,782.972)
AAA FCS StraightLine result: tv3=(9.95521,28.4396,782.972)
StFwdTrackMaker:INFO  - Processing GenfitTrackResult(type=1): 2 mIsFitConverged=1, mIsFitConvergedPartially=1, mNumFitPoints=13
AAA FCS StraightLine: det=1 xyzdet=(17.399,-5.26,710.16) norm=(0.0301896,0,0.999544)
AAA projectAsStraightLine: tv3A=(6.9196,19.2908,574.791) tv3B=(7.47622,20.7935,624.774)
AAA   xyzf=(17.399,-5.26,710.16) norm=(0.0301896,0,0.999544)
AAA   tintersection=2.71371 result=(8.43011,23.3688,710.431)
AAA FCS StraightLine result: tv3=(8.43011,23.3688,710.431)
AAA FCS StraightLine: det=3 xyzdet=(21.285,1.8,782.63) norm=(0.0301896,0,0.999544)
AAA projectAsStraightLine: tv3A=(6.9196,19.2908,574.791) tv3B=(7.47622,20.7935,624.774)
AAA   xyzf=(21.285,1.8,782.63) norm=(0.0301896,0,0.999544)
AAA   tintersection=4.16546 result=(9.23818,25.5504,782.994)
AAA FCS StraightLine result: tv3=(9.23818,25.5504,782.994)
StFwdTrackMaker:INFO  - StFwdTrackCollection has 3 tracks now
StFwdTrackMaker:INFO  - StFwdTrackCollection has 3 tracks now
StFwdTrackMaker:INFO  - *** StFwdTrackMaker::Make() == StOK(0) ***
StFcsTrackMatchMaker:INFO  - *** StFcsTrackMatchMaker::Make() == StOK(0) ***
StStrangeMuDstMaker:INFO  - StV0Controller: found 0 V0 candidates
StStrangeMuDstMaker:INFO  - StXiController: found 0 Xi candidates
StStrangeMuDstMaker:INFO  - StKinkController: found 0 Kink candidates
StStrangeMuDstMaker:INFO  - *** StStrangeMuDstMaker::Make() == StOK(0) ***
StMuDstMaker:INFO  - fillMuFtt
StMuDstMaker:INFO  - fillMuFttRawHits
StMuDstMaker:INFO  - fillMuFttPoints
StMuDstMaker:INFO  - fillMuFttClusters
StMuDstMaker:INFO  - StMuDstMaker::fillFwdTrack(StEvent* ev)
StMuDstMaker:INFO  - StMuDSTMaker filling StMuFwdTrackCollection from StEvent
StMuDstMaker:INFO  - Adding 3 StMuFwdTracks to MuDSt
StMuDstMaker:INFO  - *** StMuDstMaker::Make() == StOK(0) ***
StTreeMaker:INFO  - *** StTreeMaker::Make() == StOK(0) ***
StPicoDstMaker:WARN  - No trigger data bank available!
StPicoDstMaker:INFO  - StPicoDstMaker::fillFcsHits filled 2
StPicoDstMaker:INFO  - StPicoDstMaker::fillFcsClusters filled 0
StPicoDstMaker:INFO  - *** StPicoDstMaker::Make() == StOK(0) ***
MEM after Chain::Clear + Make	 total =793.882812 heap =208.692749 and   0.175735( -0.018250)
<---------- END EVENT
--------->START EVENT: 5
MEM before Chain::Clear + Make	 total =793.882812 heap =208.692947 and   0.175568( +0.000198)
St_geant_Maker:INFO  - *** St_geant_Maker::Make() == StOK(0) ***
St_db_Maker:INFO  - *** St_db_Maker::Make() == StOK(0) ***
StMagFMaker:INFO  - *** StMagFMaker::Make() == StOK(0) ***
StDetectorDbMaker:INFO  - *** StDetectorDbMaker::Make() == StOK(0) ***
StTpcDbMaker:INFO  - *** StTpcDbMaker::Make() == StOK(0) ***
StFcsDbMaker:INFO  - *** StFcsDbMaker::Make() == StOK(0) ***
StEventMaker:INFO  - get trigDetSums from Calibrations/rich/trigDetSums
StEventMaker:WARN  - StEventMaker: No StDAQReader found
StEventMaker:INFO  - *** StEventMaker::Make() == StOK(0) ***
StMcEventMaker:INFO  - StMcEventMaker:   g2t_tpc_hit Table Not found 
StMcEventMaker:INFO  - StMcEventMaker:   particle    Table Not found 
StMcEventMaker:INFO  - *** StMcEventMaker::Make() == StOK(0) ***
StFcsFastSimulatorMaker:DEBUG - StFcsFastSimulatorMaker::Make
StFcsFastSimulatorMaker:DEBUG - Creating StFcsCollection
StFcsFastSimulatorMaker:INFO  - TAttr::Found : fcsleakyhcal = 0

StFcsFastSimulatorMaker:INFO  - TAttr::Found : fcshcalzdepeff = 0

StFcsFastSimulatorMaker:INFO  - g2t_wca_hit table has 35 hit
StFcsFastSimulatorMaker:INFO  - ECAL det=0 id=132 volid=1133 e=0.001412
StFcsFastSimulatorMaker:INFO  - ECAL det=0 id=463 volid=1464 e=0.000076
StFcsFastSimulatorMaker:INFO  - ECAL det=1 id=313 volid=2314 e=0.000345
StFcsFastSimulatorMaker:INFO  - ECAL det=1 id=396 volid=2397 e=0.000140
StFcsFastSimulatorMaker:INFO  - ECAL det=1 id=418 volid=2419 e=0.000318
StFcsFastSimulatorMaker:INFO  - ECAL det=1 id=421 volid=2422 e=0.001008
StFcsFastSimulatorMaker:INFO  - ECAL det=1 id=422 volid=2423 e=0.001494
StFcsFastSimulatorMaker:INFO  - ECAL det=1 id=442 volid=2443 e=0.001317
StFcsFastSimulatorMaker:INFO  - ECAL det=1 id=444 volid=2445 e=0.000016
StFcsFastSimulatorMaker:INFO  - ECAL det=1 id=445 volid=2446 e=0.000482
StFcsFastSimulatorMaker:INFO  - ECAL det=1 id=464 volid=2465 e=0.001203
StFcsFastSimulatorMaker:INFO  - ECAL det=1 id=465 volid=2466 e=0.006674
StFcsFastSimulatorMaker:INFO  - ECAL det=1 id=466 volid=2467 e=0.007277
StFcsFastSimulatorMaker:INFO  - ECAL det=1 id=467 volid=2468 e=0.001072
StFcsFastSimulatorMaker:INFO  - ECAL det=1 id=468 volid=2469 e=0.000854
StFcsFastSimulatorMaker:INFO  - ECAL det=1 id=486 volid=2487 e=0.005640
StFcsFastSimulatorMaker:INFO  - ECAL det=1 id=487 volid=2488 e=1.148935
StFcsFastSimulatorMaker:INFO  - ECAL det=1 id=488 volid=2489 e=0.492185
StFcsFastSimulatorMaker:INFO  - ECAL det=1 id=489 volid=2490 e=0.029858
StFcsFastSimulatorMaker:INFO  - ECAL det=1 id=490 volid=2491 e=0.003039
StFcsFastSimulatorMaker:INFO  - ECAL det=1 id=508 volid=2509 e=0.031067
StFcsFastSimulatorMaker:INFO  - ECAL det=1 id=509 volid=2510 e=1.255826
StFcsFastSimulatorMaker:INFO  - ECAL det=1 id=510 volid=2511 e=0.830724
StFcsFastSimulatorMaker:INFO  - ECAL det=1 id=511 volid=2512 e=0.009093
StFcsFastSimulatorMaker:INFO  - ECAL det=1 id=512 volid=2513 e=0.003286
StFcsFastSimulatorMaker:INFO  - ECAL det=1 id=529 volid=2530 e=0.000489
StFcsFastSimulatorMaker:INFO  - ECAL det=1 id=530 volid=2531 e=0.000048
StFcsFastSimulatorMaker:INFO  - ECAL det=1 id=531 volid=2532 e=0.007074
StFcsFastSimulatorMaker:INFO  - ECAL det=1 id=532 volid=2533 e=0.019538
StFcsFastSimulatorMaker:INFO  - ECAL det=1 id=533 volid=2534 e=0.008151
StFcsFastSimulatorMaker:INFO  - ECAL det=1 id=534 volid=2535 e=0.001054
StFcsFastSimulatorMaker:INFO  - ECAL det=1 id=552 volid=2553 e=0.000588
StFcsFastSimulatorMaker:INFO  - ECAL det=1 id=553 volid=2554 e=0.004433
StFcsFastSimulatorMaker:INFO  - ECAL det=1 id=556 volid=2557 e=0.000097
StFcsFastSimulatorMaker:INFO  - ECAL det=1 id=574 volid=2575 e=0.001847
StFcsFastSimulatorMaker:INFO  - g2t_hca_hit table has 19 hit
StFcsFastSimulatorMaker:INFO  - HCAL det=3 id=144 volid= 2145 e=0.000018
StFcsFastSimulatorMaker:INFO  - HCAL det=3 id=145 volid= 2146 e=0.000016
StFcsFastSimulatorMaker:INFO  - HCAL det=3 id=157 volid= 2158 e=0.000616
StFcsFastSimulatorMaker:INFO  - HCAL det=3 id=158 volid= 2159 e=0.001072
StFcsFastSimulatorMaker:INFO  - HCAL det=3 id=159 volid= 2160 e=0.000267
StFcsFastSimulatorMaker:INFO  - HCAL det=3 id=160 volid= 2161 e=0.002104
StFcsFastSimulatorMaker:INFO  - HCAL det=3 id=170 volid= 2171 e=0.004030
StFcsFastSimulatorMaker:INFO  - HCAL det=3 id=171 volid= 2172 e=0.000675
StFcsFastSimulatorMaker:INFO  - HCAL det=3 id=172 volid= 2173 e=0.000779
StFcsFastSimulatorMaker:INFO  - HCAL det=3 id=173 volid= 2174 e=0.000156
StFcsFastSimulatorMaker:INFO  - HCAL det=3 id=182 volid= 2183 e=0.000909
StFcsFastSimulatorMaker:INFO  - HCAL det=3 id=183 volid= 2184 e=0.000643
StFcsFastSimulatorMaker:INFO  - HCAL det=3 id=184 volid= 2185 e=0.004887
StFcsFastSimulatorMaker:INFO  - HCAL det=3 id=186 volid= 2187 e=0.000305
StFcsFastSimulatorMaker:INFO  - HCAL det=3 id=193 volid= 2194 e=0.000002
StFcsFastSimulatorMaker:INFO  - HCAL det=3 id=197 volid= 2198 e=0.001135
StFcsFastSimulatorMaker:INFO  - HCAL det=3 id=198 volid= 2199 e=0.000022
StFcsFastSimulatorMaker:INFO  - HCAL det=3 id=208 volid= 2209 e=0.001567
StFcsFastSimulatorMaker:INFO  - HCAL det=3 id=222 volid= 2223 e=0.000063
StFcsFastSimulatorMaker:INFO  - g2t_epd_hit table has 1 hit
StFcsFastSimulatorMaker:INFO  - Pres det=5 id=132 volid=208091 e=  1.724577
StFcsFastSimulatorMaker:INFO  - Det=0 id=132 dE=   0.001 SF= 0.200 gain= 0.005 corr= 1.000 ADC=   1 ZS= 1 digiE=   0.005
StFcsFastSimulatorMaker:INFO  - Det=0 id=463 dE=   0.000 SF= 0.200 gain= 0.005 corr= 1.000 ADC=   0 ZS= 1 digiE=   0.000
StFcsFastSimulatorMaker:INFO  - Det=1 id=313 dE=   0.000 SF= 0.200 gain= 0.005 corr= 1.000 ADC=   0 ZS= 1 digiE=   0.000
StFcsFastSimulatorMaker:INFO  - Det=1 id=396 dE=   0.000 SF= 0.200 gain= 0.005 corr= 1.000 ADC=   0 ZS= 1 digiE=   0.000
StFcsFastSimulatorMaker:INFO  - Det=1 id=418 dE=   0.000 SF= 0.200 gain= 0.005 corr= 1.000 ADC=   0 ZS= 1 digiE=   0.000
StFcsFastSimulatorMaker:INFO  - Det=1 id=421 dE=   0.001 SF= 0.200 gain= 0.005 corr= 1.000 ADC=   0 ZS= 1 digiE=   0.000
StFcsFastSimulatorMaker:INFO  - Det=1 id=422 dE=   0.001 SF= 0.200 gain= 0.005 corr= 1.000 ADC=   1 ZS= 1 digiE=   0.005
StFcsFastSimulatorMaker:INFO  - Det=1 id=442 dE=   0.001 SF= 0.200 gain= 0.005 corr= 1.000 ADC=   1 ZS= 1 digiE=   0.005
StFcsFastSimulatorMaker:INFO  - Det=1 id=444 dE=   0.000 SF= 0.200 gain= 0.005 corr= 1.000 ADC=   0 ZS= 1 digiE=   0.000
StFcsFastSimulatorMaker:INFO  - Det=1 id=445 dE=   0.000 SF= 0.200 gain= 0.005 corr= 1.000 ADC=   0 ZS= 1 digiE=   0.000
StFcsFastSimulatorMaker:INFO  - Det=1 id=464 dE=   0.001 SF= 0.200 gain= 0.005 corr= 1.000 ADC=   1 ZS= 1 digiE=   0.005
StFcsFastSimulatorMaker:INFO  - Det=1 id=465 dE=   0.007 SF= 0.200 gain= 0.005 corr= 1.000 ADC=   6 ZS= 1 digiE=   0.032
StFcsFastSimulatorMaker:INFO  - Det=1 id=466 dE=   0.007 SF= 0.200 gain= 0.005 corr= 1.000 ADC=   6 ZS= 1 digiE=   0.032
StFcsFastSimulatorMaker:INFO  - Det=1 id=467 dE=   0.001 SF= 0.200 gain= 0.005 corr= 1.000 ADC=   1 ZS= 1 digiE=   0.005
StFcsFastSimulatorMaker:INFO  - Det=1 id=468 dE=   0.001 SF= 0.200 gain= 0.005 corr= 1.000 ADC=   0 ZS= 1 digiE=   0.000
StFcsFastSimulatorMaker:INFO  - Det=1 id=486 dE=   0.006 SF= 0.200 gain= 0.005 corr= 1.000 ADC=   5 ZS= 1 digiE=   0.026
StFcsFastSimulatorMaker:INFO  - Det=1 id=487 dE=   1.149 SF= 0.200 gain= 0.005 corr= 1.000 ADC=1083 ZS= 1 digiE=   5.740
StFcsFastSimulatorMaker:INFO  - Det=1 id=488 dE=   0.492 SF= 0.200 gain= 0.005 corr= 1.000 ADC= 464 ZS= 1 digiE=   2.459
StFcsFastSimulatorMaker:INFO  - Det=1 id=489 dE=   0.030 SF= 0.200 gain= 0.005 corr= 1.000 ADC=  28 ZS= 1 digiE=   0.148
StFcsFastSimulatorMaker:INFO  - Det=1 id=490 dE=   0.003 SF= 0.200 gain= 0.005 corr= 1.000 ADC=   2 ZS= 1 digiE=   0.011
StFcsFastSimulatorMaker:INFO  - Det=1 id=508 dE=   0.031 SF= 0.200 gain= 0.005 corr= 1.000 ADC=  29 ZS= 1 digiE=   0.154
StFcsFastSimulatorMaker:INFO  - Det=1 id=509 dE=   1.256 SF= 0.200 gain= 0.005 corr= 1.000 ADC=1184 ZS= 1 digiE=   6.275
StFcsFastSimulatorMaker:INFO  - Det=1 id=510 dE=   0.831 SF= 0.200 gain= 0.005 corr= 1.000 ADC= 783 ZS= 1 digiE=   4.150
StFcsFastSimulatorMaker:INFO  - Det=1 id=511 dE=   0.009 SF= 0.200 gain= 0.005 corr= 1.000 ADC=   8 ZS= 1 digiE=   0.042
StFcsFastSimulatorMaker:INFO  - Det=1 id=512 dE=   0.003 SF= 0.200 gain= 0.005 corr= 1.000 ADC=   3 ZS= 1 digiE=   0.016
StFcsFastSimulatorMaker:INFO  - Det=1 id=529 dE=   0.000 SF= 0.200 gain= 0.005 corr= 1.000 ADC=   0 ZS= 1 digiE=   0.000
StFcsFastSimulatorMaker:INFO  - Det=1 id=530 dE=   0.000 SF= 0.200 gain= 0.005 corr= 1.000 ADC=   0 ZS= 1 digiE=   0.000
StFcsFastSimulatorMaker:INFO  - Det=1 id=531 dE=   0.007 SF= 0.200 gain= 0.005 corr= 1.000 ADC=   6 ZS= 1 digiE=   0.032
StFcsFastSimulatorMaker:INFO  - Det=1 id=532 dE=   0.020 SF= 0.200 gain= 0.005 corr= 1.000 ADC=  18 ZS= 1 digiE=   0.095
StFcsFastSimulatorMaker:INFO  - Det=1 id=533 dE=   0.008 SF= 0.200 gain= 0.005 corr= 1.000 ADC=   7 ZS= 1 digiE=   0.037
StFcsFastSimulatorMaker:INFO  - Det=1 id=534 dE=   0.001 SF= 0.200 gain= 0.005 corr= 1.000 ADC=   0 ZS= 1 digiE=   0.000
StFcsFastSimulatorMaker:INFO  - Det=1 id=552 dE=   0.001 SF= 0.200 gain= 0.005 corr= 1.000 ADC=   0 ZS= 1 digiE=   0.000
StFcsFastSimulatorMaker:INFO  - Det=1 id=553 dE=   0.004 SF= 0.200 gain= 0.005 corr= 1.000 ADC=   4 ZS= 1 digiE=   0.021
StFcsFastSimulatorMaker:INFO  - Det=1 id=556 dE=   0.000 SF= 0.200 gain= 0.005 corr= 1.000 ADC=   0 ZS= 1 digiE=   0.000
StFcsFastSimulatorMaker:INFO  - Det=1 id=574 dE=   0.002 SF= 0.200 gain= 0.005 corr= 1.000 ADC=   1 ZS= 1 digiE=   0.005
StFcsFastSimulatorMaker:INFO  - Det=3 id=144 dE=   0.000 SF= 0.014 gain= 0.005 corr= 1.000 ADC=   0 ZS= 1 digiE=   0.000
StFcsFastSimulatorMaker:INFO  - Det=3 id=145 dE=   0.000 SF= 0.014 gain= 0.005 corr= 1.000 ADC=   0 ZS= 1 digiE=   0.000
StFcsFastSimulatorMaker:INFO  - Det=3 id=157 dE=   0.001 SF= 0.014 gain= 0.005 corr= 1.000 ADC=   8 ZS= 1 digiE=   0.042
StFcsFastSimulatorMaker:INFO  - Det=3 id=158 dE=   0.001 SF= 0.014 gain= 0.005 corr= 1.000 ADC=  13 ZS= 1 digiE=   0.069
StFcsFastSimulatorMaker:INFO  - Det=3 id=159 dE=   0.000 SF= 0.014 gain= 0.005 corr= 1.000 ADC=   3 ZS= 1 digiE=   0.016
StFcsFastSimulatorMaker:INFO  - Det=3 id=160 dE=   0.002 SF= 0.014 gain= 0.005 corr= 1.000 ADC=  27 ZS= 1 digiE=   0.143
StFcsFastSimulatorMaker:INFO  - Det=3 id=170 dE=   0.004 SF= 0.014 gain= 0.005 corr= 1.000 ADC=  52 ZS= 1 digiE=   0.276
StFcsFastSimulatorMaker:INFO  - Det=3 id=171 dE=   0.001 SF= 0.014 gain= 0.005 corr= 1.000 ADC=   8 ZS= 1 digiE=   0.042
StFcsFastSimulatorMaker:INFO  - Det=3 id=172 dE=   0.001 SF= 0.014 gain= 0.005 corr= 1.000 ADC=  10 ZS= 1 digiE=   0.053
StFcsFastSimulatorMaker:INFO  - Det=3 id=173 dE=   0.000 SF= 0.014 gain= 0.005 corr= 1.000 ADC=   2 ZS= 1 digiE=   0.011
StFcsFastSimulatorMaker:INFO  - Det=3 id=182 dE=   0.001 SF= 0.014 gain= 0.005 corr= 1.000 ADC=  11 ZS= 1 digiE=   0.058
StFcsFastSimulatorMaker:INFO  - Det=3 id=183 dE=   0.001 SF= 0.014 gain= 0.005 corr= 1.000 ADC=   8 ZS= 1 digiE=   0.042
StFcsFastSimulatorMaker:INFO  - Det=3 id=184 dE=   0.005 SF= 0.014 gain= 0.005 corr= 1.000 ADC=  63 ZS= 1 digiE=   0.334
StFcsFastSimulatorMaker:INFO  - Det=3 id=186 dE=   0.000 SF= 0.014 gain= 0.005 corr= 1.000 ADC=   3 ZS= 1 digiE=   0.016
StFcsFastSimulatorMaker:INFO  - Det=3 id=193 dE=   0.000 SF= 0.014 gain= 0.005 corr= 1.000 ADC=   0 ZS= 1 digiE=   0.000
StFcsFastSimulatorMaker:INFO  - Det=3 id=197 dE=   0.001 SF= 0.014 gain= 0.005 corr= 1.000 ADC=  14 ZS= 1 digiE=   0.074
StFcsFastSimulatorMaker:INFO  - Det=3 id=198 dE=   0.000 SF= 0.014 gain= 0.005 corr= 1.000 ADC=   0 ZS= 1 digiE=   0.000
StFcsFastSimulatorMaker:INFO  - Det=3 id=208 dE=   0.002 SF= 0.014 gain= 0.005 corr= 1.000 ADC=  20 ZS= 1 digiE=   0.106
StFcsFastSimulatorMaker:INFO  - Det=3 id=222 dE=   0.000 SF= 0.014 gain= 0.005 corr= 1.000 ADC=   0 ZS= 1 digiE=   0.000
StFcsFastSimulatorMaker:INFO  - Det=5 id=132 dE=   1.725 SF= 2.000 gain= 0.010 corr= 0.500 ADC= 172 ZS= 1 digiE=   0.860
StFcsFastSimulatorMaker:INFO  - wca Found 35 g2t hits in 16 cells, created 16 hits with ADC>ZS(1) and Etot=  19.271
StFcsFastSimulatorMaker:INFO  - hca Found 19 g2t hits in 14 cells, created 14 hits with ADC>ZS(1) and Etot=   1.283
StFcsFastSimulatorMaker:INFO  - pre Found 1 g2t hits in 1 cells, created 1 hits with ADC>ZS(1) and Etot=   0.860
StFcsFastSimulatorMaker:INFO  - *** StFcsFastSimulatorMaker::Make() == StOK(0) ***
StFcsWaveformFitMaker:INFO  - *** StFcsWaveformFitMaker::Make() == StOK(0) ***
StFcsClusterMaker:DEBUG - StFcsClusterMaker Make!!!
  *** Print FCS collection ***  RecFlag=0
  *** FCS Det=0 *** NHit=  0 NCluster=  0 NPoint=  0
  *** FCS Det=1 *** NHit= 16 NCluster=  1 NPoint=  0
StFcsHit: det= 1 id=509 | ns=1 ehp=0 dep=10 ch=26 | Ntb=  1 Sum=     0 Fit=  0.00   0.00 E=  6.28 | 1184 (  0) 
StFcsHit: det= 1 id=487 | ns=1 ehp=0 dep=10 ch=22 | Ntb=  1 Sum=     0 Fit=  0.00   0.00 E=  5.74 | 1083 (  0) 
StFcsHit: det= 1 id=510 | ns=1 ehp=0 dep=10 ch=27 | Ntb=  1 Sum=     0 Fit=  0.00   0.00 E=  4.15 |  783 (  0) 
StFcsHit: det= 1 id=488 | ns=1 ehp=0 dep=10 ch=23 | Ntb=  1 Sum=     0 Fit=  0.00   0.00 E=  2.46 |  464 (  0) 
StFcsHit: det= 1 id=508 | ns=1 ehp=0 dep=10 ch=25 | Ntb=  1 Sum=     0 Fit=  0.00   0.00 E=  0.15 |   29 (  0) 
StFcsHit: det= 1 id=489 | ns=1 ehp=0 dep=11 ch=20 | Ntb=  1 Sum=     0 Fit=  0.00   0.00 E=  0.15 |   28 (  0) 
StFcsHit: det= 1 id=532 | ns=1 ehp=0 dep=10 ch=31 | Ntb=  1 Sum=     0 Fit=  0.00   0.00 E=  0.10 |   18 (  0) 
StFcsHit: det= 1 id=511 | ns=1 ehp=0 dep=11 ch=24 | Ntb=  1 Sum=     0 Fit=  0.00   0.00 E=  0.04 |    8 (  0) 
StFcsHit: det= 1 id=533 | ns=1 ehp=0 dep=11 ch=28 | Ntb=  1 Sum=     0 Fit=  0.00   0.00 E=  0.04 |    7 (  0) 
StFcsHit: det= 1 id=465 | ns=1 ehp=0 dep=10 ch=18 | Ntb=  1 Sum=     0 Fit=  0.00   0.00 E=  0.03 |    6 (  0) 
StFcsHit: det= 1 id=466 | ns=1 ehp=0 dep=10 ch=19 | Ntb=  1 Sum=     0 Fit=  0.00   0.00 E=  0.03 |    6 (  0) 
StFcsHit: det= 1 id=531 | ns=1 ehp=0 dep=10 ch=30 | Ntb=  1 Sum=     0 Fit=  0.00   0.00 E=  0.03 |    6 (  0) 
StFcsHit: det= 1 id=486 | ns=1 ehp=0 dep=10 ch=21 | Ntb=  1 Sum=     0 Fit=  0.00   0.00 E=  0.03 |    5 (  0) 
StFcsHit: det= 1 id=553 | ns=1 ehp=0 dep=15 ch= 2 | Ntb=  1 Sum=     0 Fit=  0.00   0.00 E=  0.02 |    4 (  0) 
StFcsHit: det= 1 id=512 | ns=1 ehp=0 dep=11 ch=25 | Ntb=  1 Sum=     0 Fit=  0.00   0.00 E=  0.02 |    3 (  0) 
StFcsHit: det= 1 id=490 | ns=1 ehp=0 dep=11 ch=21 | Ntb=  1 Sum=     0 Fit=  0.00   0.00 E=  0.01 |    2 (  0) 
StFcsCluster id=   0 ctg=1 n=16 nNeigh=0 nPoints=0 loc=   3.92   23.04 PXYZE=   1.05   -1.03   19.21   19.27 E=  19.27 sigMin/max=   0.50    0.52 Chi2=   0.00    0.00
  *** FCS Det=2 *** NHit=  0 NCluster=  0 NPoint=  0
  *** FCS Det=3 *** NHit= 14 NCluster=  3 NPoint=  0
StFcsHit: det= 3 id=184 | ns=1 ehp=1 dep= 3 ch=18 | Ntb=  1 Sum=     0 Fit=  0.00   0.00 E=  0.33 |   63 (  0) 
StFcsHit: det= 3 id=170 | ns=1 ehp=1 dep= 3 ch=13 | Ntb=  1 Sum=     0 Fit=  0.00   0.00 E=  0.28 |   52 (  0) 
StFcsHit: det= 3 id=160 | ns=1 ehp=1 dep= 4 ch= 8 | Ntb=  1 Sum=     0 Fit=  0.00   0.00 E=  0.14 |   27 (  0) 
StFcsHit: det= 3 id=208 | ns=1 ehp=1 dep= 3 ch=24 | Ntb=  1 Sum=     0 Fit=  0.00   0.00 E=  0.11 |   20 (  0) 
StFcsHit: det= 3 id=197 | ns=1 ehp=1 dep= 3 ch=22 | Ntb=  1 Sum=     0 Fit=  0.00   0.00 E=  0.07 |   14 (  0) 
StFcsHit: det= 3 id=158 | ns=1 ehp=1 dep= 3 ch=10 | Ntb=  1 Sum=     0 Fit=  0.00   0.00 E=  0.07 |   13 (  0) 
StFcsHit: det= 3 id=182 | ns=1 ehp=1 dep= 3 ch=16 | Ntb=  1 Sum=     0 Fit=  0.00   0.00 E=  0.06 |   11 (  0) 
StFcsHit: det= 3 id=172 | ns=1 ehp=1 dep= 3 ch=15 | Ntb=  1 Sum=     0 Fit=  0.00   0.00 E=  0.05 |   10 (  0) 
StFcsHit: det= 3 id=157 | ns=1 ehp=1 dep= 3 ch= 9 | Ntb=  1 Sum=     0 Fit=  0.00   0.00 E=  0.04 |    8 (  0) 
StFcsHit: det= 3 id=171 | ns=1 ehp=1 dep= 3 ch=14 | Ntb=  1 Sum=     0 Fit=  0.00   0.00 E=  0.04 |    8 (  0) 
StFcsHit: det= 3 id=183 | ns=1 ehp=1 dep= 3 ch=17 | Ntb=  1 Sum=     0 Fit=  0.00   0.00 E=  0.04 |    8 (  0) 
StFcsHit: det= 3 id=159 | ns=1 ehp=1 dep= 3 ch=11 | Ntb=  1 Sum=     0 Fit=  0.00   0.00 E=  0.02 |    3 (  0) 
StFcsHit: det= 3 id=186 | ns=1 ehp=1 dep= 4 ch=16 | Ntb=  1 Sum=     0 Fit=  0.00   0.00 E=  0.02 |    3 (  0) 
StFcsHit: det= 3 id=173 | ns=1 ehp=1 dep= 4 ch=12 | Ntb=  1 Sum=     0 Fit=  0.00   0.00 E=  0.01 |    2 (  0) 
StFcsCluster id=   0 ctg=1 n= 9 nNeigh=2 nPoints=0 loc=   2.07   14.07 PXYZE=   0.05   -0.05    0.99    0.99 E=   0.99 sigMin/max=   0.00    0.70 Chi2=   0.00    0.00
StFcsCluster id=   1 ctg=1 n= 4 nNeigh=1 nPoints=0 loc=   4.50   12.50 PXYZE=   0.02   -0.01    0.18    0.19 E=   0.19 sigMin/max=   0.00    0.00 Chi2=   0.00    0.00
StFcsCluster id=   2 ctg=1 n= 1 nNeigh=1 nPoints=0 loc=   0.50   16.50 PXYZE=   0.00   -0.01    0.11    0.11 E=   0.11 sigMin/max=   0.00    0.00 Chi2=   0.00    0.00
  *** FCS Det=4 *** NHit=  0 NCluster=  0 NPoint=  0
  *** FCS Det=5 *** NHit=  1 NCluster=  0 NPoint=  0
StFcsHit: det= 5 id=132 | ns=1 ehp=2 dep= 4 ch= 4 | Ntb=  1 Sum=     0 Fit=  0.00   0.00 E=  0.86 |  172 (  0) 
  *** FCS Det=6 *** NHit=  0 NCluster=  0 NPoint=  0
StFcsClusterMaker:INFO  - *** StFcsClusterMaker::Make() == StOK(0) ***
StFttClusterPointMaker:INFO  - Creating FttCollection
StFttClusterPointMaker:INFO  - Making Geant points
StFttClusterPointMaker:INFO  - *** StFttClusterPointMaker::Make() == StOK(0) ***
StFwdTrackMaker:INFO  - Setting Event Vertex from geant/g2t_vertex[0]: 0xb4a74a0
StFwdTrackMaker:INFO  - TAttr::Found : useftt = 1

StFwdTrackMaker:INFO  - TAttr::Found : usefst = 1

StFwdTrackMaker:INFO  - TAttr::Found : useepd = 1

StFwdTrackMaker:INFO  - There are: 0 with 0 FST, 0 with 1 FST, 0 with 2 FST, 1 with 3 FST
StFwdTrackMaker:INFO  - There are: 0 with 0 FTT, 0 with 1 FTT, 0 with 2 FTT, 0 with 3 FTT, 0 with 4 FTT, 0 with 5 FTT, 0 with 6 FTT, 0 with 7 FTT, 1 with 8 FTT
StFwdTrackMaker:INFO  - There are 1 McTracks with > 2 FST hits (#of possible seeds)
StFwdTrackMaker:INFO  - 	Finding FWD Track Seeds
StFwdTrackMaker:INFO  - Hitmap Source: fst
StFwdTrackMaker:INFO  - Performing Fwd Seed finding with mode: fst = 
StFwdTrackMaker:INFO  - Found 1 seeds in 1 iterations
StFwdTrackMaker:INFO  - Total Hits removed: 0
StFwdTrackMaker:INFO  - Seed [0] with 3 hits : id=2@2id=1@1id=0@0
StFwdTrackMaker:INFO  - <<Fwd Tracking Found : 1 Track Seeds from 3 FST hits and 4 sTGC hits
StFwdTrackMaker:INFO  -     (vs. 1 McTracks with FST>2, eff = 1)
StFwdTrackMaker:INFO  - 	Fitting FWD Track Seeds
StFwdTrackMaker:INFO  - TrackFitter:refit = 1
StFwdTrackMaker:INFO  - Starting Track fitting loop with 1 track seeds
StFwdTrackMaker:INFO  - TrackFitter:refit = 1
StFwdTrackMaker:INFO  - 		Mc Match idTruth=1, quality = 1
StFwdTrackMaker:INFO  - GenFitTrackResult::mIdTruth = 1, QaTruth = 1
The points are collinear, curvature is undefined.
p1 = 8.96447, -8.71139
p2 = 8.96447, -8.71139
p3 = 8.96447, -8.71139
StFwdTrackMaker:INFO  - GenericFitSeeder::makeSeed::Curvature: -1e-07
StFwdTrackMaker:INFO  - GenericFitSeeder::makeSeed::pt = 14989.5
StFwdTrackMaker:WARN  - Seed momentum is too high, setting to (0,0,1)
StFwdTrackMaker:INFO  - Track Setup complete, track has 3 points
StFwdTrackMaker:INFO  -  sorting changed track points: 0
StFwdTrackMaker:INFO  - Fit status:  1
StFwdTrackMaker:INFO  - -Fit pvalue: 1
StFwdTrackMaker:INFO  - -Fit Chi2:   1.0155e-29
StFwdTrackMaker:INFO  - -Fit Chi2:   1.0155e-29
StFwdTrackMaker:INFO  - Track fit charge: -1Fit momentum: -4.31755e-18, 8.48961e-18, 1
StFwdTrackMaker:INFO  - TVector3::PseudoRapidity : transvers momentum = 0! return +/- 10e10
StFwdTrackMaker:INFO  - 	Fit Pt: 9.52442e-18, eta: 1e+11, phi: 2.04128
StFwdTrackMaker:INFO  - Track fit update complete!
StFwdTrackMaker:INFO  - Track Reps: 1
StFwdTrackMaker:INFO  - Track Rep 0 
genfit::AbsTrackRep, pdgCode = -211. PropDir = 0
fitStatus 
 track has been fitted, fit has converged fully, 0 TrackPoints could not be processed, fitted charge = -1, PruneFlags: 
 track has been fitted with reference track, numIterations = 2, track length = 27.031, fChi2 = 1.0155e-29, bChi2 = 1.0155e-29, fNdf = 1, bNdf = 1, fPVal = 1, bPVal = 1

StFwdTrackMaker:INFO  - GenFitTrackResult::mIdTruth = 1, QaTruth = 1
StFwdTrackMaker:INFO  - GTR Setting momentum from track
StFwdTrackMaker:INFO  - --isFitConvergedPartially() = 1
StFwdTrackMaker:INFO  - --isFitConverged() = 1
StFwdTrackMaker:INFO  - --isFitConvergedFully() = 1
StFwdTrackMaker:ERROR - CANNOT GET DCA : GenfitException: genfit::Exception thrown with excString:
RKTrackRep::RKutta ==> Total extrapolation length is longer than length limit : 3001.85 cm !
in line: 1883 in file: /cvmfs/star.sdcc.bnl.gov/star-spack/spack/var/spack/stage/smirnovd/spack-stage-genfit-b496504a-mlcdbxg7bmdsbfrppi7qmzppfw4lh52r/spack-src/trackReps/src/RKTrackRep.cc
with fatal flag 0

StFwdTrackMaker:WARN  - addFttHits: skipping blown-up state pT=9.52442e-18
StFwdTrackMaker:WARN  - addFttHits: skipping blown-up state pT=9.52442e-18
StFwdTrackMaker:WARN  - addFttHits: skipping blown-up state pT=9.52442e-18
StFwdTrackMaker:WARN  - addFttHits: skipping blown-up state pT=9.52442e-18
StFwdTrackMaker:WARN  - addEpdHits: skipping blown-up state pT=9.52442e-18
StFwdTrackMaker:INFO  - GenFitTrackResult::mIdTruth = 1, QaTruth = 1
The points are collinear, curvature is undefined.
p1 = 8.96447, -8.71139
p2 = 8.96447, -8.71139
p3 = 8.96447, -8.71139
StFwdTrackMaker:INFO  - GenericFitSeeder::makeSeed::Curvature: -1e-07
StFwdTrackMaker:INFO  - GenericFitSeeder::makeSeed::pt = 14989.5
StFwdTrackMaker:WARN  - Seed momentum is too high, setting to (0,0,1)
StFwdTrackMaker:INFO  - Note: Using externally provided seed momentum
StFwdTrackMaker:INFO  - Track Setup complete, track has 3 points
StFwdTrackMaker:INFO  -  sorting changed track points: 0
StFwdTrackMaker:INFO  - Fit status:  1
StFwdTrackMaker:INFO  - -Fit pvalue: 1
StFwdTrackMaker:INFO  - -Fit Chi2:   3.8235e-28
StFwdTrackMaker:INFO  - -Fit Chi2:   3.8235e-28
StFwdTrackMaker:INFO  - Track fit charge: -1Fit momentum: 1.97233e-16, -2.19174e-16, 1
StFwdTrackMaker:INFO  - TVector3::PseudoRapidity : transvers momentum = 0! return +/- 10e10
StFwdTrackMaker:INFO  - 	Fit Pt: 2.94852e-16, eta: 1e+11, phi: -0.838039
StFwdTrackMaker:INFO  - Track fit update complete!
StFwdTrackMaker:INFO  - Track Reps: 1
StFwdTrackMaker:INFO  - Track Rep 0 
genfit::AbsTrackRep, pdgCode = -211. PropDir = 0
fitStatus 
 track has been fitted, fit has converged fully, 0 TrackPoints could not be processed, fitted charge = -1, PruneFlags: 
 track has been fitted with reference track, numIterations = 2, track length = 27.031, fChi2 = 3.8235e-28, bChi2 = 3.8235e-28, fNdf = 1, bNdf = 1, fPVal = 1, bPVal = 1

StFwdTrackMaker:INFO  - GenFitTrackResult::mIdTruth = 1, QaTruth = 1
StFwdTrackMaker:INFO  - GTR Setting momentum from track
StFwdTrackMaker:INFO  - --isFitConvergedPartially() = 1
StFwdTrackMaker:INFO  - --isFitConverged() = 1
StFwdTrackMaker:INFO  - --isFitConvergedFully() = 1
StFwdTrackMaker:ERROR - CANNOT GET DCA : GenfitException: genfit::Exception thrown with excString:
RKTrackRep::RKutta ==> Total extrapolation length is longer than length limit : 3002.23 cm !
in line: 1883 in file: /cvmfs/star.sdcc.bnl.gov/star-spack/spack/var/spack/stage/smirnovd/spack-stage-genfit-b496504a-mlcdbxg7bmdsbfrppi7qmzppfw4lh52r/spack-src/trackReps/src/RKTrackRep.cc
with fatal flag 0

StFwdTrackMaker:INFO  - Global track fitting completed, found 1 global tracks from 1 track seed candidates
[0;33m[KalmanVertexUpdator] S matrix inversion failed. An invalid vertex will be returned.[;0m
[0;33m[KalmanVertexUpdator] S matrix inversion failed. An invalid vertex will be returned.[;0m
[0;33m[KalmanVertexUpdator] S matrix inversion failed. An invalid vertex will be returned.[;0m
[0;33m[KalmanVertexUpdator] S matrix inversion failed. An invalid vertex will be returned.[;0m
[0;33m[KalmanVertexUpdator] S matrix inversion failed. An invalid vertex will be returned.[;0m
[0;33m[KalmanVertexUpdator] S matrix inversion failed. An invalid vertex will be returned.[;0m
[0;33m[KalmanVertexUpdator] S matrix inversion failed. An invalid vertex will be returned.[;0m
[0;33m[KalmanVertexUpdator] S matrix inversion failed. An invalid vertex will be returned.[;0m
[0;33m[KalmanVertexUpdator] S matrix inversion failed. An invalid vertex will be returned.[;0m
[0;33m[KalmanVertexUpdator] S matrix inversion failed. An invalid vertex will be returned.[;0m
StFwdTrackMaker:INFO  - >>doBeamlineTrackFitting( #globals = 1 )
StFwdTrackMaker:INFO  - doBeamlineTrackFitting>>0 McId=1 with Beamline, seed already has: 3 hits
StFwdTrackMaker:INFO  - mBeamlineHit: 0, 0, 0
StFwdTrackMaker:INFO  - This fit is for a global that converged? = 1
StFwdTrackMaker:INFO  - GenFitTrackResult::mIdTruth = 1, QaTruth = 0.75
The points are collinear, curvature is undefined.
p1 = 0, 0
p2 = 8.96447, -8.71139
p3 = 8.96447, -8.71139
The points are collinear, curvature is undefined.
p1 = 0, 0
p2 = 8.96447, -8.71139
p3 = 8.96447, -8.71139
The points are collinear, curvature is undefined.
p1 = 0, 0
p2 = 8.96447, -8.71139
p3 = 8.96447, -8.71139
The points are collinear, curvature is undefined.
p1 = 8.96447, -8.71139
p2 = 8.96447, -8.71139
p3 = 8.96447, -8.71139
StFwdTrackMaker:INFO  - GenericFitSeeder::makeSeed::Curvature: -1e-07
StFwdTrackMaker:INFO  - GenericFitSeeder::makeSeed::pt = 14989.5
StFwdTrackMaker:WARN  - Seed momentum is too high, setting to (0,0,1)
StFwdTrackMaker:INFO  - Track Setup complete, track has 4 points
StFwdTrackMaker:INFO  -  sorting changed track points: 0
StFwdTrackMaker:INFO  - Fit status:  1
StFwdTrackMaker:INFO  - -Fit pvalue: 0.59513
StFwdTrackMaker:INFO  - -Fit Chi2:   1.89196
StFwdTrackMaker:INFO  - -Fit Chi2:   1.89196
StFwdTrackMaker:INFO  - Track fit charge: -1Fit momentum: 6171.09, -5996.88, 157961
StFwdTrackMaker:INFO  - 	Fit Pt: 8604.93, eta: 3.6039, phi: -0.771082
StFwdTrackMaker:INFO  - Track fit update complete!
StFwdTrackMaker:INFO  - Track Reps: 1
StFwdTrackMaker:INFO  - Track Rep 0 
genfit::AbsTrackRep, pdgCode = -211. PropDir = 0
fitStatus 
 track has been fitted, fit has converged fully, 0 TrackPoints could not be processed, fitted charge = -1, PruneFlags: 
 track has been fitted with reference track, numIterations = 5, track length = 242.424, fChi2 = 1.89196, bChi2 = 1.89196, fNdf = 3, bNdf = 3, fPVal = 0.59513, bPVal = 0.59513

StFwdTrackMaker:INFO  - GenFitTrackResult::mIdTruth = 1, QaTruth = 0.75
StFwdTrackMaker:INFO  - GTR Setting momentum from track
StFwdTrackMaker:INFO  - --isFitConvergedPartially() = 1
StFwdTrackMaker:INFO  - --isFitConverged() = 1
StFwdTrackMaker:INFO  - --isFitConvergedFully() = 1
StFwdTrackMaker:INFO  - SEED momentum:1.97233e-16, -2.19174e-16, 1
StFwdTrackMaker:INFO  - 	Initial Beamline fit completed, now refitting with additional hits
StFwdTrackMaker:WARN  - addFttHits: skipping blown-up state pT=8604.93
StFwdTrackMaker:WARN  - addFttHits: skipping blown-up state pT=8604.93
StFwdTrackMaker:WARN  - addFttHits: skipping blown-up state pT=8604.93
StFwdTrackMaker:WARN  - addFttHits: skipping blown-up state pT=8604.93
StFwdTrackMaker:WARN  - addEpdHits: skipping blown-up state pT=8604.93
StFwdTrackMaker:INFO  - GenFitTrackResult::mIdTruth = 1, QaTruth = 0.75
The points are collinear, curvature is undefined.
p1 = 0, 0
p2 = 8.96447, -8.71139
p3 = 8.96447, -8.71139
The points are collinear, curvature is undefined.
p1 = 0, 0
p2 = 8.96447, -8.71139
p3 = 8.96447, -8.71139
The points are collinear, curvature is undefined.
p1 = 0, 0
p2 = 8.96447, -8.71139
p3 = 8.96447, -8.71139
The points are collinear, curvature is undefined.
p1 = 8.96447, -8.71139
p2 = 8.96447, -8.71139
p3 = 8.96447, -8.71139
StFwdTrackMaker:INFO  - GenericFitSeeder::makeSeed::Curvature: -1e-07
StFwdTrackMaker:INFO  - GenericFitSeeder::makeSeed::pt = 14989.5
StFwdTrackMaker:WARN  - Seed momentum is too high, setting to (0,0,1)
StFwdTrackMaker:INFO  - Note: Using externally provided seed momentum
StFwdTrackMaker:INFO  - Track Setup complete, track has 4 points
StFwdTrackMaker:INFO  -  sorting changed track points: 0
StFwdTrackMaker:INFO  - Fit status:  1
StFwdTrackMaker:INFO  - -Fit pvalue: 0.596489
StFwdTrackMaker:INFO  - -Fit Chi2:   1.88559
StFwdTrackMaker:INFO  - -Fit Chi2:   1.88559
StFwdTrackMaker:INFO  - Track fit charge: -1Fit momentum: 1.4729e+06, -1.43131e+06, 3.83706e+07
StFwdTrackMaker:INFO  - 	Fit Pt: 2.0538e+06, eta: 3.62146, phi: -0.771081
StFwdTrackMaker:INFO  - Track fit update complete!
StFwdTrackMaker:INFO  - Track Reps: 1
StFwdTrackMaker:INFO  - Track Rep 0 
genfit::AbsTrackRep, pdgCode = -211. PropDir = 0
fitStatus 
 track has been fitted, fit has converged fully, 0 TrackPoints could not be processed, fitted charge = -1, PruneFlags: 
 track has been fitted with reference track, numIterations = 3, track length = 233.553, fChi2 = 1.88559, bChi2 = 1.88559, fNdf = 3, bNdf = 3, fPVal = 0.596489, bPVal = 0.596489

StFwdTrackMaker:INFO  - GenFitTrackResult::mIdTruth = 1, QaTruth = 0.75
StFwdTrackMaker:INFO  - GTR Setting momentum from track
StFwdTrackMaker:INFO  - --isFitConvergedPartially() = 1
StFwdTrackMaker:INFO  - --isFitConverged() = 1
StFwdTrackMaker:INFO  - --isFitConvergedFully() = 1
StFwdTrackMaker:INFO  - >>doPrimaryTrackFitting( #globals = 1 )
StFwdTrackMaker:INFO  - Refitting Track 0, McId=1 with Primary Vertex, seed already has: 3 hits
StFwdTrackMaker:INFO  - mEventVertexHit: 0, 0, 0
StFwdTrackMaker:INFO  - This fit is for a global that converged? = 1
StFwdTrackMaker:INFO  - GenFitTrackResult::mIdTruth = 1, QaTruth = 0.75
The points are collinear, curvature is undefined.
p1 = 0, 0
p2 = 8.96447, -8.71139
p3 = 8.96447, -8.71139
The points are collinear, curvature is undefined.
p1 = 0, 0
p2 = 8.96447, -8.71139
p3 = 8.96447, -8.71139
The points are collinear, curvature is undefined.
p1 = 0, 0
p2 = 8.96447, -8.71139
p3 = 8.96447, -8.71139
The points are collinear, curvature is undefined.
p1 = 8.96447, -8.71139
p2 = 8.96447, -8.71139
p3 = 8.96447, -8.71139
StFwdTrackMaker:INFO  - GenericFitSeeder::makeSeed::Curvature: -1e-07
StFwdTrackMaker:INFO  - GenericFitSeeder::makeSeed::pt = 14989.5
StFwdTrackMaker:WARN  - Seed momentum is too high, setting to (0,0,1)
StFwdTrackMaker:INFO  - Note: Using externally provided seed momentum
StFwdTrackMaker:INFO  - Track Setup complete, track has 4 points
StFwdTrackMaker:INFO  -  sorting changed track points: 0
StFwdTrackMaker:INFO  - Fit status:  1
StFwdTrackMaker:INFO  - -Fit pvalue: 0.414538
StFwdTrackMaker:INFO  - -Fit Chi2:   2.85492
StFwdTrackMaker:INFO  - -Fit Chi2:   2.85492
StFwdTrackMaker:INFO  - Track fit charge: 1Fit momentum: 250133, -243071, 4.61618e+06
StFwdTrackMaker:INFO  - 	Fit Pt: 348784, eta: 3.27744, phi: -0.771081
StFwdTrackMaker:INFO  - Track fit update complete!
StFwdTrackMaker:INFO  - Track Reps: 1
StFwdTrackMaker:INFO  - Track Rep 0 
genfit::AbsTrackRep, pdgCode = -211. PropDir = 0
fitStatus 
 track has been fitted, fit has converged fully, 0 TrackPoints could not be processed, fitted charge = 1, PruneFlags: 
 track has been fitted with reference track, numIterations = 4, track length = 177.544, fChi2 = 2.85492, bChi2 = 2.85492, fNdf = 3, bNdf = 3, fPVal = 0.414538, bPVal = 0.414538

StFwdTrackMaker:INFO  - GenFitTrackResult::mIdTruth = 1, QaTruth = 0.75
StFwdTrackMaker:INFO  - GTR Setting momentum from track
StFwdTrackMaker:INFO  - --isFitConvergedPartially() = 1
StFwdTrackMaker:INFO  - --isFitConverged() = 1
StFwdTrackMaker:INFO  - --isFitConvergedFully() = 1
StFwdTrackMaker:INFO  - 	Initial fit complete, now refitting with additional points
StFwdTrackMaker:WARN  - addFttHits: skipping blown-up state pT=348784
StFwdTrackMaker:WARN  - addFttHits: skipping blown-up state pT=348784
StFwdTrackMaker:WARN  - addFttHits: skipping blown-up state pT=348784
StFwdTrackMaker:WARN  - addFttHits: skipping blown-up state pT=348784
StFwdTrackMaker:WARN  - addEpdHits: skipping blown-up state pT=348784
StFwdTrackMaker:INFO  - GenFitTrackResult::mIdTruth = 1, QaTruth = 0.75
The points are collinear, curvature is undefined.
p1 = 0, 0
p2 = 8.96447, -8.71139
p3 = 8.96447, -8.71139
The points are collinear, curvature is undefined.
p1 = 0, 0
p2 = 8.96447, -8.71139
p3 = 8.96447, -8.71139
The points are collinear, curvature is undefined.
p1 = 0, 0
p2 = 8.96447, -8.71139
p3 = 8.96447, -8.71139
The points are collinear, curvature is undefined.
p1 = 8.96447, -8.71139
p2 = 8.96447, -8.71139
p3 = 8.96447, -8.71139
StFwdTrackMaker:INFO  - GenericFitSeeder::makeSeed::Curvature: -1e-07
StFwdTrackMaker:INFO  - GenericFitSeeder::makeSeed::pt = 14989.5
StFwdTrackMaker:WARN  - Seed momentum is too high, setting to (0,0,1)
StFwdTrackMaker:INFO  - Note: Using externally provided seed momentum
StFwdTrackMaker:INFO  - Track Setup complete, track has 4 points
StFwdTrackMaker:INFO  -  sorting changed track points: 0
StFwdTrackMaker:INFO  - Fit status:  1
StFwdTrackMaker:INFO  - -Fit pvalue: 0.414538
StFwdTrackMaker:INFO  - -Fit Chi2:   2.85492
StFwdTrackMaker:INFO  - -Fit Chi2:   2.85492
StFwdTrackMaker:INFO  - Track fit charge: -1Fit momentum: 250133, -243071, 4.61618e+06
StFwdTrackMaker:INFO  - 	Fit Pt: 348784, eta: 3.27744, phi: -0.771081
StFwdTrackMaker:INFO  - Track fit update complete!
StFwdTrackMaker:INFO  - Track Reps: 1
StFwdTrackMaker:INFO  - Track Rep 0 
genfit::AbsTrackRep, pdgCode = -211. PropDir = 0
fitStatus 
 track has been fitted, fit has converged fully, 0 TrackPoints could not be processed, fitted charge = -1, PruneFlags: 
 track has been fitted with reference track, numIterations = 1, track length = 177.545, fChi2 = 2.85492, bChi2 = 2.85492, fNdf = 3, bNdf = 3, fPVal = 0.414538, bPVal = 0.414538

StFwdTrackMaker:INFO  - GenFitTrackResult::mIdTruth = 1, QaTruth = 0.75
StFwdTrackMaker:INFO  - GTR Setting momentum from track
StFwdTrackMaker:INFO  - --isFitConvergedPartially() = 1
StFwdTrackMaker:INFO  - --isFitConverged() = 1
StFwdTrackMaker:INFO  - --isFitConvergedFully() = 1
StFwdTrackMaker:INFO  - >>doSecondaryTrackFitting( #globals = 1 )
StFwdTrackMaker:INFO  - <<Fwd Tracking Fit :3 GenFit Tracks
StFwdTrackMaker:INFO  - TAttr::Found : fillevent = 1

StFwdTrackMaker:INFO  - Creating the StFwdTrackCollection
StFwdTrackMaker:INFO  - Processing GenfitTrackResult(type=0): 0 mIsFitConverged=1, mIsFitConvergedPartially=1, mNumFitPoints=3
AAA FCS StraightLine: det=1 xyzdet=(17.399,-5.26,710.16) norm=(0.0301896,0,0.999544)
AAA projectAsStraightLine: tv3A=(7.67378,-10.1223,574.768) tv3B=(7.39345,-10.4291,624.777)
AAA   xyzf=(17.399,-5.26,710.16) norm=(0.0301896,0,0.999544)
AAA   tintersection=2.71371 result=(6.91306,-10.955,710.477)
AAA FCS StraightLine result: tv3=(6.91306,-10.955,710.477)
AAA FCS StraightLine: det=3 xyzdet=(21.285,1.8,782.63) norm=(0.0301896,0,0.999544)
AAA projectAsStraightLine: tv3A=(7.67378,-10.1223,574.768) tv3B=(7.39345,-10.4291,624.777)
AAA   xyzf=(21.285,1.8,782.63) norm=(0.0301896,0,0.999544)
AAA   tintersection=4.16546 result=(6.50609,-11.4004,783.076)
AAA FCS StraightLine result: tv3=(6.50609,-11.4004,783.076)
StFwdTrackMaker:INFO  - Processing GenfitTrackResult(type=2): 1 mIsFitConverged=1, mIsFitConvergedPartially=1, mNumFitPoints=4
AAA FCS StraightLine: det=1 xyzdet=(17.399,-5.26,710.16) norm=(0.0301896,0,0.999544)
AAA projectAsStraightLine: tv3A=(31.1062,-30.228,574.06) tv3B=(33.8111,-32.8566,623.979)
AAA   xyzf=(17.399,-5.26,710.16) norm=(0.0301896,0,0.999544)
AAA   tintersection=2.71371 result=(38.4465,-37.3611,709.524)
AAA FCS StraightLine result: tv3=(38.4465,-37.3611,709.524)
AAA FCS StraightLine: det=3 xyzdet=(21.285,1.8,782.63) norm=(0.0301896,0,0.999544)
AAA projectAsStraightLine: tv3A=(31.1062,-30.228,574.06) tv3B=(33.8111,-32.8566,623.979)
AAA   xyzf=(21.285,1.8,782.63) norm=(0.0301896,0,0.999544)
AAA   tintersection=4.16546 result=(42.3733,-41.177,781.993)
AAA FCS StraightLine result: tv3=(42.3733,-41.177,781.993)
StFwdTrackMaker:INFO  - Processing GenfitTrackResult(type=1): 2 mIsFitConverged=1, mIsFitConvergedPartially=1, mNumFitPoints=4
AAA FCS StraightLine: det=1 xyzdet=(17.399,-5.26,710.16) norm=(0.0301896,0,0.999544)
AAA projectAsStraightLine: tv3A=(24.6668,-23.9704,574.255) tv3B=(26.5839,-25.8334,624.197)
AAA   xyzf=(17.399,-5.26,710.16) norm=(0.0301896,0,0.999544)
AAA   tintersection=2.71371 result=(29.8692,-29.026,709.783)
AAA FCS StraightLine result: tv3=(29.8692,-29.026,709.783)
AAA FCS StraightLine: det=3 xyzdet=(21.285,1.8,782.63) norm=(0.0301896,0,0.999544)
AAA projectAsStraightLine: tv3A=(24.6668,-23.9704,574.255) tv3B=(26.5839,-25.8334,624.197)
AAA   xyzf=(21.285,1.8,782.63) norm=(0.0301896,0,0.999544)
AAA   tintersection=4.16546 result=(32.6523,-31.7305,782.287)
AAA FCS StraightLine result: tv3=(32.6523,-31.7305,782.287)
StFwdTrackMaker:INFO  - StFwdTrackCollection has 3 tracks now
StFwdTrackMaker:INFO  - StFwdTrackCollection has 3 tracks now
StFwdTrackMaker:INFO  - *** StFwdTrackMaker::Make() == StOK(0) ***
StFcsTrackMatchMaker:INFO  - *** StFcsTrackMatchMaker::Make() == StOK(0) ***
StStrangeMuDstMaker:INFO  - StV0Controller: found 0 V0 candidates
StStrangeMuDstMaker:INFO  - StXiController: found 0 Xi candidates
StStrangeMuDstMaker:INFO  - StKinkController: found 0 Kink candidates
StStrangeMuDstMaker:INFO  - *** StStrangeMuDstMaker::Make() == StOK(0) ***
StMuDstMaker:INFO  - fillMuFtt
StMuDstMaker:INFO  - fillMuFttRawHits
StMuDstMaker:INFO  - fillMuFttPoints
StMuDstMaker:INFO  - fillMuFttClusters
StMuDstMaker:INFO  - StMuDstMaker::fillFwdTrack(StEvent* ev)
StMuDstMaker:INFO  - StMuDSTMaker filling StMuFwdTrackCollection from StEvent
StMuDstMaker:INFO  - Adding 3 StMuFwdTracks to MuDSt
StMuDstMaker:INFO  - *** StMuDstMaker::Make() == StOK(0) ***
StTreeMaker:INFO  - *** StTreeMaker::Make() == StOK(0) ***
StPicoDstMaker:WARN  - No trigger data bank available!
StPicoDstMaker:INFO  - StPicoDstMaker::fillFcsHits filled 31
StPicoDstMaker:INFO  - StPicoDstMaker::fillFcsClusters filled 4
StPicoDstMaker:INFO  - *** StPicoDstMaker::Make() == StOK(0) ***
MEM after Chain::Clear + Make	 total =794.011719 heap =208.605423 and   0.391647( -0.087524)
<---------- END EVENT
--------->START EVENT: 6
MEM before Chain::Clear + Make	 total =794.011719 heap =208.605621 and   0.391479( +0.000198)
St_geant_Maker:INFO  - *** St_geant_Maker::Make() == StOK(0) ***
St_db_Maker:INFO  - *** St_db_Maker::Make() == StOK(0) ***
StMagFMaker:INFO  - *** StMagFMaker::Make() == StOK(0) ***
StDetectorDbMaker:INFO  - *** StDetectorDbMaker::Make() == StOK(0) ***
StTpcDbMaker:INFO  - *** StTpcDbMaker::Make() == StOK(0) ***
StFcsDbMaker:INFO  - *** StFcsDbMaker::Make() == StOK(0) ***
StEventMaker:INFO  - get trigDetSums from Calibrations/rich/trigDetSums
StEventMaker:WARN  - StEventMaker: No StDAQReader found
StEventMaker:INFO  - *** StEventMaker::Make() == StOK(0) ***
StMcEventMaker:INFO  - StMcEventMaker:   g2t_tpc_hit Table Not found 
StMcEventMaker:INFO  - StMcEventMaker:   particle    Table Not found 
StMcEventMaker:INFO  - *** StMcEventMaker::Make() == StOK(0) ***
StFcsFastSimulatorMaker:DEBUG - StFcsFastSimulatorMaker::Make
StFcsFastSimulatorMaker:DEBUG - Creating StFcsCollection
StFcsFastSimulatorMaker:INFO  - TAttr::Found : fcsleakyhcal = 0

StFcsFastSimulatorMaker:INFO  - TAttr::Found : fcshcalzdepeff = 0

StFcsFastSimulatorMaker:INFO  - g2t_wca_hit table has 48 hit
StFcsFastSimulatorMaker:INFO  - ECAL det=0 id=418 volid=1419 e=0.000090
StFcsFastSimulatorMaker:INFO  - ECAL det=1 id=200 volid=2201 e=0.000678
StFcsFastSimulatorMaker:INFO  - ECAL det=1 id=245 volid=2246 e=0.000393
StFcsFastSimulatorMaker:INFO  - ECAL det=1 id=287 volid=2288 e=0.000145
StFcsFastSimulatorMaker:INFO  - ECAL det=1 id=288 volid=2289 e=0.001674
StFcsFastSimulatorMaker:INFO  - ECAL det=1 id=310 volid=2311 e=0.006015
StFcsFastSimulatorMaker:INFO  - ECAL det=1 id=311 volid=2312 e=0.000083
StFcsFastSimulatorMaker:INFO  - ECAL det=1 id=314 volid=2315 e=0.000062
StFcsFastSimulatorMaker:INFO  - ECAL det=1 id=330 volid=2331 e=0.000117
StFcsFastSimulatorMaker:INFO  - ECAL det=1 id=331 volid=2332 e=0.001548
StFcsFastSimulatorMaker:INFO  - ECAL det=1 id=334 volid=2335 e=0.001411
StFcsFastSimulatorMaker:INFO  - ECAL det=1 id=335 volid=2336 e=0.001450
StFcsFastSimulatorMaker:INFO  - ECAL det=1 id=336 volid=2337 e=0.000844
StFcsFastSimulatorMaker:INFO  - ECAL det=1 id=338 volid=2339 e=0.000661
StFcsFastSimulatorMaker:INFO  - ECAL det=1 id=355 volid=2356 e=0.018822
StFcsFastSimulatorMaker:INFO  - ECAL det=1 id=356 volid=2357 e=0.014671
StFcsFastSimulatorMaker:INFO  - ECAL det=1 id=357 volid=2358 e=0.006581
StFcsFastSimulatorMaker:INFO  - ECAL det=1 id=358 volid=2359 e=0.002770
StFcsFastSimulatorMaker:INFO  - ECAL det=1 id=359 volid=2360 e=0.001116
StFcsFastSimulatorMaker:INFO  - ECAL det=1 id=361 volid=2362 e=0.000464
StFcsFastSimulatorMaker:INFO  - ECAL det=1 id=375 volid=2376 e=0.000032
StFcsFastSimulatorMaker:INFO  - ECAL det=1 id=376 volid=2377 e=0.007019
StFcsFastSimulatorMaker:INFO  - ECAL det=1 id=377 volid=2378 e=0.060901
StFcsFastSimulatorMaker:INFO  - ECAL det=1 id=378 volid=2379 e=1.911484
StFcsFastSimulatorMaker:INFO  - ECAL det=1 id=379 volid=2380 e=0.059403
StFcsFastSimulatorMaker:INFO  - ECAL det=1 id=380 volid=2381 e=0.011007
StFcsFastSimulatorMaker:INFO  - ECAL det=1 id=383 volid=2384 e=0.000027
StFcsFastSimulatorMaker:INFO  - ECAL det=1 id=398 volid=2399 e=0.001623
StFcsFastSimulatorMaker:INFO  - ECAL det=1 id=399 volid=2400 e=0.070079
StFcsFastSimulatorMaker:INFO  - ECAL det=1 id=400 volid=2401 e=2.604123
StFcsFastSimulatorMaker:INFO  - ECAL det=1 id=401 volid=2402 e=0.069239
StFcsFastSimulatorMaker:INFO  - ECAL det=1 id=402 volid=2403 e=0.002572
StFcsFastSimulatorMaker:INFO  - ECAL det=1 id=403 volid=2404 e=0.000946
StFcsFastSimulatorMaker:INFO  - ECAL det=1 id=420 volid=2421 e=0.000495
StFcsFastSimulatorMaker:INFO  - ECAL det=1 id=421 volid=2422 e=0.003013
StFcsFastSimulatorMaker:INFO  - ECAL det=1 id=422 volid=2423 e=0.031701
StFcsFastSimulatorMaker:INFO  - ECAL det=1 id=423 volid=2424 e=0.010001
StFcsFastSimulatorMaker:INFO  - ECAL det=1 id=427 volid=2428 e=0.001725
StFcsFastSimulatorMaker:INFO  - ECAL det=1 id=442 volid=2443 e=0.000394
StFcsFastSimulatorMaker:INFO  - ECAL det=1 id=443 volid=2444 e=0.001082
StFcsFastSimulatorMaker:INFO  - ECAL det=1 id=444 volid=2445 e=0.002197
StFcsFastSimulatorMaker:INFO  - ECAL det=1 id=445 volid=2446 e=0.003348
StFcsFastSimulatorMaker:INFO  - ECAL det=1 id=447 volid=2448 e=0.000477
StFcsFastSimulatorMaker:INFO  - ECAL det=1 id=448 volid=2449 e=0.001164
StFcsFastSimulatorMaker:INFO  - ECAL det=1 id=465 volid=2466 e=0.000029
StFcsFastSimulatorMaker:INFO  - ECAL det=1 id=466 volid=2467 e=0.000748
StFcsFastSimulatorMaker:INFO  - ECAL det=1 id=487 volid=2488 e=0.000033
StFcsFastSimulatorMaker:INFO  - ECAL det=1 id=488 volid=2489 e=0.000068
StFcsFastSimulatorMaker:INFO  - g2t_hca_hit table has 14 hit
StFcsFastSimulatorMaker:INFO  - HCAL det=3 id=118 volid= 2119 e=0.000445
StFcsFastSimulatorMaker:INFO  - HCAL det=3 id=119 volid= 2120 e=0.000862
StFcsFastSimulatorMaker:INFO  - HCAL det=3 id=131 volid= 2132 e=0.000281
StFcsFastSimulatorMaker:INFO  - HCAL det=3 id=132 volid= 2133 e=0.006370
StFcsFastSimulatorMaker:INFO  - HCAL det=3 id=133 volid= 2134 e=0.000007
StFcsFastSimulatorMaker:INFO  - HCAL det=3 id=135 volid= 2136 e=0.000206
StFcsFastSimulatorMaker:INFO  - HCAL det=3 id=144 volid= 2145 e=0.001818
StFcsFastSimulatorMaker:INFO  - HCAL det=3 id=145 volid= 2146 e=0.012350
StFcsFastSimulatorMaker:INFO  - HCAL det=3 id=146 volid= 2147 e=0.004610
StFcsFastSimulatorMaker:INFO  - HCAL det=3 id=147 volid= 2148 e=0.002883
StFcsFastSimulatorMaker:INFO  - HCAL det=3 id=158 volid= 2159 e=0.000017
StFcsFastSimulatorMaker:INFO  - HCAL det=3 id=173 volid= 2174 e=0.000573
StFcsFastSimulatorMaker:INFO  - HCAL det=3 id=182 volid= 2183 e=0.000126
StFcsFastSimulatorMaker:INFO  - HCAL det=3 id=187 volid= 2188 e=0.000020
StFcsFastSimulatorMaker:INFO  - g2t_epd_hit table has 1 hit
StFcsFastSimulatorMaker:INFO  - Pres det=5 id= 99 volid=209071 e=  1.506694
StFcsFastSimulatorMaker:INFO  - Det=0 id=418 dE=   0.000 SF= 0.200 gain= 0.005 corr= 1.000 ADC=   0 ZS= 1 digiE=   0.000
StFcsFastSimulatorMaker:INFO  - Det=1 id=200 dE=   0.001 SF= 0.200 gain= 0.005 corr= 1.000 ADC=   0 ZS= 1 digiE=   0.000
StFcsFastSimulatorMaker:INFO  - Det=1 id=245 dE=   0.000 SF= 0.200 gain= 0.005 corr= 1.000 ADC=   0 ZS= 1 digiE=   0.000
StFcsFastSimulatorMaker:INFO  - Det=1 id=287 dE=   0.000 SF= 0.200 gain= 0.005 corr= 1.000 ADC=   0 ZS= 1 digiE=   0.000
StFcsFastSimulatorMaker:INFO  - Det=1 id=288 dE=   0.002 SF= 0.200 gain= 0.005 corr= 1.000 ADC=   1 ZS= 1 digiE=   0.005
StFcsFastSimulatorMaker:INFO  - Det=1 id=310 dE=   0.006 SF= 0.200 gain= 0.005 corr= 1.000 ADC=   5 ZS= 1 digiE=   0.026
StFcsFastSimulatorMaker:INFO  - Det=1 id=311 dE=   0.000 SF= 0.200 gain= 0.005 corr= 1.000 ADC=   0 ZS= 1 digiE=   0.000
StFcsFastSimulatorMaker:INFO  - Det=1 id=314 dE=   0.000 SF= 0.200 gain= 0.005 corr= 1.000 ADC=   0 ZS= 1 digiE=   0.000
StFcsFastSimulatorMaker:INFO  - Det=1 id=330 dE=   0.000 SF= 0.200 gain= 0.005 corr= 1.000 ADC=   0 ZS= 1 digiE=   0.000
StFcsFastSimulatorMaker:INFO  - Det=1 id=331 dE=   0.002 SF= 0.200 gain= 0.005 corr= 1.000 ADC=   1 ZS= 1 digiE=   0.005
StFcsFastSimulatorMaker:INFO  - Det=1 id=334 dE=   0.001 SF= 0.200 gain= 0.005 corr= 1.000 ADC=   1 ZS= 1 digiE=   0.005
StFcsFastSimulatorMaker:INFO  - Det=1 id=335 dE=   0.001 SF= 0.200 gain= 0.005 corr= 1.000 ADC=   1 ZS= 1 digiE=   0.005
StFcsFastSimulatorMaker:INFO  - Det=1 id=336 dE=   0.001 SF= 0.200 gain= 0.005 corr= 1.000 ADC=   0 ZS= 1 digiE=   0.000
StFcsFastSimulatorMaker:INFO  - Det=1 id=338 dE=   0.001 SF= 0.200 gain= 0.005 corr= 1.000 ADC=   0 ZS= 1 digiE=   0.000
StFcsFastSimulatorMaker:INFO  - Det=1 id=355 dE=   0.019 SF= 0.200 gain= 0.005 corr= 1.000 ADC=  17 ZS= 1 digiE=   0.090
StFcsFastSimulatorMaker:INFO  - Det=1 id=356 dE=   0.015 SF= 0.200 gain= 0.005 corr= 1.000 ADC=  13 ZS= 1 digiE=   0.069
StFcsFastSimulatorMaker:INFO  - Det=1 id=357 dE=   0.007 SF= 0.200 gain= 0.005 corr= 1.000 ADC=   6 ZS= 1 digiE=   0.032
StFcsFastSimulatorMaker:INFO  - Det=1 id=358 dE=   0.003 SF= 0.200 gain= 0.005 corr= 1.000 ADC=   2 ZS= 1 digiE=   0.011
StFcsFastSimulatorMaker:INFO  - Det=1 id=359 dE=   0.001 SF= 0.200 gain= 0.005 corr= 1.000 ADC=   1 ZS= 1 digiE=   0.005
StFcsFastSimulatorMaker:INFO  - Det=1 id=361 dE=   0.000 SF= 0.200 gain= 0.005 corr= 1.000 ADC=   0 ZS= 1 digiE=   0.000
StFcsFastSimulatorMaker:INFO  - Det=1 id=375 dE=   0.000 SF= 0.200 gain= 0.005 corr= 1.000 ADC=   0 ZS= 1 digiE=   0.000
StFcsFastSimulatorMaker:INFO  - Det=1 id=376 dE=   0.007 SF= 0.200 gain= 0.005 corr= 1.000 ADC=   6 ZS= 1 digiE=   0.032
StFcsFastSimulatorMaker:INFO  - Det=1 id=377 dE=   0.061 SF= 0.200 gain= 0.005 corr= 1.000 ADC=  57 ZS= 1 digiE=   0.302
StFcsFastSimulatorMaker:INFO  - Det=1 id=378 dE=   1.911 SF= 0.200 gain= 0.005 corr= 1.000 ADC=1803 ZS= 1 digiE=   9.556
StFcsFastSimulatorMaker:INFO  - Det=1 id=379 dE=   0.059 SF= 0.200 gain= 0.005 corr= 1.000 ADC=  56 ZS= 1 digiE=   0.297
StFcsFastSimulatorMaker:INFO  - Det=1 id=380 dE=   0.011 SF= 0.200 gain= 0.005 corr= 1.000 ADC=  10 ZS= 1 digiE=   0.053
StFcsFastSimulatorMaker:INFO  - Det=1 id=383 dE=   0.000 SF= 0.200 gain= 0.005 corr= 1.000 ADC=   0 ZS= 1 digiE=   0.000
StFcsFastSimulatorMaker:INFO  - Det=1 id=398 dE=   0.002 SF= 0.200 gain= 0.005 corr= 1.000 ADC=   1 ZS= 1 digiE=   0.005
StFcsFastSimulatorMaker:INFO  - Det=1 id=399 dE=   0.070 SF= 0.200 gain= 0.005 corr= 1.000 ADC=  66 ZS= 1 digiE=   0.350
StFcsFastSimulatorMaker:INFO  - Det=1 id=400 dE=   2.604 SF= 0.200 gain= 0.005 corr= 1.000 ADC=2456 ZS= 1 digiE=  13.017
StFcsFastSimulatorMaker:INFO  - Det=1 id=401 dE=   0.069 SF= 0.200 gain= 0.005 corr= 1.000 ADC=  65 ZS= 1 digiE=   0.344
StFcsFastSimulatorMaker:INFO  - Det=1 id=402 dE=   0.003 SF= 0.200 gain= 0.005 corr= 1.000 ADC=   2 ZS= 1 digiE=   0.011
StFcsFastSimulatorMaker:INFO  - Det=1 id=403 dE=   0.001 SF= 0.200 gain= 0.005 corr= 1.000 ADC=   0 ZS= 1 digiE=   0.000
StFcsFastSimulatorMaker:INFO  - Det=1 id=420 dE=   0.000 SF= 0.200 gain= 0.005 corr= 1.000 ADC=   0 ZS= 1 digiE=   0.000
StFcsFastSimulatorMaker:INFO  - Det=1 id=421 dE=   0.003 SF= 0.200 gain= 0.005 corr= 1.000 ADC=   2 ZS= 1 digiE=   0.011
StFcsFastSimulatorMaker:INFO  - Det=1 id=422 dE=   0.032 SF= 0.200 gain= 0.005 corr= 1.000 ADC=  29 ZS= 1 digiE=   0.154
StFcsFastSimulatorMaker:INFO  - Det=1 id=423 dE=   0.010 SF= 0.200 gain= 0.005 corr= 1.000 ADC=   9 ZS= 1 digiE=   0.048
StFcsFastSimulatorMaker:INFO  - Det=1 id=427 dE=   0.002 SF= 0.200 gain= 0.005 corr= 1.000 ADC=   1 ZS= 1 digiE=   0.005
StFcsFastSimulatorMaker:INFO  - Det=1 id=442 dE=   0.000 SF= 0.200 gain= 0.005 corr= 1.000 ADC=   0 ZS= 1 digiE=   0.000
StFcsFastSimulatorMaker:INFO  - Det=1 id=443 dE=   0.001 SF= 0.200 gain= 0.005 corr= 1.000 ADC=   1 ZS= 1 digiE=   0.005
StFcsFastSimulatorMaker:INFO  - Det=1 id=444 dE=   0.002 SF= 0.200 gain= 0.005 corr= 1.000 ADC=   2 ZS= 1 digiE=   0.011
StFcsFastSimulatorMaker:INFO  - Det=1 id=445 dE=   0.003 SF= 0.200 gain= 0.005 corr= 1.000 ADC=   3 ZS= 1 digiE=   0.016
StFcsFastSimulatorMaker:INFO  - Det=1 id=447 dE=   0.000 SF= 0.200 gain= 0.005 corr= 1.000 ADC=   0 ZS= 1 digiE=   0.000
StFcsFastSimulatorMaker:INFO  - Det=1 id=448 dE=   0.001 SF= 0.200 gain= 0.005 corr= 1.000 ADC=   1 ZS= 1 digiE=   0.005
StFcsFastSimulatorMaker:INFO  - Det=1 id=465 dE=   0.000 SF= 0.200 gain= 0.005 corr= 1.000 ADC=   0 ZS= 1 digiE=   0.000
StFcsFastSimulatorMaker:INFO  - Det=1 id=466 dE=   0.001 SF= 0.200 gain= 0.005 corr= 1.000 ADC=   0 ZS= 1 digiE=   0.000
StFcsFastSimulatorMaker:INFO  - Det=1 id=487 dE=   0.000 SF= 0.200 gain= 0.005 corr= 1.000 ADC=   0 ZS= 1 digiE=   0.000
StFcsFastSimulatorMaker:INFO  - Det=1 id=488 dE=   0.000 SF= 0.200 gain= 0.005 corr= 1.000 ADC=   0 ZS= 1 digiE=   0.000
StFcsFastSimulatorMaker:INFO  - Det=3 id=118 dE=   0.000 SF= 0.014 gain= 0.005 corr= 1.000 ADC=   5 ZS= 1 digiE=   0.026
StFcsFastSimulatorMaker:INFO  - Det=3 id=119 dE=   0.001 SF= 0.014 gain= 0.005 corr= 1.000 ADC=  11 ZS= 1 digiE=   0.058
StFcsFastSimulatorMaker:INFO  - Det=3 id=131 dE=   0.000 SF= 0.014 gain= 0.005 corr= 1.000 ADC=   3 ZS= 1 digiE=   0.016
StFcsFastSimulatorMaker:INFO  - Det=3 id=132 dE=   0.006 SF= 0.014 gain= 0.005 corr= 1.000 ADC=  82 ZS= 1 digiE=   0.435
StFcsFastSimulatorMaker:INFO  - Det=3 id=133 dE=   0.000 SF= 0.014 gain= 0.005 corr= 1.000 ADC=   0 ZS= 1 digiE=   0.000
StFcsFastSimulatorMaker:INFO  - Det=3 id=135 dE=   0.000 SF= 0.014 gain= 0.005 corr= 1.000 ADC=   2 ZS= 1 digiE=   0.011
StFcsFastSimulatorMaker:INFO  - Det=3 id=144 dE=   0.002 SF= 0.014 gain= 0.005 corr= 1.000 ADC=  23 ZS= 1 digiE=   0.122
StFcsFastSimulatorMaker:INFO  - Det=3 id=145 dE=   0.012 SF= 0.014 gain= 0.005 corr= 1.000 ADC= 160 ZS= 1 digiE=   0.848
StFcsFastSimulatorMaker:INFO  - Det=3 id=146 dE=   0.005 SF= 0.014 gain= 0.005 corr= 1.000 ADC=  59 ZS= 1 digiE=   0.313
StFcsFastSimulatorMaker:INFO  - Det=3 id=147 dE=   0.003 SF= 0.014 gain= 0.005 corr= 1.000 ADC=  37 ZS= 1 digiE=   0.196
StFcsFastSimulatorMaker:INFO  - Det=3 id=158 dE=   0.000 SF= 0.014 gain= 0.005 corr= 1.000 ADC=   0 ZS= 1 digiE=   0.000
StFcsFastSimulatorMaker:INFO  - Det=3 id=173 dE=   0.001 SF= 0.014 gain= 0.005 corr= 1.000 ADC=   7 ZS= 1 digiE=   0.037
StFcsFastSimulatorMaker:INFO  - Det=3 id=182 dE=   0.000 SF= 0.014 gain= 0.005 corr= 1.000 ADC=   1 ZS= 1 digiE=   0.005
StFcsFastSimulatorMaker:INFO  - Det=3 id=187 dE=   0.000 SF= 0.014 gain= 0.005 corr= 1.000 ADC=   0 ZS= 1 digiE=   0.000
StFcsFastSimulatorMaker:INFO  - Det=5 id= 99 dE=   1.507 SF= 2.000 gain= 0.010 corr= 0.500 ADC= 150 ZS= 1 digiE=   0.750
StFcsFastSimulatorMaker:INFO  - wca Found 48 g2t hits in 19 cells, created 19 hits with ADC>ZS(1) and Etot=  24.428
StFcsFastSimulatorMaker:INFO  - hca Found 14 g2t hits in 10 cells, created 10 hits with ADC>ZS(1) and Etot=   2.062
StFcsFastSimulatorMaker:INFO  - pre Found 1 g2t hits in 1 cells, created 1 hits with ADC>ZS(1) and Etot=   0.750
StFcsFastSimulatorMaker:INFO  - *** StFcsFastSimulatorMaker::Make() == StOK(0) ***
StFcsWaveformFitMaker:INFO  - *** StFcsWaveformFitMaker::Make() == StOK(0) ***
StFcsClusterMaker:DEBUG - StFcsClusterMaker Make!!!
  *** Print FCS collection ***  RecFlag=0
  *** FCS Det=0 *** NHit=  0 NCluster=  0 NPoint=  0
  *** FCS Det=1 *** NHit= 19 NCluster=  1 NPoint=  0
StFcsHit: det= 1 id=400 | ns=1 ehp=0 dep=10 ch= 7 | Ntb=  1 Sum=     0 Fit=  0.00   0.00 E= 13.02 | 2456 (  0) 
StFcsHit: det= 1 id=378 | ns=1 ehp=0 dep=10 ch= 3 | Ntb=  1 Sum=     0 Fit=  0.00   0.00 E=  9.56 | 1803 (  0) 
StFcsHit: det= 1 id=399 | ns=1 ehp=0 dep=10 ch= 6 | Ntb=  1 Sum=     0 Fit=  0.00   0.00 E=  0.35 |   66 (  0) 
StFcsHit: det= 1 id=401 | ns=1 ehp=0 dep=11 ch= 4 | Ntb=  1 Sum=     0 Fit=  0.00   0.00 E=  0.34 |   65 (  0) 
StFcsHit: det= 1 id=377 | ns=1 ehp=0 dep=10 ch= 2 | Ntb=  1 Sum=     0 Fit=  0.00   0.00 E=  0.30 |   57 (  0) 
StFcsHit: det= 1 id=379 | ns=1 ehp=0 dep=11 ch= 0 | Ntb=  1 Sum=     0 Fit=  0.00   0.00 E=  0.30 |   56 (  0) 
StFcsHit: det= 1 id=422 | ns=1 ehp=0 dep=10 ch=11 | Ntb=  1 Sum=     0 Fit=  0.00   0.00 E=  0.15 |   29 (  0) 
StFcsHit: det= 1 id=355 | ns=1 ehp=0 dep= 5 ch=30 | Ntb=  1 Sum=     0 Fit=  0.00   0.00 E=  0.09 |   17 (  0) 
StFcsHit: det= 1 id=356 | ns=1 ehp=0 dep= 5 ch=31 | Ntb=  1 Sum=     0 Fit=  0.00   0.00 E=  0.07 |   13 (  0) 
StFcsHit: det= 1 id=380 | ns=1 ehp=0 dep=11 ch= 1 | Ntb=  1 Sum=     0 Fit=  0.00   0.00 E=  0.05 |   10 (  0) 
StFcsHit: det= 1 id=423 | ns=1 ehp=0 dep=11 ch= 8 | Ntb=  1 Sum=     0 Fit=  0.00   0.00 E=  0.05 |    9 (  0) 
StFcsHit: det= 1 id=376 | ns=1 ehp=0 dep=10 ch= 1 | Ntb=  1 Sum=     0 Fit=  0.00   0.00 E=  0.03 |    6 (  0) 
StFcsHit: det= 1 id=357 | ns=1 ehp=0 dep= 6 ch=28 | Ntb=  1 Sum=     0 Fit=  0.00   0.00 E=  0.03 |    6 (  0) 
StFcsHit: det= 1 id=310 | ns=1 ehp=0 dep= 5 ch=21 | Ntb=  1 Sum=     0 Fit=  0.00   0.00 E=  0.03 |    5 (  0) 
StFcsHit: det= 1 id=445 | ns=1 ehp=0 dep=11 ch=12 | Ntb=  1 Sum=     0 Fit=  0.00   0.00 E=  0.02 |    3 (  0) 
StFcsHit: det= 1 id=358 | ns=1 ehp=0 dep= 6 ch=29 | Ntb=  1 Sum=     0 Fit=  0.00   0.00 E=  0.01 |    2 (  0) 
StFcsHit: det= 1 id=402 | ns=1 ehp=0 dep=11 ch= 5 | Ntb=  1 Sum=     0 Fit=  0.00   0.00 E=  0.01 |    2 (  0) 
StFcsHit: det= 1 id=421 | ns=1 ehp=0 dep=10 ch=10 | Ntb=  1 Sum=     0 Fit=  0.00   0.00 E=  0.01 |    2 (  0) 
StFcsHit: det= 1 id=444 | ns=1 ehp=0 dep=10 ch=15 | Ntb=  1 Sum=     0 Fit=  0.00   0.00 E=  0.01 |    2 (  0) 
StFcsCluster id=   0 ctg=1 n=18 nNeigh=0 nPoints=0 loc=   4.50   18.04 PXYZE=   1.44   -0.37   24.36   24.40 E=  24.40 sigMin/max=   0.37    0.52 Chi2=   0.00    0.00
  *** FCS Det=2 *** NHit=  0 NCluster=  0 NPoint=  0
  *** FCS Det=3 *** NHit= 10 NCluster=  1 NPoint=  0
StFcsHit: det= 3 id=145 | ns=1 ehp=1 dep= 3 ch= 6 | Ntb=  1 Sum=     0 Fit=  0.00   0.00 E=  0.85 |  160 (  0) 
StFcsHit: det= 3 id=132 | ns=1 ehp=1 dep= 3 ch= 2 | Ntb=  1 Sum=     0 Fit=  0.00   0.00 E=  0.43 |   82 (  0) 
StFcsHit: det= 3 id=146 | ns=1 ehp=1 dep= 3 ch= 7 | Ntb=  1 Sum=     0 Fit=  0.00   0.00 E=  0.31 |   59 (  0) 
StFcsHit: det= 3 id=147 | ns=1 ehp=1 dep= 4 ch= 4 | Ntb=  1 Sum=     0 Fit=  0.00   0.00 E=  0.20 |   37 (  0) 
StFcsHit: det= 3 id=144 | ns=1 ehp=1 dep= 3 ch= 5 | Ntb=  1 Sum=     0 Fit=  0.00   0.00 E=  0.12 |   23 (  0) 
StFcsHit: det= 3 id=119 | ns=1 ehp=1 dep= 0 ch=30 | Ntb=  1 Sum=     0 Fit=  0.00   0.00 E=  0.06 |   11 (  0) 
StFcsHit: det= 3 id=173 | ns=1 ehp=1 dep= 4 ch=12 | Ntb=  1 Sum=     0 Fit=  0.00   0.00 E=  0.04 |    7 (  0) 
StFcsHit: det= 3 id=118 | ns=1 ehp=1 dep= 0 ch=29 | Ntb=  1 Sum=     0 Fit=  0.00   0.00 E=  0.03 |    5 (  0) 
StFcsHit: det= 3 id=131 | ns=1 ehp=1 dep= 3 ch= 1 | Ntb=  1 Sum=     0 Fit=  0.00   0.00 E=  0.02 |    3 (  0) 
StFcsHit: det= 3 id=135 | ns=1 ehp=1 dep= 4 ch= 1 | Ntb=  1 Sum=     0 Fit=  0.00   0.00 E=  0.01 |    2 (  0) 
StFcsCluster id=   0 ctg=1 n=10 nNeigh=0 nPoints=0 loc=   2.81   11.25 PXYZE=   0.13   -0.03    2.06    2.06 E=   2.06 sigMin/max=   0.40    0.66 Chi2=   0.00    0.00
  *** FCS Det=4 *** NHit=  0 NCluster=  0 NPoint=  0
  *** FCS Det=5 *** NHit=  1 NCluster=  0 NPoint=  0
StFcsHit: det= 5 id= 99 | ns=1 ehp=2 dep= 3 ch= 3 | Ntb=  1 Sum=     0 Fit=  0.00   0.00 E=  0.75 |  150 (  0) 
  *** FCS Det=6 *** NHit=  0 NCluster=  0 NPoint=  0
StFcsClusterMaker:INFO  - *** StFcsClusterMaker::Make() == StOK(0) ***
StFttClusterPointMaker:INFO  - Creating FttCollection
StFttClusterPointMaker:INFO  - Making Geant points
StFttClusterPointMaker:INFO  - *** StFttClusterPointMaker::Make() == StOK(0) ***
StFwdTrackMaker:INFO  - Setting Event Vertex from geant/g2t_vertex[0]: 0xb3df740
StFwdTrackMaker:INFO  - TAttr::Found : useftt = 1

StFwdTrackMaker:INFO  - TAttr::Found : usefst = 1

StFwdTrackMaker:INFO  - TAttr::Found : useepd = 1

StFwdTrackMaker:INFO  - There are: 0 with 0 FST, 0 with 1 FST, 0 with 2 FST, 1 with 3 FST
StFwdTrackMaker:INFO  - There are: 0 with 0 FTT, 0 with 1 FTT, 0 with 2 FTT, 0 with 3 FTT, 0 with 4 FTT, 0 with 5 FTT, 0 with 6 FTT, 0 with 7 FTT, 1 with 8 FTT
StFwdTrackMaker:INFO  - There are 1 McTracks with > 2 FST hits (#of possible seeds)
StFwdTrackMaker:INFO  - 	Finding FWD Track Seeds
StFwdTrackMaker:INFO  - Hitmap Source: fst
StFwdTrackMaker:INFO  - Performing Fwd Seed finding with mode: fst = 
StFwdTrackMaker:INFO  - Found 1 seeds in 1 iterations
StFwdTrackMaker:INFO  - Total Hits removed: 0
StFwdTrackMaker:INFO  - Seed [0] with 3 hits : id=2@2id=1@1id=0@0
StFwdTrackMaker:INFO  - <<Fwd Tracking Found : 1 Track Seeds from 3 FST hits and 4 sTGC hits
StFwdTrackMaker:INFO  -     (vs. 1 McTracks with FST>2, eff = 1)
StFwdTrackMaker:INFO  - 	Fitting FWD Track Seeds
StFwdTrackMaker:INFO  - TrackFitter:refit = 1
StFwdTrackMaker:INFO  - Starting Track fitting loop with 1 track seeds
StFwdTrackMaker:INFO  - TrackFitter:refit = 1
StFwdTrackMaker:INFO  - 		Mc Match idTruth=1, quality = 1
StFwdTrackMaker:INFO  - GenFitTrackResult::mIdTruth = 1, QaTruth = 1
The points are collinear, curvature is undefined.
p1 = 9.1813, -2.44001
p2 = 9.1813, -2.44001
p3 = 9.1813, -2.44001
StFwdTrackMaker:INFO  - GenericFitSeeder::makeSeed::Curvature: -1e-07
StFwdTrackMaker:INFO  - GenericFitSeeder::makeSeed::pt = 14989.5
StFwdTrackMaker:WARN  - Seed momentum is too high, setting to (0,0,1)
StFwdTrackMaker:INFO  - Track Setup complete, track has 3 points
StFwdTrackMaker:INFO  -  sorting changed track points: 0
StFwdTrackMaker:INFO  - Fit status:  1
StFwdTrackMaker:INFO  - -Fit pvalue: 1
StFwdTrackMaker:INFO  - -Fit Chi2:   8.96866e-29
StFwdTrackMaker:INFO  - -Fit Chi2:   8.96866e-29
StFwdTrackMaker:INFO  - Track fit charge: -1Fit momentum: -1.50218e-16, 3.16548e-17, 1
StFwdTrackMaker:INFO  - TVector3::PseudoRapidity : transvers momentum = 0! return +/- 10e10
StFwdTrackMaker:INFO  - 	Fit Pt: 1.53517e-16, eta: 1e+11, phi: 2.93391
StFwdTrackMaker:INFO  - Track fit update complete!
StFwdTrackMaker:INFO  - Track Reps: 1
StFwdTrackMaker:INFO  - Track Rep 0 
genfit::AbsTrackRep, pdgCode = -211. PropDir = 0
fitStatus 
 track has been fitted, fit has converged fully, 0 TrackPoints could not be processed, fitted charge = -1, PruneFlags: 
 track has been fitted with reference track, numIterations = 2, track length = 27.031, fChi2 = 8.96866e-29, bChi2 = 8.96866e-29, fNdf = 1, bNdf = 1, fPVal = 1, bPVal = 1

StFwdTrackMaker:INFO  - GenFitTrackResult::mIdTruth = 1, QaTruth = 1
StFwdTrackMaker:INFO  - GTR Setting momentum from track
StFwdTrackMaker:INFO  - --isFitConvergedPartially() = 1
StFwdTrackMaker:INFO  - --isFitConverged() = 1
StFwdTrackMaker:INFO  - --isFitConvergedFully() = 1
StFwdTrackMaker:ERROR - CANNOT GET DCA : GenfitException: genfit::Exception thrown with excString:
RKTrackRep::RKutta ==> Total extrapolation length is longer than length limit : 3003 cm !
in line: 1883 in file: /cvmfs/star.sdcc.bnl.gov/star-spack/spack/var/spack/stage/smirnovd/spack-stage-genfit-b496504a-mlcdbxg7bmdsbfrppi7qmzppfw4lh52r/spack-src/trackReps/src/RKTrackRep.cc
with fatal flag 0

StFwdTrackMaker:WARN  - addFttHits: skipping blown-up state pT=1.53517e-16
StFwdTrackMaker:WARN  - addFttHits: skipping blown-up state pT=1.53517e-16
StFwdTrackMaker:WARN  - addFttHits: skipping blown-up state pT=1.53517e-16
StFwdTrackMaker:WARN  - addFttHits: skipping blown-up state pT=1.53517e-16
StFwdTrackMaker:WARN  - addEpdHits: skipping blown-up state pT=1.53517e-16
StFwdTrackMaker:INFO  - GenFitTrackResult::mIdTruth = 1, QaTruth = 1
The points are collinear, curvature is undefined.
p1 = 9.1813, -2.44001
p2 = 9.1813, -2.44001
p3 = 9.1813, -2.44001
StFwdTrackMaker:INFO  - GenericFitSeeder::makeSeed::Curvature: -1e-07
StFwdTrackMaker:INFO  - GenericFitSeeder::makeSeed::pt = 14989.5
StFwdTrackMaker:WARN  - Seed momentum is too high, setting to (0,0,1)
StFwdTrackMaker:INFO  - Note: Using externally provided seed momentum
StFwdTrackMaker:INFO  - Track Setup complete, track has 3 points
StFwdTrackMaker:INFO  -  sorting changed track points: 0
StFwdTrackMaker:INFO  - Fit status:  1
StFwdTrackMaker:INFO  - -Fit pvalue: 1
StFwdTrackMaker:INFO  - -Fit Chi2:   1.40497e-28
StFwdTrackMaker:INFO  - -Fit Chi2:   1.40497e-28
StFwdTrackMaker:INFO  - Track fit charge: -1Fit momentum: 2.23593e-16, -5.40207e-17, 1
StFwdTrackMaker:INFO  - TVector3::PseudoRapidity : transvers momentum = 0! return +/- 10e10
StFwdTrackMaker:INFO  - 	Fit Pt: 2.30027e-16, eta: 1e+11, phi: -0.23706
StFwdTrackMaker:INFO  - Track fit update complete!
StFwdTrackMaker:INFO  - Track Reps: 1
StFwdTrackMaker:INFO  - Track Rep 0 
genfit::AbsTrackRep, pdgCode = -211. PropDir = 0
fitStatus 
 track has been fitted, fit has converged fully, 0 TrackPoints could not be processed, fitted charge = -1, PruneFlags: 
 track has been fitted with reference track, numIterations = 2, track length = 27.031, fChi2 = 1.40497e-28, bChi2 = 1.40497e-28, fNdf = 1, bNdf = 1, fPVal = 1, bPVal = 1

StFwdTrackMaker:INFO  - GenFitTrackResult::mIdTruth = 1, QaTruth = 1
StFwdTrackMaker:INFO  - GTR Setting momentum from track
StFwdTrackMaker:INFO  - --isFitConvergedPartially() = 1
StFwdTrackMaker:INFO  - --isFitConverged() = 1
StFwdTrackMaker:INFO  - --isFitConvergedFully() = 1
StFwdTrackMaker:ERROR - CANNOT GET DCA : GenfitException: genfit::Exception thrown with excString:
RKTrackRep::RKutta ==> Do not get closer to plane!
in line: 1950 in file: /cvmfs/star.sdcc.bnl.gov/star-spack/spack/var/spack/stage/smirnovd/spack-stage-genfit-b496504a-mlcdbxg7bmdsbfrppi7qmzppfw4lh52r/spack-src/trackReps/src/RKTrackRep.cc
with fatal flag 0

StFwdTrackMaker:INFO  - Global track fitting completed, found 1 global tracks from 1 track seed candidates
[0;33m[TSCPBuilderNoMaterial] Propagation to perigee plane failed![;0m
[0;33m[TSCPBuilderNoMaterial] Propagation to perigee plane failed![;0m
[0;33m[TSCPBuilderNoMaterial] Propagation to perigee plane failed![;0m
[0;33m[ReconstructorFromFitter] cms::Exception caught: ---- TrajectoryStateClosestToPoint is invalid and cannot return any parameters BEGIN
---- TrajectoryStateClosestToPoint is invalid and cannot return any parameters END
[;0m
StFwdTrackMaker:INFO  - >>doBeamlineTrackFitting( #globals = 1 )
StFwdTrackMaker:INFO  - doBeamlineTrackFitting>>0 McId=1 with Beamline, seed already has: 3 hits
StFwdTrackMaker:INFO  - mBeamlineHit: 0, 0, 0
StFwdTrackMaker:INFO  - This fit is for a global that converged? = 1
StFwdTrackMaker:INFO  - GenFitTrackResult::mIdTruth = 1, QaTruth = 0.75
The points are collinear, curvature is undefined.
p1 = 0, 0
p2 = 9.1813, -2.44001
p3 = 9.1813, -2.44001
The points are collinear, curvature is undefined.
p1 = 0, 0
p2 = 9.1813, -2.44001
p3 = 9.1813, -2.44001
The points are collinear, curvature is undefined.
p1 = 0, 0
p2 = 9.1813, -2.44001
p3 = 9.1813, -2.44001
The points are collinear, curvature is undefined.
p1 = 9.1813, -2.44001
p2 = 9.1813, -2.44001
p3 = 9.1813, -2.44001
StFwdTrackMaker:INFO  - GenericFitSeeder::makeSeed::Curvature: -1e-07
StFwdTrackMaker:INFO  - GenericFitSeeder::makeSeed::pt = 14989.5
StFwdTrackMaker:WARN  - Seed momentum is too high, setting to (0,0,1)
StFwdTrackMaker:INFO  - Track Setup complete, track has 4 points
StFwdTrackMaker:INFO  -  sorting changed track points: 0
StFwdTrackMaker:INFO  - Fit status:  1
StFwdTrackMaker:INFO  - -Fit pvalue: 0.750796
StFwdTrackMaker:INFO  - -Fit Chi2:   1.20921
StFwdTrackMaker:INFO  - -Fit Chi2:   1.20921
StFwdTrackMaker:INFO  - Track fit charge: -1Fit momentum: 24394.2, -6482.96, 566416
StFwdTrackMaker:INFO  - 	Fit Pt: 25240.9, eta: 3.8045, phi: -0.259754
StFwdTrackMaker:INFO  - Track fit update complete!
StFwdTrackMaker:INFO  - Track Reps: 1
StFwdTrackMaker:INFO  - Track Rep 0 
genfit::AbsTrackRep, pdgCode = -211. PropDir = 0
fitStatus 
 track has been fitted, fit has converged fully, 0 TrackPoints could not be processed, fitted charge = -1, PruneFlags: 
 track has been fitted with reference track, numIterations = 5, track length = 227.38, fChi2 = 1.20921, bChi2 = 1.20921, fNdf = 3, bNdf = 3, fPVal = 0.750796, bPVal = 0.750796

StFwdTrackMaker:INFO  - GenFitTrackResult::mIdTruth = 1, QaTruth = 0.75
StFwdTrackMaker:INFO  - GTR Setting momentum from track
StFwdTrackMaker:INFO  - --isFitConvergedPartially() = 1
StFwdTrackMaker:INFO  - --isFitConverged() = 1
StFwdTrackMaker:INFO  - --isFitConvergedFully() = 1
StFwdTrackMaker:INFO  - SEED momentum:2.23593e-16, -5.40207e-17, 1
StFwdTrackMaker:INFO  - 	Initial Beamline fit completed, now refitting with additional hits
StFwdTrackMaker:WARN  - addFttHits: skipping blown-up state pT=25240.9
StFwdTrackMaker:WARN  - addFttHits: skipping blown-up state pT=25240.9
StFwdTrackMaker:WARN  - addFttHits: skipping blown-up state pT=25240.9
StFwdTrackMaker:WARN  - addFttHits: skipping blown-up state pT=25240.9
StFwdTrackMaker:WARN  - addEpdHits: skipping blown-up state pT=25240.9
StFwdTrackMaker:INFO  - GenFitTrackResult::mIdTruth = 1, QaTruth = 0.75
The points are collinear, curvature is undefined.
p1 = 0, 0
p2 = 9.1813, -2.44001
p3 = 9.1813, -2.44001
The points are collinear, curvature is undefined.
p1 = 0, 0
p2 = 9.1813, -2.44001
p3 = 9.1813, -2.44001
The points are collinear, curvature is undefined.
p1 = 0, 0
p2 = 9.1813, -2.44001
p3 = 9.1813, -2.44001
The points are collinear, curvature is undefined.
p1 = 9.1813, -2.44001
p2 = 9.1813, -2.44001
p3 = 9.1813, -2.44001
StFwdTrackMaker:INFO  - GenericFitSeeder::makeSeed::Curvature: -1e-07
StFwdTrackMaker:INFO  - GenericFitSeeder::makeSeed::pt = 14989.5
StFwdTrackMaker:WARN  - Seed momentum is too high, setting to (0,0,1)
StFwdTrackMaker:INFO  - Note: Using externally provided seed momentum
StFwdTrackMaker:INFO  - Track Setup complete, track has 4 points
StFwdTrackMaker:INFO  -  sorting changed track points: 0
StFwdTrackMaker:INFO  - Fit status:  1
StFwdTrackMaker:INFO  - -Fit pvalue: 0.751944
StFwdTrackMaker:INFO  - -Fit Chi2:   1.20442
StFwdTrackMaker:INFO  - -Fit Chi2:   1.20442
StFwdTrackMaker:INFO  - Track fit charge: -1Fit momentum: 877081, -233092, 2.0033e+07
StFwdTrackMaker:INFO  - 	Fit Pt: 907526, eta: 3.78808, phi: -0.259754
StFwdTrackMaker:INFO  - Track fit update complete!
StFwdTrackMaker:INFO  - Track Reps: 1
StFwdTrackMaker:INFO  - Track Rep 0 
genfit::AbsTrackRep, pdgCode = -211. PropDir = 0
fitStatus 
 track has been fitted, fit has converged fully, 0 TrackPoints could not be processed, fitted charge = -1, PruneFlags: 
 track has been fitted with reference track, numIterations = 2, track length = 235.431, fChi2 = 1.20442, bChi2 = 1.20442, fNdf = 3, bNdf = 3, fPVal = 0.751944, bPVal = 0.751944

StFwdTrackMaker:INFO  - GenFitTrackResult::mIdTruth = 1, QaTruth = 0.75
StFwdTrackMaker:INFO  - GTR Setting momentum from track
StFwdTrackMaker:INFO  - --isFitConvergedPartially() = 1
StFwdTrackMaker:INFO  - --isFitConverged() = 1
StFwdTrackMaker:INFO  - --isFitConvergedFully() = 1
StFwdTrackMaker:INFO  - >>doPrimaryTrackFitting( #globals = 1 )
StFwdTrackMaker:INFO  - Refitting Track 0, McId=1 with Primary Vertex, seed already has: 3 hits
StFwdTrackMaker:INFO  - mEventVertexHit: 0, 0, 0
StFwdTrackMaker:INFO  - This fit is for a global that converged? = 1
StFwdTrackMaker:INFO  - GenFitTrackResult::mIdTruth = 1, QaTruth = 0.75
The points are collinear, curvature is undefined.
p1 = 0, 0
p2 = 9.1813, -2.44001
p3 = 9.1813, -2.44001
The points are collinear, curvature is undefined.
p1 = 0, 0
p2 = 9.1813, -2.44001
p3 = 9.1813, -2.44001
The points are collinear, curvature is undefined.
p1 = 0, 0
p2 = 9.1813, -2.44001
p3 = 9.1813, -2.44001
The points are collinear, curvature is undefined.
p1 = 9.1813, -2.44001
p2 = 9.1813, -2.44001
p3 = 9.1813, -2.44001
StFwdTrackMaker:INFO  - GenericFitSeeder::makeSeed::Curvature: -1e-07
StFwdTrackMaker:INFO  - GenericFitSeeder::makeSeed::pt = 14989.5
StFwdTrackMaker:WARN  - Seed momentum is too high, setting to (0,0,1)
StFwdTrackMaker:INFO  - Note: Using externally provided seed momentum
StFwdTrackMaker:INFO  - Track Setup complete, track has 4 points
StFwdTrackMaker:INFO  -  sorting changed track points: 0
StFwdTrackMaker:INFO  - Fit status:  1
StFwdTrackMaker:INFO  - -Fit pvalue: 0.653329
StFwdTrackMaker:INFO  - -Fit Chi2:   1.6268
StFwdTrackMaker:INFO  - -Fit Chi2:   1.6268
StFwdTrackMaker:INFO  - Track fit charge: -1Fit momentum: 66261.2, -17609.4, 1.20231e+06
StFwdTrackMaker:INFO  - 	Fit Pt: 68561.2, eta: 3.55823, phi: -0.259754
StFwdTrackMaker:INFO  - Track fit update complete!
StFwdTrackMaker:INFO  - Track Reps: 1
StFwdTrackMaker:INFO  - Track Rep 0 
genfit::AbsTrackRep, pdgCode = -211. PropDir = 0
fitStatus 
 track has been fitted, fit has converged fully, 0 TrackPoints could not be processed, fitted charge = -1, PruneFlags: 
 track has been fitted with reference track, numIterations = 4, track length = 180.817, fChi2 = 1.6268, bChi2 = 1.6268, fNdf = 3, bNdf = 3, fPVal = 0.653329, bPVal = 0.653329

StFwdTrackMaker:INFO  - GenFitTrackResult::mIdTruth = 1, QaTruth = 0.75
StFwdTrackMaker:INFO  - GTR Setting momentum from track
StFwdTrackMaker:INFO  - --isFitConvergedPartially() = 1
StFwdTrackMaker:INFO  - --isFitConverged() = 1
StFwdTrackMaker:INFO  - --isFitConvergedFully() = 1
StFwdTrackMaker:INFO  - 	Initial fit complete, now refitting with additional points
StFwdTrackMaker:WARN  - addFttHits: skipping blown-up state pT=68561.2
StFwdTrackMaker:WARN  - addFttHits: skipping blown-up state pT=68561.2
StFwdTrackMaker:WARN  - addFttHits: skipping blown-up state pT=68561.2
StFwdTrackMaker:WARN  - addFttHits: skipping blown-up state pT=68561.2
StFwdTrackMaker:WARN  - addEpdHits: skipping blown-up state pT=68561.2
StFwdTrackMaker:INFO  - GenFitTrackResult::mIdTruth = 1, QaTruth = 0.75
The points are collinear, curvature is undefined.
p1 = 0, 0
p2 = 9.1813, -2.44001
p3 = 9.1813, -2.44001
The points are collinear, curvature is undefined.
p1 = 0, 0
p2 = 9.1813, -2.44001
p3 = 9.1813, -2.44001
The points are collinear, curvature is undefined.
p1 = 0, 0
p2 = 9.1813, -2.44001
p3 = 9.1813, -2.44001
The points are collinear, curvature is undefined.
p1 = 9.1813, -2.44001
p2 = 9.1813, -2.44001
p3 = 9.1813, -2.44001
StFwdTrackMaker:INFO  - GenericFitSeeder::makeSeed::Curvature: -1e-07
StFwdTrackMaker:INFO  - GenericFitSeeder::makeSeed::pt = 14989.5
StFwdTrackMaker:WARN  - Seed momentum is too high, setting to (0,0,1)
StFwdTrackMaker:INFO  - Note: Using externally provided seed momentum
StFwdTrackMaker:INFO  - Track Setup complete, track has 4 points
StFwdTrackMaker:INFO  -  sorting changed track points: 0
StFwdTrackMaker:INFO  - Fit status:  1
StFwdTrackMaker:INFO  - -Fit pvalue: 0.653329
StFwdTrackMaker:INFO  - -Fit Chi2:   1.6268
StFwdTrackMaker:INFO  - -Fit Chi2:   1.6268
StFwdTrackMaker:INFO  - Track fit charge: -1Fit momentum: 66261.2, -17609.5, 1.20231e+06
StFwdTrackMaker:INFO  - 	Fit Pt: 68561.2, eta: 3.55823, phi: -0.259754
StFwdTrackMaker:INFO  - Track fit update complete!
StFwdTrackMaker:INFO  - Track Reps: 1
StFwdTrackMaker:INFO  - Track Rep 0 
genfit::AbsTrackRep, pdgCode = -211. PropDir = 0
fitStatus 
 track has been fitted, fit has converged fully, 0 TrackPoints could not be processed, fitted charge = -1, PruneFlags: 
 track has been fitted with reference track, numIterations = 1, track length = 180.817, fChi2 = 1.6268, bChi2 = 1.6268, fNdf = 3, bNdf = 3, fPVal = 0.653329, bPVal = 0.653329

StFwdTrackMaker:INFO  - GenFitTrackResult::mIdTruth = 1, QaTruth = 0.75
StFwdTrackMaker:INFO  - GTR Setting momentum from track
StFwdTrackMaker:INFO  - --isFitConvergedPartially() = 1
StFwdTrackMaker:INFO  - --isFitConverged() = 1
StFwdTrackMaker:INFO  - --isFitConvergedFully() = 1
StFwdTrackMaker:INFO  - >>doSecondaryTrackFitting( #globals = 1 )
StFwdTrackMaker:INFO  - <<Fwd Tracking Fit :3 GenFit Tracks
StFwdTrackMaker:INFO  - TAttr::Found : fillevent = 1

StFwdTrackMaker:INFO  - Creating the StFwdTrackCollection
StFwdTrackMaker:INFO  - Processing GenfitTrackResult(type=0): 0 mIsFitConverged=1, mIsFitConvergedPartially=1, mNumFitPoints=3
AAA FCS StraightLine: det=1 xyzdet=(17.399,-5.26,710.16) norm=(0.0301896,0,0.999544)
AAA projectAsStraightLine: tv3A=(8.8471,-3.87371,574.733) tv3B=(8.77506,-4.18358,624.735)
AAA   xyzf=(17.399,-5.26,710.16) norm=(0.0301896,0,0.999544)
AAA   tintersection=2.71371 result=(8.65159,-4.7146,710.424)
AAA FCS StraightLine result: tv3=(8.65159,-4.7146,710.424)
AAA FCS StraightLine: det=3 xyzdet=(21.285,1.8,782.63) norm=(0.0301896,0,0.999544)
AAA projectAsStraightLine: tv3A=(8.8471,-3.87371,574.733) tv3B=(8.77506,-4.18358,624.735)
AAA   xyzf=(21.285,1.8,782.63) norm=(0.0301896,0,0.999544)
AAA   tintersection=4.16546 result=(8.54699,-5.16444,783.015)
AAA FCS StraightLine result: tv3=(8.54699,-5.16444,783.015)
StFwdTrackMaker:INFO  - Processing GenfitTrackResult(type=2): 1 mIsFitConverged=1, mIsFitConvergedPartially=1, mNumFitPoints=4
AAA FCS StraightLine: det=1 xyzdet=(17.399,-5.26,710.16) norm=(0.0301896,0,0.999544)
AAA projectAsStraightLine: tv3A=(31.6366,-8.40769,574.044) tv3B=(34.3876,-9.13879,623.961)
AAA   xyzf=(17.399,-5.26,710.16) norm=(0.0301896,0,0.999544)
AAA   tintersection=2.71371 result=(39.102,-10.3917,709.504)
AAA FCS StraightLine result: tv3=(39.102,-10.3917,709.504)
AAA FCS StraightLine: det=3 xyzdet=(21.285,1.8,782.63) norm=(0.0301896,0,0.999544)
AAA projectAsStraightLine: tv3A=(31.6366,-8.40769,574.044) tv3B=(34.3876,-9.13879,623.961)
AAA   xyzf=(21.285,1.8,782.63) norm=(0.0301896,0,0.999544)
AAA   tintersection=4.16546 result=(43.0958,-11.4531,781.971)
AAA FCS StraightLine result: tv3=(43.0958,-11.4531,781.971)
StFwdTrackMaker:INFO  - Processing GenfitTrackResult(type=1): 2 mIsFitConverged=1, mIsFitConvergedPartially=1, mNumFitPoints=4
AAA FCS StraightLine: det=1 xyzdet=(17.399,-5.26,710.16) norm=(0.0301896,0,0.999544)
AAA projectAsStraightLine: tv3A=(27.0414,-7.18647,574.183) tv3B=(29.2276,-7.76747,624.117)
AAA   xyzf=(17.399,-5.26,710.16) norm=(0.0301896,0,0.999544)
AAA   tintersection=2.71371 result=(32.9741,-8.76314,709.69)
AAA FCS StraightLine result: tv3=(32.9741,-8.76314,709.69)
AAA FCS StraightLine: det=3 xyzdet=(21.285,1.8,782.63) norm=(0.0301896,0,0.999544)
AAA projectAsStraightLine: tv3A=(27.0414,-7.18647,574.183) tv3B=(29.2276,-7.76747,624.117)
AAA   xyzf=(21.285,1.8,782.63) norm=(0.0301896,0,0.999544)
AAA   tintersection=4.16546 result=(36.1479,-9.6066,782.181)
AAA FCS StraightLine result: tv3=(36.1479,-9.6066,782.181)
StFwdTrackMaker:INFO  - StFwdTrackCollection has 3 tracks now
StFwdTrackMaker:INFO  - StFwdTrackCollection has 3 tracks now
StFwdTrackMaker:INFO  - *** StFwdTrackMaker::Make() == StOK(0) ***
StFcsTrackMatchMaker:INFO  - *** StFcsTrackMatchMaker::Make() == StOK(0) ***
StStrangeMuDstMaker:INFO  - StV0Controller: found 0 V0 candidates
StStrangeMuDstMaker:INFO  - StXiController: found 0 Xi candidates
StStrangeMuDstMaker:INFO  - StKinkController: found 0 Kink candidates
StStrangeMuDstMaker:INFO  - *** StStrangeMuDstMaker::Make() == StOK(0) ***
StMuDstMaker:INFO  - fillMuFtt
StMuDstMaker:INFO  - fillMuFttRawHits
StMuDstMaker:INFO  - fillMuFttPoints
StMuDstMaker:INFO  - fillMuFttClusters
StMuDstMaker:INFO  - StMuDstMaker::fillFwdTrack(StEvent* ev)
StMuDstMaker:INFO  - StMuDSTMaker filling StMuFwdTrackCollection from StEvent
StMuDstMaker:INFO  - Adding 3 StMuFwdTracks to MuDSt
StMuDstMaker:INFO  - *** StMuDstMaker::Make() == StOK(0) ***
StTreeMaker:INFO  - *** StTreeMaker::Make() == StOK(0) ***
StPicoDstMaker:WARN  - No trigger data bank available!
StPicoDstMaker:INFO  - StPicoDstMaker::fillFcsHits filled 30
StPicoDstMaker:INFO  - StPicoDstMaker::fillFcsClusters filled 2
StPicoDstMaker:INFO  - *** StPicoDstMaker::Make() == StOK(0) ***
MEM after Chain::Clear + Make	 total =794.011719 heap =208.615646 and   0.382339( +0.010025)
<---------- END EVENT
--------->START EVENT: 7
MEM before Chain::Clear + Make	 total =794.011719 heap =208.615845 and   0.382065( +0.000198)
St_geant_Maker:INFO  - *** St_geant_Maker::Make() == StOK(0) ***
St_db_Maker:INFO  - *** St_db_Maker::Make() == StOK(0) ***
StMagFMaker:INFO  - *** StMagFMaker::Make() == StOK(0) ***
StDetectorDbMaker:INFO  - *** StDetectorDbMaker::Make() == StOK(0) ***
StTpcDbMaker:INFO  - *** StTpcDbMaker::Make() == StOK(0) ***
StFcsDbMaker:INFO  - *** StFcsDbMaker::Make() == StOK(0) ***
StEventMaker:INFO  - get trigDetSums from Calibrations/rich/trigDetSums
StEventMaker:WARN  - StEventMaker: No StDAQReader found
StEventMaker:INFO  - *** StEventMaker::Make() == StOK(0) ***
StMcEventMaker:INFO  - StMcEventMaker:   g2t_tpc_hit Table Not found 
StMcEventMaker:INFO  - StMcEventMaker:   particle    Table Not found 
StMcEventMaker:INFO  - *** StMcEventMaker::Make() == StOK(0) ***
StFcsFastSimulatorMaker:DEBUG - StFcsFastSimulatorMaker::Make
StFcsFastSimulatorMaker:DEBUG - Creating StFcsCollection
StFcsFastSimulatorMaker:INFO  - TAttr::Found : fcsleakyhcal = 0

StFcsFastSimulatorMaker:INFO  - TAttr::Found : fcshcalzdepeff = 0

StFcsFastSimulatorMaker:INFO  - g2t_wca_hit table has 23 hit
StFcsFastSimulatorMaker:INFO  - ECAL det=0 id=596 volid=1597 e=0.002710
StFcsFastSimulatorMaker:INFO  - ECAL det=0 id=639 volid=1640 e=0.000971
StFcsFastSimulatorMaker:INFO  - ECAL det=0 id=643 volid=1644 e=0.000002
StFcsFastSimulatorMaker:INFO  - ECAL det=0 id=662 volid=1663 e=0.003770
StFcsFastSimulatorMaker:INFO  - ECAL det=0 id=663 volid=1664 e=0.003297
StFcsFastSimulatorMaker:INFO  - ECAL det=0 id=683 volid=1684 e=0.001760
StFcsFastSimulatorMaker:INFO  - ECAL det=0 id=684 volid=1685 e=0.027296
StFcsFastSimulatorMaker:INFO  - ECAL det=0 id=685 volid=1686 e=0.055499
StFcsFastSimulatorMaker:INFO  - ECAL det=0 id=686 volid=1687 e=0.001271
StFcsFastSimulatorMaker:INFO  - ECAL det=0 id=687 volid=1688 e=0.000284
StFcsFastSimulatorMaker:INFO  - ECAL det=0 id=704 volid=1705 e=0.000357
StFcsFastSimulatorMaker:INFO  - ECAL det=0 id=705 volid=1706 e=0.005928
StFcsFastSimulatorMaker:INFO  - ECAL det=0 id=706 volid=1707 e=0.319460
StFcsFastSimulatorMaker:INFO  - ECAL det=0 id=707 volid=1708 e=1.710830
StFcsFastSimulatorMaker:INFO  - ECAL det=0 id=708 volid=1709 e=0.009545
StFcsFastSimulatorMaker:INFO  - ECAL det=0 id=709 volid=1710 e=0.004060
StFcsFastSimulatorMaker:INFO  - ECAL det=0 id=726 volid=1727 e=0.000127
StFcsFastSimulatorMaker:INFO  - ECAL det=0 id=727 volid=1728 e=0.002131
StFcsFastSimulatorMaker:INFO  - ECAL det=0 id=728 volid=1729 e=0.096246
StFcsFastSimulatorMaker:INFO  - ECAL det=0 id=729 volid=1730 e=0.070710
StFcsFastSimulatorMaker:INFO  - ECAL det=0 id=730 volid=1731 e=0.009535
StFcsFastSimulatorMaker:INFO  - ECAL det=0 id=731 volid=1732 e=0.002338
StFcsFastSimulatorMaker:INFO  - ECAL det=1 id=660 volid=2661 e=0.000921
StFcsFastSimulatorMaker:INFO  - g2t_hca_hit table has 3 hit
StFcsFastSimulatorMaker:INFO  - HCAL det=2 id=221 volid= 1222 e=0.000581
StFcsFastSimulatorMaker:INFO  - HCAL det=2 id=234 volid= 1235 e=0.000004
StFcsFastSimulatorMaker:INFO  - HCAL det=2 id=247 volid= 1248 e=0.000167
StFcsFastSimulatorMaker:INFO  - g2t_epd_hit table has 1 hit
StFcsFastSimulatorMaker:INFO  - Pres det=4 id=168 volid=206160 e=  2.145581
StFcsFastSimulatorMaker:INFO  - Det=0 id=596 dE=   0.003 SF= 0.200 gain= 0.005 corr= 1.000 ADC=   2 ZS= 1 digiE=   0.011
StFcsFastSimulatorMaker:INFO  - Det=0 id=639 dE=   0.001 SF= 0.200 gain= 0.005 corr= 1.000 ADC=   0 ZS= 1 digiE=   0.000
StFcsFastSimulatorMaker:INFO  - Det=0 id=643 dE=   0.000 SF= 0.200 gain= 0.005 corr= 1.000 ADC=   0 ZS= 1 digiE=   0.000
StFcsFastSimulatorMaker:INFO  - Det=0 id=662 dE=   0.004 SF= 0.200 gain= 0.005 corr= 1.000 ADC=   3 ZS= 1 digiE=   0.016
StFcsFastSimulatorMaker:INFO  - Det=0 id=663 dE=   0.003 SF= 0.200 gain= 0.005 corr= 1.000 ADC=   3 ZS= 1 digiE=   0.016
StFcsFastSimulatorMaker:INFO  - Det=0 id=683 dE=   0.002 SF= 0.200 gain= 0.005 corr= 1.000 ADC=   1 ZS= 1 digiE=   0.005
StFcsFastSimulatorMaker:INFO  - Det=0 id=684 dE=   0.027 SF= 0.200 gain= 0.005 corr= 1.000 ADC=  25 ZS= 1 digiE=   0.132
StFcsFastSimulatorMaker:INFO  - Det=0 id=685 dE=   0.055 SF= 0.200 gain= 0.005 corr= 1.000 ADC=  52 ZS= 1 digiE=   0.276
StFcsFastSimulatorMaker:INFO  - Det=0 id=686 dE=   0.001 SF= 0.200 gain= 0.005 corr= 1.000 ADC=   1 ZS= 1 digiE=   0.005
StFcsFastSimulatorMaker:INFO  - Det=0 id=687 dE=   0.000 SF= 0.200 gain= 0.005 corr= 1.000 ADC=   0 ZS= 1 digiE=   0.000
StFcsFastSimulatorMaker:INFO  - Det=0 id=704 dE=   0.000 SF= 0.200 gain= 0.005 corr= 1.000 ADC=   0 ZS= 1 digiE=   0.000
StFcsFastSimulatorMaker:INFO  - Det=0 id=705 dE=   0.006 SF= 0.200 gain= 0.005 corr= 1.000 ADC=   5 ZS= 1 digiE=   0.026
StFcsFastSimulatorMaker:INFO  - Det=0 id=706 dE=   0.319 SF= 0.200 gain= 0.005 corr= 1.000 ADC= 301 ZS= 1 digiE=   1.595
StFcsFastSimulatorMaker:INFO  - Det=0 id=707 dE=   1.711 SF= 0.200 gain= 0.005 corr= 1.000 ADC=1613 ZS= 1 digiE=   8.549
StFcsFastSimulatorMaker:INFO  - Det=0 id=708 dE=   0.010 SF= 0.200 gain= 0.005 corr= 1.000 ADC=   9 ZS= 1 digiE=   0.048
StFcsFastSimulatorMaker:INFO  - Det=0 id=709 dE=   0.004 SF= 0.200 gain= 0.005 corr= 1.000 ADC=   3 ZS= 1 digiE=   0.016
StFcsFastSimulatorMaker:INFO  - Det=0 id=726 dE=   0.000 SF= 0.200 gain= 0.005 corr= 1.000 ADC=   0 ZS= 1 digiE=   0.000
StFcsFastSimulatorMaker:INFO  - Det=0 id=727 dE=   0.002 SF= 0.200 gain= 0.005 corr= 1.000 ADC=   2 ZS= 1 digiE=   0.011
StFcsFastSimulatorMaker:INFO  - Det=0 id=728 dE=   0.096 SF= 0.200 gain= 0.005 corr= 1.000 ADC=  90 ZS= 1 digiE=   0.477
StFcsFastSimulatorMaker:INFO  - Det=0 id=729 dE=   0.071 SF= 0.200 gain= 0.005 corr= 1.000 ADC=  66 ZS= 1 digiE=   0.350
StFcsFastSimulatorMaker:INFO  - Det=0 id=730 dE=   0.010 SF= 0.200 gain= 0.005 corr= 1.000 ADC=   8 ZS= 1 digiE=   0.042
StFcsFastSimulatorMaker:INFO  - Det=0 id=731 dE=   0.002 SF= 0.200 gain= 0.005 corr= 1.000 ADC=   2 ZS= 1 digiE=   0.011
StFcsFastSimulatorMaker:INFO  - Det=1 id=660 dE=   0.001 SF= 0.200 gain= 0.005 corr= 1.000 ADC=   0 ZS= 1 digiE=   0.000
StFcsFastSimulatorMaker:INFO  - Det=2 id=221 dE=   0.001 SF= 0.014 gain= 0.005 corr= 1.000 ADC=   7 ZS= 1 digiE=   0.037
StFcsFastSimulatorMaker:INFO  - Det=2 id=234 dE=   0.000 SF= 0.014 gain= 0.005 corr= 1.000 ADC=   0 ZS= 1 digiE=   0.000
StFcsFastSimulatorMaker:INFO  - Det=2 id=247 dE=   0.000 SF= 0.014 gain= 0.005 corr= 1.000 ADC=   2 ZS= 1 digiE=   0.011
StFcsFastSimulatorMaker:INFO  - Det=4 id=168 dE=   2.146 SF= 2.000 gain= 0.010 corr= 0.500 ADC= 214 ZS= 1 digiE=   1.070
StFcsFastSimulatorMaker:INFO  - wca Found 23 g2t hits in 15 cells, created 15 hits with ADC>ZS(1) and Etot=  11.575
StFcsFastSimulatorMaker:INFO  - hca Found 3 g2t hits in 2 cells, created 2 hits with ADC>ZS(1) and Etot=   0.048
StFcsFastSimulatorMaker:INFO  - pre Found 1 g2t hits in 1 cells, created 1 hits with ADC>ZS(1) and Etot=   1.070
StFcsFastSimulatorMaker:INFO  - *** StFcsFastSimulatorMaker::Make() == StOK(0) ***
StFcsWaveformFitMaker:INFO  - *** StFcsWaveformFitMaker::Make() == StOK(0) ***
StFcsClusterMaker:DEBUG - StFcsClusterMaker Make!!!
  *** Print FCS collection ***  RecFlag=0
  *** FCS Det=0 *** NHit= 15 NCluster=  1 NPoint=  0
StFcsHit: det= 0 id=707 | ns=0 ehp=0 dep=15 ch=30 | Ntb=  1 Sum=     0 Fit=  0.00   0.00 E=  8.55 | 1613 (  0) 
StFcsHit: det= 0 id=706 | ns=0 ehp=0 dep=15 ch=29 | Ntb=  1 Sum=     0 Fit=  0.00   0.00 E=  1.60 |  301 (  0) 
StFcsHit: det= 0 id=728 | ns=0 ehp=0 dep=21 ch= 2 | Ntb=  1 Sum=     0 Fit=  0.00   0.00 E=  0.48 |   90 (  0) 
StFcsHit: det= 0 id=729 | ns=0 ehp=0 dep=21 ch= 3 | Ntb=  1 Sum=     0 Fit=  0.00   0.00 E=  0.35 |   66 (  0) 
StFcsHit: det= 0 id=685 | ns=0 ehp=0 dep=15 ch=26 | Ntb=  1 Sum=     0 Fit=  0.00   0.00 E=  0.28 |   52 (  0) 
StFcsHit: det= 0 id=684 | ns=0 ehp=0 dep=15 ch=25 | Ntb=  1 Sum=     0 Fit=  0.00   0.00 E=  0.13 |   25 (  0) 
StFcsHit: det= 0 id=708 | ns=0 ehp=0 dep=15 ch=31 | Ntb=  1 Sum=     0 Fit=  0.00   0.00 E=  0.05 |    9 (  0) 
StFcsHit: det= 0 id=730 | ns=0 ehp=0 dep=21 ch= 4 | Ntb=  1 Sum=     0 Fit=  0.00   0.00 E=  0.04 |    8 (  0) 
StFcsHit: det= 0 id=705 | ns=0 ehp=0 dep=15 ch=28 | Ntb=  1 Sum=     0 Fit=  0.00   0.00 E=  0.03 |    5 (  0) 
StFcsHit: det= 0 id=662 | ns=0 ehp=0 dep=15 ch=21 | Ntb=  1 Sum=     0 Fit=  0.00   0.00 E=  0.02 |    3 (  0) 
StFcsHit: det= 0 id=663 | ns=0 ehp=0 dep=15 ch=22 | Ntb=  1 Sum=     0 Fit=  0.00   0.00 E=  0.02 |    3 (  0) 
StFcsHit: det= 0 id=709 | ns=0 ehp=0 dep=16 ch=28 | Ntb=  1 Sum=     0 Fit=  0.00   0.00 E=  0.02 |    3 (  0) 
StFcsHit: det= 0 id=596 | ns=0 ehp=0 dep=15 ch= 9 | Ntb=  1 Sum=     0 Fit=  0.00   0.00 E=  0.01 |    2 (  0) 
StFcsHit: det= 0 id=727 | ns=0 ehp=0 dep=21 ch= 1 | Ntb=  1 Sum=     0 Fit=  0.00   0.00 E=  0.01 |    2 (  0) 
StFcsHit: det= 0 id=731 | ns=0 ehp=0 dep=21 ch= 5 | Ntb=  1 Sum=     0 Fit=  0.00   0.00 E=  0.01 |    2 (  0) 
StFcsCluster id=   0 ctg=1 n=14 nNeigh=0 nPoints=0 loc=   3.18   32.59 PXYZE=  -0.56   -1.46   11.46   11.56 E=  11.56 sigMin/max=   0.39    0.50 Chi2=   0.00    0.00
  *** FCS Det=1 *** NHit=  0 NCluster=  0 NPoint=  0
  *** FCS Det=2 *** NHit=  2 NCluster=  0 NPoint=  0
StFcsHit: det= 2 id=221 | ns=0 ehp=1 dep= 3 ch=28 | Ntb=  1 Sum=     0 Fit=  0.00   0.00 E=  0.04 |    7 (  0) 
StFcsHit: det= 2 id=247 | ns=0 ehp=1 dep= 7 ch= 4 | Ntb=  1 Sum=     0 Fit=  0.00   0.00 E=  0.01 |    2 (  0) 
  *** FCS Det=3 *** NHit=  0 NCluster=  0 NPoint=  0
  *** FCS Det=4 *** NHit=  1 NCluster=  0 NPoint=  0
StFcsHit: det= 4 id=168 | ns=0 ehp=2 dep= 5 ch= 8 | Ntb=  1 Sum=     0 Fit=  0.00   0.00 E=  1.07 |  214 (  0) 
  *** FCS Det=5 *** NHit=  0 NCluster=  0 NPoint=  0
  *** FCS Det=6 *** NHit=  0 NCluster=  1 NPoint=  0
StFcsClusterMaker:INFO  - *** StFcsClusterMaker::Make() == StOK(0) ***
StFttClusterPointMaker:INFO  - Creating FttCollection
StFttClusterPointMaker:INFO  - Making Geant points
StFttClusterPointMaker:INFO  - *** StFttClusterPointMaker::Make() == StOK(0) ***
StFwdTrackMaker:INFO  - Setting Event Vertex from geant/g2t_vertex[0]: 0xb3b17e0
StFwdTrackMaker:INFO  - TAttr::Found : useftt = 1

StFwdTrackMaker:INFO  - TAttr::Found : usefst = 1

StFwdTrackMaker:INFO  - TAttr::Found : useepd = 1

StFwdTrackMaker:INFO  - There are: 0 with 0 FST, 0 with 1 FST, 0 with 2 FST, 1 with 3 FST
StFwdTrackMaker:INFO  - There are: 0 with 0 FTT, 0 with 1 FTT, 0 with 2 FTT, 0 with 3 FTT, 0 with 4 FTT, 0 with 5 FTT, 0 with 6 FTT, 0 with 7 FTT, 1 with 8 FTT
StFwdTrackMaker:INFO  - There are 1 McTracks with > 2 FST hits (#of possible seeds)
StFwdTrackMaker:INFO  - 	Finding FWD Track Seeds
StFwdTrackMaker:INFO  - Hitmap Source: fst
StFwdTrackMaker:INFO  - Performing Fwd Seed finding with mode: fst = 
StFwdTrackMaker:INFO  - Found 1 seeds in 1 iterations
StFwdTrackMaker:INFO  - Total Hits removed: 0
StFwdTrackMaker:INFO  - Seed [0] with 3 hits : id=2@2id=1@1id=0@0
StFwdTrackMaker:INFO  - <<Fwd Tracking Found : 1 Track Seeds from 3 FST hits and 4 sTGC hits
StFwdTrackMaker:INFO  -     (vs. 1 McTracks with FST>2, eff = 1)
StFwdTrackMaker:INFO  - 	Fitting FWD Track Seeds
StFwdTrackMaker:INFO  - TrackFitter:refit = 1
StFwdTrackMaker:INFO  - Starting Track fitting loop with 1 track seeds
StFwdTrackMaker:INFO  - TrackFitter:refit = 1
StFwdTrackMaker:INFO  - 		Mc Match idTruth=1, quality = 1
StFwdTrackMaker:INFO  - GenFitTrackResult::mIdTruth = 1, QaTruth = 1
The points are collinear, curvature is undefined.
p1 = -8.10566, -19.9135
p2 = -8.10566, -19.9135
p3 = -9.23668, -22.6922
StFwdTrackMaker:INFO  - GenericFitSeeder::makeSeed::Curvature: -1e-07
StFwdTrackMaker:INFO  - GenericFitSeeder::makeSeed::pt = 14989.5
StFwdTrackMaker:WARN  - Seed momentum is too high, setting to (0,0,1)
StFwdTrackMaker:INFO  - Track Setup complete, track has 3 points
StFwdTrackMaker:INFO  -  sorting changed track points: 0
StFwdTrackMaker:INFO  - Fit status:  1
StFwdTrackMaker:INFO  - -Fit pvalue: 0.137711
StFwdTrackMaker:INFO  - -Fit Chi2:   2.20335
StFwdTrackMaker:INFO  - -Fit Chi2:   2.20335
StFwdTrackMaker:INFO  - Track fit charge: -1Fit momentum: -2800.78, -6880.78, 68129.9
StFwdTrackMaker:INFO  - 	Fit Pt: 7428.97, eta: 2.91214, phi: -1.95736
StFwdTrackMaker:INFO  - Track fit update complete!
StFwdTrackMaker:INFO  - Track Reps: 1
StFwdTrackMaker:INFO  - Track Rep 0 
genfit::AbsTrackRep, pdgCode = -211. PropDir = 0
fitStatus 
 track has been fitted, fit has converged fully, 0 TrackPoints could not be processed, fitted charge = -1, PruneFlags: 
 track has been fitted with reference track, numIterations = 3, track length = 27.1912, fChi2 = 2.20335, bChi2 = 2.20335, fNdf = 1, bNdf = 1, fPVal = 0.137711, bPVal = 0.137711

StFwdTrackMaker:INFO  - GenFitTrackResult::mIdTruth = 1, QaTruth = 1
StFwdTrackMaker:INFO  - GTR Setting momentum from track
StFwdTrackMaker:INFO  - --isFitConvergedPartially() = 1
StFwdTrackMaker:INFO  - --isFitConverged() = 1
StFwdTrackMaker:INFO  - --isFitConvergedFully() = 1
StFwdTrackMaker:WARN  - addFttHits: skipping blown-up state pT=7428.97
StFwdTrackMaker:WARN  - addFttHits: skipping blown-up state pT=7428.97
StFwdTrackMaker:WARN  - addFttHits: skipping blown-up state pT=7428.97
StFwdTrackMaker:WARN  - addFttHits: skipping blown-up state pT=7428.97
StFwdTrackMaker:WARN  - addEpdHits: skipping blown-up state pT=7428.97
StFwdTrackMaker:INFO  - GenFitTrackResult::mIdTruth = 1, QaTruth = 1
The points are collinear, curvature is undefined.
p1 = -8.10566, -19.9135
p2 = -8.10566, -19.9135
p3 = -9.23668, -22.6922
StFwdTrackMaker:INFO  - GenericFitSeeder::makeSeed::Curvature: -1e-07
StFwdTrackMaker:INFO  - GenericFitSeeder::makeSeed::pt = 14989.5
StFwdTrackMaker:WARN  - Seed momentum is too high, setting to (0,0,1)
StFwdTrackMaker:INFO  - Note: Using externally provided seed momentum
StFwdTrackMaker:INFO  - Track Setup complete, track has 3 points
StFwdTrackMaker:INFO  -  sorting changed track points: 0
StFwdTrackMaker:INFO  - Fit status:  1
StFwdTrackMaker:INFO  - -Fit pvalue: 0.137711
StFwdTrackMaker:INFO  - -Fit Chi2:   2.20335
StFwdTrackMaker:INFO  - -Fit Chi2:   2.20335
StFwdTrackMaker:INFO  - Track fit charge: 1Fit momentum: -1581.82, -3886.14, 38478.5
StFwdTrackMaker:INFO  - 	Fit Pt: 4195.74, eta: 2.91214, phi: -1.95736
StFwdTrackMaker:INFO  - Track fit update complete!
StFwdTrackMaker:INFO  - Track Reps: 1
StFwdTrackMaker:INFO  - Track Rep 0 
genfit::AbsTrackRep, pdgCode = -211. PropDir = 0
fitStatus 
 track has been fitted, fit has converged fully, 0 TrackPoints could not be processed, fitted charge = 1, PruneFlags: 
 track has been fitted with reference track, numIterations = 2, track length = 27.1912, fChi2 = 2.20335, bChi2 = 2.20335, fNdf = 1, bNdf = 1, fPVal = 0.137711, bPVal = 0.137711

StFwdTrackMaker:INFO  - GenFitTrackResult::mIdTruth = 1, QaTruth = 1
StFwdTrackMaker:INFO  - GTR Setting momentum from track
StFwdTrackMaker:INFO  - --isFitConvergedPartially() = 1
StFwdTrackMaker:INFO  - --isFitConverged() = 1
StFwdTrackMaker:INFO  - --isFitConvergedFully() = 1
StFwdTrackMaker:INFO  - Global track fitting completed, found 1 global tracks from 1 track seed candidates
StFwdTrackMaker:INFO  - >>doBeamlineTrackFitting( #globals = 1 )
StFwdTrackMaker:INFO  - doBeamlineTrackFitting>>0 McId=1 with Beamline, seed already has: 3 hits
StFwdTrackMaker:INFO  - mBeamlineHit: 0, 0, 0
StFwdTrackMaker:INFO  - This fit is for a global that converged? = 1
StFwdTrackMaker:INFO  - GenFitTrackResult::mIdTruth = 1, QaTruth = 0.75
The points are collinear, curvature is undefined.
p1 = 0, 0
p2 = -8.10566, -19.9135
p3 = -8.10566, -19.9135
The points are collinear, curvature is undefined.
p1 = -8.10566, -19.9135
p2 = -8.10566, -19.9135
p3 = -9.23668, -22.6922
StFwdTrackMaker:INFO  - GenericFitSeeder::makeSeed::Curvature: 2.05022e-08
StFwdTrackMaker:INFO  - GenericFitSeeder::makeSeed::pt = 73111.6
StFwdTrackMaker:WARN  - Seed momentum is too high, setting to (0,0,1)
StFwdTrackMaker:INFO  - Track Setup complete, track has 4 points
StFwdTrackMaker:INFO  -  sorting changed track points: 0
StFwdTrackMaker:INFO  - Fit status:  1
StFwdTrackMaker:INFO  - -Fit pvalue: 0.5111
StFwdTrackMaker:INFO  - -Fit Chi2:   2.30743
StFwdTrackMaker:INFO  - -Fit Chi2:   2.30743
StFwdTrackMaker:INFO  - Track fit charge: 1Fit momentum: -60888.6, -149588, 1.37204e+06
StFwdTrackMaker:INFO  - 	Fit Pt: 161505, eta: 2.83611, phi: -1.95736
StFwdTrackMaker:INFO  - Track fit update complete!
StFwdTrackMaker:INFO  - Track Reps: 1
StFwdTrackMaker:INFO  - Track Rep 0 
genfit::AbsTrackRep, pdgCode = 211. PropDir = 0
fitStatus 
 track has been fitted, fit has converged fully, 0 TrackPoints could not be processed, fitted charge = 1, PruneFlags: 
 track has been fitted with reference track, numIterations = 4, track length = 206.172, fChi2 = 2.30743, bChi2 = 2.30743, fNdf = 3, bNdf = 3, fPVal = 0.5111, bPVal = 0.5111

StFwdTrackMaker:INFO  - GenFitTrackResult::mIdTruth = 1, QaTruth = 0.75
StFwdTrackMaker:INFO  - GTR Setting momentum from track
StFwdTrackMaker:INFO  - --isFitConvergedPartially() = 1
StFwdTrackMaker:INFO  - --isFitConverged() = 1
StFwdTrackMaker:INFO  - --isFitConvergedFully() = 1
StFwdTrackMaker:INFO  - SEED momentum:-1581.82, -3886.14, 38478.5
StFwdTrackMaker:INFO  - 	Initial Beamline fit completed, now refitting with additional hits
StFwdTrackMaker:WARN  - addFttHits: skipping blown-up state pT=161505
StFwdTrackMaker:WARN  - addFttHits: skipping blown-up state pT=161505
StFwdTrackMaker:WARN  - addFttHits: skipping blown-up state pT=161505
StFwdTrackMaker:WARN  - addFttHits: skipping blown-up state pT=161505
StFwdTrackMaker:WARN  - addEpdHits: skipping blown-up state pT=161505
StFwdTrackMaker:INFO  - GenFitTrackResult::mIdTruth = 1, QaTruth = 0.75
The points are collinear, curvature is undefined.
p1 = 0, 0
p2 = -8.10566, -19.9135
p3 = -8.10566, -19.9135
The points are collinear, curvature is undefined.
p1 = -8.10566, -19.9135
p2 = -8.10566, -19.9135
p3 = -9.23668, -22.6922
StFwdTrackMaker:INFO  - GenericFitSeeder::makeSeed::Curvature: 2.05022e-08
StFwdTrackMaker:INFO  - GenericFitSeeder::makeSeed::pt = 73111.6
StFwdTrackMaker:WARN  - Seed momentum is too high, setting to (0,0,1)
StFwdTrackMaker:INFO  - Note: Using externally provided seed momentum
StFwdTrackMaker:INFO  - Track Setup complete, track has 4 points
StFwdTrackMaker:INFO  -  sorting changed track points: 0
StFwdTrackMaker:INFO  - Fit status:  1
StFwdTrackMaker:INFO  - -Fit pvalue: 0.5111
StFwdTrackMaker:INFO  - -Fit Chi2:   2.30743
StFwdTrackMaker:INFO  - -Fit Chi2:   2.30743
StFwdTrackMaker:INFO  - Track fit charge: 1Fit momentum: -28447.5, -69888.2, 641036
StFwdTrackMaker:INFO  - 	Fit Pt: 75456.1, eta: 2.83613, phi: -1.95736
StFwdTrackMaker:INFO  - Track fit update complete!
StFwdTrackMaker:INFO  - Track Reps: 1
StFwdTrackMaker:INFO  - Track Rep 0 
genfit::AbsTrackRep, pdgCode = 211. PropDir = 0
fitStatus 
 track has been fitted, fit has converged fully, 0 TrackPoints could not be processed, fitted charge = 1, PruneFlags: 
 track has been fitted with reference track, numIterations = 2, track length = 206.101, fChi2 = 2.30743, bChi2 = 2.30743, fNdf = 3, bNdf = 3, fPVal = 0.5111, bPVal = 0.5111

StFwdTrackMaker:INFO  - GenFitTrackResult::mIdTruth = 1, QaTruth = 0.75
StFwdTrackMaker:INFO  - GTR Setting momentum from track
StFwdTrackMaker:INFO  - --isFitConvergedPartially() = 1
StFwdTrackMaker:INFO  - --isFitConverged() = 1
StFwdTrackMaker:INFO  - --isFitConvergedFully() = 1
StFwdTrackMaker:INFO  - >>doPrimaryTrackFitting( #globals = 1 )
StFwdTrackMaker:INFO  - Refitting Track 0, McId=1 with Primary Vertex, seed already has: 3 hits
StFwdTrackMaker:INFO  - mEventVertexHit: 0, 0, 0
StFwdTrackMaker:INFO  - This fit is for a global that converged? = 1
StFwdTrackMaker:INFO  - GenFitTrackResult::mIdTruth = 1, QaTruth = 0.75
The points are collinear, curvature is undefined.
p1 = 0, 0
p2 = -8.10566, -19.9135
p3 = -8.10566, -19.9135
The points are collinear, curvature is undefined.
p1 = -8.10566, -19.9135
p2 = -8.10566, -19.9135
p3 = -9.23668, -22.6922
StFwdTrackMaker:INFO  - GenericFitSeeder::makeSeed::Curvature: 2.05022e-08
StFwdTrackMaker:INFO  - GenericFitSeeder::makeSeed::pt = 73111.6
StFwdTrackMaker:WARN  - Seed momentum is too high, setting to (0,0,1)
StFwdTrackMaker:INFO  - Note: Using externally provided seed momentum
StFwdTrackMaker:INFO  - Track Setup complete, track has 4 points
StFwdTrackMaker:INFO  -  sorting changed track points: 0
StFwdTrackMaker:INFO  - Fit status:  1
StFwdTrackMaker:INFO  - -Fit pvalue: 0.464102
StFwdTrackMaker:INFO  - -Fit Chi2:   2.5625
StFwdTrackMaker:INFO  - -Fit Chi2:   2.5625
StFwdTrackMaker:INFO  - Track fit charge: 1Fit momentum: -33471.3, -82230.4, 652219
StFwdTrackMaker:INFO  - 	Fit Pt: 88781.6, eta: 2.69195, phi: -1.95736
StFwdTrackMaker:INFO  - Track fit update complete!
StFwdTrackMaker:INFO  - Track Reps: 1
StFwdTrackMaker:INFO  - Track Rep 0 
genfit::AbsTrackRep, pdgCode = 211. PropDir = 0
fitStatus 
 track has been fitted, fit has converged fully, 0 TrackPoints could not be processed, fitted charge = 1, PruneFlags: 
 track has been fitted with reference track, numIterations = 2, track length = 180.082, fChi2 = 2.5625, bChi2 = 2.5625, fNdf = 3, bNdf = 3, fPVal = 0.464102, bPVal = 0.464102

StFwdTrackMaker:INFO  - GenFitTrackResult::mIdTruth = 1, QaTruth = 0.75
StFwdTrackMaker:INFO  - GTR Setting momentum from track
StFwdTrackMaker:INFO  - --isFitConvergedPartially() = 1
StFwdTrackMaker:INFO  - --isFitConverged() = 1
StFwdTrackMaker:INFO  - --isFitConvergedFully() = 1
StFwdTrackMaker:INFO  - 	Initial fit complete, now refitting with additional points
StFwdTrackMaker:WARN  - addFttHits: skipping blown-up state pT=88781.6
StFwdTrackMaker:WARN  - addFttHits: skipping blown-up state pT=88781.6
StFwdTrackMaker:WARN  - addFttHits: skipping blown-up state pT=88781.6
StFwdTrackMaker:WARN  - addFttHits: skipping blown-up state pT=88781.6
StFwdTrackMaker:WARN  - addEpdHits: skipping blown-up state pT=88781.6
StFwdTrackMaker:INFO  - GenFitTrackResult::mIdTruth = 1, QaTruth = 0.75
The points are collinear, curvature is undefined.
p1 = 0, 0
p2 = -8.10566, -19.9135
p3 = -8.10566, -19.9135
The points are collinear, curvature is undefined.
p1 = -8.10566, -19.9135
p2 = -8.10566, -19.9135
p3 = -9.23668, -22.6922
StFwdTrackMaker:INFO  - GenericFitSeeder::makeSeed::Curvature: 2.05022e-08
StFwdTrackMaker:INFO  - GenericFitSeeder::makeSeed::pt = 73111.6
StFwdTrackMaker:WARN  - Seed momentum is too high, setting to (0,0,1)
StFwdTrackMaker:INFO  - Note: Using externally provided seed momentum
StFwdTrackMaker:INFO  - Track Setup complete, track has 4 points
StFwdTrackMaker:INFO  -  sorting changed track points: 0
StFwdTrackMaker:INFO  - Fit status:  1
StFwdTrackMaker:INFO  - -Fit pvalue: 0.464102
StFwdTrackMaker:INFO  - -Fit Chi2:   2.5625
StFwdTrackMaker:INFO  - -Fit Chi2:   2.5625
StFwdTrackMaker:INFO  - Track fit charge: 1Fit momentum: -33471.3, -82230.4, 652219
StFwdTrackMaker:INFO  - 	Fit Pt: 88781.6, eta: 2.69195, phi: -1.95736
StFwdTrackMaker:INFO  - Track fit update complete!
StFwdTrackMaker:INFO  - Track Reps: 1
StFwdTrackMaker:INFO  - Track Rep 0 
genfit::AbsTrackRep, pdgCode = 211. PropDir = 0
fitStatus 
 track has been fitted, fit has converged fully, 0 TrackPoints could not be processed, fitted charge = 1, PruneFlags: 
 track has been fitted with reference track, numIterations = 1, track length = 180.081, fChi2 = 2.5625, bChi2 = 2.5625, fNdf = 3, bNdf = 3, fPVal = 0.464102, bPVal = 0.464102

StFwdTrackMaker:INFO  - GenFitTrackResult::mIdTruth = 1, QaTruth = 0.75
StFwdTrackMaker:INFO  - GTR Setting momentum from track
StFwdTrackMaker:INFO  - --isFitConvergedPartially() = 1
StFwdTrackMaker:INFO  - --isFitConverged() = 1
StFwdTrackMaker:INFO  - --isFitConvergedFully() = 1
StFwdTrackMaker:INFO  - >>doSecondaryTrackFitting( #globals = 1 )
StFwdTrackMaker:INFO  - FwdVertex: 10, -1.67382, -4.11201, -0.484102
StFwdTrackMaker:INFO  - 	nTracks: 1
StFwdTrackMaker:INFO  - 	Chi2: -1
StFwdTrackMaker:INFO  - 	Ndf: -1
StFwdTrackMaker:ERROR - TDecompChol::Decompose() : matrix not positive definite
StFwdTrackMaker:WARN  - FwdVertex: 10, covariance matrix is not valid
StFwdTrackMaker:INFO  - <<Fwd Tracking Fit :3 GenFit Tracks
StFwdTrackMaker:INFO  - TAttr::Found : fillevent = 1

StFwdTrackMaker:INFO  - Creating the StFwdTrackCollection
StFwdTrackMaker:INFO  - Processing GenfitTrackResult(type=0): 0 mIsFitConverged=1, mIsFitConvergedPartially=1, mNumFitPoints=3
AAA FCS StraightLine: det=0 xyzdet=(-17.399,-5.26,710.16) norm=(-0.0301896,0,0.999544)
AAA projectAsStraightLine: tv3A=(-25.3002,-62.1558,574.236) tv3B=(-27.3531,-67.1993,624.174)
AAA   xyzf=(-17.399,-5.26,710.16) norm=(-0.0301896,0,0.999544)
AAA   tintersection=2.71371 result=(-30.8712,-75.8424,709.753)
AAA FCS StraightLine result: tv3=(-30.8712,-75.8424,709.753)
AAA FCS StraightLine: det=2 xyzdet=(-21.285,1.8,782.63) norm=(-0.0301896,0,0.999544)
AAA projectAsStraightLine: tv3A=(-25.3002,-62.1558,574.236) tv3B=(-27.3531,-67.1993,624.174)
AAA   xyzf=(-21.285,1.8,782.63) norm=(-0.0301896,0,0.999544)
AAA   tintersection=4.16546 result=(-33.8516,-83.1643,782.25)
AAA FCS StraightLine result: tv3=(-33.8516,-83.1643,782.25)
StFwdTrackMaker:INFO  - Processing GenfitTrackResult(type=2): 1 mIsFitConverged=1, mIsFitConvergedPartially=1, mNumFitPoints=4
AAA FCS StraightLine: det=0 xyzdet=(-17.399,-5.26,710.16) norm=(-0.0301896,0,0.999544)
AAA projectAsStraightLine: tv3A=(-29.4629,-72.3827,574.11) tv3B=(-32.0249,-78.6768,624.033)
AAA   xyzf=(-17.399,-5.26,710.16) norm=(-0.0301896,0,0.999544)
AAA   tintersection=2.71371 result=(-36.4154,-89.4632,709.586)
AAA FCS StraightLine result: tv3=(-36.4154,-89.4632,709.586)
AAA FCS StraightLine: det=2 xyzdet=(-21.285,1.8,782.63) norm=(-0.0301896,0,0.999544)
AAA projectAsStraightLine: tv3A=(-29.4629,-72.3827,574.11) tv3B=(-32.0249,-78.6768,624.033)
AAA   xyzf=(-21.285,1.8,782.63) norm=(-0.0301896,0,0.999544)
AAA   tintersection=4.16546 result=(-40.1347,-98.6007,782.061)
AAA FCS StraightLine result: tv3=(-40.1347,-98.6007,782.061)
StFwdTrackMaker:INFO  - Processing GenfitTrackResult(type=1): 2 mIsFitConverged=1, mIsFitConvergedPartially=1, mNumFitPoints=4
AAA FCS StraightLine: det=0 xyzdet=(-17.399,-5.26,710.16) norm=(-0.0301896,0,0.999544)
AAA projectAsStraightLine: tv3A=(-26.6332,-65.4309,574.196) tv3B=(-28.8491,-70.8748,624.129)
AAA   xyzf=(-17.399,-5.26,710.16) norm=(-0.0301896,0,0.999544)
AAA   tintersection=2.71371 result=(-32.6465,-80.2041,709.699)
AAA FCS StraightLine result: tv3=(-32.6465,-80.2041,709.699)
AAA FCS StraightLine: det=2 xyzdet=(-21.285,1.8,782.63) norm=(-0.0301896,0,0.999544)
AAA projectAsStraightLine: tv3A=(-26.6332,-65.4309,574.196) tv3B=(-28.8491,-70.8748,624.129)
AAA   xyzf=(-21.285,1.8,782.63) norm=(-0.0301896,0,0.999544)
AAA   tintersection=4.16546 result=(-35.8635,-88.1072,782.19)
AAA FCS StraightLine result: tv3=(-35.8635,-88.1072,782.19)
StFwdTrackMaker:INFO  - StFwdTrackCollection has 3 tracks now
StFwdTrackMaker:INFO  - StFwdTrackCollection has 3 tracks now
StFwdTrackMaker:INFO  - *** StFwdTrackMaker::Make() == StOK(0) ***
StFcsTrackMatchMaker:INFO  - *** StFcsTrackMatchMaker::Make() == StOK(0) ***
StStrangeMuDstMaker:INFO  - StV0Controller: found 0 V0 candidates
StStrangeMuDstMaker:INFO  - StXiController: found 0 Xi candidates
StStrangeMuDstMaker:INFO  - StKinkController: found 0 Kink candidates
StStrangeMuDstMaker:INFO  - *** StStrangeMuDstMaker::Make() == StOK(0) ***
StMuDstMaker:INFO  - fillMuFtt
StMuDstMaker:INFO  - fillMuFttRawHits
StMuDstMaker:INFO  - fillMuFttPoints
StMuDstMaker:INFO  - fillMuFttClusters
StMuDstMaker:INFO  - StMuDstMaker::fillFwdTrack(StEvent* ev)
StMuDstMaker:INFO  - StMuDSTMaker filling StMuFwdTrackCollection from StEvent
StMuDstMaker:INFO  - Adding 3 StMuFwdTracks to MuDSt
StMuDstMaker:INFO  - *** StMuDstMaker::Make() == StOK(0) ***
StTreeMaker:INFO  - *** StTreeMaker::Make() == StOK(0) ***
StPicoDstMaker:WARN  - No trigger data bank available!
StPicoDstMaker:INFO  - StPicoDstMaker::fillFcsHits filled 18
StPicoDstMaker:INFO  - StPicoDstMaker::fillFcsClusters filled 1
StPicoDstMaker:INFO  - *** StPicoDstMaker::Make() == StOK(0) ***
MEM after Chain::Clear + Make	 total =794.011719 heap =208.621948 and   0.375992( +0.006104)
<---------- END EVENT
--------->START EVENT: 8
MEM before Chain::Clear + Make	 total =794.011719 heap =208.622147 and   0.375717( +0.000198)
St_geant_Maker:INFO  - *** St_geant_Maker::Make() == StOK(0) ***
St_db_Maker:INFO  - *** St_db_Maker::Make() == StOK(0) ***
StMagFMaker:INFO  - *** StMagFMaker::Make() == StOK(0) ***
StDetectorDbMaker:INFO  - *** StDetectorDbMaker::Make() == StOK(0) ***
StTpcDbMaker:INFO  - *** StTpcDbMaker::Make() == StOK(0) ***
StFcsDbMaker:INFO  - *** StFcsDbMaker::Make() == StOK(0) ***
StEventMaker:INFO  - get trigDetSums from Calibrations/rich/trigDetSums
StEventMaker:WARN  - StEventMaker: No StDAQReader found
StEventMaker:INFO  - *** StEventMaker::Make() == StOK(0) ***
StMcEventMaker:INFO  - StMcEventMaker:   g2t_tpc_hit Table Not found 
StMcEventMaker:INFO  - StMcEventMaker:   particle    Table Not found 
StMcEventMaker:INFO  - *** StMcEventMaker::Make() == StOK(0) ***
StFcsFastSimulatorMaker:DEBUG - StFcsFastSimulatorMaker::Make
StFcsFastSimulatorMaker:DEBUG - Creating StFcsCollection
StFcsFastSimulatorMaker:INFO  - TAttr::Found : fcsleakyhcal = 0

StFcsFastSimulatorMaker:INFO  - TAttr::Found : fcshcalzdepeff = 0

StFcsFastSimulatorMaker:INFO  - g2t_wca_hit table has 309 hit
StFcsFastSimulatorMaker:INFO  - ECAL det=0 id=  1 volid=1002 e=0.000158
StFcsFastSimulatorMaker:INFO  - ECAL det=0 id= 12 volid=1013 e=0.003644
StFcsFastSimulatorMaker:INFO  - ECAL det=0 id= 30 volid=1031 e=0.001274
StFcsFastSimulatorMaker:INFO  - ECAL det=0 id= 33 volid=1034 e=0.001484
StFcsFastSimulatorMaker:INFO  - ECAL det=0 id= 48 volid=1049 e=0.004028
StFcsFastSimulatorMaker:INFO  - ECAL det=0 id= 94 volid=1095 e=0.000868
StFcsFastSimulatorMaker:INFO  - ECAL det=0 id=130 volid=1131 e=0.001540
StFcsFastSimulatorMaker:INFO  - ECAL det=0 id=134 volid=1135 e=0.002522
StFcsFastSimulatorMaker:INFO  - ECAL det=0 id=143 volid=1144 e=0.001089
StFcsFastSimulatorMaker:INFO  - ECAL det=0 id=159 volid=1160 e=0.005885
StFcsFastSimulatorMaker:INFO  - ECAL det=0 id=166 volid=1167 e=0.000415
StFcsFastSimulatorMaker:INFO  - ECAL det=0 id=168 volid=1169 e=0.000817
StFcsFastSimulatorMaker:INFO  - ECAL det=0 id=182 volid=1183 e=0.000681
StFcsFastSimulatorMaker:INFO  - ECAL det=0 id=197 volid=1198 e=0.001457
StFcsFastSimulatorMaker:INFO  - ECAL det=0 id=203 volid=1204 e=0.000119
StFcsFastSimulatorMaker:INFO  - ECAL det=0 id=205 volid=1206 e=0.000178
StFcsFastSimulatorMaker:INFO  - ECAL det=0 id=222 volid=1223 e=0.001157
StFcsFastSimulatorMaker:INFO  - ECAL det=0 id=226 volid=1227 e=0.000174
StFcsFastSimulatorMaker:INFO  - ECAL det=0 id=239 volid=1240 e=0.000931
StFcsFastSimulatorMaker:INFO  - ECAL det=0 id=248 volid=1249 e=0.002600
StFcsFastSimulatorMaker:INFO  - ECAL det=0 id=255 volid=1256 e=0.001042
StFcsFastSimulatorMaker:INFO  - ECAL det=0 id=261 volid=1262 e=0.002043
StFcsFastSimulatorMaker:INFO  - ECAL det=0 id=263 volid=1264 e=0.008215
StFcsFastSimulatorMaker:INFO  - ECAL det=0 id=274 volid=1275 e=0.001085
StFcsFastSimulatorMaker:INFO  - ECAL det=0 id=286 volid=1287 e=0.000816
StFcsFastSimulatorMaker:INFO  - ECAL det=0 id=294 volid=1295 e=0.008539
StFcsFastSimulatorMaker:INFO  - ECAL det=0 id=315 volid=1316 e=0.000877
StFcsFastSimulatorMaker:INFO  - ECAL det=0 id=316 volid=1317 e=0.000309
StFcsFastSimulatorMaker:INFO  - ECAL det=0 id=317 volid=1318 e=0.002244
StFcsFastSimulatorMaker:INFO  - ECAL det=0 id=325 volid=1326 e=0.001456
StFcsFastSimulatorMaker:INFO  - ECAL det=0 id=329 volid=1330 e=0.000678
StFcsFastSimulatorMaker:INFO  - ECAL det=0 id=331 volid=1332 e=0.000741
StFcsFastSimulatorMaker:INFO  - ECAL det=0 id=334 volid=1335 e=0.000312
StFcsFastSimulatorMaker:INFO  - ECAL det=0 id=352 volid=1353 e=0.004378
StFcsFastSimulatorMaker:INFO  - ECAL det=0 id=353 volid=1354 e=0.013431
StFcsFastSimulatorMaker:INFO  - ECAL det=0 id=354 volid=1355 e=0.000407
StFcsFastSimulatorMaker:INFO  - ECAL det=0 id=355 volid=1356 e=0.000955
StFcsFastSimulatorMaker:INFO  - ECAL det=0 id=357 volid=1358 e=0.000445
StFcsFastSimulatorMaker:INFO  - ECAL det=0 id=364 volid=1365 e=0.000818
StFcsFastSimulatorMaker:INFO  - ECAL det=0 id=371 volid=1372 e=0.008122
StFcsFastSimulatorMaker:INFO  - ECAL det=0 id=377 volid=1378 e=0.009424
StFcsFastSimulatorMaker:INFO  - ECAL det=0 id=384 volid=1385 e=0.008314
StFcsFastSimulatorMaker:INFO  - ECAL det=0 id=385 volid=1386 e=0.001579
StFcsFastSimulatorMaker:INFO  - ECAL det=0 id=396 volid=1397 e=0.020192
StFcsFastSimulatorMaker:INFO  - ECAL det=0 id=397 volid=1398 e=0.007452
StFcsFastSimulatorMaker:INFO  - ECAL det=0 id=399 volid=1400 e=0.001493
StFcsFastSimulatorMaker:INFO  - ECAL det=0 id=402 volid=1403 e=0.000274
StFcsFastSimulatorMaker:INFO  - ECAL det=0 id=403 volid=1404 e=0.008348
StFcsFastSimulatorMaker:INFO  - ECAL det=0 id=418 volid=1419 e=0.002247
StFcsFastSimulatorMaker:INFO  - ECAL det=0 id=419 volid=1420 e=0.002906
StFcsFastSimulatorMaker:INFO  - ECAL det=0 id=420 volid=1421 e=0.007067
StFcsFastSimulatorMaker:INFO  - ECAL det=0 id=421 volid=1422 e=0.009193
StFcsFastSimulatorMaker:INFO  - ECAL det=0 id=426 volid=1427 e=0.003301
StFcsFastSimulatorMaker:INFO  - ECAL det=0 id=427 volid=1428 e=0.000257
StFcsFastSimulatorMaker:INFO  - ECAL det=0 id=440 volid=1441 e=0.007603
StFcsFastSimulatorMaker:INFO  - ECAL det=0 id=443 volid=1444 e=0.006931
StFcsFastSimulatorMaker:INFO  - ECAL det=0 id=444 volid=1445 e=0.002875
StFcsFastSimulatorMaker:INFO  - ECAL det=0 id=446 volid=1447 e=0.000468
StFcsFastSimulatorMaker:INFO  - ECAL det=0 id=447 volid=1448 e=0.000137
StFcsFastSimulatorMaker:INFO  - ECAL det=0 id=448 volid=1449 e=0.003598
StFcsFastSimulatorMaker:INFO  - ECAL det=0 id=458 volid=1459 e=0.000341
StFcsFastSimulatorMaker:INFO  - ECAL det=0 id=462 volid=1463 e=0.022748
StFcsFastSimulatorMaker:INFO  - ECAL det=0 id=465 volid=1466 e=0.009632
StFcsFastSimulatorMaker:INFO  - ECAL det=0 id=466 volid=1467 e=0.003850
StFcsFastSimulatorMaker:INFO  - ECAL det=0 id=467 volid=1468 e=0.001283
StFcsFastSimulatorMaker:INFO  - ECAL det=0 id=468 volid=1469 e=0.000759
StFcsFastSimulatorMaker:INFO  - ECAL det=0 id=470 volid=1471 e=0.000185
StFcsFastSimulatorMaker:INFO  - ECAL det=0 id=480 volid=1481 e=0.000720
StFcsFastSimulatorMaker:INFO  - ECAL det=0 id=481 volid=1482 e=0.001668
StFcsFastSimulatorMaker:INFO  - ECAL det=0 id=484 volid=1485 e=0.018285
StFcsFastSimulatorMaker:INFO  - ECAL det=0 id=485 volid=1486 e=0.002776
StFcsFastSimulatorMaker:INFO  - ECAL det=0 id=486 volid=1487 e=0.001619
StFcsFastSimulatorMaker:INFO  - ECAL det=0 id=490 volid=1491 e=0.002135
StFcsFastSimulatorMaker:INFO  - ECAL det=0 id=491 volid=1492 e=0.003284
StFcsFastSimulatorMaker:INFO  - ECAL det=0 id=492 volid=1493 e=0.010552
StFcsFastSimulatorMaker:INFO  - ECAL det=0 id=493 volid=1494 e=0.000531
StFcsFastSimulatorMaker:INFO  - ECAL det=0 id=494 volid=1495 e=0.016564
StFcsFastSimulatorMaker:INFO  - ECAL det=0 id=506 volid=1507 e=0.005469
StFcsFastSimulatorMaker:INFO  - ECAL det=0 id=508 volid=1509 e=0.007478
StFcsFastSimulatorMaker:INFO  - ECAL det=0 id=509 volid=1510 e=0.006225
StFcsFastSimulatorMaker:INFO  - ECAL det=0 id=511 volid=1512 e=0.004970
StFcsFastSimulatorMaker:INFO  - ECAL det=0 id=512 volid=1513 e=0.001579
StFcsFastSimulatorMaker:INFO  - ECAL det=0 id=513 volid=1514 e=0.004092
StFcsFastSimulatorMaker:INFO  - ECAL det=0 id=514 volid=1515 e=0.007962
StFcsFastSimulatorMaker:INFO  - ECAL det=0 id=516 volid=1517 e=0.000137
StFcsFastSimulatorMaker:INFO  - ECAL det=0 id=527 volid=1528 e=0.002947
StFcsFastSimulatorMaker:INFO  - ECAL det=0 id=528 volid=1529 e=0.015922
StFcsFastSimulatorMaker:INFO  - ECAL det=0 id=529 volid=1530 e=0.004374
StFcsFastSimulatorMaker:INFO  - ECAL det=0 id=530 volid=1531 e=0.023474
StFcsFastSimulatorMaker:INFO  - ECAL det=0 id=532 volid=1533 e=0.001757
StFcsFastSimulatorMaker:INFO  - ECAL det=0 id=533 volid=1534 e=0.009278
StFcsFastSimulatorMaker:INFO  - ECAL det=0 id=534 volid=1535 e=0.006701
StFcsFastSimulatorMaker:INFO  - ECAL det=0 id=536 volid=1537 e=0.002911
StFcsFastSimulatorMaker:INFO  - ECAL det=0 id=550 volid=1551 e=0.001348
StFcsFastSimulatorMaker:INFO  - ECAL det=0 id=552 volid=1553 e=0.012867
StFcsFastSimulatorMaker:INFO  - ECAL det=0 id=554 volid=1555 e=0.000417
StFcsFastSimulatorMaker:INFO  - ECAL det=0 id=555 volid=1556 e=0.012754
StFcsFastSimulatorMaker:INFO  - ECAL det=0 id=556 volid=1557 e=0.001058
StFcsFastSimulatorMaker:INFO  - ECAL det=0 id=557 volid=1558 e=0.000290
StFcsFastSimulatorMaker:INFO  - ECAL det=0 id=560 volid=1561 e=0.001229
StFcsFastSimulatorMaker:INFO  - ECAL det=0 id=562 volid=1563 e=0.000961
StFcsFastSimulatorMaker:INFO  - ECAL det=0 id=564 volid=1565 e=0.001597
StFcsFastSimulatorMaker:INFO  - ECAL det=0 id=572 volid=1573 e=0.001198
StFcsFastSimulatorMaker:INFO  - ECAL det=0 id=575 volid=1576 e=0.006320
StFcsFastSimulatorMaker:INFO  - ECAL det=0 id=576 volid=1577 e=0.000004
StFcsFastSimulatorMaker:INFO  - ECAL det=0 id=577 volid=1578 e=0.006514
StFcsFastSimulatorMaker:INFO  - ECAL det=0 id=583 volid=1584 e=0.000557
StFcsFastSimulatorMaker:INFO  - ECAL det=0 id=594 volid=1595 e=0.006660
StFcsFastSimulatorMaker:INFO  - ECAL det=0 id=595 volid=1596 e=0.002125
StFcsFastSimulatorMaker:INFO  - ECAL det=0 id=597 volid=1598 e=0.001287
StFcsFastSimulatorMaker:INFO  - ECAL det=0 id=599 volid=1600 e=0.004891
StFcsFastSimulatorMaker:INFO  - ECAL det=0 id=601 volid=1602 e=0.007871
StFcsFastSimulatorMaker:INFO  - ECAL det=0 id=602 volid=1603 e=0.004333
StFcsFastSimulatorMaker:INFO  - ECAL det=0 id=603 volid=1604 e=0.002240
StFcsFastSimulatorMaker:INFO  - ECAL det=0 id=613 volid=1614 e=0.000811
StFcsFastSimulatorMaker:INFO  - ECAL det=0 id=616 volid=1617 e=0.005406
StFcsFastSimulatorMaker:INFO  - ECAL det=0 id=618 volid=1619 e=0.003972
StFcsFastSimulatorMaker:INFO  - ECAL det=0 id=619 volid=1620 e=0.007375
StFcsFastSimulatorMaker:INFO  - ECAL det=0 id=624 volid=1625 e=0.000014
StFcsFastSimulatorMaker:INFO  - ECAL det=0 id=628 volid=1629 e=0.000819
StFcsFastSimulatorMaker:INFO  - ECAL det=0 id=639 volid=1640 e=0.001563
StFcsFastSimulatorMaker:INFO  - ECAL det=0 id=640 volid=1641 e=0.006350
StFcsFastSimulatorMaker:INFO  - ECAL det=0 id=643 volid=1644 e=0.004563
StFcsFastSimulatorMaker:INFO  - ECAL det=0 id=649 volid=1650 e=0.000148
StFcsFastSimulatorMaker:INFO  - ECAL det=0 id=661 volid=1662 e=0.001698
StFcsFastSimulatorMaker:INFO  - ECAL det=0 id=662 volid=1663 e=0.001960
StFcsFastSimulatorMaker:INFO  - ECAL det=0 id=664 volid=1665 e=0.006386
StFcsFastSimulatorMaker:INFO  - ECAL det=0 id=665 volid=1666 e=0.005875
StFcsFastSimulatorMaker:INFO  - ECAL det=0 id=671 volid=1672 e=0.000095
StFcsFastSimulatorMaker:INFO  - ECAL det=0 id=683 volid=1684 e=0.005055
StFcsFastSimulatorMaker:INFO  - ECAL det=0 id=704 volid=1705 e=0.000810
StFcsFastSimulatorMaker:INFO  - ECAL det=0 id=709 volid=1710 e=0.000700
StFcsFastSimulatorMaker:INFO  - ECAL det=0 id=711 volid=1712 e=0.000799
StFcsFastSimulatorMaker:INFO  - ECAL det=0 id=713 volid=1714 e=0.002704
StFcsFastSimulatorMaker:INFO  - ECAL det=0 id=714 volid=1715 e=0.000494
StFcsFastSimulatorMaker:INFO  - ECAL det=0 id=715 volid=1716 e=0.000860
StFcsFastSimulatorMaker:INFO  - ECAL det=0 id=716 volid=1717 e=0.001460
StFcsFastSimulatorMaker:INFO  - ECAL det=0 id=718 volid=1719 e=0.001493
StFcsFastSimulatorMaker:INFO  - ECAL det=0 id=726 volid=1727 e=0.000272
StFcsFastSimulatorMaker:INFO  - ECAL det=0 id=729 volid=1730 e=0.000767
StFcsFastSimulatorMaker:INFO  - ECAL det=0 id=731 volid=1732 e=0.001178
StFcsFastSimulatorMaker:INFO  - ECAL det=0 id=739 volid=1740 e=0.004886
StFcsFastSimulatorMaker:INFO  - ECAL det=1 id=  4 volid=2005 e=0.008038
StFcsFastSimulatorMaker:INFO  - ECAL det=1 id= 10 volid=2011 e=0.005708
StFcsFastSimulatorMaker:INFO  - ECAL det=1 id= 28 volid=2029 e=0.000914
StFcsFastSimulatorMaker:INFO  - ECAL det=1 id= 31 volid=2032 e=0.004445
StFcsFastSimulatorMaker:INFO  - ECAL det=1 id= 32 volid=2033 e=0.001279
StFcsFastSimulatorMaker:INFO  - ECAL det=1 id= 33 volid=2034 e=0.000925
StFcsFastSimulatorMaker:INFO  - ECAL det=1 id= 63 volid=2064 e=0.000189
StFcsFastSimulatorMaker:INFO  - ECAL det=1 id= 69 volid=2070 e=0.000625
StFcsFastSimulatorMaker:INFO  - ECAL det=1 id= 89 volid=2090 e=0.004668
StFcsFastSimulatorMaker:INFO  - ECAL det=1 id= 94 volid=2095 e=0.000012
StFcsFastSimulatorMaker:INFO  - ECAL det=1 id=111 volid=2112 e=0.001577
StFcsFastSimulatorMaker:INFO  - ECAL det=1 id=112 volid=2113 e=0.001333
StFcsFastSimulatorMaker:INFO  - ECAL det=1 id=129 volid=2130 e=0.001326
StFcsFastSimulatorMaker:INFO  - ECAL det=1 id=130 volid=2131 e=0.004833
StFcsFastSimulatorMaker:INFO  - ECAL det=1 id=133 volid=2134 e=0.007456
StFcsFastSimulatorMaker:INFO  - ECAL det=1 id=140 volid=2141 e=0.000797
StFcsFastSimulatorMaker:INFO  - ECAL det=1 id=143 volid=2144 e=0.000389
StFcsFastSimulatorMaker:INFO  - ECAL det=1 id=151 volid=2152 e=0.000946
StFcsFastSimulatorMaker:INFO  - ECAL det=1 id=159 volid=2160 e=0.001033
StFcsFastSimulatorMaker:INFO  - ECAL det=1 id=162 volid=2163 e=0.005725
StFcsFastSimulatorMaker:INFO  - ECAL det=1 id=165 volid=2166 e=0.001145
StFcsFastSimulatorMaker:INFO  - ECAL det=1 id=180 volid=2181 e=0.000217
StFcsFastSimulatorMaker:INFO  - ECAL det=1 id=181 volid=2182 e=0.004083
StFcsFastSimulatorMaker:INFO  - ECAL det=1 id=183 volid=2184 e=0.000801
StFcsFastSimulatorMaker:INFO  - ECAL det=1 id=196 volid=2197 e=0.000978
StFcsFastSimulatorMaker:INFO  - ECAL det=1 id=197 volid=2198 e=0.002987
StFcsFastSimulatorMaker:INFO  - ECAL det=1 id=210 volid=2211 e=0.000764
StFcsFastSimulatorMaker:INFO  - ECAL det=1 id=243 volid=2244 e=0.000034
StFcsFastSimulatorMaker:INFO  - ECAL det=1 id=244 volid=2245 e=0.001974
StFcsFastSimulatorMaker:INFO  - ECAL det=1 id=266 volid=2267 e=0.004749
StFcsFastSimulatorMaker:INFO  - ECAL det=1 id=270 volid=2271 e=0.005550
StFcsFastSimulatorMaker:INFO  - ECAL det=1 id=272 volid=2273 e=0.001931
StFcsFastSimulatorMaker:INFO  - ECAL det=1 id=286 volid=2287 e=0.001216
StFcsFastSimulatorMaker:INFO  - ECAL det=1 id=289 volid=2290 e=0.005800
StFcsFastSimulatorMaker:INFO  - ECAL det=1 id=294 volid=2295 e=0.008402
StFcsFastSimulatorMaker:INFO  - ECAL det=1 id=295 volid=2296 e=0.001052
StFcsFastSimulatorMaker:INFO  - ECAL det=1 id=301 volid=2302 e=0.001017
StFcsFastSimulatorMaker:INFO  - ECAL det=1 id=302 volid=2303 e=0.001403
StFcsFastSimulatorMaker:INFO  - ECAL det=1 id=309 volid=2310 e=0.003598
StFcsFastSimulatorMaker:INFO  - ECAL det=1 id=313 volid=2314 e=0.001398
StFcsFastSimulatorMaker:INFO  - ECAL det=1 id=314 volid=2315 e=0.008197
StFcsFastSimulatorMaker:INFO  - ECAL det=1 id=317 volid=2318 e=0.000161
StFcsFastSimulatorMaker:INFO  - ECAL det=1 id=323 volid=2324 e=0.002486
StFcsFastSimulatorMaker:INFO  - ECAL det=1 id=333 volid=2334 e=0.000122
StFcsFastSimulatorMaker:INFO  - ECAL det=1 id=334 volid=2335 e=0.007294
StFcsFastSimulatorMaker:INFO  - ECAL det=1 id=335 volid=2336 e=0.004716
StFcsFastSimulatorMaker:INFO  - ECAL det=1 id=336 volid=2337 e=0.005610
StFcsFastSimulatorMaker:INFO  - ECAL det=1 id=339 volid=2340 e=0.007693
StFcsFastSimulatorMaker:INFO  - ECAL det=1 id=340 volid=2341 e=0.002286
StFcsFastSimulatorMaker:INFO  - ECAL det=1 id=353 volid=2354 e=0.001964
StFcsFastSimulatorMaker:INFO  - ECAL det=1 id=354 volid=2355 e=0.001692
StFcsFastSimulatorMaker:INFO  - ECAL det=1 id=355 volid=2356 e=0.000377
StFcsFastSimulatorMaker:INFO  - ECAL det=1 id=356 volid=2357 e=0.001724
StFcsFastSimulatorMaker:INFO  - ECAL det=1 id=357 volid=2358 e=0.001719
StFcsFastSimulatorMaker:INFO  - ECAL det=1 id=358 volid=2359 e=0.005474
StFcsFastSimulatorMaker:INFO  - ECAL det=1 id=361 volid=2362 e=0.000747
StFcsFastSimulatorMaker:INFO  - ECAL det=1 id=362 volid=2363 e=0.001345
StFcsFastSimulatorMaker:INFO  - ECAL det=1 id=375 volid=2376 e=0.000185
StFcsFastSimulatorMaker:INFO  - ECAL det=1 id=377 volid=2378 e=0.001356
StFcsFastSimulatorMaker:INFO  - ECAL det=1 id=381 volid=2382 e=0.002094
StFcsFastSimulatorMaker:INFO  - ECAL det=1 id=382 volid=2383 e=0.013065
StFcsFastSimulatorMaker:INFO  - ECAL det=1 id=392 volid=2393 e=0.000253
StFcsFastSimulatorMaker:INFO  - ECAL det=1 id=402 volid=2403 e=0.000668
StFcsFastSimulatorMaker:INFO  - ECAL det=1 id=404 volid=2405 e=0.001112
StFcsFastSimulatorMaker:INFO  - ECAL det=1 id=407 volid=2408 e=0.017347
StFcsFastSimulatorMaker:INFO  - ECAL det=1 id=410 volid=2411 e=0.000411
StFcsFastSimulatorMaker:INFO  - ECAL det=1 id=412 volid=2413 e=0.002400
StFcsFastSimulatorMaker:INFO  - ECAL det=1 id=418 volid=2419 e=0.001887
StFcsFastSimulatorMaker:INFO  - ECAL det=1 id=419 volid=2420 e=0.004539
StFcsFastSimulatorMaker:INFO  - ECAL det=1 id=432 volid=2433 e=0.005623
StFcsFastSimulatorMaker:INFO  - ECAL det=1 id=440 volid=2441 e=0.002316
StFcsFastSimulatorMaker:INFO  - ECAL det=1 id=441 volid=2442 e=0.008514
StFcsFastSimulatorMaker:INFO  - ECAL det=1 id=442 volid=2443 e=0.023893
StFcsFastSimulatorMaker:INFO  - ECAL det=1 id=444 volid=2445 e=0.002380
StFcsFastSimulatorMaker:INFO  - ECAL det=1 id=445 volid=2446 e=0.002729
StFcsFastSimulatorMaker:INFO  - ECAL det=1 id=462 volid=2463 e=0.002191
StFcsFastSimulatorMaker:INFO  - ECAL det=1 id=463 volid=2464 e=0.002486
StFcsFastSimulatorMaker:INFO  - ECAL det=1 id=464 volid=2465 e=0.000716
StFcsFastSimulatorMaker:INFO  - ECAL det=1 id=466 volid=2467 e=0.000781
StFcsFastSimulatorMaker:INFO  - ECAL det=1 id=467 volid=2468 e=0.004509
StFcsFastSimulatorMaker:INFO  - ECAL det=1 id=468 volid=2469 e=0.004791
StFcsFastSimulatorMaker:INFO  - ECAL det=1 id=470 volid=2471 e=0.000989
StFcsFastSimulatorMaker:INFO  - ECAL det=1 id=484 volid=2485 e=0.014048
StFcsFastSimulatorMaker:INFO  - ECAL det=1 id=486 volid=2487 e=0.000196
StFcsFastSimulatorMaker:INFO  - ECAL det=1 id=487 volid=2488 e=0.001590
StFcsFastSimulatorMaker:INFO  - ECAL det=1 id=489 volid=2490 e=0.021085
StFcsFastSimulatorMaker:INFO  - ECAL det=1 id=491 volid=2492 e=0.000523
StFcsFastSimulatorMaker:INFO  - ECAL det=1 id=494 volid=2495 e=0.002043
StFcsFastSimulatorMaker:INFO  - ECAL det=1 id=503 volid=2504 e=0.003767
StFcsFastSimulatorMaker:INFO  - ECAL det=1 id=506 volid=2507 e=0.035154
StFcsFastSimulatorMaker:INFO  - ECAL det=1 id=507 volid=2508 e=0.005294
StFcsFastSimulatorMaker:INFO  - ECAL det=1 id=508 volid=2509 e=0.000723
StFcsFastSimulatorMaker:INFO  - ECAL det=1 id=509 volid=2510 e=0.008138
StFcsFastSimulatorMaker:INFO  - ECAL det=1 id=510 volid=2511 e=0.000533
StFcsFastSimulatorMaker:INFO  - ECAL det=1 id=512 volid=2513 e=0.000558
StFcsFastSimulatorMaker:INFO  - ECAL det=1 id=516 volid=2517 e=0.000781
StFcsFastSimulatorMaker:INFO  - ECAL det=1 id=520 volid=2521 e=0.000232
StFcsFastSimulatorMaker:INFO  - ECAL det=1 id=528 volid=2529 e=0.006275
StFcsFastSimulatorMaker:INFO  - ECAL det=1 id=531 volid=2532 e=0.001664
StFcsFastSimulatorMaker:INFO  - ECAL det=1 id=532 volid=2533 e=0.012938
StFcsFastSimulatorMaker:INFO  - ECAL det=1 id=533 volid=2534 e=0.014297
StFcsFastSimulatorMaker:INFO  - ECAL det=1 id=534 volid=2535 e=0.000663
StFcsFastSimulatorMaker:INFO  - ECAL det=1 id=537 volid=2538 e=0.001457
StFcsFastSimulatorMaker:INFO  - ECAL det=1 id=540 volid=2541 e=0.001910
StFcsFastSimulatorMaker:INFO  - ECAL det=1 id=550 volid=2551 e=0.004637
StFcsFastSimulatorMaker:INFO  - ECAL det=1 id=551 volid=2552 e=0.007017
StFcsFastSimulatorMaker:INFO  - ECAL det=1 id=552 volid=2553 e=0.002452
StFcsFastSimulatorMaker:INFO  - ECAL det=1 id=554 volid=2555 e=0.005507
StFcsFastSimulatorMaker:INFO  - ECAL det=1 id=555 volid=2556 e=0.000609
StFcsFastSimulatorMaker:INFO  - ECAL det=1 id=559 volid=2560 e=0.002490
StFcsFastSimulatorMaker:INFO  - ECAL det=1 id=566 volid=2567 e=0.000450
StFcsFastSimulatorMaker:INFO  - ECAL det=1 id=572 volid=2573 e=0.006608
StFcsFastSimulatorMaker:INFO  - ECAL det=1 id=574 volid=2575 e=0.000550
StFcsFastSimulatorMaker:INFO  - ECAL det=1 id=575 volid=2576 e=0.000519
StFcsFastSimulatorMaker:INFO  - ECAL det=1 id=577 volid=2578 e=0.003482
StFcsFastSimulatorMaker:INFO  - ECAL det=1 id=581 volid=2582 e=0.009563
StFcsFastSimulatorMaker:INFO  - ECAL det=1 id=587 volid=2588 e=0.002525
StFcsFastSimulatorMaker:INFO  - ECAL det=1 id=594 volid=2595 e=0.007903
StFcsFastSimulatorMaker:INFO  - ECAL det=1 id=595 volid=2596 e=0.014202
StFcsFastSimulatorMaker:INFO  - ECAL det=1 id=596 volid=2597 e=0.004294
StFcsFastSimulatorMaker:INFO  - ECAL det=1 id=597 volid=2598 e=0.013127
StFcsFastSimulatorMaker:INFO  - ECAL det=1 id=598 volid=2599 e=0.000382
StFcsFastSimulatorMaker:INFO  - ECAL det=1 id=599 volid=2600 e=0.002683
StFcsFastSimulatorMaker:INFO  - ECAL det=1 id=604 volid=2605 e=0.004792
StFcsFastSimulatorMaker:INFO  - ECAL det=1 id=605 volid=2606 e=0.000096
StFcsFastSimulatorMaker:INFO  - ECAL det=1 id=610 volid=2611 e=0.000176
StFcsFastSimulatorMaker:INFO  - ECAL det=1 id=616 volid=2617 e=0.006148
StFcsFastSimulatorMaker:INFO  - ECAL det=1 id=617 volid=2618 e=0.020047
StFcsFastSimulatorMaker:INFO  - ECAL det=1 id=620 volid=2621 e=0.003413
StFcsFastSimulatorMaker:INFO  - ECAL det=1 id=621 volid=2622 e=0.000868
StFcsFastSimulatorMaker:INFO  - ECAL det=1 id=622 volid=2623 e=0.002667
StFcsFastSimulatorMaker:INFO  - ECAL det=1 id=623 volid=2624 e=0.000097
StFcsFastSimulatorMaker:INFO  - ECAL det=1 id=624 volid=2625 e=0.001230
StFcsFastSimulatorMaker:INFO  - ECAL det=1 id=626 volid=2627 e=0.001715
StFcsFastSimulatorMaker:INFO  - ECAL det=1 id=627 volid=2628 e=0.004375
StFcsFastSimulatorMaker:INFO  - ECAL det=1 id=628 volid=2629 e=0.003231
StFcsFastSimulatorMaker:INFO  - ECAL det=1 id=629 volid=2630 e=0.006050
StFcsFastSimulatorMaker:INFO  - ECAL det=1 id=638 volid=2639 e=0.001596
StFcsFastSimulatorMaker:INFO  - ECAL det=1 id=639 volid=2640 e=0.002521
StFcsFastSimulatorMaker:INFO  - ECAL det=1 id=641 volid=2642 e=0.004791
StFcsFastSimulatorMaker:INFO  - ECAL det=1 id=642 volid=2643 e=0.004857
StFcsFastSimulatorMaker:INFO  - ECAL det=1 id=650 volid=2651 e=0.000102
StFcsFastSimulatorMaker:INFO  - ECAL det=1 id=653 volid=2654 e=0.001596
StFcsFastSimulatorMaker:INFO  - ECAL det=1 id=659 volid=2660 e=0.003745
StFcsFastSimulatorMaker:INFO  - ECAL det=1 id=660 volid=2661 e=0.000948
StFcsFastSimulatorMaker:INFO  - ECAL det=1 id=661 volid=2662 e=0.011918
StFcsFastSimulatorMaker:INFO  - ECAL det=1 id=667 volid=2668 e=0.001929
StFcsFastSimulatorMaker:INFO  - ECAL det=1 id=670 volid=2671 e=0.000135
StFcsFastSimulatorMaker:INFO  - ECAL det=1 id=681 volid=2682 e=0.007658
StFcsFastSimulatorMaker:INFO  - ECAL det=1 id=682 volid=2683 e=0.001664
StFcsFastSimulatorMaker:INFO  - ECAL det=1 id=683 volid=2684 e=0.001115
StFcsFastSimulatorMaker:INFO  - ECAL det=1 id=684 volid=2685 e=0.007291
StFcsFastSimulatorMaker:INFO  - ECAL det=1 id=686 volid=2687 e=0.000183
StFcsFastSimulatorMaker:INFO  - ECAL det=1 id=689 volid=2690 e=0.000075
StFcsFastSimulatorMaker:INFO  - ECAL det=1 id=695 volid=2696 e=0.000721
StFcsFastSimulatorMaker:INFO  - ECAL det=1 id=702 volid=2703 e=0.004999
StFcsFastSimulatorMaker:INFO  - ECAL det=1 id=704 volid=2705 e=0.000593
StFcsFastSimulatorMaker:INFO  - ECAL det=1 id=708 volid=2709 e=0.002002
StFcsFastSimulatorMaker:INFO  - ECAL det=1 id=711 volid=2712 e=0.001387
StFcsFastSimulatorMaker:INFO  - ECAL det=1 id=715 volid=2716 e=0.000530
StFcsFastSimulatorMaker:INFO  - ECAL det=1 id=717 volid=2718 e=0.000424
StFcsFastSimulatorMaker:INFO  - ECAL det=1 id=726 volid=2727 e=0.000821
StFcsFastSimulatorMaker:INFO  - ECAL det=1 id=727 volid=2728 e=0.000027
StFcsFastSimulatorMaker:INFO  - ECAL det=1 id=728 volid=2729 e=0.000629
StFcsFastSimulatorMaker:INFO  - ECAL det=1 id=729 volid=2730 e=0.000006
StFcsFastSimulatorMaker:INFO  - ECAL det=1 id=733 volid=2734 e=0.002775
StFcsFastSimulatorMaker:INFO  - ECAL det=1 id=740 volid=2741 e=0.003640
StFcsFastSimulatorMaker:INFO  - g2t_hca_hit table has 10 hit
StFcsFastSimulatorMaker:INFO  - HCAL det=2 id=97 volid= 1098 e=0.000890
StFcsFastSimulatorMaker:INFO  - HCAL det=2 id=104 volid= 1105 e=0.000002
StFcsFastSimulatorMaker:INFO  - HCAL det=2 id=117 volid= 1118 e=0.000086
StFcsFastSimulatorMaker:INFO  - HCAL det=2 id=143 volid= 1144 e=0.000059
StFcsFastSimulatorMaker:INFO  - HCAL det=2 id=156 volid= 1157 e=0.003367
StFcsFastSimulatorMaker:INFO  - HCAL det=2 id=221 volid= 1222 e=0.000804
StFcsFastSimulatorMaker:INFO  - HCAL det=3 id=182 volid= 2183 e=0.000595
StFcsFastSimulatorMaker:INFO  - HCAL det=3 id=195 volid= 2196 e=0.001577
StFcsFastSimulatorMaker:INFO  - HCAL det=3 id=208 volid= 2209 e=0.001269
StFcsFastSimulatorMaker:INFO  - HCAL det=3 id=234 volid= 2235 e=0.001045
StFcsFastSimulatorMaker:INFO  - g2t_epd_hit table is empty
StFcsFastSimulatorMaker:INFO  - Det=0 id=  1 dE=   0.000 SF= 0.200 gain= 0.005 corr= 1.000 ADC=   0 ZS= 1 digiE=   0.000
StFcsFastSimulatorMaker:INFO  - Det=0 id= 12 dE=   0.004 SF= 0.200 gain= 0.005 corr= 1.000 ADC=   3 ZS= 1 digiE=   0.016
StFcsFastSimulatorMaker:INFO  - Det=0 id= 30 dE=   0.001 SF= 0.200 gain= 0.005 corr= 1.000 ADC=   1 ZS= 1 digiE=   0.005
StFcsFastSimulatorMaker:INFO  - Det=0 id= 33 dE=   0.001 SF= 0.200 gain= 0.005 corr= 1.000 ADC=   1 ZS= 1 digiE=   0.005
StFcsFastSimulatorMaker:INFO  - Det=0 id= 48 dE=   0.004 SF= 0.200 gain= 0.005 corr= 1.000 ADC=   3 ZS= 1 digiE=   0.016
StFcsFastSimulatorMaker:INFO  - Det=0 id= 94 dE=   0.001 SF= 0.200 gain= 0.005 corr= 1.000 ADC=   0 ZS= 1 digiE=   0.000
StFcsFastSimulatorMaker:INFO  - Det=0 id=130 dE=   0.002 SF= 0.200 gain= 0.005 corr= 1.000 ADC=   1 ZS= 1 digiE=   0.005
StFcsFastSimulatorMaker:INFO  - Det=0 id=134 dE=   0.003 SF= 0.200 gain= 0.005 corr= 1.000 ADC=   2 ZS= 1 digiE=   0.011
StFcsFastSimulatorMaker:INFO  - Det=0 id=143 dE=   0.001 SF= 0.200 gain= 0.005 corr= 1.000 ADC=   1 ZS= 1 digiE=   0.005
StFcsFastSimulatorMaker:INFO  - Det=0 id=159 dE=   0.006 SF= 0.200 gain= 0.005 corr= 1.000 ADC=   5 ZS= 1 digiE=   0.026
StFcsFastSimulatorMaker:INFO  - Det=0 id=166 dE=   0.000 SF= 0.200 gain= 0.005 corr= 1.000 ADC=   0 ZS= 1 digiE=   0.000
StFcsFastSimulatorMaker:INFO  - Det=0 id=168 dE=   0.001 SF= 0.200 gain= 0.005 corr= 1.000 ADC=   0 ZS= 1 digiE=   0.000
StFcsFastSimulatorMaker:INFO  - Det=0 id=182 dE=   0.001 SF= 0.200 gain= 0.005 corr= 1.000 ADC=   0 ZS= 1 digiE=   0.000
StFcsFastSimulatorMaker:INFO  - Det=0 id=197 dE=   0.001 SF= 0.200 gain= 0.005 corr= 1.000 ADC=   1 ZS= 1 digiE=   0.005
StFcsFastSimulatorMaker:INFO  - Det=0 id=203 dE=   0.000 SF= 0.200 gain= 0.005 corr= 1.000 ADC=   0 ZS= 1 digiE=   0.000
StFcsFastSimulatorMaker:INFO  - Det=0 id=205 dE=   0.000 SF= 0.200 gain= 0.005 corr= 1.000 ADC=   0 ZS= 1 digiE=   0.000
StFcsFastSimulatorMaker:INFO  - Det=0 id=222 dE=   0.001 SF= 0.200 gain= 0.005 corr= 1.000 ADC=   1 ZS= 1 digiE=   0.005
StFcsFastSimulatorMaker:INFO  - Det=0 id=226 dE=   0.000 SF= 0.200 gain= 0.005 corr= 1.000 ADC=   0 ZS= 1 digiE=   0.000
StFcsFastSimulatorMaker:INFO  - Det=0 id=239 dE=   0.001 SF= 0.200 gain= 0.005 corr= 1.000 ADC=   0 ZS= 1 digiE=   0.000
StFcsFastSimulatorMaker:INFO  - Det=0 id=248 dE=   0.003 SF= 0.200 gain= 0.005 corr= 1.000 ADC=   2 ZS= 1 digiE=   0.011
StFcsFastSimulatorMaker:INFO  - Det=0 id=255 dE=   0.001 SF= 0.200 gain= 0.005 corr= 1.000 ADC=   0 ZS= 1 digiE=   0.000
StFcsFastSimulatorMaker:INFO  - Det=0 id=261 dE=   0.002 SF= 0.200 gain= 0.005 corr= 1.000 ADC=   1 ZS= 1 digiE=   0.005
StFcsFastSimulatorMaker:INFO  - Det=0 id=263 dE=   0.008 SF= 0.200 gain= 0.005 corr= 1.000 ADC=   7 ZS= 1 digiE=   0.037
StFcsFastSimulatorMaker:INFO  - Det=0 id=274 dE=   0.001 SF= 0.200 gain= 0.005 corr= 1.000 ADC=   1 ZS= 1 digiE=   0.005
StFcsFastSimulatorMaker:INFO  - Det=0 id=286 dE=   0.001 SF= 0.200 gain= 0.005 corr= 1.000 ADC=   0 ZS= 1 digiE=   0.000
StFcsFastSimulatorMaker:INFO  - Det=0 id=294 dE=   0.009 SF= 0.200 gain= 0.005 corr= 1.000 ADC=   8 ZS= 1 digiE=   0.042
StFcsFastSimulatorMaker:INFO  - Det=0 id=315 dE=   0.001 SF= 0.200 gain= 0.005 corr= 1.000 ADC=   0 ZS= 1 digiE=   0.000
StFcsFastSimulatorMaker:INFO  - Det=0 id=316 dE=   0.000 SF= 0.200 gain= 0.005 corr= 1.000 ADC=   0 ZS= 1 digiE=   0.000
StFcsFastSimulatorMaker:INFO  - Det=0 id=317 dE=   0.002 SF= 0.200 gain= 0.005 corr= 1.000 ADC=   2 ZS= 1 digiE=   0.011
StFcsFastSimulatorMaker:INFO  - Det=0 id=325 dE=   0.001 SF= 0.200 gain= 0.005 corr= 1.000 ADC=   1 ZS= 1 digiE=   0.005
StFcsFastSimulatorMaker:INFO  - Det=0 id=329 dE=   0.001 SF= 0.200 gain= 0.005 corr= 1.000 ADC=   0 ZS= 1 digiE=   0.000
StFcsFastSimulatorMaker:INFO  - Det=0 id=331 dE=   0.001 SF= 0.200 gain= 0.005 corr= 1.000 ADC=   0 ZS= 1 digiE=   0.000
StFcsFastSimulatorMaker:INFO  - Det=0 id=334 dE=   0.000 SF= 0.200 gain= 0.005 corr= 1.000 ADC=   0 ZS= 1 digiE=   0.000
StFcsFastSimulatorMaker:INFO  - Det=0 id=352 dE=   0.004 SF= 0.200 gain= 0.005 corr= 1.000 ADC=   4 ZS= 1 digiE=   0.021
StFcsFastSimulatorMaker:INFO  - Det=0 id=353 dE=   0.013 SF= 0.200 gain= 0.005 corr= 1.000 ADC=  12 ZS= 1 digiE=   0.064
StFcsFastSimulatorMaker:INFO  - Det=0 id=354 dE=   0.000 SF= 0.200 gain= 0.005 corr= 1.000 ADC=   0 ZS= 1 digiE=   0.000
StFcsFastSimulatorMaker:INFO  - Det=0 id=355 dE=   0.001 SF= 0.200 gain= 0.005 corr= 1.000 ADC=   0 ZS= 1 digiE=   0.000
StFcsFastSimulatorMaker:INFO  - Det=0 id=357 dE=   0.000 SF= 0.200 gain= 0.005 corr= 1.000 ADC=   0 ZS= 1 digiE=   0.000
StFcsFastSimulatorMaker:INFO  - Det=0 id=364 dE=   0.001 SF= 0.200 gain= 0.005 corr= 1.000 ADC=   0 ZS= 1 digiE=   0.000
StFcsFastSimulatorMaker:INFO  - Det=0 id=371 dE=   0.008 SF= 0.200 gain= 0.005 corr= 1.000 ADC=   7 ZS= 1 digiE=   0.037
StFcsFastSimulatorMaker:INFO  - Det=0 id=377 dE=   0.009 SF= 0.200 gain= 0.005 corr= 1.000 ADC=   8 ZS= 1 digiE=   0.042
StFcsFastSimulatorMaker:INFO  - Det=0 id=384 dE=   0.008 SF= 0.200 gain= 0.005 corr= 1.000 ADC=   7 ZS= 1 digiE=   0.037
StFcsFastSimulatorMaker:INFO  - Det=0 id=385 dE=   0.002 SF= 0.200 gain= 0.005 corr= 1.000 ADC=   1 ZS= 1 digiE=   0.005
StFcsFastSimulatorMaker:INFO  - Det=0 id=396 dE=   0.020 SF= 0.200 gain= 0.005 corr= 1.000 ADC=  19 ZS= 1 digiE=   0.101
StFcsFastSimulatorMaker:INFO  - Det=0 id=397 dE=   0.007 SF= 0.200 gain= 0.005 corr= 1.000 ADC=   7 ZS= 1 digiE=   0.037
StFcsFastSimulatorMaker:INFO  - Det=0 id=399 dE=   0.001 SF= 0.200 gain= 0.005 corr= 1.000 ADC=   1 ZS= 1 digiE=   0.005
StFcsFastSimulatorMaker:INFO  - Det=0 id=402 dE=   0.000 SF= 0.200 gain= 0.005 corr= 1.000 ADC=   0 ZS= 1 digiE=   0.000
StFcsFastSimulatorMaker:INFO  - Det=0 id=403 dE=   0.008 SF= 0.200 gain= 0.005 corr= 1.000 ADC=   7 ZS= 1 digiE=   0.037
StFcsFastSimulatorMaker:INFO  - Det=0 id=418 dE=   0.002 SF= 0.200 gain= 0.005 corr= 1.000 ADC=   2 ZS= 1 digiE=   0.011
StFcsFastSimulatorMaker:INFO  - Det=0 id=419 dE=   0.003 SF= 0.200 gain= 0.005 corr= 1.000 ADC=   2 ZS= 1 digiE=   0.011
StFcsFastSimulatorMaker:INFO  - Det=0 id=420 dE=   0.007 SF= 0.200 gain= 0.005 corr= 1.000 ADC=   6 ZS= 1 digiE=   0.032
StFcsFastSimulatorMaker:INFO  - Det=0 id=421 dE=   0.009 SF= 0.200 gain= 0.005 corr= 1.000 ADC=   8 ZS= 1 digiE=   0.042
StFcsFastSimulatorMaker:INFO  - Det=0 id=426 dE=   0.003 SF= 0.200 gain= 0.005 corr= 1.000 ADC=   3 ZS= 1 digiE=   0.016
StFcsFastSimulatorMaker:INFO  - Det=0 id=427 dE=   0.000 SF= 0.200 gain= 0.005 corr= 1.000 ADC=   0 ZS= 1 digiE=   0.000
StFcsFastSimulatorMaker:INFO  - Det=0 id=440 dE=   0.008 SF= 0.200 gain= 0.005 corr= 1.000 ADC=   7 ZS= 1 digiE=   0.037
StFcsFastSimulatorMaker:INFO  - Det=0 id=443 dE=   0.007 SF= 0.200 gain= 0.005 corr= 1.000 ADC=   6 ZS= 1 digiE=   0.032
StFcsFastSimulatorMaker:INFO  - Det=0 id=444 dE=   0.003 SF= 0.200 gain= 0.005 corr= 1.000 ADC=   2 ZS= 1 digiE=   0.011
StFcsFastSimulatorMaker:INFO  - Det=0 id=446 dE=   0.000 SF= 0.200 gain= 0.005 corr= 1.000 ADC=   0 ZS= 1 digiE=   0.000
StFcsFastSimulatorMaker:INFO  - Det=0 id=447 dE=   0.000 SF= 0.200 gain= 0.005 corr= 1.000 ADC=   0 ZS= 1 digiE=   0.000
StFcsFastSimulatorMaker:INFO  - Det=0 id=448 dE=   0.004 SF= 0.200 gain= 0.005 corr= 1.000 ADC=   3 ZS= 1 digiE=   0.016
StFcsFastSimulatorMaker:INFO  - Det=0 id=458 dE=   0.000 SF= 0.200 gain= 0.005 corr= 1.000 ADC=   0 ZS= 1 digiE=   0.000
StFcsFastSimulatorMaker:INFO  - Det=0 id=462 dE=   0.023 SF= 0.200 gain= 0.005 corr= 1.000 ADC=  21 ZS= 1 digiE=   0.111
StFcsFastSimulatorMaker:INFO  - Det=0 id=465 dE=   0.010 SF= 0.200 gain= 0.005 corr= 1.000 ADC=   9 ZS= 1 digiE=   0.048
StFcsFastSimulatorMaker:INFO  - Det=0 id=466 dE=   0.004 SF= 0.200 gain= 0.005 corr= 1.000 ADC=   3 ZS= 1 digiE=   0.016
StFcsFastSimulatorMaker:INFO  - Det=0 id=467 dE=   0.001 SF= 0.200 gain= 0.005 corr= 1.000 ADC=   1 ZS= 1 digiE=   0.005
StFcsFastSimulatorMaker:INFO  - Det=0 id=468 dE=   0.001 SF= 0.200 gain= 0.005 corr= 1.000 ADC=   0 ZS= 1 digiE=   0.000
StFcsFastSimulatorMaker:INFO  - Det=0 id=470 dE=   0.000 SF= 0.200 gain= 0.005 corr= 1.000 ADC=   0 ZS= 1 digiE=   0.000
StFcsFastSimulatorMaker:INFO  - Det=0 id=480 dE=   0.001 SF= 0.200 gain= 0.005 corr= 1.000 ADC=   0 ZS= 1 digiE=   0.000
StFcsFastSimulatorMaker:INFO  - Det=0 id=481 dE=   0.002 SF= 0.200 gain= 0.005 corr= 1.000 ADC=   1 ZS= 1 digiE=   0.005
StFcsFastSimulatorMaker:INFO  - Det=0 id=484 dE=   0.018 SF= 0.200 gain= 0.005 corr= 1.000 ADC=  17 ZS= 1 digiE=   0.090
StFcsFastSimulatorMaker:INFO  - Det=0 id=485 dE=   0.003 SF= 0.200 gain= 0.005 corr= 1.000 ADC=   2 ZS= 1 digiE=   0.011
StFcsFastSimulatorMaker:INFO  - Det=0 id=486 dE=   0.002 SF= 0.200 gain= 0.005 corr= 1.000 ADC=   1 ZS= 1 digiE=   0.005
StFcsFastSimulatorMaker:INFO  - Det=0 id=490 dE=   0.002 SF= 0.200 gain= 0.005 corr= 1.000 ADC=   2 ZS= 1 digiE=   0.011
StFcsFastSimulatorMaker:INFO  - Det=0 id=491 dE=   0.003 SF= 0.200 gain= 0.005 corr= 1.000 ADC=   3 ZS= 1 digiE=   0.016
StFcsFastSimulatorMaker:INFO  - Det=0 id=492 dE=   0.011 SF= 0.200 gain= 0.005 corr= 1.000 ADC=   9 ZS= 1 digiE=   0.048
StFcsFastSimulatorMaker:INFO  - Det=0 id=493 dE=   0.001 SF= 0.200 gain= 0.005 corr= 1.000 ADC=   0 ZS= 1 digiE=   0.000
StFcsFastSimulatorMaker:INFO  - Det=0 id=494 dE=   0.017 SF= 0.200 gain= 0.005 corr= 1.000 ADC=  15 ZS= 1 digiE=   0.079
StFcsFastSimulatorMaker:INFO  - Det=0 id=506 dE=   0.005 SF= 0.200 gain= 0.005 corr= 1.000 ADC=   5 ZS= 1 digiE=   0.026
StFcsFastSimulatorMaker:INFO  - Det=0 id=508 dE=   0.007 SF= 0.200 gain= 0.005 corr= 1.000 ADC=   7 ZS= 1 digiE=   0.037
StFcsFastSimulatorMaker:INFO  - Det=0 id=509 dE=   0.006 SF= 0.200 gain= 0.005 corr= 1.000 ADC=   5 ZS= 1 digiE=   0.026
StFcsFastSimulatorMaker:INFO  - Det=0 id=511 dE=   0.005 SF= 0.200 gain= 0.005 corr= 1.000 ADC=   4 ZS= 1 digiE=   0.021
StFcsFastSimulatorMaker:INFO  - Det=0 id=512 dE=   0.002 SF= 0.200 gain= 0.005 corr= 1.000 ADC=   1 ZS= 1 digiE=   0.005
StFcsFastSimulatorMaker:INFO  - Det=0 id=513 dE=   0.004 SF= 0.200 gain= 0.005 corr= 1.000 ADC=   3 ZS= 1 digiE=   0.016
StFcsFastSimulatorMaker:INFO  - Det=0 id=514 dE=   0.008 SF= 0.200 gain= 0.005 corr= 1.000 ADC=   7 ZS= 1 digiE=   0.037
StFcsFastSimulatorMaker:INFO  - Det=0 id=516 dE=   0.000 SF= 0.200 gain= 0.005 corr= 1.000 ADC=   0 ZS= 1 digiE=   0.000
StFcsFastSimulatorMaker:INFO  - Det=0 id=527 dE=   0.003 SF= 0.200 gain= 0.005 corr= 1.000 ADC=   2 ZS= 1 digiE=   0.011
StFcsFastSimulatorMaker:INFO  - Det=0 id=528 dE=   0.016 SF= 0.200 gain= 0.005 corr= 1.000 ADC=  15 ZS= 1 digiE=   0.079
StFcsFastSimulatorMaker:INFO  - Det=0 id=529 dE=   0.004 SF= 0.200 gain= 0.005 corr= 1.000 ADC=   4 ZS= 1 digiE=   0.021
StFcsFastSimulatorMaker:INFO  - Det=0 id=530 dE=   0.023 SF= 0.200 gain= 0.005 corr= 1.000 ADC=  22 ZS= 1 digiE=   0.117
StFcsFastSimulatorMaker:INFO  - Det=0 id=532 dE=   0.002 SF= 0.200 gain= 0.005 corr= 1.000 ADC=   1 ZS= 1 digiE=   0.005
StFcsFastSimulatorMaker:INFO  - Det=0 id=533 dE=   0.009 SF= 0.200 gain= 0.005 corr= 1.000 ADC=   8 ZS= 1 digiE=   0.042
StFcsFastSimulatorMaker:INFO  - Det=0 id=534 dE=   0.007 SF= 0.200 gain= 0.005 corr= 1.000 ADC=   6 ZS= 1 digiE=   0.032
StFcsFastSimulatorMaker:INFO  - Det=0 id=536 dE=   0.003 SF= 0.200 gain= 0.005 corr= 1.000 ADC=   2 ZS= 1 digiE=   0.011
StFcsFastSimulatorMaker:INFO  - Det=0 id=550 dE=   0.001 SF= 0.200 gain= 0.005 corr= 1.000 ADC=   1 ZS= 1 digiE=   0.005
StFcsFastSimulatorMaker:INFO  - Det=0 id=552 dE=   0.013 SF= 0.200 gain= 0.005 corr= 1.000 ADC=  12 ZS= 1 digiE=   0.064
StFcsFastSimulatorMaker:INFO  - Det=0 id=554 dE=   0.000 SF= 0.200 gain= 0.005 corr= 1.000 ADC=   0 ZS= 1 digiE=   0.000
StFcsFastSimulatorMaker:INFO  - Det=0 id=555 dE=   0.013 SF= 0.200 gain= 0.005 corr= 1.000 ADC=  12 ZS= 1 digiE=   0.064
StFcsFastSimulatorMaker:INFO  - Det=0 id=556 dE=   0.001 SF= 0.200 gain= 0.005 corr= 1.000 ADC=   0 ZS= 1 digiE=   0.000
StFcsFastSimulatorMaker:INFO  - Det=0 id=557 dE=   0.000 SF= 0.200 gain= 0.005 corr= 1.000 ADC=   0 ZS= 1 digiE=   0.000
StFcsFastSimulatorMaker:INFO  - Det=0 id=560 dE=   0.001 SF= 0.200 gain= 0.005 corr= 1.000 ADC=   1 ZS= 1 digiE=   0.005
StFcsFastSimulatorMaker:INFO  - Det=0 id=562 dE=   0.001 SF= 0.200 gain= 0.005 corr= 1.000 ADC=   0 ZS= 1 digiE=   0.000
StFcsFastSimulatorMaker:INFO  - Det=0 id=564 dE=   0.002 SF= 0.200 gain= 0.005 corr= 1.000 ADC=   1 ZS= 1 digiE=   0.005
StFcsFastSimulatorMaker:INFO  - Det=0 id=572 dE=   0.001 SF= 0.200 gain= 0.005 corr= 1.000 ADC=   1 ZS= 1 digiE=   0.005
StFcsFastSimulatorMaker:INFO  - Det=0 id=575 dE=   0.006 SF= 0.200 gain= 0.005 corr= 1.000 ADC=   5 ZS= 1 digiE=   0.026
StFcsFastSimulatorMaker:INFO  - Det=0 id=576 dE=   0.000 SF= 0.200 gain= 0.005 corr= 1.000 ADC=   0 ZS= 1 digiE=   0.000
StFcsFastSimulatorMaker:INFO  - Det=0 id=577 dE=   0.007 SF= 0.200 gain= 0.005 corr= 1.000 ADC=   6 ZS= 1 digiE=   0.032
StFcsFastSimulatorMaker:INFO  - Det=0 id=583 dE=   0.001 SF= 0.200 gain= 0.005 corr= 1.000 ADC=   0 ZS= 1 digiE=   0.000
StFcsFastSimulatorMaker:INFO  - Det=0 id=594 dE=   0.007 SF= 0.200 gain= 0.005 corr= 1.000 ADC=   6 ZS= 1 digiE=   0.032
StFcsFastSimulatorMaker:INFO  - Det=0 id=595 dE=   0.002 SF= 0.200 gain= 0.005 corr= 1.000 ADC=   2 ZS= 1 digiE=   0.011
StFcsFastSimulatorMaker:INFO  - Det=0 id=597 dE=   0.001 SF= 0.200 gain= 0.005 corr= 1.000 ADC=   1 ZS= 1 digiE=   0.005
StFcsFastSimulatorMaker:INFO  - Det=0 id=599 dE=   0.005 SF= 0.200 gain= 0.005 corr= 1.000 ADC=   4 ZS= 1 digiE=   0.021
StFcsFastSimulatorMaker:INFO  - Det=0 id=601 dE=   0.008 SF= 0.200 gain= 0.005 corr= 1.000 ADC=   7 ZS= 1 digiE=   0.037
StFcsFastSimulatorMaker:INFO  - Det=0 id=602 dE=   0.004 SF= 0.200 gain= 0.005 corr= 1.000 ADC=   4 ZS= 1 digiE=   0.021
StFcsFastSimulatorMaker:INFO  - Det=0 id=603 dE=   0.002 SF= 0.200 gain= 0.005 corr= 1.000 ADC=   2 ZS= 1 digiE=   0.011
StFcsFastSimulatorMaker:INFO  - Det=0 id=613 dE=   0.001 SF= 0.200 gain= 0.005 corr= 1.000 ADC=   0 ZS= 1 digiE=   0.000
StFcsFastSimulatorMaker:INFO  - Det=0 id=616 dE=   0.005 SF= 0.200 gain= 0.005 corr= 1.000 ADC=   5 ZS= 1 digiE=   0.026
StFcsFastSimulatorMaker:INFO  - Det=0 id=618 dE=   0.004 SF= 0.200 gain= 0.005 corr= 1.000 ADC=   3 ZS= 1 digiE=   0.016
StFcsFastSimulatorMaker:INFO  - Det=0 id=619 dE=   0.007 SF= 0.200 gain= 0.005 corr= 1.000 ADC=   6 ZS= 1 digiE=   0.032
StFcsFastSimulatorMaker:INFO  - Det=0 id=624 dE=   0.000 SF= 0.200 gain= 0.005 corr= 1.000 ADC=   0 ZS= 1 digiE=   0.000
StFcsFastSimulatorMaker:INFO  - Det=0 id=628 dE=   0.001 SF= 0.200 gain= 0.005 corr= 1.000 ADC=   0 ZS= 1 digiE=   0.000
StFcsFastSimulatorMaker:INFO  - Det=0 id=639 dE=   0.002 SF= 0.200 gain= 0.005 corr= 1.000 ADC=   1 ZS= 1 digiE=   0.005
StFcsFastSimulatorMaker:INFO  - Det=0 id=640 dE=   0.006 SF= 0.200 gain= 0.005 corr= 1.000 ADC=   5 ZS= 1 digiE=   0.026
StFcsFastSimulatorMaker:INFO  - Det=0 id=643 dE=   0.005 SF= 0.200 gain= 0.005 corr= 1.000 ADC=   4 ZS= 1 digiE=   0.021
StFcsFastSimulatorMaker:INFO  - Det=0 id=649 dE=   0.000 SF= 0.200 gain= 0.005 corr= 1.000 ADC=   0 ZS= 1 digiE=   0.000
StFcsFastSimulatorMaker:INFO  - Det=0 id=661 dE=   0.002 SF= 0.200 gain= 0.005 corr= 1.000 ADC=   1 ZS= 1 digiE=   0.005
StFcsFastSimulatorMaker:INFO  - Det=0 id=662 dE=   0.002 SF= 0.200 gain= 0.005 corr= 1.000 ADC=   1 ZS= 1 digiE=   0.005
StFcsFastSimulatorMaker:INFO  - Det=0 id=664 dE=   0.006 SF= 0.200 gain= 0.005 corr= 1.000 ADC=   6 ZS= 1 digiE=   0.032
StFcsFastSimulatorMaker:INFO  - Det=0 id=665 dE=   0.006 SF= 0.200 gain= 0.005 corr= 1.000 ADC=   5 ZS= 1 digiE=   0.026
StFcsFastSimulatorMaker:INFO  - Det=0 id=671 dE=   0.000 SF= 0.200 gain= 0.005 corr= 1.000 ADC=   0 ZS= 1 digiE=   0.000
StFcsFastSimulatorMaker:INFO  - Det=0 id=683 dE=   0.005 SF= 0.200 gain= 0.005 corr= 1.000 ADC=   4 ZS= 1 digiE=   0.021
StFcsFastSimulatorMaker:INFO  - Det=0 id=704 dE=   0.001 SF= 0.200 gain= 0.005 corr= 1.000 ADC=   0 ZS= 1 digiE=   0.000
StFcsFastSimulatorMaker:INFO  - Det=0 id=709 dE=   0.001 SF= 0.200 gain= 0.005 corr= 1.000 ADC=   0 ZS= 1 digiE=   0.000
StFcsFastSimulatorMaker:INFO  - Det=0 id=711 dE=   0.001 SF= 0.200 gain= 0.005 corr= 1.000 ADC=   0 ZS= 1 digiE=   0.000
StFcsFastSimulatorMaker:INFO  - Det=0 id=713 dE=   0.003 SF= 0.200 gain= 0.005 corr= 1.000 ADC=   2 ZS= 1 digiE=   0.011
StFcsFastSimulatorMaker:INFO  - Det=0 id=714 dE=   0.000 SF= 0.200 gain= 0.005 corr= 1.000 ADC=   0 ZS= 1 digiE=   0.000
StFcsFastSimulatorMaker:INFO  - Det=0 id=715 dE=   0.001 SF= 0.200 gain= 0.005 corr= 1.000 ADC=   0 ZS= 1 digiE=   0.000
StFcsFastSimulatorMaker:INFO  - Det=0 id=716 dE=   0.001 SF= 0.200 gain= 0.005 corr= 1.000 ADC=   1 ZS= 1 digiE=   0.005
StFcsFastSimulatorMaker:INFO  - Det=0 id=718 dE=   0.001 SF= 0.200 gain= 0.005 corr= 1.000 ADC=   1 ZS= 1 digiE=   0.005
StFcsFastSimulatorMaker:INFO  - Det=0 id=726 dE=   0.000 SF= 0.200 gain= 0.005 corr= 1.000 ADC=   0 ZS= 1 digiE=   0.000
StFcsFastSimulatorMaker:INFO  - Det=0 id=729 dE=   0.001 SF= 0.200 gain= 0.005 corr= 1.000 ADC=   0 ZS= 1 digiE=   0.000
StFcsFastSimulatorMaker:INFO  - Det=0 id=731 dE=   0.001 SF= 0.200 gain= 0.005 corr= 1.000 ADC=   1 ZS= 1 digiE=   0.005
StFcsFastSimulatorMaker:INFO  - Det=0 id=739 dE=   0.005 SF= 0.200 gain= 0.005 corr= 1.000 ADC=   4 ZS= 1 digiE=   0.021
StFcsFastSimulatorMaker:INFO  - Det=1 id=  4 dE=   0.008 SF= 0.200 gain= 0.005 corr= 1.000 ADC=   7 ZS= 1 digiE=   0.037
StFcsFastSimulatorMaker:INFO  - Det=1 id= 10 dE=   0.006 SF= 0.200 gain= 0.005 corr= 1.000 ADC=   5 ZS= 1 digiE=   0.026
StFcsFastSimulatorMaker:INFO  - Det=1 id= 28 dE=   0.001 SF= 0.200 gain= 0.005 corr= 1.000 ADC=   0 ZS= 1 digiE=   0.000
StFcsFastSimulatorMaker:INFO  - Det=1 id= 31 dE=   0.004 SF= 0.200 gain= 0.005 corr= 1.000 ADC=   4 ZS= 1 digiE=   0.021
StFcsFastSimulatorMaker:INFO  - Det=1 id= 32 dE=   0.001 SF= 0.200 gain= 0.005 corr= 1.000 ADC=   1 ZS= 1 digiE=   0.005
StFcsFastSimulatorMaker:INFO  - Det=1 id= 33 dE=   0.001 SF= 0.200 gain= 0.005 corr= 1.000 ADC=   0 ZS= 1 digiE=   0.000
StFcsFastSimulatorMaker:INFO  - Det=1 id= 63 dE=   0.000 SF= 0.200 gain= 0.005 corr= 1.000 ADC=   0 ZS= 1 digiE=   0.000
StFcsFastSimulatorMaker:INFO  - Det=1 id= 69 dE=   0.001 SF= 0.200 gain= 0.005 corr= 1.000 ADC=   0 ZS= 1 digiE=   0.000
StFcsFastSimulatorMaker:INFO  - Det=1 id= 89 dE=   0.005 SF= 0.200 gain= 0.005 corr= 1.000 ADC=   4 ZS= 1 digiE=   0.021
StFcsFastSimulatorMaker:INFO  - Det=1 id= 94 dE=   0.000 SF= 0.200 gain= 0.005 corr= 1.000 ADC=   0 ZS= 1 digiE=   0.000
StFcsFastSimulatorMaker:INFO  - Det=1 id=111 dE=   0.002 SF= 0.200 gain= 0.005 corr= 1.000 ADC=   1 ZS= 1 digiE=   0.005
StFcsFastSimulatorMaker:INFO  - Det=1 id=112 dE=   0.001 SF= 0.200 gain= 0.005 corr= 1.000 ADC=   1 ZS= 1 digiE=   0.005
StFcsFastSimulatorMaker:INFO  - Det=1 id=129 dE=   0.001 SF= 0.200 gain= 0.005 corr= 1.000 ADC=   1 ZS= 1 digiE=   0.005
StFcsFastSimulatorMaker:INFO  - Det=1 id=130 dE=   0.005 SF= 0.200 gain= 0.005 corr= 1.000 ADC=   4 ZS= 1 digiE=   0.021
StFcsFastSimulatorMaker:INFO  - Det=1 id=133 dE=   0.007 SF= 0.200 gain= 0.005 corr= 1.000 ADC=   7 ZS= 1 digiE=   0.037
StFcsFastSimulatorMaker:INFO  - Det=1 id=140 dE=   0.001 SF= 0.200 gain= 0.005 corr= 1.000 ADC=   0 ZS= 1 digiE=   0.000
StFcsFastSimulatorMaker:INFO  - Det=1 id=143 dE=   0.000 SF= 0.200 gain= 0.005 corr= 1.000 ADC=   0 ZS= 1 digiE=   0.000
StFcsFastSimulatorMaker:INFO  - Det=1 id=151 dE=   0.001 SF= 0.200 gain= 0.005 corr= 1.000 ADC=   0 ZS= 1 digiE=   0.000
StFcsFastSimulatorMaker:INFO  - Det=1 id=159 dE=   0.001 SF= 0.200 gain= 0.005 corr= 1.000 ADC=   0 ZS= 1 digiE=   0.000
StFcsFastSimulatorMaker:INFO  - Det=1 id=162 dE=   0.006 SF= 0.200 gain= 0.005 corr= 1.000 ADC=   5 ZS= 1 digiE=   0.026
StFcsFastSimulatorMaker:INFO  - Det=1 id=165 dE=   0.001 SF= 0.200 gain= 0.005 corr= 1.000 ADC=   1 ZS= 1 digiE=   0.005
StFcsFastSimulatorMaker:INFO  - Det=1 id=180 dE=   0.000 SF= 0.200 gain= 0.005 corr= 1.000 ADC=   0 ZS= 1 digiE=   0.000
StFcsFastSimulatorMaker:INFO  - Det=1 id=181 dE=   0.004 SF= 0.200 gain= 0.005 corr= 1.000 ADC=   3 ZS= 1 digiE=   0.016
StFcsFastSimulatorMaker:INFO  - Det=1 id=183 dE=   0.001 SF= 0.200 gain= 0.005 corr= 1.000 ADC=   0 ZS= 1 digiE=   0.000
StFcsFastSimulatorMaker:INFO  - Det=1 id=196 dE=   0.001 SF= 0.200 gain= 0.005 corr= 1.000 ADC=   0 ZS= 1 digiE=   0.000
StFcsFastSimulatorMaker:INFO  - Det=1 id=197 dE=   0.003 SF= 0.200 gain= 0.005 corr= 1.000 ADC=   2 ZS= 1 digiE=   0.011
StFcsFastSimulatorMaker:INFO  - Det=1 id=210 dE=   0.001 SF= 0.200 gain= 0.005 corr= 1.000 ADC=   0 ZS= 1 digiE=   0.000
StFcsFastSimulatorMaker:INFO  - Det=1 id=243 dE=   0.000 SF= 0.200 gain= 0.005 corr= 1.000 ADC=   0 ZS= 1 digiE=   0.000
StFcsFastSimulatorMaker:INFO  - Det=1 id=244 dE=   0.002 SF= 0.200 gain= 0.005 corr= 1.000 ADC=   1 ZS= 1 digiE=   0.005
StFcsFastSimulatorMaker:INFO  - Det=1 id=266 dE=   0.005 SF= 0.200 gain= 0.005 corr= 1.000 ADC=   4 ZS= 1 digiE=   0.021
StFcsFastSimulatorMaker:INFO  - Det=1 id=270 dE=   0.006 SF= 0.200 gain= 0.005 corr= 1.000 ADC=   5 ZS= 1 digiE=   0.026
StFcsFastSimulatorMaker:INFO  - Det=1 id=272 dE=   0.002 SF= 0.200 gain= 0.005 corr= 1.000 ADC=   1 ZS= 1 digiE=   0.005
StFcsFastSimulatorMaker:INFO  - Det=1 id=286 dE=   0.001 SF= 0.200 gain= 0.005 corr= 1.000 ADC=   1 ZS= 1 digiE=   0.005
StFcsFastSimulatorMaker:INFO  - Det=1 id=289 dE=   0.006 SF= 0.200 gain= 0.005 corr= 1.000 ADC=   5 ZS= 1 digiE=   0.026
StFcsFastSimulatorMaker:INFO  - Det=1 id=294 dE=   0.008 SF= 0.200 gain= 0.005 corr= 1.000 ADC=   7 ZS= 1 digiE=   0.037
StFcsFastSimulatorMaker:INFO  - Det=1 id=295 dE=   0.001 SF= 0.200 gain= 0.005 corr= 1.000 ADC=   0 ZS= 1 digiE=   0.000
StFcsFastSimulatorMaker:INFO  - Det=1 id=301 dE=   0.001 SF= 0.200 gain= 0.005 corr= 1.000 ADC=   0 ZS= 1 digiE=   0.000
StFcsFastSimulatorMaker:INFO  - Det=1 id=302 dE=   0.001 SF= 0.200 gain= 0.005 corr= 1.000 ADC=   1 ZS= 1 digiE=   0.005
StFcsFastSimulatorMaker:INFO  - Det=1 id=309 dE=   0.004 SF= 0.200 gain= 0.005 corr= 1.000 ADC=   3 ZS= 1 digiE=   0.016
StFcsFastSimulatorMaker:INFO  - Det=1 id=313 dE=   0.001 SF= 0.200 gain= 0.005 corr= 1.000 ADC=   1 ZS= 1 digiE=   0.005
StFcsFastSimulatorMaker:INFO  - Det=1 id=314 dE=   0.008 SF= 0.200 gain= 0.005 corr= 1.000 ADC=   7 ZS= 1 digiE=   0.037
StFcsFastSimulatorMaker:INFO  - Det=1 id=317 dE=   0.000 SF= 0.200 gain= 0.005 corr= 1.000 ADC=   0 ZS= 1 digiE=   0.000
StFcsFastSimulatorMaker:INFO  - Det=1 id=323 dE=   0.002 SF= 0.200 gain= 0.005 corr= 1.000 ADC=   2 ZS= 1 digiE=   0.011
StFcsFastSimulatorMaker:INFO  - Det=1 id=333 dE=   0.000 SF= 0.200 gain= 0.005 corr= 1.000 ADC=   0 ZS= 1 digiE=   0.000
StFcsFastSimulatorMaker:INFO  - Det=1 id=334 dE=   0.007 SF= 0.200 gain= 0.005 corr= 1.000 ADC=   6 ZS= 1 digiE=   0.032
StFcsFastSimulatorMaker:INFO  - Det=1 id=335 dE=   0.005 SF= 0.200 gain= 0.005 corr= 1.000 ADC=   4 ZS= 1 digiE=   0.021
StFcsFastSimulatorMaker:INFO  - Det=1 id=336 dE=   0.006 SF= 0.200 gain= 0.005 corr= 1.000 ADC=   5 ZS= 1 digiE=   0.026
StFcsFastSimulatorMaker:INFO  - Det=1 id=339 dE=   0.008 SF= 0.200 gain= 0.005 corr= 1.000 ADC=   7 ZS= 1 digiE=   0.037
StFcsFastSimulatorMaker:INFO  - Det=1 id=340 dE=   0.002 SF= 0.200 gain= 0.005 corr= 1.000 ADC=   2 ZS= 1 digiE=   0.011
StFcsFastSimulatorMaker:INFO  - Det=1 id=353 dE=   0.002 SF= 0.200 gain= 0.005 corr= 1.000 ADC=   1 ZS= 1 digiE=   0.005
StFcsFastSimulatorMaker:INFO  - Det=1 id=354 dE=   0.002 SF= 0.200 gain= 0.005 corr= 1.000 ADC=   1 ZS= 1 digiE=   0.005
StFcsFastSimulatorMaker:INFO  - Det=1 id=355 dE=   0.000 SF= 0.200 gain= 0.005 corr= 1.000 ADC=   0 ZS= 1 digiE=   0.000
StFcsFastSimulatorMaker:INFO  - Det=1 id=356 dE=   0.002 SF= 0.200 gain= 0.005 corr= 1.000 ADC=   1 ZS= 1 digiE=   0.005
StFcsFastSimulatorMaker:INFO  - Det=1 id=357 dE=   0.002 SF= 0.200 gain= 0.005 corr= 1.000 ADC=   1 ZS= 1 digiE=   0.005
StFcsFastSimulatorMaker:INFO  - Det=1 id=358 dE=   0.005 SF= 0.200 gain= 0.005 corr= 1.000 ADC=   5 ZS= 1 digiE=   0.026
StFcsFastSimulatorMaker:INFO  - Det=1 id=361 dE=   0.001 SF= 0.200 gain= 0.005 corr= 1.000 ADC=   0 ZS= 1 digiE=   0.000
StFcsFastSimulatorMaker:INFO  - Det=1 id=362 dE=   0.001 SF= 0.200 gain= 0.005 corr= 1.000 ADC=   1 ZS= 1 digiE=   0.005
StFcsFastSimulatorMaker:INFO  - Det=1 id=375 dE=   0.000 SF= 0.200 gain= 0.005 corr= 1.000 ADC=   0 ZS= 1 digiE=   0.000
StFcsFastSimulatorMaker:INFO  - Det=1 id=377 dE=   0.001 SF= 0.200 gain= 0.005 corr= 1.000 ADC=   1 ZS= 1 digiE=   0.005
StFcsFastSimulatorMaker:INFO  - Det=1 id=381 dE=   0.002 SF= 0.200 gain= 0.005 corr= 1.000 ADC=   1 ZS= 1 digiE=   0.005
StFcsFastSimulatorMaker:INFO  - Det=1 id=382 dE=   0.013 SF= 0.200 gain= 0.005 corr= 1.000 ADC=  12 ZS= 1 digiE=   0.064
StFcsFastSimulatorMaker:INFO  - Det=1 id=392 dE=   0.000 SF= 0.200 gain= 0.005 corr= 1.000 ADC=   0 ZS= 1 digiE=   0.000
StFcsFastSimulatorMaker:INFO  - Det=1 id=402 dE=   0.001 SF= 0.200 gain= 0.005 corr= 1.000 ADC=   0 ZS= 1 digiE=   0.000
StFcsFastSimulatorMaker:INFO  - Det=1 id=404 dE=   0.001 SF= 0.200 gain= 0.005 corr= 1.000 ADC=   1 ZS= 1 digiE=   0.005
StFcsFastSimulatorMaker:INFO  - Det=1 id=407 dE=   0.017 SF= 0.200 gain= 0.005 corr= 1.000 ADC=  16 ZS= 1 digiE=   0.085
StFcsFastSimulatorMaker:INFO  - Det=1 id=410 dE=   0.000 SF= 0.200 gain= 0.005 corr= 1.000 ADC=   0 ZS= 1 digiE=   0.000
StFcsFastSimulatorMaker:INFO  - Det=1 id=412 dE=   0.002 SF= 0.200 gain= 0.005 corr= 1.000 ADC=   2 ZS= 1 digiE=   0.011
StFcsFastSimulatorMaker:INFO  - Det=1 id=418 dE=   0.002 SF= 0.200 gain= 0.005 corr= 1.000 ADC=   1 ZS= 1 digiE=   0.005
StFcsFastSimulatorMaker:INFO  - Det=1 id=419 dE=   0.005 SF= 0.200 gain= 0.005 corr= 1.000 ADC=   4 ZS= 1 digiE=   0.021
StFcsFastSimulatorMaker:INFO  - Det=1 id=432 dE=   0.006 SF= 0.200 gain= 0.005 corr= 1.000 ADC=   5 ZS= 1 digiE=   0.026
StFcsFastSimulatorMaker:INFO  - Det=1 id=440 dE=   0.002 SF= 0.200 gain= 0.005 corr= 1.000 ADC=   2 ZS= 1 digiE=   0.011
StFcsFastSimulatorMaker:INFO  - Det=1 id=441 dE=   0.009 SF= 0.200 gain= 0.005 corr= 1.000 ADC=   8 ZS= 1 digiE=   0.042
StFcsFastSimulatorMaker:INFO  - Det=1 id=442 dE=   0.024 SF= 0.200 gain= 0.005 corr= 1.000 ADC=  22 ZS= 1 digiE=   0.117
StFcsFastSimulatorMaker:INFO  - Det=1 id=444 dE=   0.002 SF= 0.200 gain= 0.005 corr= 1.000 ADC=   2 ZS= 1 digiE=   0.011
StFcsFastSimulatorMaker:INFO  - Det=1 id=445 dE=   0.003 SF= 0.200 gain= 0.005 corr= 1.000 ADC=   2 ZS= 1 digiE=   0.011
StFcsFastSimulatorMaker:INFO  - Det=1 id=462 dE=   0.002 SF= 0.200 gain= 0.005 corr= 1.000 ADC=   2 ZS= 1 digiE=   0.011
StFcsFastSimulatorMaker:INFO  - Det=1 id=463 dE=   0.002 SF= 0.200 gain= 0.005 corr= 1.000 ADC=   2 ZS= 1 digiE=   0.011
StFcsFastSimulatorMaker:INFO  - Det=1 id=464 dE=   0.001 SF= 0.200 gain= 0.005 corr= 1.000 ADC=   0 ZS= 1 digiE=   0.000
StFcsFastSimulatorMaker:INFO  - Det=1 id=466 dE=   0.001 SF= 0.200 gain= 0.005 corr= 1.000 ADC=   0 ZS= 1 digiE=   0.000
StFcsFastSimulatorMaker:INFO  - Det=1 id=467 dE=   0.005 SF= 0.200 gain= 0.005 corr= 1.000 ADC=   4 ZS= 1 digiE=   0.021
StFcsFastSimulatorMaker:INFO  - Det=1 id=468 dE=   0.005 SF= 0.200 gain= 0.005 corr= 1.000 ADC=   4 ZS= 1 digiE=   0.021
StFcsFastSimulatorMaker:INFO  - Det=1 id=470 dE=   0.001 SF= 0.200 gain= 0.005 corr= 1.000 ADC=   0 ZS= 1 digiE=   0.000
StFcsFastSimulatorMaker:INFO  - Det=1 id=484 dE=   0.014 SF= 0.200 gain= 0.005 corr= 1.000 ADC=  13 ZS= 1 digiE=   0.069
StFcsFastSimulatorMaker:INFO  - Det=1 id=486 dE=   0.000 SF= 0.200 gain= 0.005 corr= 1.000 ADC=   0 ZS= 1 digiE=   0.000
StFcsFastSimulatorMaker:INFO  - Det=1 id=487 dE=   0.002 SF= 0.200 gain= 0.005 corr= 1.000 ADC=   1 ZS= 1 digiE=   0.005
StFcsFastSimulatorMaker:INFO  - Det=1 id=489 dE=   0.021 SF= 0.200 gain= 0.005 corr= 1.000 ADC=  19 ZS= 1 digiE=   0.101
StFcsFastSimulatorMaker:INFO  - Det=1 id=491 dE=   0.001 SF= 0.200 gain= 0.005 corr= 1.000 ADC=   0 ZS= 1 digiE=   0.000
StFcsFastSimulatorMaker:INFO  - Det=1 id=494 dE=   0.002 SF= 0.200 gain= 0.005 corr= 1.000 ADC=   1 ZS= 1 digiE=   0.005
StFcsFastSimulatorMaker:INFO  - Det=1 id=503 dE=   0.004 SF= 0.200 gain= 0.005 corr= 1.000 ADC=   3 ZS= 1 digiE=   0.016
StFcsFastSimulatorMaker:INFO  - Det=1 id=506 dE=   0.035 SF= 0.200 gain= 0.005 corr= 1.000 ADC=  33 ZS= 1 digiE=   0.175
StFcsFastSimulatorMaker:INFO  - Det=1 id=507 dE=   0.005 SF= 0.200 gain= 0.005 corr= 1.000 ADC=   4 ZS= 1 digiE=   0.021
StFcsFastSimulatorMaker:INFO  - Det=1 id=508 dE=   0.001 SF= 0.200 gain= 0.005 corr= 1.000 ADC=   0 ZS= 1 digiE=   0.000
StFcsFastSimulatorMaker:INFO  - Det=1 id=509 dE=   0.008 SF= 0.200 gain= 0.005 corr= 1.000 ADC=   7 ZS= 1 digiE=   0.037
StFcsFastSimulatorMaker:INFO  - Det=1 id=510 dE=   0.001 SF= 0.200 gain= 0.005 corr= 1.000 ADC=   0 ZS= 1 digiE=   0.000
StFcsFastSimulatorMaker:INFO  - Det=1 id=512 dE=   0.001 SF= 0.200 gain= 0.005 corr= 1.000 ADC=   0 ZS= 1 digiE=   0.000
StFcsFastSimulatorMaker:INFO  - Det=1 id=516 dE=   0.001 SF= 0.200 gain= 0.005 corr= 1.000 ADC=   0 ZS= 1 digiE=   0.000
StFcsFastSimulatorMaker:INFO  - Det=1 id=520 dE=   0.000 SF= 0.200 gain= 0.005 corr= 1.000 ADC=   0 ZS= 1 digiE=   0.000
StFcsFastSimulatorMaker:INFO  - Det=1 id=528 dE=   0.006 SF= 0.200 gain= 0.005 corr= 1.000 ADC=   5 ZS= 1 digiE=   0.026
StFcsFastSimulatorMaker:INFO  - Det=1 id=531 dE=   0.002 SF= 0.200 gain= 0.005 corr= 1.000 ADC=   1 ZS= 1 digiE=   0.005
StFcsFastSimulatorMaker:INFO  - Det=1 id=532 dE=   0.013 SF= 0.200 gain= 0.005 corr= 1.000 ADC=  12 ZS= 1 digiE=   0.064
StFcsFastSimulatorMaker:INFO  - Det=1 id=533 dE=   0.014 SF= 0.200 gain= 0.005 corr= 1.000 ADC=  13 ZS= 1 digiE=   0.069
StFcsFastSimulatorMaker:INFO  - Det=1 id=534 dE=   0.001 SF= 0.200 gain= 0.005 corr= 1.000 ADC=   0 ZS= 1 digiE=   0.000
StFcsFastSimulatorMaker:INFO  - Det=1 id=537 dE=   0.001 SF= 0.200 gain= 0.005 corr= 1.000 ADC=   1 ZS= 1 digiE=   0.005
StFcsFastSimulatorMaker:INFO  - Det=1 id=540 dE=   0.002 SF= 0.200 gain= 0.005 corr= 1.000 ADC=   1 ZS= 1 digiE=   0.005
StFcsFastSimulatorMaker:INFO  - Det=1 id=550 dE=   0.005 SF= 0.200 gain= 0.005 corr= 1.000 ADC=   4 ZS= 1 digiE=   0.021
StFcsFastSimulatorMaker:INFO  - Det=1 id=551 dE=   0.007 SF= 0.200 gain= 0.005 corr= 1.000 ADC=   6 ZS= 1 digiE=   0.032
StFcsFastSimulatorMaker:INFO  - Det=1 id=552 dE=   0.002 SF= 0.200 gain= 0.005 corr= 1.000 ADC=   2 ZS= 1 digiE=   0.011
StFcsFastSimulatorMaker:INFO  - Det=1 id=554 dE=   0.006 SF= 0.200 gain= 0.005 corr= 1.000 ADC=   5 ZS= 1 digiE=   0.026
StFcsFastSimulatorMaker:INFO  - Det=1 id=555 dE=   0.001 SF= 0.200 gain= 0.005 corr= 1.000 ADC=   0 ZS= 1 digiE=   0.000
StFcsFastSimulatorMaker:INFO  - Det=1 id=559 dE=   0.002 SF= 0.200 gain= 0.005 corr= 1.000 ADC=   2 ZS= 1 digiE=   0.011
StFcsFastSimulatorMaker:INFO  - Det=1 id=566 dE=   0.000 SF= 0.200 gain= 0.005 corr= 1.000 ADC=   0 ZS= 1 digiE=   0.000
StFcsFastSimulatorMaker:INFO  - Det=1 id=572 dE=   0.007 SF= 0.200 gain= 0.005 corr= 1.000 ADC=   6 ZS= 1 digiE=   0.032
StFcsFastSimulatorMaker:INFO  - Det=1 id=574 dE=   0.001 SF= 0.200 gain= 0.005 corr= 1.000 ADC=   0 ZS= 1 digiE=   0.000
StFcsFastSimulatorMaker:INFO  - Det=1 id=575 dE=   0.001 SF= 0.200 gain= 0.005 corr= 1.000 ADC=   0 ZS= 1 digiE=   0.000
StFcsFastSimulatorMaker:INFO  - Det=1 id=577 dE=   0.003 SF= 0.200 gain= 0.005 corr= 1.000 ADC=   3 ZS= 1 digiE=   0.016
StFcsFastSimulatorMaker:INFO  - Det=1 id=581 dE=   0.010 SF= 0.200 gain= 0.005 corr= 1.000 ADC=   9 ZS= 1 digiE=   0.048
StFcsFastSimulatorMaker:INFO  - Det=1 id=587 dE=   0.003 SF= 0.200 gain= 0.005 corr= 1.000 ADC=   2 ZS= 1 digiE=   0.011
StFcsFastSimulatorMaker:INFO  - Det=1 id=594 dE=   0.008 SF= 0.200 gain= 0.005 corr= 1.000 ADC=   7 ZS= 1 digiE=   0.037
StFcsFastSimulatorMaker:INFO  - Det=1 id=595 dE=   0.014 SF= 0.200 gain= 0.005 corr= 1.000 ADC=  13 ZS= 1 digiE=   0.069
StFcsFastSimulatorMaker:INFO  - Det=1 id=596 dE=   0.004 SF= 0.200 gain= 0.005 corr= 1.000 ADC=   4 ZS= 1 digiE=   0.021
StFcsFastSimulatorMaker:INFO  - Det=1 id=597 dE=   0.013 SF= 0.200 gain= 0.005 corr= 1.000 ADC=  12 ZS= 1 digiE=   0.064
StFcsFastSimulatorMaker:INFO  - Det=1 id=598 dE=   0.000 SF= 0.200 gain= 0.005 corr= 1.000 ADC=   0 ZS= 1 digiE=   0.000
StFcsFastSimulatorMaker:INFO  - Det=1 id=599 dE=   0.003 SF= 0.200 gain= 0.005 corr= 1.000 ADC=   2 ZS= 1 digiE=   0.011
StFcsFastSimulatorMaker:INFO  - Det=1 id=604 dE=   0.005 SF= 0.200 gain= 0.005 corr= 1.000 ADC=   4 ZS= 1 digiE=   0.021
StFcsFastSimulatorMaker:INFO  - Det=1 id=605 dE=   0.000 SF= 0.200 gain= 0.005 corr= 1.000 ADC=   0 ZS= 1 digiE=   0.000
StFcsFastSimulatorMaker:INFO  - Det=1 id=610 dE=   0.000 SF= 0.200 gain= 0.005 corr= 1.000 ADC=   0 ZS= 1 digiE=   0.000
StFcsFastSimulatorMaker:INFO  - Det=1 id=616 dE=   0.006 SF= 0.200 gain= 0.005 corr= 1.000 ADC=   5 ZS= 1 digiE=   0.026
StFcsFastSimulatorMaker:INFO  - Det=1 id=617 dE=   0.020 SF= 0.200 gain= 0.005 corr= 1.000 ADC=  18 ZS= 1 digiE=   0.095
StFcsFastSimulatorMaker:INFO  - Det=1 id=620 dE=   0.003 SF= 0.200 gain= 0.005 corr= 1.000 ADC=   3 ZS= 1 digiE=   0.016
StFcsFastSimulatorMaker:INFO  - Det=1 id=621 dE=   0.001 SF= 0.200 gain= 0.005 corr= 1.000 ADC=   0 ZS= 1 digiE=   0.000
StFcsFastSimulatorMaker:INFO  - Det=1 id=622 dE=   0.003 SF= 0.200 gain= 0.005 corr= 1.000 ADC=   2 ZS= 1 digiE=   0.011
StFcsFastSimulatorMaker:INFO  - Det=1 id=623 dE=   0.000 SF= 0.200 gain= 0.005 corr= 1.000 ADC=   0 ZS= 1 digiE=   0.000
StFcsFastSimulatorMaker:INFO  - Det=1 id=624 dE=   0.001 SF= 0.200 gain= 0.005 corr= 1.000 ADC=   1 ZS= 1 digiE=   0.005
StFcsFastSimulatorMaker:INFO  - Det=1 id=626 dE=   0.002 SF= 0.200 gain= 0.005 corr= 1.000 ADC=   1 ZS= 1 digiE=   0.005
StFcsFastSimulatorMaker:INFO  - Det=1 id=627 dE=   0.004 SF= 0.200 gain= 0.005 corr= 1.000 ADC=   4 ZS= 1 digiE=   0.021
StFcsFastSimulatorMaker:INFO  - Det=1 id=628 dE=   0.003 SF= 0.200 gain= 0.005 corr= 1.000 ADC=   3 ZS= 1 digiE=   0.016
StFcsFastSimulatorMaker:INFO  - Det=1 id=629 dE=   0.006 SF= 0.200 gain= 0.005 corr= 1.000 ADC=   5 ZS= 1 digiE=   0.026
StFcsFastSimulatorMaker:INFO  - Det=1 id=638 dE=   0.002 SF= 0.200 gain= 0.005 corr= 1.000 ADC=   1 ZS= 1 digiE=   0.005
StFcsFastSimulatorMaker:INFO  - Det=1 id=639 dE=   0.003 SF= 0.200 gain= 0.005 corr= 1.000 ADC=   2 ZS= 1 digiE=   0.011
StFcsFastSimulatorMaker:INFO  - Det=1 id=641 dE=   0.005 SF= 0.200 gain= 0.005 corr= 1.000 ADC=   4 ZS= 1 digiE=   0.021
StFcsFastSimulatorMaker:INFO  - Det=1 id=642 dE=   0.005 SF= 0.200 gain= 0.005 corr= 1.000 ADC=   4 ZS= 1 digiE=   0.021
StFcsFastSimulatorMaker:INFO  - Det=1 id=650 dE=   0.000 SF= 0.200 gain= 0.005 corr= 1.000 ADC=   0 ZS= 1 digiE=   0.000
StFcsFastSimulatorMaker:INFO  - Det=1 id=653 dE=   0.002 SF= 0.200 gain= 0.005 corr= 1.000 ADC=   1 ZS= 1 digiE=   0.005
StFcsFastSimulatorMaker:INFO  - Det=1 id=659 dE=   0.004 SF= 0.200 gain= 0.005 corr= 1.000 ADC=   3 ZS= 1 digiE=   0.016
StFcsFastSimulatorMaker:INFO  - Det=1 id=660 dE=   0.001 SF= 0.200 gain= 0.005 corr= 1.000 ADC=   0 ZS= 1 digiE=   0.000
StFcsFastSimulatorMaker:INFO  - Det=1 id=661 dE=   0.012 SF= 0.200 gain= 0.005 corr= 1.000 ADC=  11 ZS= 1 digiE=   0.058
StFcsFastSimulatorMaker:INFO  - Det=1 id=667 dE=   0.002 SF= 0.200 gain= 0.005 corr= 1.000 ADC=   1 ZS= 1 digiE=   0.005
StFcsFastSimulatorMaker:INFO  - Det=1 id=670 dE=   0.000 SF= 0.200 gain= 0.005 corr= 1.000 ADC=   0 ZS= 1 digiE=   0.000
StFcsFastSimulatorMaker:INFO  - Det=1 id=681 dE=   0.008 SF= 0.200 gain= 0.005 corr= 1.000 ADC=   7 ZS= 1 digiE=   0.037
StFcsFastSimulatorMaker:INFO  - Det=1 id=682 dE=   0.002 SF= 0.200 gain= 0.005 corr= 1.000 ADC=   1 ZS= 1 digiE=   0.005
StFcsFastSimulatorMaker:INFO  - Det=1 id=683 dE=   0.001 SF= 0.200 gain= 0.005 corr= 1.000 ADC=   1 ZS= 1 digiE=   0.005
StFcsFastSimulatorMaker:INFO  - Det=1 id=684 dE=   0.007 SF= 0.200 gain= 0.005 corr= 1.000 ADC=   6 ZS= 1 digiE=   0.032
StFcsFastSimulatorMaker:INFO  - Det=1 id=686 dE=   0.000 SF= 0.200 gain= 0.005 corr= 1.000 ADC=   0 ZS= 1 digiE=   0.000
StFcsFastSimulatorMaker:INFO  - Det=1 id=689 dE=   0.000 SF= 0.200 gain= 0.005 corr= 1.000 ADC=   0 ZS= 1 digiE=   0.000
StFcsFastSimulatorMaker:INFO  - Det=1 id=695 dE=   0.001 SF= 0.200 gain= 0.005 corr= 1.000 ADC=   0 ZS= 1 digiE=   0.000
StFcsFastSimulatorMaker:INFO  - Det=1 id=702 dE=   0.005 SF= 0.200 gain= 0.005 corr= 1.000 ADC=   4 ZS= 1 digiE=   0.021
StFcsFastSimulatorMaker:INFO  - Det=1 id=704 dE=   0.001 SF= 0.200 gain= 0.005 corr= 1.000 ADC=   0 ZS= 1 digiE=   0.000
StFcsFastSimulatorMaker:INFO  - Det=1 id=708 dE=   0.002 SF= 0.200 gain= 0.005 corr= 1.000 ADC=   1 ZS= 1 digiE=   0.005
StFcsFastSimulatorMaker:INFO  - Det=1 id=711 dE=   0.001 SF= 0.200 gain= 0.005 corr= 1.000 ADC=   1 ZS= 1 digiE=   0.005
StFcsFastSimulatorMaker:INFO  - Det=1 id=715 dE=   0.001 SF= 0.200 gain= 0.005 corr= 1.000 ADC=   0 ZS= 1 digiE=   0.000
StFcsFastSimulatorMaker:INFO  - Det=1 id=717 dE=   0.000 SF= 0.200 gain= 0.005 corr= 1.000 ADC=   0 ZS= 1 digiE=   0.000
StFcsFastSimulatorMaker:INFO  - Det=1 id=726 dE=   0.001 SF= 0.200 gain= 0.005 corr= 1.000 ADC=   0 ZS= 1 digiE=   0.000
StFcsFastSimulatorMaker:INFO  - Det=1 id=727 dE=   0.000 SF= 0.200 gain= 0.005 corr= 1.000 ADC=   0 ZS= 1 digiE=   0.000
StFcsFastSimulatorMaker:INFO  - Det=1 id=728 dE=   0.001 SF= 0.200 gain= 0.005 corr= 1.000 ADC=   0 ZS= 1 digiE=   0.000
StFcsFastSimulatorMaker:INFO  - Det=1 id=729 dE=   0.000 SF= 0.200 gain= 0.005 corr= 1.000 ADC=   0 ZS= 1 digiE=   0.000
StFcsFastSimulatorMaker:INFO  - Det=1 id=733 dE=   0.003 SF= 0.200 gain= 0.005 corr= 1.000 ADC=   2 ZS= 1 digiE=   0.011
StFcsFastSimulatorMaker:INFO  - Det=1 id=740 dE=   0.004 SF= 0.200 gain= 0.005 corr= 1.000 ADC=   3 ZS= 1 digiE=   0.016
StFcsFastSimulatorMaker:INFO  - Det=2 id= 97 dE=   0.001 SF= 0.014 gain= 0.005 corr= 1.000 ADC=  11 ZS= 1 digiE=   0.058
StFcsFastSimulatorMaker:INFO  - Det=2 id=104 dE=   0.000 SF= 0.014 gain= 0.005 corr= 1.000 ADC=   0 ZS= 1 digiE=   0.000
StFcsFastSimulatorMaker:INFO  - Det=2 id=117 dE=   0.000 SF= 0.014 gain= 0.005 corr= 1.000 ADC=   1 ZS= 1 digiE=   0.005
StFcsFastSimulatorMaker:INFO  - Det=2 id=143 dE=   0.000 SF= 0.014 gain= 0.005 corr= 1.000 ADC=   0 ZS= 1 digiE=   0.000
StFcsFastSimulatorMaker:INFO  - Det=2 id=156 dE=   0.003 SF= 0.014 gain= 0.005 corr= 1.000 ADC=  43 ZS= 1 digiE=   0.228
StFcsFastSimulatorMaker:INFO  - Det=2 id=221 dE=   0.001 SF= 0.014 gain= 0.005 corr= 1.000 ADC=  10 ZS= 1 digiE=   0.053
StFcsFastSimulatorMaker:INFO  - Det=3 id=182 dE=   0.001 SF= 0.014 gain= 0.005 corr= 1.000 ADC=   7 ZS= 1 digiE=   0.037
StFcsFastSimulatorMaker:INFO  - Det=3 id=195 dE=   0.002 SF= 0.014 gain= 0.005 corr= 1.000 ADC=  20 ZS= 1 digiE=   0.106
StFcsFastSimulatorMaker:INFO  - Det=3 id=208 dE=   0.001 SF= 0.014 gain= 0.005 corr= 1.000 ADC=  16 ZS= 1 digiE=   0.085
StFcsFastSimulatorMaker:INFO  - Det=3 id=234 dE=   0.001 SF= 0.014 gain= 0.005 corr= 1.000 ADC=  13 ZS= 1 digiE=   0.069
StFcsFastSimulatorMaker:INFO  - wca Found 309 g2t hits in 144 cells, created 144 hits with ADC>ZS(1) and Etot=   4.680
StFcsFastSimulatorMaker:INFO  - hca Found 10 g2t hits in 7 cells, created 7 hits with ADC>ZS(1) and Etot=   0.636
StFcsFastSimulatorMaker:INFO  - pre Found 0 g2t hits in 0 cells, created 0 hits with ADC>ZS(1) and Etot=   0.000
StFcsFastSimulatorMaker:INFO  - *** StFcsFastSimulatorMaker::Make() == StOK(0) ***
StFcsWaveformFitMaker:INFO  - *** StFcsWaveformFitMaker::Make() == StOK(0) ***
StFcsClusterMaker:DEBUG - StFcsClusterMaker Make!!!
  *** Print FCS collection ***  RecFlag=0
  *** FCS Det=0 *** NHit= 67 NCluster=  7 NPoint=  0
StFcsHit: det= 0 id=530 | ns=0 ehp=0 dep=10 ch=29 | Ntb=  1 Sum=     0 Fit=  0.00   0.00 E=  0.12 |   22 (  0) 
StFcsHit: det= 0 id=462 | ns=0 ehp=0 dep=22 ch=20 | Ntb=  1 Sum=     0 Fit=  0.00   0.00 E=  0.11 |   21 (  0) 
StFcsHit: det= 0 id=396 | ns=0 ehp=0 dep=22 ch=17 | Ntb=  1 Sum=     0 Fit=  0.00   0.00 E=  0.10 |   19 (  0) 
StFcsHit: det= 0 id=484 | ns=0 ehp=0 dep=22 ch=21 | Ntb=  1 Sum=     0 Fit=  0.00   0.00 E=  0.09 |   17 (  0) 
StFcsHit: det= 0 id=528 | ns=0 ehp=0 dep=22 ch=23 | Ntb=  1 Sum=     0 Fit=  0.00   0.00 E=  0.08 |   15 (  0) 
StFcsHit: det= 0 id=494 | ns=0 ehp=0 dep=12 ch=21 | Ntb=  1 Sum=     0 Fit=  0.00   0.00 E=  0.08 |   15 (  0) 
StFcsHit: det= 0 id=353 | ns=0 ehp=0 dep= 5 ch=28 | Ntb=  1 Sum=     0 Fit=  0.00   0.00 E=  0.06 |   12 (  0) 
StFcsHit: det= 0 id=555 | ns=0 ehp=0 dep=16 ch= 0 | Ntb=  1 Sum=     0 Fit=  0.00   0.00 E=  0.06 |   12 (  0) 
StFcsHit: det= 0 id=552 | ns=0 ehp=0 dep=15 ch= 1 | Ntb=  1 Sum=     0 Fit=  0.00   0.00 E=  0.06 |   12 (  0) 
StFcsHit: det= 0 id=492 | ns=0 ehp=0 dep=11 ch=23 | Ntb=  1 Sum=     0 Fit=  0.00   0.00 E=  0.05 |    9 (  0) 
StFcsHit: det= 0 id=465 | ns=0 ehp=0 dep=10 ch=18 | Ntb=  1 Sum=     0 Fit=  0.00   0.00 E=  0.05 |    9 (  0) 
StFcsHit: det= 0 id=377 | ns=0 ehp=0 dep=10 ch= 2 | Ntb=  1 Sum=     0 Fit=  0.00   0.00 E=  0.04 |    8 (  0) 
StFcsHit: det= 0 id=294 | ns=0 ehp=0 dep= 6 ch=19 | Ntb=  1 Sum=     0 Fit=  0.00   0.00 E=  0.04 |    8 (  0) 
StFcsHit: det= 0 id=533 | ns=0 ehp=0 dep=11 ch=28 | Ntb=  1 Sum=     0 Fit=  0.00   0.00 E=  0.04 |    8 (  0) 
StFcsHit: det= 0 id=421 | ns=0 ehp=0 dep=10 ch=10 | Ntb=  1 Sum=     0 Fit=  0.00   0.00 E=  0.04 |    8 (  0) 
StFcsHit: det= 0 id=508 | ns=0 ehp=0 dep=10 ch=25 | Ntb=  1 Sum=     0 Fit=  0.00   0.00 E=  0.04 |    7 (  0) 
StFcsHit: det= 0 id=440 | ns=0 ehp=0 dep=22 ch=19 | Ntb=  1 Sum=     0 Fit=  0.00   0.00 E=  0.04 |    7 (  0) 
StFcsHit: det= 0 id=514 | ns=0 ehp=0 dep=11 ch=27 | Ntb=  1 Sum=     0 Fit=  0.00   0.00 E=  0.04 |    7 (  0) 
StFcsHit: det= 0 id=601 | ns=0 ehp=0 dep=16 ch=10 | Ntb=  1 Sum=     0 Fit=  0.00   0.00 E=  0.04 |    7 (  0) 
StFcsHit: det= 0 id=263 | ns=0 ehp=0 dep=23 ch=10 | Ntb=  1 Sum=     0 Fit=  0.00   0.00 E=  0.04 |    7 (  0) 
StFcsHit: det= 0 id=371 | ns=0 ehp=0 dep= 9 ch=30 | Ntb=  1 Sum=     0 Fit=  0.00   0.00 E=  0.04 |    7 (  0) 
StFcsHit: det= 0 id=384 | ns=0 ehp=0 dep=12 ch= 1 | Ntb=  1 Sum=     0 Fit=  0.00   0.00 E=  0.04 |    7 (  0) 
StFcsHit: det= 0 id=397 | ns=0 ehp=0 dep=10 ch= 4 | Ntb=  1 Sum=     0 Fit=  0.00   0.00 E=  0.04 |    7 (  0) 
StFcsHit: det= 0 id=403 | ns=0 ehp=0 dep=11 ch= 6 | Ntb=  1 Sum=     0 Fit=  0.00   0.00 E=  0.04 |    7 (  0) 
StFcsHit: det= 0 id=577 | ns=0 ehp=0 dep=16 ch= 4 | Ntb=  1 Sum=     0 Fit=  0.00   0.00 E=  0.03 |    6 (  0) 
StFcsHit: det= 0 id=534 | ns=0 ehp=0 dep=11 ch=29 | Ntb=  1 Sum=     0 Fit=  0.00   0.00 E=  0.03 |    6 (  0) 
StFcsHit: det= 0 id=664 | ns=0 ehp=0 dep=15 ch=23 | Ntb=  1 Sum=     0 Fit=  0.00   0.00 E=  0.03 |    6 (  0) 
StFcsHit: det= 0 id=594 | ns=0 ehp=0 dep=22 ch=26 | Ntb=  1 Sum=     0 Fit=  0.00   0.00 E=  0.03 |    6 (  0) 
StFcsHit: det= 0 id=619 | ns=0 ehp=0 dep=15 ch=14 | Ntb=  1 Sum=     0 Fit=  0.00   0.00 E=  0.03 |    6 (  0) 
StFcsHit: det= 0 id=443 | ns=0 ehp=0 dep=10 ch=14 | Ntb=  1 Sum=     0 Fit=  0.00   0.00 E=  0.03 |    6 (  0) 
StFcsHit: det= 0 id=420 | ns=0 ehp=0 dep=10 ch= 9 | Ntb=  1 Sum=     0 Fit=  0.00   0.00 E=  0.03 |    6 (  0) 
StFcsHit: det= 0 id=575 | ns=0 ehp=0 dep=15 ch= 6 | Ntb=  1 Sum=     0 Fit=  0.00   0.00 E=  0.03 |    5 (  0) 
StFcsHit: det= 0 id=159 | ns=0 ehp=0 dep= 1 ch=24 | Ntb=  1 Sum=     0 Fit=  0.00   0.00 E=  0.03 |    5 (  0) 
StFcsHit: det= 0 id=616 | ns=0 ehp=0 dep=22 ch=27 | Ntb=  1 Sum=     0 Fit=  0.00   0.00 E=  0.03 |    5 (  0) 
StFcsHit: det= 0 id=640 | ns=0 ehp=0 dep=15 ch=17 | Ntb=  1 Sum=     0 Fit=  0.00   0.00 E=  0.03 |    5 (  0) 
StFcsHit: det= 0 id=506 | ns=0 ehp=0 dep=22 ch=22 | Ntb=  1 Sum=     0 Fit=  0.00   0.00 E=  0.03 |    5 (  0) 
StFcsHit: det= 0 id=509 | ns=0 ehp=0 dep=10 ch=26 | Ntb=  1 Sum=     0 Fit=  0.00   0.00 E=  0.03 |    5 (  0) 
StFcsHit: det= 0 id=665 | ns=0 ehp=0 dep=16 ch=20 | Ntb=  1 Sum=     0 Fit=  0.00   0.00 E=  0.03 |    5 (  0) 
StFcsHit: det= 0 id=683 | ns=0 ehp=0 dep=15 ch=24 | Ntb=  1 Sum=     0 Fit=  0.00   0.00 E=  0.02 |    4 (  0) 
StFcsHit: det= 0 id=643 | ns=0 ehp=0 dep=16 ch=16 | Ntb=  1 Sum=     0 Fit=  0.00   0.00 E=  0.02 |    4 (  0) 
StFcsHit: det= 0 id=599 | ns=0 ehp=0 dep=16 ch= 8 | Ntb=  1 Sum=     0 Fit=  0.00   0.00 E=  0.02 |    4 (  0) 
StFcsHit: det= 0 id=739 | ns=0 ehp=0 dep=21 ch=13 | Ntb=  1 Sum=     0 Fit=  0.00   0.00 E=  0.02 |    4 (  0) 
StFcsHit: det= 0 id=602 | ns=0 ehp=0 dep=16 ch=11 | Ntb=  1 Sum=     0 Fit=  0.00   0.00 E=  0.02 |    4 (  0) 
StFcsHit: det= 0 id=352 | ns=0 ehp=0 dep=22 ch=15 | Ntb=  1 Sum=     0 Fit=  0.00   0.00 E=  0.02 |    4 (  0) 
StFcsHit: det= 0 id=511 | ns=0 ehp=0 dep=11 ch=24 | Ntb=  1 Sum=     0 Fit=  0.00   0.00 E=  0.02 |    4 (  0) 
StFcsHit: det= 0 id=529 | ns=0 ehp=0 dep=10 ch=28 | Ntb=  1 Sum=     0 Fit=  0.00   0.00 E=  0.02 |    4 (  0) 
StFcsHit: det= 0 id=426 | ns=0 ehp=0 dep=11 ch=11 | Ntb=  1 Sum=     0 Fit=  0.00   0.00 E=  0.02 |    3 (  0) 
StFcsHit: det= 0 id= 12 | ns=0 ehp=0 dep=20 ch=12 | Ntb=  1 Sum=     0 Fit=  0.00   0.00 E=  0.02 |    3 (  0) 
StFcsHit: det= 0 id= 48 | ns=0 ehp=0 dep= 0 ch= 7 | Ntb=  1 Sum=     0 Fit=  0.00   0.00 E=  0.02 |    3 (  0) 
StFcsHit: det= 0 id=618 | ns=0 ehp=0 dep=15 ch=13 | Ntb=  1 Sum=     0 Fit=  0.00   0.00 E=  0.02 |    3 (  0) 
StFcsHit: det= 0 id=448 | ns=0 ehp=0 dep=11 ch=15 | Ntb=  1 Sum=     0 Fit=  0.00   0.00 E=  0.02 |    3 (  0) 
StFcsHit: det= 0 id=466 | ns=0 ehp=0 dep=10 ch=19 | Ntb=  1 Sum=     0 Fit=  0.00   0.00 E=  0.02 |    3 (  0) 
StFcsHit: det= 0 id=491 | ns=0 ehp=0 dep=11 ch=22 | Ntb=  1 Sum=     0 Fit=  0.00   0.00 E=  0.02 |    3 (  0) 
StFcsHit: det= 0 id=513 | ns=0 ehp=0 dep=11 ch=26 | Ntb=  1 Sum=     0 Fit=  0.00   0.00 E=  0.02 |    3 (  0) 
StFcsHit: det= 0 id=595 | ns=0 ehp=0 dep=15 ch= 8 | Ntb=  1 Sum=     0 Fit=  0.00   0.00 E=  0.01 |    2 (  0) 
StFcsHit: det= 0 id=485 | ns=0 ehp=0 dep=10 ch=20 | Ntb=  1 Sum=     0 Fit=  0.00   0.00 E=  0.01 |    2 (  0) 
StFcsHit: det= 0 id=444 | ns=0 ehp=0 dep=10 ch=15 | Ntb=  1 Sum=     0 Fit=  0.00   0.00 E=  0.01 |    2 (  0) 
StFcsHit: det= 0 id=490 | ns=0 ehp=0 dep=11 ch=21 | Ntb=  1 Sum=     0 Fit=  0.00   0.00 E=  0.01 |    2 (  0) 
StFcsHit: det= 0 id=603 | ns=0 ehp=0 dep=17 ch= 8 | Ntb=  1 Sum=     0 Fit=  0.00   0.00 E=  0.01 |    2 (  0) 
StFcsHit: det= 0 id=419 | ns=0 ehp=0 dep=10 ch= 8 | Ntb=  1 Sum=     0 Fit=  0.00   0.00 E=  0.01 |    2 (  0) 
StFcsHit: det= 0 id=418 | ns=0 ehp=0 dep=22 ch=18 | Ntb=  1 Sum=     0 Fit=  0.00   0.00 E=  0.01 |    2 (  0) 
StFcsHit: det= 0 id=536 | ns=0 ehp=0 dep=11 ch=31 | Ntb=  1 Sum=     0 Fit=  0.00   0.00 E=  0.01 |    2 (  0) 
StFcsHit: det= 0 id=317 | ns=0 ehp=0 dep= 7 ch=20 | Ntb=  1 Sum=     0 Fit=  0.00   0.00 E=  0.01 |    2 (  0) 
StFcsHit: det= 0 id=248 | ns=0 ehp=0 dep= 6 ch= 9 | Ntb=  1 Sum=     0 Fit=  0.00   0.00 E=  0.01 |    2 (  0) 
StFcsHit: det= 0 id=134 | ns=0 ehp=0 dep= 0 ch=21 | Ntb=  1 Sum=     0 Fit=  0.00   0.00 E=  0.01 |    2 (  0) 
StFcsHit: det= 0 id=713 | ns=0 ehp=0 dep=17 ch=28 | Ntb=  1 Sum=     0 Fit=  0.00   0.00 E=  0.01 |    2 (  0) 
StFcsHit: det= 0 id=527 | ns=0 ehp=0 dep=23 ch=22 | Ntb=  1 Sum=     0 Fit=  0.00   0.00 E=  0.01 |    2 (  0) 
StFcsCluster id=   0 ctg=1 n= 5 nNeigh=1 nPoints=0 loc=   2.50   24.50 PXYZE=  -0.01   -0.02    0.26    0.26 E=   0.26 sigMin/max=   0.00    0.00 Chi2=   0.00    0.00
StFcsCluster id=   1 ctg=1 n= 4 nNeigh=2 nPoints=0 loc=   0.50   21.50 PXYZE=  -0.01   -0.01    0.25    0.25 E=   0.25 sigMin/max=   0.00    0.00 Chi2=   0.00    0.00
StFcsCluster id=   2 ctg=1 n= 4 nNeigh=1 nPoints=0 loc=   0.50   18.50 PXYZE=  -0.00   -0.00    0.16    0.16 E=   0.16 sigMin/max=   0.00    0.00 Chi2=   0.00    0.00
StFcsCluster id=   3 ctg=1 n= 2 nNeigh=2 nPoints=0 loc=   0.50   24.25 PXYZE=  -0.00   -0.01    0.11    0.11 E=   0.11 sigMin/max=   0.00    0.44 Chi2=   0.00    0.00
StFcsCluster id=   4 ctg=1 n= 1 nNeigh=0 nPoints=0 loc=  10.50   22.50 PXYZE=  -0.01   -0.00    0.08    0.08 E=   0.08 sigMin/max=   0.00    0.00 Chi2=   0.00    0.00
StFcsCluster id=   5 ctg=1 n= 2 nNeigh=0 nPoints=0 loc=   1.25   16.50 PXYZE=  -0.00   -0.00    0.08    0.08 E=   0.08 sigMin/max=   0.00    0.44 Chi2=   0.00    0.00
StFcsCluster id=   6 ctg=1 n= 6 nNeigh=0 nPoints=0 loc=   5.65   25.30 PXYZE=  -0.01   -0.02    0.21    0.21 E=   0.21 sigMin/max=   0.34    1.13 Chi2=   0.00    0.00
  *** FCS Det=1 *** NHit= 77 NCluster=  9 NPoint=  0
StFcsHit: det= 1 id=506 | ns=1 ehp=0 dep=22 ch=22 | Ntb=  1 Sum=     0 Fit=  0.00   0.00 E=  0.17 |   33 (  0) 
StFcsHit: det= 1 id=442 | ns=1 ehp=0 dep=10 ch=13 | Ntb=  1 Sum=     0 Fit=  0.00   0.00 E=  0.12 |   22 (  0) 
StFcsHit: det= 1 id=489 | ns=1 ehp=0 dep=11 ch=20 | Ntb=  1 Sum=     0 Fit=  0.00   0.00 E=  0.10 |   19 (  0) 
StFcsHit: det= 1 id=617 | ns=1 ehp=0 dep=15 ch=12 | Ntb=  1 Sum=     0 Fit=  0.00   0.00 E=  0.10 |   18 (  0) 
StFcsHit: det= 1 id=407 | ns=1 ehp=0 dep=12 ch= 6 | Ntb=  1 Sum=     0 Fit=  0.00   0.00 E=  0.08 |   16 (  0) 
StFcsHit: det= 1 id=533 | ns=1 ehp=0 dep=11 ch=28 | Ntb=  1 Sum=     0 Fit=  0.00   0.00 E=  0.07 |   13 (  0) 
StFcsHit: det= 1 id=484 | ns=1 ehp=0 dep=22 ch=21 | Ntb=  1 Sum=     0 Fit=  0.00   0.00 E=  0.07 |   13 (  0) 
StFcsHit: det= 1 id=595 | ns=1 ehp=0 dep=15 ch= 8 | Ntb=  1 Sum=     0 Fit=  0.00   0.00 E=  0.07 |   13 (  0) 
StFcsHit: det= 1 id=597 | ns=1 ehp=0 dep=15 ch=10 | Ntb=  1 Sum=     0 Fit=  0.00   0.00 E=  0.06 |   12 (  0) 
StFcsHit: det= 1 id=382 | ns=1 ehp=0 dep=11 ch= 3 | Ntb=  1 Sum=     0 Fit=  0.00   0.00 E=  0.06 |   12 (  0) 
StFcsHit: det= 1 id=532 | ns=1 ehp=0 dep=10 ch=31 | Ntb=  1 Sum=     0 Fit=  0.00   0.00 E=  0.06 |   12 (  0) 
StFcsHit: det= 1 id=661 | ns=1 ehp=0 dep=15 ch=20 | Ntb=  1 Sum=     0 Fit=  0.00   0.00 E=  0.06 |   11 (  0) 
StFcsHit: det= 1 id=581 | ns=1 ehp=0 dep=17 ch= 4 | Ntb=  1 Sum=     0 Fit=  0.00   0.00 E=  0.05 |    9 (  0) 
StFcsHit: det= 1 id=441 | ns=1 ehp=0 dep=10 ch=12 | Ntb=  1 Sum=     0 Fit=  0.00   0.00 E=  0.04 |    8 (  0) 
StFcsHit: det= 1 id=509 | ns=1 ehp=0 dep=10 ch=26 | Ntb=  1 Sum=     0 Fit=  0.00   0.00 E=  0.04 |    7 (  0) 
StFcsHit: det= 1 id=339 | ns=1 ehp=0 dep= 7 ch=24 | Ntb=  1 Sum=     0 Fit=  0.00   0.00 E=  0.04 |    7 (  0) 
StFcsHit: det= 1 id=681 | ns=1 ehp=0 dep=23 ch=29 | Ntb=  1 Sum=     0 Fit=  0.00   0.00 E=  0.04 |    7 (  0) 
StFcsHit: det= 1 id=314 | ns=1 ehp=0 dep= 6 ch=21 | Ntb=  1 Sum=     0 Fit=  0.00   0.00 E=  0.04 |    7 (  0) 
StFcsHit: det= 1 id=294 | ns=1 ehp=0 dep= 6 ch=19 | Ntb=  1 Sum=     0 Fit=  0.00   0.00 E=  0.04 |    7 (  0) 
StFcsHit: det= 1 id=  4 | ns=1 ehp=0 dep=20 ch= 4 | Ntb=  1 Sum=     0 Fit=  0.00   0.00 E=  0.04 |    7 (  0) 
StFcsHit: det= 1 id=133 | ns=1 ehp=0 dep= 0 ch=20 | Ntb=  1 Sum=     0 Fit=  0.00   0.00 E=  0.04 |    7 (  0) 
StFcsHit: det= 1 id=594 | ns=1 ehp=0 dep=22 ch=26 | Ntb=  1 Sum=     0 Fit=  0.00   0.00 E=  0.04 |    7 (  0) 
StFcsHit: det= 1 id=334 | ns=1 ehp=0 dep= 5 ch=27 | Ntb=  1 Sum=     0 Fit=  0.00   0.00 E=  0.03 |    6 (  0) 
StFcsHit: det= 1 id=684 | ns=1 ehp=0 dep=15 ch=25 | Ntb=  1 Sum=     0 Fit=  0.00   0.00 E=  0.03 |    6 (  0) 
StFcsHit: det= 1 id=551 | ns=1 ehp=0 dep=15 ch= 0 | Ntb=  1 Sum=     0 Fit=  0.00   0.00 E=  0.03 |    6 (  0) 
StFcsHit: det= 1 id=572 | ns=1 ehp=0 dep=22 ch=25 | Ntb=  1 Sum=     0 Fit=  0.00   0.00 E=  0.03 |    6 (  0) 
StFcsHit: det= 1 id= 10 | ns=1 ehp=0 dep=20 ch=10 | Ntb=  1 Sum=     0 Fit=  0.00   0.00 E=  0.03 |    5 (  0) 
StFcsHit: det= 1 id=528 | ns=1 ehp=0 dep=22 ch=23 | Ntb=  1 Sum=     0 Fit=  0.00   0.00 E=  0.03 |    5 (  0) 
StFcsHit: det= 1 id=554 | ns=1 ehp=0 dep=15 ch= 3 | Ntb=  1 Sum=     0 Fit=  0.00   0.00 E=  0.03 |    5 (  0) 
StFcsHit: det= 1 id=616 | ns=1 ehp=0 dep=22 ch=27 | Ntb=  1 Sum=     0 Fit=  0.00   0.00 E=  0.03 |    5 (  0) 
StFcsHit: det= 1 id=629 | ns=1 ehp=0 dep=18 ch=12 | Ntb=  1 Sum=     0 Fit=  0.00   0.00 E=  0.03 |    5 (  0) 
StFcsHit: det= 1 id=432 | ns=1 ehp=0 dep=13 ch= 9 | Ntb=  1 Sum=     0 Fit=  0.00   0.00 E=  0.03 |    5 (  0) 
StFcsHit: det= 1 id=162 | ns=1 ehp=0 dep= 1 ch=27 | Ntb=  1 Sum=     0 Fit=  0.00   0.00 E=  0.03 |    5 (  0) 
StFcsHit: det= 1 id=270 | ns=1 ehp=0 dep= 6 ch=13 | Ntb=  1 Sum=     0 Fit=  0.00   0.00 E=  0.03 |    5 (  0) 
StFcsHit: det= 1 id=358 | ns=1 ehp=0 dep= 6 ch=29 | Ntb=  1 Sum=     0 Fit=  0.00   0.00 E=  0.03 |    5 (  0) 
StFcsHit: det= 1 id=336 | ns=1 ehp=0 dep= 6 ch=25 | Ntb=  1 Sum=     0 Fit=  0.00   0.00 E=  0.03 |    5 (  0) 
StFcsHit: det= 1 id=289 | ns=1 ehp=0 dep= 5 ch=18 | Ntb=  1 Sum=     0 Fit=  0.00   0.00 E=  0.03 |    5 (  0) 
StFcsHit: det= 1 id=335 | ns=1 ehp=0 dep= 6 ch=24 | Ntb=  1 Sum=     0 Fit=  0.00   0.00 E=  0.02 |    4 (  0) 
StFcsHit: det= 1 id=596 | ns=1 ehp=0 dep=15 ch= 9 | Ntb=  1 Sum=     0 Fit=  0.00   0.00 E=  0.02 |    4 (  0) 
StFcsHit: det= 1 id= 31 | ns=1 ehp=0 dep= 2 ch= 0 | Ntb=  1 Sum=     0 Fit=  0.00   0.00 E=  0.02 |    4 (  0) 
StFcsHit: det= 1 id= 89 | ns=1 ehp=0 dep= 0 ch=12 | Ntb=  1 Sum=     0 Fit=  0.00   0.00 E=  0.02 |    4 (  0) 
StFcsHit: det= 1 id=130 | ns=1 ehp=0 dep= 4 ch=19 | Ntb=  1 Sum=     0 Fit=  0.00   0.00 E=  0.02 |    4 (  0) 
StFcsHit: det= 1 id=604 | ns=1 ehp=0 dep=17 ch= 9 | Ntb=  1 Sum=     0 Fit=  0.00   0.00 E=  0.02 |    4 (  0) 
StFcsHit: det= 1 id=702 | ns=1 ehp=0 dep=19 ch=27 | Ntb=  1 Sum=     0 Fit=  0.00   0.00 E=  0.02 |    4 (  0) 
StFcsHit: det= 1 id=266 | ns=1 ehp=0 dep= 5 ch=13 | Ntb=  1 Sum=     0 Fit=  0.00   0.00 E=  0.02 |    4 (  0) 
StFcsHit: det= 1 id=550 | ns=1 ehp=0 dep=22 ch=24 | Ntb=  1 Sum=     0 Fit=  0.00   0.00 E=  0.02 |    4 (  0) 
StFcsHit: det= 1 id=641 | ns=1 ehp=0 dep=15 ch=18 | Ntb=  1 Sum=     0 Fit=  0.00   0.00 E=  0.02 |    4 (  0) 
StFcsHit: det= 1 id=507 | ns=1 ehp=0 dep=10 ch=24 | Ntb=  1 Sum=     0 Fit=  0.00   0.00 E=  0.02 |    4 (  0) 
StFcsHit: det= 1 id=419 | ns=1 ehp=0 dep=10 ch= 8 | Ntb=  1 Sum=     0 Fit=  0.00   0.00 E=  0.02 |    4 (  0) 
StFcsHit: det= 1 id=642 | ns=1 ehp=0 dep=15 ch=19 | Ntb=  1 Sum=     0 Fit=  0.00   0.00 E=  0.02 |    4 (  0) 
StFcsHit: det= 1 id=468 | ns=1 ehp=0 dep=11 ch=17 | Ntb=  1 Sum=     0 Fit=  0.00   0.00 E=  0.02 |    4 (  0) 
StFcsHit: det= 1 id=467 | ns=1 ehp=0 dep=11 ch=16 | Ntb=  1 Sum=     0 Fit=  0.00   0.00 E=  0.02 |    4 (  0) 
StFcsHit: det= 1 id=627 | ns=1 ehp=0 dep=17 ch=14 | Ntb=  1 Sum=     0 Fit=  0.00   0.00 E=  0.02 |    4 (  0) 
StFcsHit: det= 1 id=659 | ns=1 ehp=0 dep=23 ch=28 | Ntb=  1 Sum=     0 Fit=  0.00   0.00 E=  0.02 |    3 (  0) 
StFcsHit: det= 1 id=620 | ns=1 ehp=0 dep=15 ch=15 | Ntb=  1 Sum=     0 Fit=  0.00   0.00 E=  0.02 |    3 (  0) 
StFcsHit: det= 1 id=740 | ns=1 ehp=0 dep=21 ch=14 | Ntb=  1 Sum=     0 Fit=  0.00   0.00 E=  0.02 |    3 (  0) 
StFcsHit: det= 1 id=628 | ns=1 ehp=0 dep=17 ch=15 | Ntb=  1 Sum=     0 Fit=  0.00   0.00 E=  0.02 |    3 (  0) 
StFcsHit: det= 1 id=181 | ns=1 ehp=0 dep= 1 ch=28 | Ntb=  1 Sum=     0 Fit=  0.00   0.00 E=  0.02 |    3 (  0) 
StFcsHit: det= 1 id=577 | ns=1 ehp=0 dep=16 ch= 4 | Ntb=  1 Sum=     0 Fit=  0.00   0.00 E=  0.02 |    3 (  0) 
StFcsHit: det= 1 id=503 | ns=1 ehp=0 dep=14 ch=22 | Ntb=  1 Sum=     0 Fit=  0.00   0.00 E=  0.02 |    3 (  0) 
StFcsHit: det= 1 id=309 | ns=1 ehp=0 dep= 5 ch=20 | Ntb=  1 Sum=     0 Fit=  0.00   0.00 E=  0.02 |    3 (  0) 
StFcsHit: det= 1 id=639 | ns=1 ehp=0 dep=15 ch=16 | Ntb=  1 Sum=     0 Fit=  0.00   0.00 E=  0.01 |    2 (  0) 
StFcsHit: det= 1 id=733 | ns=1 ehp=0 dep=21 ch= 7 | Ntb=  1 Sum=     0 Fit=  0.00   0.00 E=  0.01 |    2 (  0) 
StFcsHit: det= 1 id=197 | ns=1 ehp=0 dep=23 ch= 7 | Ntb=  1 Sum=     0 Fit=  0.00   0.00 E=  0.01 |    2 (  0) 
StFcsHit: det= 1 id=323 | ns=1 ehp=0 dep= 8 ch=22 | Ntb=  1 Sum=     0 Fit=  0.00   0.00 E=  0.01 |    2 (  0) 
StFcsHit: det= 1 id=340 | ns=1 ehp=0 dep= 7 ch=25 | Ntb=  1 Sum=     0 Fit=  0.00   0.00 E=  0.01 |    2 (  0) 
StFcsHit: det= 1 id=412 | ns=1 ehp=0 dep=13 ch= 7 | Ntb=  1 Sum=     0 Fit=  0.00   0.00 E=  0.01 |    2 (  0) 
StFcsHit: det= 1 id=440 | ns=1 ehp=0 dep=22 ch=19 | Ntb=  1 Sum=     0 Fit=  0.00   0.00 E=  0.01 |    2 (  0) 
StFcsHit: det= 1 id=444 | ns=1 ehp=0 dep=10 ch=15 | Ntb=  1 Sum=     0 Fit=  0.00   0.00 E=  0.01 |    2 (  0) 
StFcsHit: det= 1 id=587 | ns=1 ehp=0 dep=18 ch= 6 | Ntb=  1 Sum=     0 Fit=  0.00   0.00 E=  0.01 |    2 (  0) 
StFcsHit: det= 1 id=445 | ns=1 ehp=0 dep=11 ch=12 | Ntb=  1 Sum=     0 Fit=  0.00   0.00 E=  0.01 |    2 (  0) 
StFcsHit: det= 1 id=462 | ns=1 ehp=0 dep=22 ch=20 | Ntb=  1 Sum=     0 Fit=  0.00   0.00 E=  0.01 |    2 (  0) 
StFcsHit: det= 1 id=463 | ns=1 ehp=0 dep=10 ch=16 | Ntb=  1 Sum=     0 Fit=  0.00   0.00 E=  0.01 |    2 (  0) 
StFcsHit: det= 1 id=622 | ns=1 ehp=0 dep=16 ch=13 | Ntb=  1 Sum=     0 Fit=  0.00   0.00 E=  0.01 |    2 (  0) 
StFcsHit: det= 1 id=552 | ns=1 ehp=0 dep=15 ch= 1 | Ntb=  1 Sum=     0 Fit=  0.00   0.00 E=  0.01 |    2 (  0) 
StFcsHit: det= 1 id=559 | ns=1 ehp=0 dep=17 ch= 0 | Ntb=  1 Sum=     0 Fit=  0.00   0.00 E=  0.01 |    2 (  0) 
StFcsHit: det= 1 id=599 | ns=1 ehp=0 dep=16 ch= 8 | Ntb=  1 Sum=     0 Fit=  0.00   0.00 E=  0.01 |    2 (  0) 
StFcsCluster id=   0 ctg=1 n= 6 nNeigh=2 nPoints=0 loc=   0.50   23.50 PXYZE=   0.01   -0.02    0.32    0.32 E=   0.32 sigMin/max=   0.00    0.00 Chi2=   0.00    0.00
StFcsCluster id=   1 ctg=1 n= 5 nNeigh=1 nPoints=0 loc=   2.50   20.50 PXYZE=   0.01   -0.01    0.20    0.20 E=   0.20 sigMin/max=   0.00    0.00 Chi2=   0.00    0.00
StFcsCluster id=   2 ctg=1 n= 3 nNeigh=0 nPoints=0 loc=   5.50   22.50 PXYZE=   0.01   -0.01    0.13    0.13 E=   0.13 sigMin/max=   0.00    0.00 Chi2=   0.00    0.00
StFcsCluster id=   3 ctg=1 n= 5 nNeigh=3 nPoints=0 loc=   1.13   27.85 PXYZE=   0.01   -0.02    0.26    0.26 E=   0.26 sigMin/max=   0.40    0.74 Chi2=   0.00    0.00
StFcsCluster id=   4 ctg=1 n= 1 nNeigh=0 nPoints=0 loc=  11.50   18.50 PXYZE=   0.01   -0.00    0.08    0.08 E=   0.08 sigMin/max=   0.00    0.00 Chi2=   0.00    0.00
StFcsCluster id=   5 ctg=1 n= 3 nNeigh=0 nPoints=0 loc=   4.93   24.67 PXYZE=   0.01   -0.01    0.16    0.16 E=   0.16 sigMin/max=   0.32    0.53 Chi2=   0.00    0.00
StFcsCluster id=   6 ctg=1 n= 2 nNeigh=1 nPoints=0 loc=   3.25   27.50 PXYZE=   0.00   -0.01    0.08    0.08 E=   0.08 sigMin/max=   0.00    0.44 Chi2=   0.00    0.00
StFcsCluster id=   7 ctg=1 n= 1 nNeigh=0 nPoints=0 loc=   8.50   17.50 PXYZE=   0.01   -0.00    0.06    0.06 E=   0.06 sigMin/max=   0.00    0.00 Chi2=   0.00    0.00
StFcsCluster id=   8 ctg=1 n= 2 nNeigh=1 nPoints=0 loc=   1.50   30.35 PXYZE=   0.00   -0.01    0.07    0.07 E=   0.07 sigMin/max=   0.00    0.36 Chi2=   0.00    0.00
  *** FCS Det=2 *** NHit=  3 NCluster=  1 NPoint=  0
StFcsHit: det= 2 id=156 | ns=0 ehp=1 dep= 3 ch= 8 | Ntb=  1 Sum=     0 Fit=  0.00   0.00 E=  0.23 |   43 (  0) 
StFcsHit: det= 2 id= 97 | ns=0 ehp=1 dep= 1 ch=22 | Ntb=  1 Sum=     0 Fit=  0.00   0.00 E=  0.06 |   11 (  0) 
StFcsHit: det= 2 id=221 | ns=0 ehp=1 dep= 3 ch=28 | Ntb=  1 Sum=     0 Fit=  0.00   0.00 E=  0.05 |   10 (  0) 
StFcsCluster id=   0 ctg=1 n= 1 nNeigh=0 nPoints=0 loc=   0.50   12.50 PXYZE=  -0.01   -0.01    0.23    0.23 E=   0.23 sigMin/max=   0.00    0.00 Chi2=   0.00    0.00
  *** FCS Det=3 *** NHit=  4 NCluster=  1 NPoint=  0
StFcsHit: det= 3 id=195 | ns=1 ehp=1 dep= 3 ch=20 | Ntb=  1 Sum=     0 Fit=  0.00   0.00 E=  0.11 |   20 (  0) 
StFcsHit: det= 3 id=208 | ns=1 ehp=1 dep= 3 ch=24 | Ntb=  1 Sum=     0 Fit=  0.00   0.00 E=  0.08 |   16 (  0) 
StFcsHit: det= 3 id=234 | ns=1 ehp=1 dep= 7 ch= 0 | Ntb=  1 Sum=     0 Fit=  0.00   0.00 E=  0.07 |   13 (  0) 
StFcsHit: det= 3 id=182 | ns=1 ehp=1 dep= 3 ch=16 | Ntb=  1 Sum=     0 Fit=  0.00   0.00 E=  0.04 |    7 (  0) 
StFcsCluster id=   0 ctg=1 n= 4 nNeigh=0 nPoints=0 loc=   0.50   15.50 PXYZE=   0.01   -0.02    0.30    0.30 E=   0.30 sigMin/max=   0.00    0.00 Chi2=   0.00    0.00
  *** FCS Det=4 *** NHit=  0 NCluster=  0 NPoint=  0
  *** FCS Det=5 *** NHit=  0 NCluster=  0 NPoint=  0
  *** FCS Det=6 *** NHit=  0 NCluster=  7 NPoint=  0
StFcsClusterMaker:INFO  - *** StFcsClusterMaker::Make() == StOK(0) ***
StFttClusterPointMaker:INFO  - Creating FttCollection
StFttClusterPointMaker:INFO  - Making Geant points
StFttClusterPointMaker:WARN  - geant/g2t_stg_hit is empty
StFttClusterPointMaker:INFO  - *** StFttClusterPointMaker::Make() == StOK(0) ***
StFwdTrackMaker:INFO  - Setting Event Vertex from geant/g2t_vertex[0]: 0xb3b1b80
StFwdTrackMaker:INFO  - TAttr::Found : useftt = 1

StFwdTrackMaker:INFO  - TAttr::Found : usefst = 1

StFwdTrackMaker:INFO  - TAttr::Found : useepd = 1

StFwdTrackMaker:INFO  - There are: 0 with 0 FST, 0 with 1 FST, 0 with 2 FST, 1 with 3 FST
StFwdTrackMaker:INFO  - There are: 1 with 0 FTT, 0 with 1 FTT, 0 with 2 FTT, 0 with 3 FTT, 0 with 4 FTT, 0 with 5 FTT, 0 with 6 FTT, 0 with 7 FTT, 0 with 8 FTT
StFwdTrackMaker:INFO  - There are 1 McTracks with > 2 FST hits (#of possible seeds)
StFwdTrackMaker:INFO  - 	Finding FWD Track Seeds
StFwdTrackMaker:INFO  - Hitmap Source: fst
StFwdTrackMaker:INFO  - Performing Fwd Seed finding with mode: fst = 
StFwdTrackMaker:INFO  - Found 1 seeds in 1 iterations
StFwdTrackMaker:INFO  - Total Hits removed: 0
StFwdTrackMaker:INFO  - Seed [0] with 3 hits : id=2@2id=1@1id=0@0
StFwdTrackMaker:INFO  - <<Fwd Tracking Found : 1 Track Seeds from 3 FST hits and 0 sTGC hits
StFwdTrackMaker:INFO  -     (vs. 1 McTracks with FST>2, eff = 1)
StFwdTrackMaker:INFO  - 	Fitting FWD Track Seeds
StFwdTrackMaker:INFO  - TrackFitter:refit = 1
StFwdTrackMaker:INFO  - Starting Track fitting loop with 1 track seeds
StFwdTrackMaker:INFO  - TrackFitter:refit = 1
StFwdTrackMaker:INFO  - 		Mc Match idTruth=1, quality = 1
StFwdTrackMaker:INFO  - GenFitTrackResult::mIdTruth = 1, QaTruth = 1
The points are collinear, curvature is undefined.
p1 = -0.0971505, -9.4995
p2 = -0.058291, -9.49982
p3 = -0.058291, -9.49982
StFwdTrackMaker:INFO  - GenericFitSeeder::makeSeed::Curvature: -1e-07
StFwdTrackMaker:INFO  - GenericFitSeeder::makeSeed::pt = 14989.5
StFwdTrackMaker:WARN  - Seed momentum is too high, setting to (0,0,1)
StFwdTrackMaker:INFO  - Track Setup complete, track has 3 points
StFwdTrackMaker:INFO  -  sorting changed track points: 0
StFwdTrackMaker:INFO  - Fit status:  0
StFwdTrackMaker:INFO  - -Fit pvalue: 0
StFwdTrackMaker:INFO  - -Fit Chi2:   0
StFwdTrackMaker:INFO  - -Fit Chi2:   0
StFwdTrackMaker:INFO  - Track fit update complete!
StFwdTrackMaker:INFO  - Track Reps: 1
StFwdTrackMaker:INFO  - Track Rep 0 
genfit::AbsTrackRep, pdgCode = -211. PropDir = 0
fitStatus 
 track has NOT been fitted, track has been fitted with reference track,
StFwdTrackMaker:ERROR - --FitTrack is nullptr or fit did not converge, setting seed only
StFwdTrackMaker:INFO  - GenFitTrackResult::mIdTruth = 1, QaTruth = 1
StFwdTrackMaker:WARN  - 	Initial global fitting failed for seed 0
StFwdTrackMaker:INFO  - Global track fitting completed, found 1 global tracks from 1 track seed candidates
StFwdTrackMaker:INFO  - >>doBeamlineTrackFitting( #globals = 1 )
StFwdTrackMaker:INFO  - doBeamlineTrackFitting>>0 McId=1 with Beamline, seed already has: 3 hits
StFwdTrackMaker:INFO  - mBeamlineHit: 0, 0, 0
StFwdTrackMaker:INFO  - This fit is for a global that converged? = 0
StFwdTrackMaker:INFO  - GenFitTrackResult::mIdTruth = 1, QaTruth = 0.75
The points are collinear, curvature is undefined.
p1 = 0, 0
p2 = -0.058291, -9.49982
p3 = -0.058291, -9.49982
The points are collinear, curvature is undefined.
p1 = -0.0971505, -9.4995
p2 = -0.058291, -9.49982
p3 = -0.058291, -9.49982
StFwdTrackMaker:INFO  - GenericFitSeeder::makeSeed::Curvature: -0.105263
StFwdTrackMaker:INFO  - GenericFitSeeder::makeSeed::pt = 0.01424
StFwdTrackMaker:INFO  - Track Setup complete, track has 4 points
StFwdTrackMaker:INFO  -  sorting changed track points: 0
StFwdTrackMaker:INFO  - Fit status:  1
StFwdTrackMaker:INFO  - -Fit pvalue: 0.510018
StFwdTrackMaker:INFO  - -Fit Chi2:   2.31309
StFwdTrackMaker:INFO  - -Fit Chi2:   2.31309
StFwdTrackMaker:INFO  - Track fit charge: -1Fit momentum: -0.00806716, -0.234135, 5.27281
StFwdTrackMaker:INFO  - 	Fit Pt: 0.234274, eta: 3.80747, phi: -1.60524
StFwdTrackMaker:INFO  - Track fit update complete!
StFwdTrackMaker:INFO  - Track Reps: 1
StFwdTrackMaker:INFO  - Track Rep 0 
genfit::AbsTrackRep, pdgCode = -211. PropDir = 0
fitStatus 
 track has been fitted, fit has converged fully, 0 TrackPoints could not be processed, fitted charge = -1, PruneFlags: 
 track has been fitted with reference track, numIterations = 6, track length = 221.229, fChi2 = 2.31309, bChi2 = 2.31309, fNdf = 3, bNdf = 3, fPVal = 0.510018, bPVal = 0.510018

StFwdTrackMaker:INFO  - GenFitTrackResult::mIdTruth = 1, QaTruth = 0.75
StFwdTrackMaker:INFO  - GTR Setting momentum from track
StFwdTrackMaker:INFO  - --isFitConvergedPartially() = 1
StFwdTrackMaker:INFO  - --isFitConverged() = 1
StFwdTrackMaker:INFO  - --isFitConvergedFully() = 1
StFwdTrackMaker:INFO  - SEED momentum:0, 0, 1
StFwdTrackMaker:INFO  - 	Initial Beamline fit completed, now refitting with additional hits
StFwdTrackMaker:INFO  - Looking for FTT strips near projected state on disk 0
StFwdTrackMaker:INFO  - There are 0 available FTT strips on this disk
StFwdTrackMaker:WARN  - No FTT hits available to search for near projected state
StFwdTrackMaker:INFO  -  Found #FTT strips on plane #0 = [0]
StFwdTrackMaker:INFO  - Found 4 existing seed points
StFwdTrackMaker:INFO  - Looking for FTT strips near projected state on disk 1
StFwdTrackMaker:INFO  - There are 0 available FTT strips on this disk
StFwdTrackMaker:WARN  - No FTT hits available to search for near projected state
StFwdTrackMaker:INFO  -  Found #FTT strips on plane #1 = [0]
StFwdTrackMaker:INFO  - Found 4 existing seed points
StFwdTrackMaker:INFO  - Looking for FTT strips near projected state on disk 2
StFwdTrackMaker:INFO  - There are 0 available FTT strips on this disk
StFwdTrackMaker:WARN  - No FTT hits available to search for near projected state
StFwdTrackMaker:INFO  -  Found #FTT strips on plane #2 = [0]
StFwdTrackMaker:INFO  - Found 4 existing seed points
StFwdTrackMaker:INFO  - Looking for FTT strips near projected state on disk 3
StFwdTrackMaker:INFO  - There are 0 available FTT strips on this disk
StFwdTrackMaker:WARN  - No FTT hits available to search for near projected state
StFwdTrackMaker:INFO  -  Found #FTT strips on plane #3 = [0]
StFwdTrackMaker:INFO  - Found 4 existing seed points
StFwdTrackMaker:INFO  - Closest EPD hit to state: dR=999.000000, dPhi=999.000000, dx=999.000000, dy=999.000000
StFwdTrackMaker:INFO  - GenFitTrackResult::mIdTruth = 1, QaTruth = 0.75
The points are collinear, curvature is undefined.
p1 = 0, 0
p2 = -0.058291, -9.49982
p3 = -0.058291, -9.49982
The points are collinear, curvature is undefined.
p1 = -0.0971505, -9.4995
p2 = -0.058291, -9.49982
p3 = -0.058291, -9.49982
StFwdTrackMaker:INFO  - GenericFitSeeder::makeSeed::Curvature: -0.105263
StFwdTrackMaker:INFO  - GenericFitSeeder::makeSeed::pt = 0.01424
StFwdTrackMaker:INFO  - Note: Using externally provided seed momentum
StFwdTrackMaker:INFO  - Track Setup complete, track has 4 points
StFwdTrackMaker:INFO  -  sorting changed track points: 0
StFwdTrackMaker:INFO  - Fit status:  1
StFwdTrackMaker:INFO  - -Fit pvalue: 0.510078
StFwdTrackMaker:INFO  - -Fit Chi2:   2.31277
StFwdTrackMaker:INFO  - -Fit Chi2:   2.31277
StFwdTrackMaker:INFO  - Track fit charge: -1Fit momentum: -0.00810377, -0.235253, 5.25164
StFwdTrackMaker:INFO  - 	Fit Pt: 0.235392, eta: 3.79869, phi: -1.60523
StFwdTrackMaker:INFO  - Track fit update complete!
StFwdTrackMaker:INFO  - Track Reps: 1
StFwdTrackMaker:INFO  - Track Rep 0 
genfit::AbsTrackRep, pdgCode = -211. PropDir = 0
fitStatus 
 track has been fitted, fit has converged fully, 0 TrackPoints could not be processed, fitted charge = -1, PruneFlags: 
 track has been fitted with reference track, numIterations = 4, track length = 225.729, fChi2 = 2.31277, bChi2 = 2.31277, fNdf = 3, bNdf = 3, fPVal = 0.510078, bPVal = 0.510078

StFwdTrackMaker:INFO  - GenFitTrackResult::mIdTruth = 1, QaTruth = 0.75
StFwdTrackMaker:INFO  - GTR Setting momentum from track
StFwdTrackMaker:INFO  - --isFitConvergedPartially() = 1
StFwdTrackMaker:INFO  - --isFitConverged() = 1
StFwdTrackMaker:INFO  - --isFitConvergedFully() = 1
StFwdTrackMaker:INFO  - >>doPrimaryTrackFitting( #globals = 1 )
StFwdTrackMaker:INFO  - Refitting Track 0, McId=1 with Primary Vertex, seed already has: 3 hits
StFwdTrackMaker:INFO  - mEventVertexHit: 0, 0, 0
StFwdTrackMaker:INFO  - This fit is for a global that converged? = 0
StFwdTrackMaker:INFO  - GenFitTrackResult::mIdTruth = 1, QaTruth = 0.75
The points are collinear, curvature is undefined.
p1 = 0, 0
p2 = -0.058291, -9.49982
p3 = -0.058291, -9.49982
The points are collinear, curvature is undefined.
p1 = -0.0971505, -9.4995
p2 = -0.058291, -9.49982
p3 = -0.058291, -9.49982
StFwdTrackMaker:INFO  - GenericFitSeeder::makeSeed::Curvature: -0.105263
StFwdTrackMaker:INFO  - GenericFitSeeder::makeSeed::pt = 0.01424
StFwdTrackMaker:INFO  - Note: Using externally provided seed momentum
StFwdTrackMaker:INFO  - Track Setup complete, track has 4 points
StFwdTrackMaker:INFO  -  sorting changed track points: 0
StFwdTrackMaker:INFO  - Fit status:  1
StFwdTrackMaker:INFO  - -Fit pvalue: 0.431023
StFwdTrackMaker:INFO  - -Fit Chi2:   2.75463
StFwdTrackMaker:INFO  - -Fit Chi2:   2.75463
StFwdTrackMaker:INFO  - Track fit charge: -1Fit momentum: -0.00909231, -0.276178, 4.82645
StFwdTrackMaker:INFO  - 	Fit Pt: 0.276327, eta: 3.55425, phi: -1.60371
StFwdTrackMaker:INFO  - Track fit update complete!
StFwdTrackMaker:INFO  - Track Reps: 1
StFwdTrackMaker:INFO  - Track Rep 0 
genfit::AbsTrackRep, pdgCode = -211. PropDir = 0
fitStatus 
 track has been fitted, fit has converged fully, 0 TrackPoints could not be processed, fitted charge = -1, PruneFlags: 
 track has been fitted with reference track, numIterations = 4, track length = 177.33, fChi2 = 2.75463, bChi2 = 2.75463, fNdf = 3, bNdf = 3, fPVal = 0.431023, bPVal = 0.431023

StFwdTrackMaker:INFO  - GenFitTrackResult::mIdTruth = 1, QaTruth = 0.75
StFwdTrackMaker:INFO  - GTR Setting momentum from track
StFwdTrackMaker:INFO  - --isFitConvergedPartially() = 1
StFwdTrackMaker:INFO  - --isFitConverged() = 1
StFwdTrackMaker:INFO  - --isFitConvergedFully() = 1
StFwdTrackMaker:INFO  - 	Initial fit complete, now refitting with additional points
StFwdTrackMaker:INFO  - Looking for FTT strips near projected state on disk 0
StFwdTrackMaker:INFO  - There are 0 available FTT strips on this disk
StFwdTrackMaker:WARN  - No FTT hits available to search for near projected state
StFwdTrackMaker:INFO  -  Found #FTT strips on plane #0 = [0]
StFwdTrackMaker:INFO  - Found 4 existing seed points
StFwdTrackMaker:INFO  - Looking for FTT strips near projected state on disk 1
StFwdTrackMaker:INFO  - There are 0 available FTT strips on this disk
StFwdTrackMaker:WARN  - No FTT hits available to search for near projected state
StFwdTrackMaker:INFO  -  Found #FTT strips on plane #1 = [0]
StFwdTrackMaker:INFO  - Found 4 existing seed points
StFwdTrackMaker:INFO  - Looking for FTT strips near projected state on disk 2
StFwdTrackMaker:INFO  - There are 0 available FTT strips on this disk
StFwdTrackMaker:WARN  - No FTT hits available to search for near projected state
StFwdTrackMaker:INFO  -  Found #FTT strips on plane #2 = [0]
StFwdTrackMaker:INFO  - Found 4 existing seed points
StFwdTrackMaker:INFO  - Looking for FTT strips near projected state on disk 3
StFwdTrackMaker:INFO  - There are 0 available FTT strips on this disk
StFwdTrackMaker:WARN  - No FTT hits available to search for near projected state
StFwdTrackMaker:INFO  -  Found #FTT strips on plane #3 = [0]
StFwdTrackMaker:INFO  - Found 4 existing seed points
StFwdTrackMaker:INFO  - Closest EPD hit to state: dR=999.000000, dPhi=999.000000, dx=999.000000, dy=999.000000
StFwdTrackMaker:INFO  - GenFitTrackResult::mIdTruth = 1, QaTruth = 0.75
The points are collinear, curvature is undefined.
p1 = 0, 0
p2 = -0.058291, -9.49982
p3 = -0.058291, -9.49982
The points are collinear, curvature is undefined.
p1 = -0.0971505, -9.4995
p2 = -0.058291, -9.49982
p3 = -0.058291, -9.49982
StFwdTrackMaker:INFO  - GenericFitSeeder::makeSeed::Curvature: -0.105263
StFwdTrackMaker:INFO  - GenericFitSeeder::makeSeed::pt = 0.01424
StFwdTrackMaker:INFO  - Note: Using externally provided seed momentum
StFwdTrackMaker:INFO  - Track Setup complete, track has 4 points
StFwdTrackMaker:INFO  -  sorting changed track points: 0
StFwdTrackMaker:INFO  - Fit status:  1
StFwdTrackMaker:INFO  - -Fit pvalue: 0.431023
StFwdTrackMaker:INFO  - -Fit Chi2:   2.75463
StFwdTrackMaker:INFO  - -Fit Chi2:   2.75463
StFwdTrackMaker:INFO  - Track fit charge: -1Fit momentum: -0.00909229, -0.276174, 4.82638
StFwdTrackMaker:INFO  - 	Fit Pt: 0.276323, eta: 3.55425, phi: -1.60371
StFwdTrackMaker:INFO  - Track fit update complete!
StFwdTrackMaker:INFO  - Track Reps: 1
StFwdTrackMaker:INFO  - Track Rep 0 
genfit::AbsTrackRep, pdgCode = -211. PropDir = 0
fitStatus 
 track has been fitted, fit has converged fully, 0 TrackPoints could not be processed, fitted charge = -1, PruneFlags: 
 track has been fitted with reference track, numIterations = 1, track length = 177.33, fChi2 = 2.75463, bChi2 = 2.75463, fNdf = 3, bNdf = 3, fPVal = 0.431023, bPVal = 0.431023

StFwdTrackMaker:INFO  - GenFitTrackResult::mIdTruth = 1, QaTruth = 0.75
StFwdTrackMaker:INFO  - GTR Setting momentum from track
StFwdTrackMaker:INFO  - --isFitConvergedPartially() = 1
StFwdTrackMaker:INFO  - --isFitConverged() = 1
StFwdTrackMaker:INFO  - --isFitConvergedFully() = 1
StFwdTrackMaker:INFO  - >>doSecondaryTrackFitting( #globals = 1 )
StFwdTrackMaker:INFO  - <<Fwd Tracking Fit :3 GenFit Tracks
StFwdTrackMaker:INFO  - TAttr::Found : fillevent = 1

StFwdTrackMaker:INFO  - Creating the StFwdTrackCollection
StFwdTrackMaker:INFO  - Processing GenfitTrackResult(type=0): 0 mIsFitConverged=0, mIsFitConvergedPartially=0, mNumFitPoints=0
StFwdTrackMaker:INFO  - Processing GenfitTrackResult(type=2): 1 mIsFitConverged=1, mIsFitConvergedPartially=1, mNumFitPoints=4
AAA FCS StraightLine: det=0 xyzdet=(-17.399,-5.26,710.16) norm=(-0.0301896,0,0.999544)
AAA projectAsStraightLine: tv3A=(0.766581,-32.8873,575.023) tv3B=(0.8481,-35.7454,625.026)
AAA   xyzf=(-17.399,-5.26,710.16) norm=(-0.0301896,0,0.999544)
AAA   tintersection=2.71371 result=(0.9878,-40.6433,710.715)
AAA FCS StraightLine result: tv3=(0.9878,-40.6433,710.715)
AAA FCS StraightLine: det=2 xyzdet=(-21.285,1.8,782.63) norm=(-0.0301896,0,0.999544)
AAA projectAsStraightLine: tv3A=(0.766581,-32.8873,575.023) tv3B=(0.8481,-35.7454,625.026)
AAA   xyzf=(-21.285,1.8,782.63) norm=(-0.0301896,0,0.999544)
AAA   tintersection=4.16545 result=(1.10614,-44.7925,783.306)
AAA FCS StraightLine result: tv3=(1.10614,-44.7925,783.306)
StFwdTrackMaker:INFO  - Processing GenfitTrackResult(type=1): 2 mIsFitConverged=1, mIsFitConvergedPartially=1, mNumFitPoints=4
AAA FCS StraightLine: det=0 xyzdet=(-17.399,-5.26,710.16) norm=(-0.0301896,0,0.999544)
AAA projectAsStraightLine: tv3A=(0.628792,-27.8074,575.019) tv3B=(0.693545,-30.0444,625.021)
AAA   xyzf=(-17.399,-5.26,710.16) norm=(-0.0301896,0,0.999544)
AAA   tintersection=2.71371 result=(0.804512,-33.8781,710.71)
AAA FCS StraightLine result: tv3=(0.804512,-33.8781,710.71)
AAA FCS StraightLine: det=2 xyzdet=(-21.285,1.8,782.63) norm=(-0.0301896,0,0.999544)
AAA projectAsStraightLine: tv3A=(0.628792,-27.8074,575.019) tv3B=(0.693545,-30.0444,625.021)
AAA   xyzf=(-21.285,1.8,782.63) norm=(-0.0301896,0,0.999544)
AAA   tintersection=4.16546 result=(0.898517,-37.1257,783.3)
AAA FCS StraightLine result: tv3=(0.898517,-37.1257,783.3)
StFwdTrackMaker:INFO  - StFwdTrackCollection has 3 tracks now
StFwdTrackMaker:INFO  - StFwdTrackCollection has 3 tracks now
StFwdTrackMaker:INFO  - *** StFwdTrackMaker::Make() == StOK(0) ***
StFcsTrackMatchMaker:INFO  - *** StFcsTrackMatchMaker::Make() == StOK(0) ***
StStrangeMuDstMaker:INFO  - StV0Controller: found 0 V0 candidates
StStrangeMuDstMaker:INFO  - StXiController: found 0 Xi candidates
StStrangeMuDstMaker:INFO  - StKinkController: found 0 Kink candidates
StStrangeMuDstMaker:INFO  - *** StStrangeMuDstMaker::Make() == StOK(0) ***
StMuDstMaker:INFO  - fillMuFtt
StMuDstMaker:INFO  - fillMuFttRawHits
StMuDstMaker:INFO  - fillMuFttPoints
StMuDstMaker:INFO  - fillMuFttClusters
StMuDstMaker:INFO  - StMuDstMaker::fillFwdTrack(StEvent* ev)
StMuDstMaker:INFO  - StMuDSTMaker filling StMuFwdTrackCollection from StEvent
StMuDstMaker:INFO  - Adding 3 StMuFwdTracks to MuDSt
StMuDstMaker:INFO  - *** StMuDstMaker::Make() == StOK(0) ***
StTreeMaker:INFO  - *** StTreeMaker::Make() == StOK(0) ***
StPicoDstMaker:WARN  - No trigger data bank available!
StPicoDstMaker:INFO  - StPicoDstMaker::fillFcsHits filled 151
StPicoDstMaker:INFO  - StPicoDstMaker::fillFcsClusters filled 18
StPicoDstMaker:INFO  - *** StPicoDstMaker::Make() == StOK(0) ***
MEM after Chain::Clear + Make	 total =794.011719 heap =208.801910 and   0.194473( +0.179764)
<---------- END EVENT
--------->START EVENT: 9
MEM before Chain::Clear + Make	 total =794.011719 heap =208.802124 and   0.193970( +0.000214)
St_geant_Maker:INFO  - *** St_geant_Maker::Make() == StOK(0) ***
St_db_Maker:INFO  - *** St_db_Maker::Make() == StOK(0) ***
StMagFMaker:INFO  - *** StMagFMaker::Make() == StOK(0) ***
StDetectorDbMaker:INFO  - *** StDetectorDbMaker::Make() == StOK(0) ***
StTpcDbMaker:INFO  - *** StTpcDbMaker::Make() == StOK(0) ***
StFcsDbMaker:INFO  - *** StFcsDbMaker::Make() == StOK(0) ***
StEventMaker:INFO  - get trigDetSums from Calibrations/rich/trigDetSums
StEventMaker:WARN  - StEventMaker: No StDAQReader found
StEventMaker:INFO  - *** StEventMaker::Make() == StOK(0) ***
StMcEventMaker:INFO  - StMcEventMaker:   g2t_tpc_hit Table Not found 
StMcEventMaker:INFO  - StMcEventMaker:   particle    Table Not found 
StMcEventMaker:INFO  - *** StMcEventMaker::Make() == StOK(0) ***
StFcsFastSimulatorMaker:DEBUG - StFcsFastSimulatorMaker::Make
StFcsFastSimulatorMaker:DEBUG - Creating StFcsCollection
StFcsFastSimulatorMaker:INFO  - TAttr::Found : fcsleakyhcal = 0

StFcsFastSimulatorMaker:INFO  - TAttr::Found : fcshcalzdepeff = 0

StFcsFastSimulatorMaker:INFO  - g2t_wca_hit table has 26 hit
StFcsFastSimulatorMaker:INFO  - ECAL det=0 id=168 volid=1169 e=0.002224
StFcsFastSimulatorMaker:INFO  - ECAL det=0 id=170 volid=1171 e=0.000766
StFcsFastSimulatorMaker:INFO  - ECAL det=0 id=189 volid=1190 e=0.001237
StFcsFastSimulatorMaker:INFO  - ECAL det=0 id=190 volid=1191 e=0.003026
StFcsFastSimulatorMaker:INFO  - ECAL det=0 id=191 volid=1192 e=0.000276
StFcsFastSimulatorMaker:INFO  - ECAL det=0 id=192 volid=1193 e=0.005678
StFcsFastSimulatorMaker:INFO  - ECAL det=0 id=212 volid=1213 e=0.020040
StFcsFastSimulatorMaker:INFO  - ECAL det=0 id=213 volid=1214 e=0.180719
StFcsFastSimulatorMaker:INFO  - ECAL det=0 id=214 volid=1215 e=0.027322
StFcsFastSimulatorMaker:INFO  - ECAL det=0 id=218 volid=1219 e=0.000304
StFcsFastSimulatorMaker:INFO  - ECAL det=0 id=233 volid=1234 e=0.000367
StFcsFastSimulatorMaker:INFO  - ECAL det=0 id=234 volid=1235 e=0.017756
StFcsFastSimulatorMaker:INFO  - ECAL det=0 id=235 volid=1236 e=1.600644
StFcsFastSimulatorMaker:INFO  - ECAL det=0 id=236 volid=1237 e=0.090325
StFcsFastSimulatorMaker:INFO  - ECAL det=0 id=237 volid=1238 e=0.006001
StFcsFastSimulatorMaker:INFO  - ECAL det=0 id=238 volid=1239 e=0.000080
StFcsFastSimulatorMaker:INFO  - ECAL det=0 id=255 volid=1256 e=0.000133
StFcsFastSimulatorMaker:INFO  - ECAL det=0 id=256 volid=1257 e=0.003697
StFcsFastSimulatorMaker:INFO  - ECAL det=0 id=257 volid=1258 e=0.011730
StFcsFastSimulatorMaker:INFO  - ECAL det=0 id=258 volid=1259 e=0.005806
StFcsFastSimulatorMaker:INFO  - ECAL det=0 id=259 volid=1260 e=0.000296
StFcsFastSimulatorMaker:INFO  - ECAL det=0 id=277 volid=1278 e=0.002062
StFcsFastSimulatorMaker:INFO  - ECAL det=0 id=278 volid=1279 e=0.003290
StFcsFastSimulatorMaker:INFO  - ECAL det=0 id=280 volid=1281 e=0.000436
StFcsFastSimulatorMaker:INFO  - ECAL det=0 id=300 volid=1301 e=0.001901
StFcsFastSimulatorMaker:INFO  - ECAL det=0 id=322 volid=1323 e=0.000630
StFcsFastSimulatorMaker:INFO  - g2t_hca_hit table has 15 hit
StFcsFastSimulatorMaker:INFO  - HCAL det=2 id=48 volid= 1049 e=0.000146
StFcsFastSimulatorMaker:INFO  - HCAL det=2 id=60 volid= 1061 e=0.004228
StFcsFastSimulatorMaker:INFO  - HCAL det=2 id=73 volid= 1074 e=0.000181
StFcsFastSimulatorMaker:INFO  - HCAL det=2 id=76 volid= 1077 e=0.001013
StFcsFastSimulatorMaker:INFO  - HCAL det=2 id=84 volid= 1085 e=0.000883
StFcsFastSimulatorMaker:INFO  - HCAL det=2 id=85 volid= 1086 e=0.000559
StFcsFastSimulatorMaker:INFO  - HCAL det=2 id=86 volid= 1087 e=0.000561
StFcsFastSimulatorMaker:INFO  - HCAL det=2 id=87 volid= 1088 e=0.000534
StFcsFastSimulatorMaker:INFO  - HCAL det=2 id=88 volid= 1089 e=0.001134
StFcsFastSimulatorMaker:INFO  - HCAL det=2 id=98 volid= 1099 e=0.000671
StFcsFastSimulatorMaker:INFO  - HCAL det=2 id=99 volid= 1100 e=0.002096
StFcsFastSimulatorMaker:INFO  - HCAL det=2 id=100 volid= 1101 e=0.002487
StFcsFastSimulatorMaker:INFO  - HCAL det=2 id=111 volid= 1112 e=0.000053
StFcsFastSimulatorMaker:INFO  - HCAL det=2 id=112 volid= 1113 e=0.000086
StFcsFastSimulatorMaker:INFO  - HCAL det=2 id=125 volid= 1126 e=0.000090
StFcsFastSimulatorMaker:INFO  - g2t_epd_hit table has 1 hit
StFcsFastSimulatorMaker:INFO  - Pres det=4 id= 73 volid=203180 e=  2.586376
StFcsFastSimulatorMaker:INFO  - Det=0 id=168 dE=   0.002 SF= 0.200 gain= 0.005 corr= 1.000 ADC=   2 ZS= 1 digiE=   0.011
StFcsFastSimulatorMaker:INFO  - Det=0 id=170 dE=   0.001 SF= 0.200 gain= 0.005 corr= 1.000 ADC=   0 ZS= 1 digiE=   0.000
StFcsFastSimulatorMaker:INFO  - Det=0 id=189 dE=   0.001 SF= 0.200 gain= 0.005 corr= 1.000 ADC=   1 ZS= 1 digiE=   0.005
StFcsFastSimulatorMaker:INFO  - Det=0 id=190 dE=   0.003 SF= 0.200 gain= 0.005 corr= 1.000 ADC=   2 ZS= 1 digiE=   0.011
StFcsFastSimulatorMaker:INFO  - Det=0 id=191 dE=   0.000 SF= 0.200 gain= 0.005 corr= 1.000 ADC=   0 ZS= 1 digiE=   0.000
StFcsFastSimulatorMaker:INFO  - Det=0 id=192 dE=   0.006 SF= 0.200 gain= 0.005 corr= 1.000 ADC=   5 ZS= 1 digiE=   0.026
StFcsFastSimulatorMaker:INFO  - Det=0 id=212 dE=   0.020 SF= 0.200 gain= 0.005 corr= 1.000 ADC=  18 ZS= 1 digiE=   0.095
StFcsFastSimulatorMaker:INFO  - Det=0 id=213 dE=   0.181 SF= 0.200 gain= 0.005 corr= 1.000 ADC= 170 ZS= 1 digiE=   0.901
StFcsFastSimulatorMaker:INFO  - Det=0 id=214 dE=   0.027 SF= 0.200 gain= 0.005 corr= 1.000 ADC=  25 ZS= 1 digiE=   0.132
StFcsFastSimulatorMaker:INFO  - Det=0 id=218 dE=   0.000 SF= 0.200 gain= 0.005 corr= 1.000 ADC=   0 ZS= 1 digiE=   0.000
StFcsFastSimulatorMaker:INFO  - Det=0 id=233 dE=   0.000 SF= 0.200 gain= 0.005 corr= 1.000 ADC=   0 ZS= 1 digiE=   0.000
StFcsFastSimulatorMaker:INFO  - Det=0 id=234 dE=   0.018 SF= 0.200 gain= 0.005 corr= 1.000 ADC=  16 ZS= 1 digiE=   0.085
StFcsFastSimulatorMaker:INFO  - Det=0 id=235 dE=   1.601 SF= 0.200 gain= 0.005 corr= 1.000 ADC=1510 ZS= 1 digiE=   8.003
StFcsFastSimulatorMaker:INFO  - Det=0 id=236 dE=   0.090 SF= 0.200 gain= 0.005 corr= 1.000 ADC=  85 ZS= 1 digiE=   0.450
StFcsFastSimulatorMaker:INFO  - Det=0 id=237 dE=   0.006 SF= 0.200 gain= 0.005 corr= 1.000 ADC=   5 ZS= 1 digiE=   0.026
StFcsFastSimulatorMaker:INFO  - Det=0 id=238 dE=   0.000 SF= 0.200 gain= 0.005 corr= 1.000 ADC=   0 ZS= 1 digiE=   0.000
StFcsFastSimulatorMaker:INFO  - Det=0 id=255 dE=   0.000 SF= 0.200 gain= 0.005 corr= 1.000 ADC=   0 ZS= 1 digiE=   0.000
StFcsFastSimulatorMaker:INFO  - Det=0 id=256 dE=   0.004 SF= 0.200 gain= 0.005 corr= 1.000 ADC=   3 ZS= 1 digiE=   0.016
StFcsFastSimulatorMaker:INFO  - Det=0 id=257 dE=   0.012 SF= 0.200 gain= 0.005 corr= 1.000 ADC=  11 ZS= 1 digiE=   0.058
StFcsFastSimulatorMaker:INFO  - Det=0 id=258 dE=   0.006 SF= 0.200 gain= 0.005 corr= 1.000 ADC=   5 ZS= 1 digiE=   0.026
StFcsFastSimulatorMaker:INFO  - Det=0 id=259 dE=   0.000 SF= 0.200 gain= 0.005 corr= 1.000 ADC=   0 ZS= 1 digiE=   0.000
StFcsFastSimulatorMaker:INFO  - Det=0 id=277 dE=   0.002 SF= 0.200 gain= 0.005 corr= 1.000 ADC=   1 ZS= 1 digiE=   0.005
StFcsFastSimulatorMaker:INFO  - Det=0 id=278 dE=   0.003 SF= 0.200 gain= 0.005 corr= 1.000 ADC=   3 ZS= 1 digiE=   0.016
StFcsFastSimulatorMaker:INFO  - Det=0 id=280 dE=   0.000 SF= 0.200 gain= 0.005 corr= 1.000 ADC=   0 ZS= 1 digiE=   0.000
StFcsFastSimulatorMaker:INFO  - Det=0 id=300 dE=   0.002 SF= 0.200 gain= 0.005 corr= 1.000 ADC=   1 ZS= 1 digiE=   0.005
StFcsFastSimulatorMaker:INFO  - Det=0 id=322 dE=   0.001 SF= 0.200 gain= 0.005 corr= 1.000 ADC=   0 ZS= 1 digiE=   0.000
StFcsFastSimulatorMaker:INFO  - Det=2 id= 48 dE=   0.000 SF= 0.014 gain= 0.005 corr= 1.000 ADC=   1 ZS= 1 digiE=   0.005
StFcsFastSimulatorMaker:INFO  - Det=2 id= 60 dE=   0.004 SF= 0.014 gain= 0.005 corr= 1.000 ADC=  55 ZS= 1 digiE=   0.292
StFcsFastSimulatorMaker:INFO  - Det=2 id= 73 dE=   0.000 SF= 0.014 gain= 0.005 corr= 1.000 ADC=   2 ZS= 1 digiE=   0.011
StFcsFastSimulatorMaker:INFO  - Det=2 id= 76 dE=   0.001 SF= 0.014 gain= 0.005 corr= 1.000 ADC=  13 ZS= 1 digiE=   0.069
StFcsFastSimulatorMaker:INFO  - Det=2 id= 84 dE=   0.001 SF= 0.014 gain= 0.005 corr= 1.000 ADC=  11 ZS= 1 digiE=   0.058
StFcsFastSimulatorMaker:INFO  - Det=2 id= 85 dE=   0.001 SF= 0.014 gain= 0.005 corr= 1.000 ADC=   7 ZS= 1 digiE=   0.037
StFcsFastSimulatorMaker:INFO  - Det=2 id= 86 dE=   0.001 SF= 0.014 gain= 0.005 corr= 1.000 ADC=   7 ZS= 1 digiE=   0.037
StFcsFastSimulatorMaker:INFO  - Det=2 id= 87 dE=   0.001 SF= 0.014 gain= 0.005 corr= 1.000 ADC=   6 ZS= 1 digiE=   0.032
StFcsFastSimulatorMaker:INFO  - Det=2 id= 88 dE=   0.001 SF= 0.014 gain= 0.005 corr= 1.000 ADC=  14 ZS= 1 digiE=   0.074
StFcsFastSimulatorMaker:INFO  - Det=2 id= 98 dE=   0.001 SF= 0.014 gain= 0.005 corr= 1.000 ADC=   8 ZS= 1 digiE=   0.042
StFcsFastSimulatorMaker:INFO  - Det=2 id= 99 dE=   0.002 SF= 0.014 gain= 0.005 corr= 1.000 ADC=  27 ZS= 1 digiE=   0.143
StFcsFastSimulatorMaker:INFO  - Det=2 id=100 dE=   0.002 SF= 0.014 gain= 0.005 corr= 1.000 ADC=  32 ZS= 1 digiE=   0.170
StFcsFastSimulatorMaker:INFO  - Det=2 id=111 dE=   0.000 SF= 0.014 gain= 0.005 corr= 1.000 ADC=   0 ZS= 1 digiE=   0.000
StFcsFastSimulatorMaker:INFO  - Det=2 id=112 dE=   0.000 SF= 0.014 gain= 0.005 corr= 1.000 ADC=   1 ZS= 1 digiE=   0.005
StFcsFastSimulatorMaker:INFO  - Det=2 id=125 dE=   0.000 SF= 0.014 gain= 0.005 corr= 1.000 ADC=   1 ZS= 1 digiE=   0.005
StFcsFastSimulatorMaker:INFO  - Det=4 id= 73 dE=   2.586 SF= 2.000 gain= 0.010 corr= 0.500 ADC= 258 ZS= 1 digiE=   1.290
StFcsFastSimulatorMaker:INFO  - wca Found 26 g2t hits in 14 cells, created 14 hits with ADC>ZS(1) and Etot=   9.858
StFcsFastSimulatorMaker:INFO  - hca Found 15 g2t hits in 11 cells, created 11 hits with ADC>ZS(1) and Etot=   0.965
StFcsFastSimulatorMaker:INFO  - pre Found 1 g2t hits in 1 cells, created 1 hits with ADC>ZS(1) and Etot=   1.290
StFcsFastSimulatorMaker:INFO  - *** StFcsFastSimulatorMaker::Make() == StOK(0) ***
StFcsWaveformFitMaker:INFO  - *** StFcsWaveformFitMaker::Make() == StOK(0) ***
StFcsClusterMaker:DEBUG - StFcsClusterMaker Make!!!
  *** Print FCS collection ***  RecFlag=0
  *** FCS Det=0 *** NHit= 14 NCluster=  1 NPoint=  0
StFcsHit: det= 0 id=235 | ns=0 ehp=0 dep= 8 ch= 6 | Ntb=  1 Sum=     0 Fit=  0.00   0.00 E=  8.00 | 1510 (  0) 
StFcsHit: det= 0 id=213 | ns=0 ehp=0 dep= 8 ch= 2 | Ntb=  1 Sum=     0 Fit=  0.00   0.00 E=  0.90 |  170 (  0) 
StFcsHit: det= 0 id=236 | ns=0 ehp=0 dep= 8 ch= 7 | Ntb=  1 Sum=     0 Fit=  0.00   0.00 E=  0.45 |   85 (  0) 
StFcsHit: det= 0 id=214 | ns=0 ehp=0 dep= 8 ch= 3 | Ntb=  1 Sum=     0 Fit=  0.00   0.00 E=  0.13 |   25 (  0) 
StFcsHit: det= 0 id=212 | ns=0 ehp=0 dep= 8 ch= 1 | Ntb=  1 Sum=     0 Fit=  0.00   0.00 E=  0.10 |   18 (  0) 
StFcsHit: det= 0 id=234 | ns=0 ehp=0 dep= 8 ch= 5 | Ntb=  1 Sum=     0 Fit=  0.00   0.00 E=  0.08 |   16 (  0) 
StFcsHit: det= 0 id=257 | ns=0 ehp=0 dep= 8 ch=10 | Ntb=  1 Sum=     0 Fit=  0.00   0.00 E=  0.06 |   11 (  0) 
StFcsHit: det= 0 id=192 | ns=0 ehp=0 dep= 3 ch=31 | Ntb=  1 Sum=     0 Fit=  0.00   0.00 E=  0.03 |    5 (  0) 
StFcsHit: det= 0 id=237 | ns=0 ehp=0 dep= 9 ch= 4 | Ntb=  1 Sum=     0 Fit=  0.00   0.00 E=  0.03 |    5 (  0) 
StFcsHit: det= 0 id=258 | ns=0 ehp=0 dep= 8 ch=11 | Ntb=  1 Sum=     0 Fit=  0.00   0.00 E=  0.03 |    5 (  0) 
StFcsHit: det= 0 id=256 | ns=0 ehp=0 dep= 8 ch= 9 | Ntb=  1 Sum=     0 Fit=  0.00   0.00 E=  0.02 |    3 (  0) 
StFcsHit: det= 0 id=278 | ns=0 ehp=0 dep= 8 ch=13 | Ntb=  1 Sum=     0 Fit=  0.00   0.00 E=  0.02 |    3 (  0) 
StFcsHit: det= 0 id=168 | ns=0 ehp=0 dep= 3 ch=25 | Ntb=  1 Sum=     0 Fit=  0.00   0.00 E=  0.01 |    2 (  0) 
StFcsHit: det= 0 id=190 | ns=0 ehp=0 dep= 3 ch=29 | Ntb=  1 Sum=     0 Fit=  0.00   0.00 E=  0.01 |    2 (  0) 
StFcsCluster id=   0 ctg=1 n=13 nNeigh=0 nPoints=0 loc=  15.61   10.30 PXYZE=  -1.41    0.43    9.74    9.85 E=   9.85 sigMin/max=   0.31    0.40 Chi2=   0.00    0.00
  *** FCS Det=1 *** NHit=  0 NCluster=  0 NPoint=  0
  *** FCS Det=2 *** NHit= 11 NCluster=  2 NPoint=  0
StFcsHit: det= 2 id= 60 | ns=0 ehp=1 dep= 2 ch= 8 | Ntb=  1 Sum=     0 Fit=  0.00   0.00 E=  0.29 |   55 (  0) 
StFcsHit: det= 2 id=100 | ns=0 ehp=1 dep= 2 ch=21 | Ntb=  1 Sum=     0 Fit=  0.00   0.00 E=  0.17 |   32 (  0) 
StFcsHit: det= 2 id= 99 | ns=0 ehp=1 dep= 2 ch=20 | Ntb=  1 Sum=     0 Fit=  0.00   0.00 E=  0.14 |   27 (  0) 
StFcsHit: det= 2 id= 88 | ns=0 ehp=1 dep= 2 ch=18 | Ntb=  1 Sum=     0 Fit=  0.00   0.00 E=  0.07 |   14 (  0) 
StFcsHit: det= 2 id= 76 | ns=0 ehp=1 dep= 2 ch=15 | Ntb=  1 Sum=     0 Fit=  0.00   0.00 E=  0.07 |   13 (  0) 
StFcsHit: det= 2 id= 84 | ns=0 ehp=1 dep= 1 ch=18 | Ntb=  1 Sum=     0 Fit=  0.00   0.00 E=  0.06 |   11 (  0) 
StFcsHit: det= 2 id= 98 | ns=0 ehp=1 dep= 1 ch=23 | Ntb=  1 Sum=     0 Fit=  0.00   0.00 E=  0.04 |    8 (  0) 
StFcsHit: det= 2 id= 85 | ns=0 ehp=1 dep= 1 ch=19 | Ntb=  1 Sum=     0 Fit=  0.00   0.00 E=  0.04 |    7 (  0) 
StFcsHit: det= 2 id= 86 | ns=0 ehp=1 dep= 2 ch=16 | Ntb=  1 Sum=     0 Fit=  0.00   0.00 E=  0.04 |    7 (  0) 
StFcsHit: det= 2 id= 87 | ns=0 ehp=1 dep= 2 ch=17 | Ntb=  1 Sum=     0 Fit=  0.00   0.00 E=  0.03 |    6 (  0) 
StFcsHit: det= 2 id= 73 | ns=0 ehp=1 dep= 2 ch=12 | Ntb=  1 Sum=     0 Fit=  0.00   0.00 E=  0.01 |    2 (  0) 
StFcsCluster id=   0 ctg=1 n= 2 nNeigh=1 nPoints=0 loc=   8.50    4.50 PXYZE=  -0.04    0.02    0.30    0.30 E=   0.30 sigMin/max=   0.00    0.00 Chi2=   0.00    0.00
StFcsCluster id=   1 ctg=1 n= 8 nNeigh=1 nPoints=0 loc=   9.11    7.50 PXYZE=  -0.08    0.02    0.60    0.60 E=   0.60 sigMin/max=   0.00    0.49 Chi2=   0.00    0.00
  *** FCS Det=3 *** NHit=  0 NCluster=  0 NPoint=  0
  *** FCS Det=4 *** NHit=  1 NCluster=  0 NPoint=  0
StFcsHit: det= 4 id= 73 | ns=0 ehp=2 dep= 2 ch= 9 | Ntb=  1 Sum=     0 Fit=  0.00   0.00 E=  1.29 |  258 (  0) 
  *** FCS Det=5 *** NHit=  0 NCluster=  0 NPoint=  0
  *** FCS Det=6 *** NHit=  0 NCluster=  1 NPoint=  0
StFcsClusterMaker:INFO  - *** StFcsClusterMaker::Make() == StOK(0) ***
StFttClusterPointMaker:INFO  - Creating FttCollection
StFttClusterPointMaker:INFO  - Making Geant points
StFttClusterPointMaker:INFO  - *** StFttClusterPointMaker::Make() == StOK(0) ***
StFwdTrackMaker:INFO  - Setting Event Vertex from geant/g2t_vertex[0]: 0xb3df740
StFwdTrackMaker:INFO  - TAttr::Found : useftt = 1

StFwdTrackMaker:INFO  - TAttr::Found : usefst = 1

StFwdTrackMaker:INFO  - TAttr::Found : useepd = 1

StFwdTrackMaker:INFO  - There are: 0 with 0 FST, 0 with 1 FST, 0 with 2 FST, 1 with 3 FST
StFwdTrackMaker:INFO  - There are: 0 with 0 FTT, 0 with 1 FTT, 0 with 2 FTT, 0 with 3 FTT, 0 with 4 FTT, 0 with 5 FTT, 0 with 6 FTT, 0 with 7 FTT, 1 with 8 FTT
StFwdTrackMaker:INFO  - There are 1 McTracks with > 2 FST hits (#of possible seeds)
StFwdTrackMaker:INFO  - 	Finding FWD Track Seeds
StFwdTrackMaker:INFO  - Hitmap Source: fst
StFwdTrackMaker:INFO  - Performing Fwd Seed finding with mode: fst = 
StFwdTrackMaker:INFO  - Found 1 seeds in 1 iterations
StFwdTrackMaker:INFO  - Total Hits removed: 0
StFwdTrackMaker:INFO  - Seed [0] with 3 hits : id=2@2id=1@1id=0@0
StFwdTrackMaker:INFO  - <<Fwd Tracking Found : 1 Track Seeds from 3 FST hits and 4 sTGC hits
StFwdTrackMaker:INFO  -     (vs. 1 McTracks with FST>2, eff = 1)
StFwdTrackMaker:INFO  - 	Fitting FWD Track Seeds
StFwdTrackMaker:INFO  - TrackFitter:refit = 1
StFwdTrackMaker:INFO  - Starting Track fitting loop with 1 track seeds
StFwdTrackMaker:INFO  - TrackFitter:refit = 1
StFwdTrackMaker:INFO  - 		Mc Match idTruth=1, quality = 1
StFwdTrackMaker:INFO  - GenFitTrackResult::mIdTruth = 1, QaTruth = 1
StFwdTrackMaker:INFO  - GenericFitSeeder::makeSeed::Curvature: 0.00976585
StFwdTrackMaker:INFO  - GenericFitSeeder::makeSeed::pt = 0.153489
StFwdTrackMaker:INFO  - Track Setup complete, track has 3 points
StFwdTrackMaker:INFO  -  sorting changed track points: 0
StFwdTrackMaker:INFO  - Fit status:  1
StFwdTrackMaker:INFO  - -Fit pvalue: 0.881124
StFwdTrackMaker:INFO  - -Fit Chi2:   0.0223636
StFwdTrackMaker:INFO  - -Fit Chi2:   0.0223636
StFwdTrackMaker:INFO  - Track fit charge: 1Fit momentum: -0.139047, 0.0380601, 0.649879
StFwdTrackMaker:INFO  - 	Fit Pt: 0.144162, eta: 2.21108, phi: 2.87442
StFwdTrackMaker:INFO  - Track fit update complete!
StFwdTrackMaker:INFO  - Track Reps: 1
StFwdTrackMaker:INFO  - Track Rep 0 
genfit::AbsTrackRep, pdgCode = 211. PropDir = 0
fitStatus 
 track has been fitted, fit has converged fully, 0 TrackPoints could not be processed, fitted charge = 1, PruneFlags: 
 track has been fitted with reference track, numIterations = 2, track length = 27.6881, fChi2 = 0.0223636, bChi2 = 0.0223636, fNdf = 1, bNdf = 1, fPVal = 0.881124, bPVal = 0.881124

StFwdTrackMaker:INFO  - GenFitTrackResult::mIdTruth = 1, QaTruth = 1
StFwdTrackMaker:INFO  - GTR Setting momentum from track
StFwdTrackMaker:INFO  - --isFitConvergedPartially() = 1
StFwdTrackMaker:INFO  - --isFitConverged() = 1
StFwdTrackMaker:INFO  - --isFitConvergedFully() = 1
StFwdTrackMaker:INFO  - Looking for FTT strips near projected state on disk 0
StFwdTrackMaker:INFO  - There are 2 available FTT strips on this disk
AAA FTT proj z= 312.84  x=-52.470 y= 21.990  r= 56.891 phi= 2.7447  sigU= 1.202 sigV= 0.054
AAA FTT momentum at proj: pT= 0.143 eta= 2.221 phi= 2.5610  px= -0.119 py=  0.078 pz=  0.650
AAA FTT search thresholds: dPhi<0.1200 dR<30.00 dx<7.50 dy<7.50  nHits=2
findFttHitsNearProjectedState, msp = (-52.469663, 21.989635)
AAA FTT hit H pos=(-51.580+/-4.33,  13.921+/-0.01)  dx= 0.890 dy= 8.069 dR= 3.466 dPhi=0.1332 (tid=1)  dPhi:FAIL dR:OK XY:OK
	 vs. hit@(-44.290310+/-0.010000, 17.541153+/-4.330127) => dx=8.179353, dy=4.448482, dR=9.253790, dPhi=0.019760 (tid=1), strip=vertical
AAA FTT hit V pos=(-44.290+/-0.01,  17.541+/-4.33)  dx= 8.179 dy= 4.448 dR= 9.254 dPhi=0.0198 (tid=1)  dPhi:OK dR:OK XY:OK
StFwdTrackMaker:INFO  - Closest horizontal FTT strip to FST state: dR=3.465917, dPhi=0.133246, dx=0.889920, dy=8.068721 (tid=1) 
AAA FTT closest-H dPhi=0.1332(<0.1200) dR= 3.466(< 30.0) dx= 0.890 dy= 8.069(< 7.50) tid=1 -> REJECT
StFwdTrackMaker:INFO  - Closest vertical FTT strip to FST state: dR=9.253790, dPhi=0.019760, dx=8.179353, dy=4.448482 (tid=1) 
AAA FTT closest-V dPhi=0.0198(<0.1200) dR= 9.254(< 30.0) dx= 8.179 dy= 4.448(< 7.50) tid=1 -> REJECT
AAA FTT result: 0 hits added (H:REJECT V:REJECT)
StFwdTrackMaker:INFO  -  Found #FTT strips on plane #0 = [0]
StFwdTrackMaker:INFO  - Found 3 existing seed points
StFwdTrackMaker:INFO  - Looking for FTT strips near projected state on disk 1
StFwdTrackMaker:INFO  - There are 2 available FTT strips on this disk
AAA FTT proj z= 330.84  x=-55.782 y= 24.112  r= 60.770 phi= 2.7336  sigU= 1.202 sigV= 0.054
AAA FTT momentum at proj: pT= 0.141 eta= 2.231 phi= 2.5899  px= -0.120 py=  0.074 pz=  0.651
AAA FTT search thresholds: dPhi<0.1200 dR<30.00 dx<7.50 dy<7.50  nHits=2
findFttHitsNearProjectedState, msp = (-55.781765, 24.111583)
	 vs. hit@(-47.508732+/-4.330127, 14.678418+/-0.010000) => dx=8.273033, dy=9.433165, dR=11.045245, dPhi=0.108335 (tid=1), strip=horizontal
AAA FTT hit H pos=(-47.509+/-4.33,  14.678+/-0.01)  dx= 8.273 dy= 9.433 dR=11.045 dPhi=0.1083 (tid=1)  dPhi:OK dR:OK XY:FAIL
	 vs. hit@(-46.873623+/-0.010000, 15.881365+/-4.330127) => dx=8.908142, dy=8.230218, dR=11.278891, dPhi=0.081321 (tid=1), strip=vertical
AAA FTT hit V pos=(-46.874+/-0.01,  15.881+/-4.33)  dx= 8.908 dy= 8.230 dR=11.279 dPhi=0.0813 (tid=1)  dPhi:OK dR:OK XY:FAIL
StFwdTrackMaker:INFO  - Closest horizontal FTT strip to FST state: dR=11.045245, dPhi=0.108335, dx=8.273033, dy=9.433165 (tid=1) 
AAA FTT closest-H dPhi=0.1083(<0.1200) dR=11.045(< 30.0) dx= 8.273 dy= 9.433(< 7.50) tid=1 -> REJECT
StFwdTrackMaker:INFO  - Closest vertical FTT strip to FST state: dR=11.278891, dPhi=0.081321, dx=8.908142, dy=8.230218 (tid=1) 
AAA FTT closest-V dPhi=0.0813(<0.1200) dR=11.279(< 30.0) dx= 8.908 dy= 8.230(< 7.50) tid=1 -> REJECT
AAA FTT result: 0 hits added (H:REJECT V:REJECT)
StFwdTrackMaker:INFO  -  Found #FTT strips on plane #1 = [0]
StFwdTrackMaker:INFO  - Found 3 existing seed points
StFwdTrackMaker:INFO  - Looking for FTT strips near projected state on disk 2
StFwdTrackMaker:INFO  - There are 2 available FTT strips on this disk
AAA FTT proj z= 346.85  x=-58.770 y= 25.860  r= 64.208 phi= 2.7271  sigU= 1.202 sigV= 0.052
AAA FTT momentum at proj: pT= 0.140 eta= 2.239 phi= 2.6350  px= -0.123 py=  0.068 pz=  0.651
AAA FTT search thresholds: dPhi<0.1200 dR<30.00 dx<7.50 dy<7.50  nHits=2
findFttHitsNearProjectedState, msp = (-58.770230, 25.859718)
AAA FTT hit H pos=(-54.475+/-4.33,  15.365+/-0.01)  dx= 4.295 dy=10.494 dR= 7.607 dPhi=0.1396 (tid=1)  dPhi:FAIL dR:OK XY:OK
	 vs. hit@(-49.110619+/-0.010000, 21.935768+/-4.330127) => dx=9.659611, dy=3.923950, dR=10.421080, dPhi=0.005555 (tid=1), strip=vertical
AAA FTT hit V pos=(-49.111+/-0.01,  21.936+/-4.33)  dx= 9.660 dy= 3.924 dR=10.421 dPhi=0.0056 (tid=1)  dPhi:OK dR:OK XY:OK
StFwdTrackMaker:INFO  - Closest horizontal FTT strip to FST state: dR=7.607293, dPhi=0.139601, dx=4.295040, dy=10.494440 (tid=1) 
AAA FTT closest-H dPhi=0.1396(<0.1200) dR= 7.607(< 30.0) dx= 4.295 dy=10.494(< 7.50) tid=1 -> REJECT
StFwdTrackMaker:INFO  - Closest vertical FTT strip to FST state: dR=10.421080, dPhi=0.005555, dx=9.659611, dy=3.923950 (tid=1) 
AAA FTT closest-V dPhi=0.0056(<0.1200) dR=10.421(< 30.0) dx= 9.660 dy= 3.924(< 7.50) tid=1 -> REJECT
AAA FTT result: 0 hits added (H:REJECT V:REJECT)
StFwdTrackMaker:INFO  -  Found #FTT strips on plane #2 = [0]
StFwdTrackMaker:INFO  - Found 3 existing seed points
StFwdTrackMaker:INFO  - Looking for FTT strips near projected state on disk 3
StFwdTrackMaker:INFO  - There are 2 available FTT strips on this disk
AAA FTT proj z= 364.84  x=-62.193 y= 27.665  r= 68.068 phi= 2.7231  sigU= 1.202 sigV= 0.050
AAA FTT momentum at proj: pT= 0.140 eta= 2.243 phi= 2.6747  px= -0.125 py=  0.063 pz=  0.651
AAA FTT search thresholds: dPhi<0.1200 dR<30.00 dx<7.50 dy<7.50  nHits=2
findFttHitsNearProjectedState, msp = (-62.192590, 27.664734)
AAA FTT hit H pos=(-57.894+/-4.33,  16.122+/-0.01)  dx= 4.299 dy=11.542 dR= 7.971 dPhi=0.1469 (tid=1)  dPhi:FAIL dR:OK XY:OK
	 vs. hit@(-51.705917+/-0.010000, 18.367670+/-4.330127) => dx=10.486672, dy=9.297064, dR=13.196599, dPhi=0.077211 (tid=1), strip=vertical
AAA FTT hit V pos=(-51.706+/-0.01,  18.368+/-4.33)  dx=10.487 dy= 9.297 dR=13.197 dPhi=0.0772 (tid=1)  dPhi:OK dR:OK XY:FAIL
StFwdTrackMaker:INFO  - Closest horizontal FTT strip to FST state: dR=7.971437, dPhi=0.146938, dx=4.299016, dy=11.542273 (tid=1) 
AAA FTT closest-H dPhi=0.1469(<0.1200) dR= 7.971(< 30.0) dx= 4.299 dy=11.542(< 7.50) tid=1 -> REJECT
StFwdTrackMaker:INFO  - Closest vertical FTT strip to FST state: dR=13.196599, dPhi=0.077211, dx=10.486672, dy=9.297064 (tid=1) 
AAA FTT closest-V dPhi=0.0772(<0.1200) dR=13.197(< 30.0) dx=10.487 dy= 9.297(< 7.50) tid=1 -> REJECT
AAA FTT result: 0 hits added (H:REJECT V:REJECT)
StFwdTrackMaker:INFO  -  Found #FTT strips on plane #3 = [0]
StFwdTrackMaker:INFO  - Found 3 existing seed points
StFwdTrackMaker:INFO  - Closest EPD hit to state: dR=16.502808, dPhi=-0.027097, dx=14.494433, dy=-8.063871
StFwdTrackMaker:INFO  - GenFitTrackResult::mIdTruth = 1, QaTruth = 1
StFwdTrackMaker:INFO  - GenericFitSeeder::makeSeed::Curvature: 0.00976585
StFwdTrackMaker:INFO  - GenericFitSeeder::makeSeed::pt = 0.153489
StFwdTrackMaker:INFO  - Note: Using externally provided seed momentum
StFwdTrackMaker:INFO  - Track Setup complete, track has 3 points
StFwdTrackMaker:INFO  -  sorting changed track points: 0
StFwdTrackMaker:INFO  - Fit status:  1
StFwdTrackMaker:INFO  - -Fit pvalue: 0.881124
StFwdTrackMaker:INFO  - -Fit Chi2:   0.0223636
StFwdTrackMaker:INFO  - -Fit Chi2:   0.0223636
StFwdTrackMaker:INFO  - Track fit charge: 1Fit momentum: -0.139047, 0.03806, 0.649878
StFwdTrackMaker:INFO  - 	Fit Pt: 0.144162, eta: 2.21108, phi: 2.87442
StFwdTrackMaker:INFO  - Track fit update complete!
StFwdTrackMaker:INFO  - Track Reps: 1
StFwdTrackMaker:INFO  - Track Rep 0 
genfit::AbsTrackRep, pdgCode = 211. PropDir = 0
fitStatus 
 track has been fitted, fit has converged fully, 0 TrackPoints could not be processed, fitted charge = 1, PruneFlags: 
 track has been fitted with reference track, numIterations = 2, track length = 27.6882, fChi2 = 0.0223636, bChi2 = 0.0223636, fNdf = 1, bNdf = 1, fPVal = 0.881124, bPVal = 0.881124

StFwdTrackMaker:INFO  - GenFitTrackResult::mIdTruth = 1, QaTruth = 1
StFwdTrackMaker:INFO  - GTR Setting momentum from track
StFwdTrackMaker:INFO  - --isFitConvergedPartially() = 1
StFwdTrackMaker:INFO  - --isFitConverged() = 1
StFwdTrackMaker:INFO  - --isFitConvergedFully() = 1
StFwdTrackMaker:INFO  - Global track fitting completed, found 1 global tracks from 1 track seed candidates
StFwdTrackMaker:INFO  - >>doBeamlineTrackFitting( #globals = 1 )
StFwdTrackMaker:INFO  - doBeamlineTrackFitting>>0 McId=1 with Beamline, seed already has: 3 hits
StFwdTrackMaker:INFO  - mBeamlineHit: 0, 0, 0
StFwdTrackMaker:INFO  - This fit is for a global that converged? = 1
StFwdTrackMaker:INFO  - GenFitTrackResult::mIdTruth = 1, QaTruth = 0.75
StFwdTrackMaker:INFO  - GenericFitSeeder::makeSeed::Curvature: -0.000681683
StFwdTrackMaker:INFO  - GenericFitSeeder::makeSeed::pt = 2.1989
StFwdTrackMaker:INFO  - Track Setup complete, track has 4 points
StFwdTrackMaker:INFO  -  sorting changed track points: 0
StFwdTrackMaker:INFO  - Fit status:  1
StFwdTrackMaker:INFO  - -Fit pvalue: 0.47948
StFwdTrackMaker:INFO  - -Fit Chi2:   2.4769
StFwdTrackMaker:INFO  - -Fit Chi2:   2.4769
StFwdTrackMaker:INFO  - Track fit charge: -1Fit momentum: -1.21045, 0.409384, 5.88166
StFwdTrackMaker:INFO  - 	Fit Pt: 1.2778, eta: 2.23144, phi: 2.81546
StFwdTrackMaker:INFO  - Track fit update complete!
StFwdTrackMaker:INFO  - Track Reps: 1
StFwdTrackMaker:INFO  - Track Rep 0 
genfit::AbsTrackRep, pdgCode = -211. PropDir = 0
fitStatus 
 track has been fitted, fit has converged fully, 0 TrackPoints could not be processed, fitted charge = -1, PruneFlags: 
 track has been fitted with reference track, numIterations = 4, track length = 129.156, fChi2 = 2.4769, bChi2 = 2.4769, fNdf = 3, bNdf = 3, fPVal = 0.47948, bPVal = 0.47948

StFwdTrackMaker:INFO  - GenFitTrackResult::mIdTruth = 1, QaTruth = 0.75
StFwdTrackMaker:INFO  - GTR Setting momentum from track
StFwdTrackMaker:INFO  - --isFitConvergedPartially() = 1
StFwdTrackMaker:INFO  - --isFitConverged() = 1
StFwdTrackMaker:INFO  - --isFitConvergedFully() = 1
StFwdTrackMaker:INFO  - SEED momentum:-0.139047, 0.03806, 0.649878
StFwdTrackMaker:INFO  - 	Initial Beamline fit completed, now refitting with additional hits
StFwdTrackMaker:INFO  - Looking for FTT strips near projected state on disk 0
StFwdTrackMaker:INFO  - There are 2 available FTT strips on this disk
AAA FTT proj z= 312.84  x=-54.073 y= 16.408  r= 56.508 phi= 2.8470  sigU= 0.171 sigV= 0.042
AAA FTT momentum at proj: pT= 1.278 eta= 2.232 phi= 2.8752  px= -1.233 py=  0.336 pz=  5.882
AAA FTT search thresholds: dPhi<0.1200 dR<30.00 dx<7.50 dy<7.50  nHits=2
findFttHitsNearProjectedState, msp = (-54.073447, 16.408450)
	 vs. hit@(-51.579742+/-4.330127, 13.920914+/-0.010000) => dx=2.493704, dy=2.487536, dR=3.082893, dPhi=0.031006 (tid=1), strip=horizontal
AAA FTT hit H pos=(-51.580+/-4.33,  13.921+/-0.01)  dx= 2.494 dy= 2.488 dR= 3.083 dPhi=0.0310 (tid=1)  dPhi:OK dR:OK XY:OK
	 vs. hit@(-44.290310+/-0.010000, 17.541153+/-4.330127) => dx=9.783137, dy=1.132703, dR=8.870766, dPhi=0.082480 (tid=1), strip=vertical
AAA FTT hit V pos=(-44.290+/-0.01,  17.541+/-4.33)  dx= 9.783 dy= 1.133 dR= 8.871 dPhi=0.0825 (tid=1)  dPhi:OK dR:OK XY:OK
StFwdTrackMaker:INFO  - Adding horizontal strip hit with dPhi = 0.0310063, dR = 3.08289, dx = 2.4937, dy = 2.48754
StFwdTrackMaker:INFO  - Closest horizontal FTT strip to FST state: dR=3.082893, dPhi=0.031006, dx=2.493704, dy=2.487536 (tid=1) 
AAA FTT closest-H dPhi=0.0310(<0.1200) dR= 3.083(< 30.0) dx= 2.494 dy= 2.488(< 7.50) tid=1 -> ACCEPT
StFwdTrackMaker:INFO  - Closest vertical FTT strip to FST state: dR=8.870766, dPhi=0.082480, dx=9.783137, dy=1.132703 (tid=1) 
AAA FTT closest-V dPhi=0.0825(<0.1200) dR= 8.871(< 30.0) dx= 9.783 dy= 1.133(< 7.50) tid=1 -> REJECT
AAA FTT result: 1 hits added (H:ACCEPT V:REJECT)
StFwdTrackMaker:INFO  -  Found #FTT strips on plane #0 = [1]
StFwdTrackMaker:INFO  - Found 4 existing seed points
StFwdTrackMaker:INFO  - Adding 1 new FTT seed points
StFwdTrackMaker:INFO  - Looking for FTT strips near projected state on disk 1
StFwdTrackMaker:INFO  - There are 2 available FTT strips on this disk
AAA FTT proj z= 330.84  x=-57.845 y= 17.442  r= 60.418 phi= 2.8487  sigU= 0.171 sigV= 0.043
AAA FTT momentum at proj: pT= 1.277 eta= 2.232 phi= 2.8720  px= -1.231 py=  0.340 pz=  5.882
AAA FTT search thresholds: dPhi<0.1200 dR<30.00 dx<7.50 dy<7.50  nHits=2
findFttHitsNearProjectedState, msp = (-57.844956, 17.442387)
	 vs. hit@(-47.508732+/-4.330127, 14.678418+/-0.010000) => dx=10.336224, dy=2.763969, dR=10.692915, dPhi=0.006793 (tid=1), strip=horizontal
AAA FTT hit H pos=(-47.509+/-4.33,  14.678+/-0.01)  dx=10.336 dy= 2.764 dR=10.693 dPhi=0.0068 (tid=1)  dPhi:OK dR:OK XY:OK
	 vs. hit@(-46.873623+/-0.010000, 15.881365+/-4.330127) => dx=10.971333, dy=1.561022, dR=10.926561, dPhi=0.033807 (tid=1), strip=vertical
AAA FTT hit V pos=(-46.874+/-0.01,  15.881+/-4.33)  dx=10.971 dy= 1.561 dR=10.927 dPhi=0.0338 (tid=1)  dPhi:OK dR:OK XY:OK
StFwdTrackMaker:INFO  - Adding horizontal strip hit with dPhi = 0.00679271, dR = 10.6929, dx = 10.3362, dy = 2.76397
StFwdTrackMaker:INFO  - Closest horizontal FTT strip to FST state: dR=10.692915, dPhi=0.006793, dx=10.336224, dy=2.763969 (tid=1) 
AAA FTT closest-H dPhi=0.0068(<0.1200) dR=10.693(< 30.0) dx=10.336 dy= 2.764(< 7.50) tid=1 -> ACCEPT
StFwdTrackMaker:INFO  - Closest vertical FTT strip to FST state: dR=10.926561, dPhi=0.033807, dx=10.971333, dy=1.561022 (tid=1) 
AAA FTT closest-V dPhi=0.0338(<0.1200) dR=10.927(< 30.0) dx=10.971 dy= 1.561(< 7.50) tid=1 -> REJECT
AAA FTT result: 1 hits added (H:ACCEPT V:REJECT)
StFwdTrackMaker:INFO  -  Found #FTT strips on plane #1 = [1]
StFwdTrackMaker:INFO  - Found 5 existing seed points
StFwdTrackMaker:INFO  - Adding 1 new FTT seed points
StFwdTrackMaker:INFO  - Looking for FTT strips near projected state on disk 2
StFwdTrackMaker:INFO  - There are 2 available FTT strips on this disk
AAA FTT proj z= 346.85  x=-61.193 y= 18.377  r= 63.893 phi= 2.8498  sigU= 0.171 sigV= 0.043
AAA FTT momentum at proj: pT= 1.277 eta= 2.232 phi= 2.8669  px= -1.229 py=  0.346 pz=  5.882
AAA FTT search thresholds: dPhi<0.1200 dR<30.00 dx<7.50 dy<7.50  nHits=2
findFttHitsNearProjectedState, msp = (-61.192833, 18.377008)
	 vs. hit@(-54.475189+/-4.330127, 15.365278+/-0.010000) => dx=6.717644, dy=3.011729, dR=7.292012, dPhi=0.016826 (tid=1), strip=horizontal
AAA FTT hit H pos=(-54.475+/-4.33,  15.365+/-0.01)  dx= 6.718 dy= 3.012 dR= 7.292 dPhi=0.0168 (tid=1)  dPhi:OK dR:OK XY:OK
AAA FTT hit V pos=(-49.111+/-0.01,  21.936+/-4.33)  dx=12.082 dy= 3.559 dR=10.106 dPhi=0.1283 (tid=1)  dPhi:FAIL dR:OK XY:OK
StFwdTrackMaker:INFO  - Adding horizontal strip hit with dPhi = 0.016826, dR = 7.29201, dx = 6.71764, dy = 3.01173
StFwdTrackMaker:INFO  - Closest horizontal FTT strip to FST state: dR=7.292012, dPhi=0.016826, dx=6.717644, dy=3.011729 (tid=1) 
AAA FTT closest-H dPhi=0.0168(<0.1200) dR= 7.292(< 30.0) dx= 6.718 dy= 3.012(< 7.50) tid=1 -> ACCEPT
StFwdTrackMaker:INFO  - Closest vertical FTT strip to FST state: dR=10.105799, dPhi=0.128329, dx=12.082214, dy=3.558760 (tid=1) 
AAA FTT closest-V dPhi=0.1283(<0.1200) dR=10.106(< 30.0) dx=12.082 dy= 3.559(< 7.50) tid=1 -> REJECT
AAA FTT result: 1 hits added (H:ACCEPT V:REJECT)
StFwdTrackMaker:INFO  -  Found #FTT strips on plane #2 = [1]
StFwdTrackMaker:INFO  - Found 6 existing seed points
StFwdTrackMaker:INFO  - Adding 1 new FTT seed points
StFwdTrackMaker:INFO  - Looking for FTT strips near projected state on disk 3
StFwdTrackMaker:INFO  - There are 2 available FTT strips on this disk
AAA FTT proj z= 364.84  x=-64.950 y= 19.445  r= 67.799 phi= 2.8507  sigU= 0.171 sigV= 0.043
AAA FTT momentum at proj: pT= 1.277 eta= 2.232 phi= 2.8626  px= -1.228 py=  0.352 pz=  5.882
AAA FTT search thresholds: dPhi<0.1200 dR<30.00 dx<7.50 dy<7.50  nHits=2
findFttHitsNearProjectedState, msp = (-64.950181, 19.445075)
	 vs. hit@(-57.893574+/-4.330127, 16.122461+/-0.010000) => dx=7.056607, dy=3.322614, dR=7.701917, dPhi=0.019289 (tid=1), strip=horizontal
AAA FTT hit H pos=(-57.894+/-4.33,  16.122+/-0.01)  dx= 7.057 dy= 3.323 dR= 7.702 dPhi=0.0193 (tid=1)  dPhi:OK dR:OK XY:OK
	 vs. hit@(-51.705917+/-0.010000, 18.367670+/-4.330127) => dx=13.244264, dy=1.077405, dR=12.927078, dPhi=0.050437 (tid=1), strip=vertical
AAA FTT hit V pos=(-51.706+/-0.01,  18.368+/-4.33)  dx=13.244 dy= 1.077 dR=12.927 dPhi=0.0504 (tid=1)  dPhi:OK dR:OK XY:OK
StFwdTrackMaker:INFO  - Adding horizontal strip hit with dPhi = 0.0192892, dR = 7.70192, dx = 7.05661, dy = 3.32261
StFwdTrackMaker:INFO  - Closest horizontal FTT strip to FST state: dR=7.701917, dPhi=0.019289, dx=7.056607, dy=3.322614 (tid=1) 
AAA FTT closest-H dPhi=0.0193(<0.1200) dR= 7.702(< 30.0) dx= 7.057 dy= 3.323(< 7.50) tid=1 -> ACCEPT
StFwdTrackMaker:INFO  - Closest vertical FTT strip to FST state: dR=12.927078, dPhi=0.050437, dx=13.244264, dy=1.077405 (tid=1) 
AAA FTT closest-V dPhi=0.0504(<0.1200) dR=12.927(< 30.0) dx=13.244 dy= 1.077(< 7.50) tid=1 -> REJECT
AAA FTT result: 1 hits added (H:ACCEPT V:REJECT)
StFwdTrackMaker:INFO  -  Found #FTT strips on plane #3 = [1]
StFwdTrackMaker:INFO  - Found 7 existing seed points
StFwdTrackMaker:INFO  - Adding 1 new FTT seed points
StFwdTrackMaker:INFO  - Closest EPD hit to state: dR=16.259851, dPhi=0.102156, dx=17.416926, dy=0.512824
StFwdTrackMaker:INFO  - GenFitTrackResult::mIdTruth = 1, QaTruth = 0.875
StFwdTrackMaker:INFO  - GenericFitSeeder::makeSeed::Curvature: -0.0020093
StFwdTrackMaker:INFO  - GenericFitSeeder::makeSeed::pt = 0.746007
StFwdTrackMaker:INFO  - Note: Using externally provided seed momentum
StFwdTrackMaker:INFO  - Track Setup complete, track has 8 points
StFwdTrackMaker:INFO  -  sorting changed track points: 0
StFwdTrackMaker:INFO  - Fit status:  1
StFwdTrackMaker:INFO  - -Fit pvalue: 0.637956
StFwdTrackMaker:INFO  - -Fit Chi2:   8.82593
StFwdTrackMaker:INFO  - -Fit Chi2:   8.82593
StFwdTrackMaker:INFO  - Track fit charge: -1Fit momentum: -0.832145, 0.284452, 5.36756
StFwdTrackMaker:INFO  - 	Fit Pt: 0.87942, eta: 2.50866, phi: 2.81221
StFwdTrackMaker:INFO  - Track fit update complete!
StFwdTrackMaker:INFO  - Track Reps: 1
StFwdTrackMaker:INFO  - Track Rep 0 
genfit::AbsTrackRep, pdgCode = -211. PropDir = 0
fitStatus 
 track has been fitted, fit has converged fully, 0 TrackPoints could not be processed, fitted charge = -1, PruneFlags: 
 track has been fitted with reference track, numIterations = 4, track length = 352.432, fChi2 = 8.82593, bChi2 = 8.82593, fNdf = 11, bNdf = 11, fPVal = 0.637956, bPVal = 0.637956

StFwdTrackMaker:INFO  - GenFitTrackResult::mIdTruth = 1, QaTruth = 0.875
StFwdTrackMaker:INFO  - GTR Setting momentum from track
StFwdTrackMaker:INFO  - --isFitConvergedPartially() = 1
StFwdTrackMaker:INFO  - --isFitConverged() = 1
StFwdTrackMaker:INFO  - --isFitConvergedFully() = 1
StFwdTrackMaker:INFO  - >>doPrimaryTrackFitting( #globals = 1 )
StFwdTrackMaker:INFO  - Refitting Track 0, McId=1 with Primary Vertex, seed already has: 3 hits
StFwdTrackMaker:INFO  - mEventVertexHit: 0, 0, 0
StFwdTrackMaker:INFO  - This fit is for a global that converged? = 1
StFwdTrackMaker:INFO  - GenFitTrackResult::mIdTruth = 1, QaTruth = 0.75
StFwdTrackMaker:INFO  - GenericFitSeeder::makeSeed::Curvature: -0.000681683
StFwdTrackMaker:INFO  - GenericFitSeeder::makeSeed::pt = 2.1989
StFwdTrackMaker:INFO  - Note: Using externally provided seed momentum
StFwdTrackMaker:INFO  - Track Setup complete, track has 4 points
StFwdTrackMaker:INFO  -  sorting changed track points: 0
StFwdTrackMaker:INFO  - Fit status:  1
StFwdTrackMaker:INFO  - -Fit pvalue: 0.180784
StFwdTrackMaker:INFO  - -Fit Chi2:   4.88018
StFwdTrackMaker:INFO  - -Fit Chi2:   4.88018
StFwdTrackMaker:INFO  - Track fit charge: -1Fit momentum: -0.683516, 0.241444, 4.8863
StFwdTrackMaker:INFO  - 	Fit Pt: 0.724907, eta: 2.60675, phi: 2.80204
StFwdTrackMaker:INFO  - Track fit update complete!
StFwdTrackMaker:INFO  - Track Reps: 1
StFwdTrackMaker:INFO  - Track Rep 0 
genfit::AbsTrackRep, pdgCode = -211. PropDir = 0
fitStatus 
 track has been fitted, fit has converged fully, 0 TrackPoints could not be processed, fitted charge = -1, PruneFlags: 
 track has been fitted with reference track, numIterations = 4, track length = 181.09, fChi2 = 4.88018, bChi2 = 4.88018, fNdf = 3, bNdf = 3, fPVal = 0.180784, bPVal = 0.180784

StFwdTrackMaker:INFO  - GenFitTrackResult::mIdTruth = 1, QaTruth = 0.75
StFwdTrackMaker:INFO  - GTR Setting momentum from track
StFwdTrackMaker:INFO  - --isFitConvergedPartially() = 1
StFwdTrackMaker:INFO  - --isFitConverged() = 1
StFwdTrackMaker:INFO  - --isFitConvergedFully() = 1
StFwdTrackMaker:INFO  - 	Initial fit complete, now refitting with additional points
StFwdTrackMaker:INFO  - Looking for FTT strips near projected state on disk 0
StFwdTrackMaker:INFO  - There are 2 available FTT strips on this disk
AAA FTT proj z= 312.84  x=-44.424 y= 13.372  r= 46.393 phi= 2.8492  sigU= 0.082 sigV= 0.003
AAA FTT momentum at proj: pT= 0.725 eta= 2.607 phi= 2.8875  px= -0.701 py=  0.182 pz=  4.886
AAA FTT search thresholds: dPhi<0.1200 dR<30.00 dx<7.50 dy<7.50  nHits=2
findFttHitsNearProjectedState, msp = (-44.423891, 13.372326)
	 vs. hit@(-51.579742+/-4.330127, 13.920914+/-0.010000) => dx=7.155851, dy=0.548588, dR=7.032390, dPhi=0.028779 (tid=1), strip=horizontal
AAA FTT hit H pos=(-51.580+/-4.33,  13.921+/-0.01)  dx= 7.156 dy= 0.549 dR= 7.032 dPhi=0.0288 (tid=1)  dPhi:OK dR:OK XY:OK
	 vs. hit@(-44.290310+/-0.010000, 17.541153+/-4.330127) => dx=0.133581, dy=4.168827, dR=1.244518, dPhi=0.084707 (tid=1), strip=vertical
AAA FTT hit V pos=(-44.290+/-0.01,  17.541+/-4.33)  dx= 0.134 dy= 4.169 dR= 1.245 dPhi=0.0847 (tid=1)  dPhi:OK dR:OK XY:OK
StFwdTrackMaker:INFO  - Adding horizontal strip hit with dPhi = 0.0287788, dR = 7.03239, dx = 7.15585, dy = 0.548588
StFwdTrackMaker:INFO  - Adding vertical strip hit with dPhi = 0.084707, dR = 1.24452, dx = 0.133581, dy = 4.16883
StFwdTrackMaker:INFO  - Closest horizontal FTT strip to FST state: dR=7.032390, dPhi=0.028779, dx=7.155851, dy=0.548588 (tid=1) 
AAA FTT closest-H dPhi=0.0288(<0.1200) dR= 7.032(< 30.0) dx= 7.156 dy= 0.549(< 7.50) tid=1 -> ACCEPT
StFwdTrackMaker:INFO  - Closest vertical FTT strip to FST state: dR=1.244518, dPhi=0.084707, dx=0.133581, dy=4.168827 (tid=1) 
AAA FTT closest-V dPhi=0.0847(<0.1200) dR= 1.245(< 30.0) dx= 0.134 dy= 4.169(< 7.50) tid=1 -> ACCEPT
AAA FTT result: 2 hits added (H:ACCEPT V:ACCEPT)
StFwdTrackMaker:INFO  -  Found #FTT strips on plane #0 = [2]
StFwdTrackMaker:INFO  - Found 4 existing seed points
StFwdTrackMaker:INFO  - Adding 2 new FTT seed points
StFwdTrackMaker:INFO  - Looking for FTT strips near projected state on disk 1
StFwdTrackMaker:INFO  - There are 2 available FTT strips on this disk
AAA FTT proj z= 330.84  x=-47.007 y= 14.048  r= 49.061 phi= 2.8512  sigU= 0.082 sigV= 0.003
AAA FTT momentum at proj: pT= 0.724 eta= 2.607 phi= 2.8835  px= -0.700 py=  0.185 pz=  4.886
AAA FTT search thresholds: dPhi<0.1200 dR<30.00 dx<7.50 dy<7.50  nHits=2
findFttHitsNearProjectedState, msp = (-47.006812, 14.047891)
	 vs. hit@(-47.508732+/-4.330127, 14.678418+/-0.010000) => dx=0.501920, dy=0.630527, dR=0.663578, dPhi=0.009259 (tid=1), strip=horizontal
AAA FTT hit H pos=(-47.509+/-4.33,  14.678+/-0.01)  dx= 0.502 dy= 0.631 dR= 0.664 dPhi=0.0093 (tid=1)  dPhi:OK dR:OK XY:OK
	 vs. hit@(-46.873623+/-0.010000, 15.881365+/-4.330127) => dx=0.133189, dy=1.833473, dR=0.429932, dPhi=0.036274 (tid=1), strip=vertical
AAA FTT hit V pos=(-46.874+/-0.01,  15.881+/-4.33)  dx= 0.133 dy= 1.833 dR= 0.430 dPhi=0.0363 (tid=1)  dPhi:OK dR:OK XY:OK
StFwdTrackMaker:INFO  - Adding horizontal strip hit with dPhi = 0.00925931, dR = 0.663578, dx = 0.50192, dy = 0.630527
StFwdTrackMaker:INFO  - Adding vertical strip hit with dPhi = 0.036274, dR = 0.429932, dx = 0.133189, dy = 1.83347
StFwdTrackMaker:INFO  - Closest horizontal FTT strip to FST state: dR=0.663578, dPhi=0.009259, dx=0.501920, dy=0.630527 (tid=1) 
AAA FTT closest-H dPhi=0.0093(<0.1200) dR= 0.664(< 30.0) dx= 0.502 dy= 0.631(< 7.50) tid=1 -> ACCEPT
StFwdTrackMaker:INFO  - Closest vertical FTT strip to FST state: dR=0.429932, dPhi=0.036274, dx=0.133189, dy=1.833473 (tid=1) 
AAA FTT closest-V dPhi=0.0363(<0.1200) dR= 0.430(< 30.0) dx= 0.133 dy= 1.833(< 7.50) tid=1 -> ACCEPT
AAA FTT result: 2 hits added (H:ACCEPT V:ACCEPT)
StFwdTrackMaker:INFO  -  Found #FTT strips on plane #1 = [2]
StFwdTrackMaker:INFO  - Found 6 existing seed points
StFwdTrackMaker:INFO  - Adding 2 new FTT seed points
StFwdTrackMaker:INFO  - Looking for FTT strips near projected state on disk 2
StFwdTrackMaker:INFO  - There are 2 available FTT strips on this disk
AAA FTT proj z= 346.85  x=-49.299 y= 14.660  r= 51.433 phi= 2.8526  sigU= 0.082 sigV= 0.003
AAA FTT momentum at proj: pT= 0.724 eta= 2.608 phi= 2.8781  px= -0.699 py=  0.189 pz=  4.886
AAA FTT search thresholds: dPhi<0.1200 dR<30.00 dx<7.50 dy<7.50  nHits=2
findFttHitsNearProjectedState, msp = (-49.299380, 14.659575)
	 vs. hit@(-54.475189+/-4.330127, 15.365278+/-0.010000) => dx=5.175810, dy=0.705704, dR=5.167898, dPhi=0.014113 (tid=1), strip=horizontal
AAA FTT hit H pos=(-54.475+/-4.33,  15.365+/-0.01)  dx= 5.176 dy= 0.706 dR= 5.168 dPhi=0.0141 (tid=1)  dPhi:OK dR:OK XY:OK
AAA FTT hit V pos=(-49.111+/-0.01,  21.936+/-4.33)  dx= 0.189 dy= 7.276 dR= 2.354 dPhi=0.1310 (tid=1)  dPhi:FAIL dR:OK XY:OK
StFwdTrackMaker:INFO  - Adding horizontal strip hit with dPhi = 0.0141133, dR = 5.1679, dx = 5.17581, dy = 0.705704
StFwdTrackMaker:INFO  - Adding vertical strip hit with dPhi = 0.131042, dR = 2.35411, dx = 0.188761, dy = 7.27619
StFwdTrackMaker:INFO  - Closest horizontal FTT strip to FST state: dR=5.167898, dPhi=0.014113, dx=5.175810, dy=0.705704 (tid=1) 
AAA FTT closest-H dPhi=0.0141(<0.1200) dR= 5.168(< 30.0) dx= 5.176 dy= 0.706(< 7.50) tid=1 -> ACCEPT
StFwdTrackMaker:INFO  - Closest vertical FTT strip to FST state: dR=2.354111, dPhi=0.131042, dx=0.188761, dy=7.276194 (tid=1) 
AAA FTT closest-V dPhi=0.1310(<0.1200) dR= 2.354(< 30.0) dx= 0.189 dy= 7.276(< 7.50) tid=1 -> ACCEPT
AAA FTT result: 2 hits added (H:ACCEPT V:ACCEPT)
StFwdTrackMaker:INFO  -  Found #FTT strips on plane #2 = [2]
StFwdTrackMaker:INFO  - Found 8 existing seed points
StFwdTrackMaker:INFO  - Adding 2 new FTT seed points
StFwdTrackMaker:INFO  - Looking for FTT strips near projected state on disk 3
StFwdTrackMaker:INFO  - There are 2 available FTT strips on this disk
AAA FTT proj z= 364.84  x=-51.871 y= 15.362  r= 54.098 phi= 2.8537  sigU= 0.082 sigV= 0.003
AAA FTT momentum at proj: pT= 0.724 eta= 2.608 phi= 2.8723  px= -0.698 py=  0.193 pz=  4.886
AAA FTT search thresholds: dPhi<0.1200 dR<30.00 dx<7.50 dy<7.50  nHits=2
findFttHitsNearProjectedState, msp = (-51.871498, 15.361819)
	 vs. hit@(-57.893574+/-4.330127, 16.122461+/-0.010000) => dx=6.022076, dy=0.760642, dR=5.998178, dPhi=0.016319 (tid=1), strip=horizontal
AAA FTT hit H pos=(-57.894+/-4.33,  16.122+/-0.01)  dx= 6.022 dy= 0.761 dR= 5.998 dPhi=0.0163 (tid=1)  dPhi:OK dR:OK XY:OK
	 vs. hit@(-51.705917+/-0.010000, 18.367670+/-4.330127) => dx=0.165581, dy=3.005851, dR=0.773016, dPhi=0.053407 (tid=1), strip=vertical
AAA FTT hit V pos=(-51.706+/-0.01,  18.368+/-4.33)  dx= 0.166 dy= 3.006 dR= 0.773 dPhi=0.0534 (tid=1)  dPhi:OK dR:OK XY:OK
StFwdTrackMaker:INFO  - Adding horizontal strip hit with dPhi = 0.0163195, dR = 5.99818, dx = 6.02208, dy = 0.760642
StFwdTrackMaker:INFO  - Adding vertical strip hit with dPhi = 0.0534072, dR = 0.773016, dx = 0.165581, dy = 3.00585
StFwdTrackMaker:INFO  - Closest horizontal FTT strip to FST state: dR=5.998178, dPhi=0.016319, dx=6.022076, dy=0.760642 (tid=1) 
AAA FTT closest-H dPhi=0.0163(<0.1200) dR= 5.998(< 30.0) dx= 6.022 dy= 0.761(< 7.50) tid=1 -> ACCEPT
StFwdTrackMaker:INFO  - Closest vertical FTT strip to FST state: dR=0.773016, dPhi=0.053407, dx=0.165581, dy=3.005851 (tid=1) 
AAA FTT closest-V dPhi=0.0534(<0.1200) dR= 0.773(< 30.0) dx= 0.166 dy= 3.006(< 7.50) tid=1 -> ACCEPT
AAA FTT result: 2 hits added (H:ACCEPT V:ACCEPT)
StFwdTrackMaker:INFO  -  Found #FTT strips on plane #3 = [2]
StFwdTrackMaker:INFO  - Found 10 existing seed points
StFwdTrackMaker:INFO  - Adding 2 new FTT seed points
StFwdTrackMaker:INFO  - Closest EPD hit to state: dR=1.859179, dPhi=0.105247, dx=3.668803, dy=4.803011
StFwdTrackMaker:INFO  - GenFitTrackResult::mIdTruth = 1, QaTruth = 0.846154
StFwdTrackMaker:INFO  - GenericFitSeeder::makeSeed::Curvature: 0.0152879
StFwdTrackMaker:INFO  - GenericFitSeeder::makeSeed::pt = 0.0980481
StFwdTrackMaker:INFO  - Note: Using externally provided seed momentum
StFwdTrackMaker:INFO  - Track Setup complete, track has 13 points
StFwdTrackMaker:INFO  -  sorting changed track points: 1
StFwdTrackMaker:INFO  - Fit status:  1
StFwdTrackMaker:INFO  - -Fit pvalue: 0.0544824
StFwdTrackMaker:INFO  - -Fit Chi2:   32.3075
StFwdTrackMaker:INFO  - -Fit Chi2:   32.3075
StFwdTrackMaker:INFO  - Track fit charge: -1Fit momentum: -1.59927, 0.539985, 11.3853
StFwdTrackMaker:INFO  - 	Fit Pt: 1.68797, eta: 2.60739, phi: 2.81597
StFwdTrackMaker:INFO  - Track fit update complete!
StFwdTrackMaker:INFO  - Track Reps: 1
StFwdTrackMaker:INFO  - Track Rep 0 
genfit::AbsTrackRep, pdgCode = 211. PropDir = 0
fitStatus 
 track has been fitted, fit has converged fully, 0 TrackPoints could not be processed, fitted charge = -1, PruneFlags: 
 track has been fitted with reference track, numIterations = 3, track length = 369.428, fChi2 = 32.3075, bChi2 = 32.3075, fNdf = 21, bNdf = 21, fPVal = 0.0544825, bPVal = 0.0544824

StFwdTrackMaker:INFO  - GenFitTrackResult::mIdTruth = 1, QaTruth = 0.846154
StFwdTrackMaker:INFO  - GTR Setting momentum from track
StFwdTrackMaker:INFO  - --isFitConvergedPartially() = 1
StFwdTrackMaker:INFO  - --isFitConverged() = 1
StFwdTrackMaker:INFO  - --isFitConvergedFully() = 1
StFwdTrackMaker:INFO  - >>doSecondaryTrackFitting( #globals = 1 )
StFwdTrackMaker:INFO  - <<Fwd Tracking Fit :3 GenFit Tracks
StFwdTrackMaker:INFO  - TAttr::Found : fillevent = 1

StFwdTrackMaker:INFO  - Creating the StFwdTrackCollection
StFwdTrackMaker:INFO  - Processing GenfitTrackResult(type=0): 0 mIsFitConverged=1, mIsFitConvergedPartially=1, mNumFitPoints=3
AAA FCS StraightLine: det=0 xyzdet=(-17.399,-5.26,710.16) norm=(-0.0301896,0,0.999544)
AAA projectAsStraightLine: tv3A=(-102.739,45.7716,571.897) tv3B=(-112.503,50.0489,621.602)
AAA   xyzf=(-17.399,-5.26,710.16) norm=(-0.0301896,0,0.999544)
AAA   tintersection=2.71371 result=(-129.236,57.379,706.782)
AAA FCS StraightLine result: tv3=(-129.236,57.379,706.782)
AAA FCS StraightLine: det=2 xyzdet=(-21.285,1.8,782.63) norm=(-0.0301896,0,0.999544)
AAA projectAsStraightLine: tv3A=(-102.739,45.7716,571.897) tv3B=(-112.503,50.0489,621.602)
AAA   xyzf=(-21.285,1.8,782.63) norm=(-0.0301896,0,0.999544)
AAA   tintersection=4.16546 result=(-143.411,63.5886,778.941)
AAA FCS StraightLine result: tv3=(-143.411,63.5886,778.941)
StFwdTrackMaker:INFO  - Processing GenfitTrackResult(type=2): 1 mIsFitConverged=1, mIsFitConvergedPartially=1, mNumFitPoints=13
AAA FCS StraightLine: det=0 xyzdet=(-17.399,-5.26,710.16) norm=(-0.0301896,0,0.999544)
AAA projectAsStraightLine: tv3A=(-81.0235,25.2298,572.553) tv3B=(-88.0743,27.4084,622.34)
AAA   xyzf=(-17.399,-5.26,710.16) norm=(-0.0301896,0,0.999544)
AAA   tintersection=2.71371 result=(-100.157,31.1418,707.66)
AAA FCS StraightLine result: tv3=(-100.157,31.1418,707.66)
AAA FCS StraightLine: det=2 xyzdet=(-21.285,1.8,782.63) norm=(-0.0301896,0,0.999544)
AAA projectAsStraightLine: tv3A=(-81.0235,25.2298,572.553) tv3B=(-88.0743,27.4084,622.34)
AAA   xyzf=(-21.285,1.8,782.63) norm=(-0.0301896,0,0.999544)
AAA   tintersection=4.16546 result=(-110.393,34.3045,779.939)
AAA FCS StraightLine result: tv3=(-110.393,34.3045,779.939)
StFwdTrackMaker:INFO  - Processing GenfitTrackResult(type=1): 2 mIsFitConverged=1, mIsFitConvergedPartially=1, mNumFitPoints=8
AAA FCS StraightLine: det=0 xyzdet=(-17.399,-5.26,710.16) norm=(-0.0301896,0,0.999544)
AAA projectAsStraightLine: tv3A=(-87.3921,25.4275,572.36) tv3B=(-95.225,27.6597,622.124)
AAA   xyzf=(-17.399,-5.26,710.16) norm=(-0.0301896,0,0.999544)
AAA   tintersection=2.71371 result=(-108.648,31.485,707.404)
AAA FCS StraightLine result: tv3=(-108.648,31.485,707.404)
AAA FCS StraightLine: det=2 xyzdet=(-21.285,1.8,782.63) norm=(-0.0301896,0,0.999544)
AAA projectAsStraightLine: tv3A=(-87.3921,25.4275,572.36) tv3B=(-95.225,27.6597,622.124)
AAA   xyzf=(-21.285,1.8,782.63) norm=(-0.0301896,0,0.999544)
AAA   tintersection=4.16546 result=(-120.02,34.7256,779.648)
AAA FCS StraightLine result: tv3=(-120.02,34.7256,779.648)
StFwdTrackMaker:INFO  - StFwdTrackCollection has 3 tracks now
StFwdTrackMaker:INFO  - StFwdTrackCollection has 3 tracks now
StFwdTrackMaker:INFO  - *** StFwdTrackMaker::Make() == StOK(0) ***
StFcsTrackMatchMaker:INFO  - *** StFcsTrackMatchMaker::Make() == StOK(0) ***
StStrangeMuDstMaker:INFO  - StV0Controller: found 0 V0 candidates
StStrangeMuDstMaker:INFO  - StXiController: found 0 Xi candidates
StStrangeMuDstMaker:INFO  - StKinkController: found 0 Kink candidates
StStrangeMuDstMaker:INFO  - *** StStrangeMuDstMaker::Make() == StOK(0) ***
StMuDstMaker:INFO  - fillMuFtt
StMuDstMaker:INFO  - fillMuFttRawHits
StMuDstMaker:INFO  - fillMuFttPoints
StMuDstMaker:INFO  - fillMuFttClusters
StMuDstMaker:INFO  - StMuDstMaker::fillFwdTrack(StEvent* ev)
StMuDstMaker:INFO  - StMuDSTMaker filling StMuFwdTrackCollection from StEvent
StMuDstMaker:INFO  - Adding 3 StMuFwdTracks to MuDSt
StMuDstMaker:INFO  - *** StMuDstMaker::Make() == StOK(0) ***
StTreeMaker:INFO  - *** StTreeMaker::Make() == StOK(0) ***
StPicoDstMaker:WARN  - No trigger data bank available!
StPicoDstMaker:INFO  - StPicoDstMaker::fillFcsHits filled 26
StPicoDstMaker:INFO  - StPicoDstMaker::fillFcsClusters filled 3
StPicoDstMaker:INFO  - *** StPicoDstMaker::Make() == StOK(0) ***
MEM after Chain::Clear + Make	 total =794.011719 heap =208.682343 and   0.315247( -0.119781)
<---------- END EVENT
MEM after event loop	 total =794.011719 heap =208.682632 and   0.313461( +0.000290)
MEM after delete chain	 total =794.011719 heap =208.682953 and   0.313141( +0.000320)
QA :INFO  - =================================================================================
QA :INFO  - QAInfo:Chain            StBFChain::bfc                  Ast =  4.73        Cpu =  1.96 
QA :INFO  - QAInfo:Maker       StPicoDstMaker::PicoDst              Ast =  0.09( 1.9%) Cpu =  0.04( 2.0%) 
QA :INFO  - QAInfo:Maker          StTreeMaker::outputStream         Ast =  0.02( 0.5%) Cpu =  0.01( 0.5%) 
QA :INFO  - QAInfo:Maker         StMuDstMaker::MuDst                Ast =  0.38( 8.1%) Cpu =  0.23(11.7%) 
QA :INFO  - QAInfo:Maker  StStrangeMuDstMaker::strangeMuDst         Ast =  0.02( 0.4%) Cpu =  0.04( 2.0%) 
QA :INFO  - QAInfo:Maker StFcsTrackMatchMaker::FcsTrkMatch          Ast =  0.00( 0.0%) Cpu =  0.00( 0.0%) 
QA :INFO  - QAInfo:Maker      StFwdTrackMaker::fwdTrack             Ast =  1.02(21.6%) Cpu =  0.66(33.7%) 
QA :INFO  - QAInfo:Maker StFttClusterPointMaker::fttClusterPointMaker Ast =  0.00( 0.1%) Cpu =  0.01( 0.5%) 
QA :INFO  - QAInfo:Maker    StFcsClusterMaker::StFcsClusterMaker    Ast =  0.01( 0.2%) Cpu =  0.01( 0.5%) 
QA :INFO  - QAInfo:Maker StFcsWaveformFitMaker::StFcsWaveformFitMaker Ast =  0.00( 0.0%) Cpu =  0.00( 0.0%) 
QA :INFO  - QAInfo:Maker StFcsFastSimulatorMaker::fcsSim               Ast =  0.04( 1.0%) Cpu =  0.01( 0.5%) 
QA :INFO  - QAInfo:Maker       StMcEventMaker::StMcEventMaker       Ast =  0.02( 0.3%) Cpu =  0.00( 0.0%) 
QA :INFO  - QAInfo:Maker         StEventMaker::0Event               Ast =  0.03( 0.5%) Cpu =  0.03( 1.5%) 
QA :INFO  - QAInfo:Maker         StFcsDbMaker::fcsDbMkr             Ast =  0.00( 0.0%) Cpu =  0.00( 0.0%) 
QA :INFO  - QAInfo:Maker         StTpcDbMaker::tpcDB                Ast =  0.30( 6.3%) Cpu =  0.04( 2.0%) 
QA :INFO  - QAInfo:Maker    StDetectorDbMaker::detDb                Ast =  0.00( 0.0%) Cpu =  0.00( 0.0%) 
QA :INFO  - QAInfo:Maker          StMagFMaker::MagField             Ast =  0.00( 0.0%) Cpu =  0.00( 0.0%) 
QA :INFO  - QAInfo:Maker          St_db_Maker::db                   Ast =  1.71(36.1%) Cpu =  0.34(17.3%) 
QA :INFO  - QAInfo:Maker       St_geant_Maker::geant                Ast =  1.09(23.0%) Cpu =  0.54(27.6%) 
StTreeMaker:INFO  - StFttClusterPointMaker::StMaker::Init : GetCVS is not overloaded
  Please add into file /direct/star+u/akio/fcstrk11/star-sw-fwd/.sl73_x8664_gcc485/obj/StRoot/StFttClusterPointMaker/StFttClusterPointMaker.h the following line: 
  virtual const char *GetCVS() const
  {static const char cvs[]="Tag $Name:$ $Id:$ built "__DATE__" " __TIME__ ; return cvs;}

StTreeMaker:INFO  - StFwdTrackMaker::StMaker::Init : GetCVS is not overloaded
  Please add into file /direct/star+u/akio/fcstrk11/star-sw-fwd/.sl73_x8664_gcc485/obj/StRoot/StFwdTrackMaker/StFwdTrackMaker.h the following line: 
  virtual const char *GetCVS() const
  {static const char cvs[]="Tag $Name:$ $Id:$ built "__DATE__" " __TIME__ ; return cvs;}

StTreeMaker:INFO  - StFttClusterPointMaker::StMaker::Init : GetCVS is not overloaded
  Please add into file /direct/star+u/akio/fcstrk11/star-sw-fwd/.sl73_x8664_gcc485/obj/StRoot/StFttClusterPointMaker/StFttClusterPointMaker.h the following line: 
  virtual const char *GetCVS() const
  {static const char cvs[]="Tag $Name:$ $Id:$ built "__DATE__" " __TIME__ ; return cvs;}

StTreeMaker:INFO  - StFwdTrackMaker::StMaker::Init : GetCVS is not overloaded
  Please add into file /direct/star+u/akio/fcstrk11/star-sw-fwd/.sl73_x8664_gcc485/obj/StRoot/StFwdTrackMaker/StFwdTrackMaker.h the following line: 
  virtual const char *GetCVS() const
  {static const char cvs[]="Tag $Name:$ $Id:$ built "__DATE__" " __TIME__ ; return cvs;}

** <StBranch::Close> Branch=runcoBranch 	File=ele.pt1.5.vz0.runco.root 	Closed **
<StTreeMaker::Finish> outputStream: 10 I/O's
StMuDstMaker:INFO  -  ##### virtual void StMuDstMaker::closeWrite()
StMuDstMaker:INFO  -  ##### File=./ele.pt1.MuDst.root  NumberOfEvents= 10  ##### 
StStrangeMuDstMaker:INFO  - StV0Controller: Total kept: 0 V0 candidates
StStrangeMuDstMaker:INFO  - StXiController: Total kept: 0 Xi candidates
StStrangeMuDstMaker:INFO  - StKinkController: Total kept: 0 Kink candidates
St_db_Maker::Init 
Real time 0:00:00, CP time 0.100, 3 slices
      MySQL::Init 
Real time 0:00:01, CP time 0.240, 2 slices
St_db_Maker::Make 
Real time 0:00:00, CP time 0.050, 851 slices
      MySQL::Make 
Real time 0:00:00, CP time 0.030, 811 slices
      MySQL::Data 
Real time 0:00:00, CP time 0.030, 28 slices
St_db_Maker:INFO  - St_db_Maker::dbStat : Evts = 10 dbEvts=1 Evts/dbEvts = 10.0

St_db_Maker:INFO  - St_db_Maker::dbStat : dbData =       0.1 dbTime=0.158016 dbData/dbTime=0.443931

St_db_Maker:INFO  - St_db_Maker::dbStat : dbTime =       0.2 dbEvts=1 dbTime/dbEvts =0.158016

St_db_Maker:INFO  - St_db_Maker::dbStat : dbCpu  =       0.0 dbEvts=1  dbCpu/dbEvts =0.03

St_db_Maker:INFO  - St_db_Maker::dbStat : dbTime/tot  =      5.25 dbCpu/tot=      1.00 

QA :INFO  - St_geant_Maker summary -QA- total number of active volumes with hits: 10
QA :INFO  - St_geant_Maker summary -QA- list of volumes with hits: 
QA :INFO  - St_geant_Maker summary -QA- g2t hits (ALL) nhits = 903
QA :INFO  - St_geant_Maker summary -QA- g2t hits (BBCH:BPOL) nhits = 5
QA :INFO  - St_geant_Maker summary -QA- g2t hits (EPDH:EPDT) nhits = 18
QA :INFO  - St_geant_Maker summary -QA- g2t hits (FSTH:FTUS) nhits = 39
QA :INFO  - St_geant_Maker summary -QA- g2t hits (HCAH:HSCI) nhits = 105
QA :INFO  - St_geant_Maker summary -QA- g2t hits (STGH:STGL) nhits = 55
QA :INFO  - St_geant_Maker summary -QA- g2t hits (STGH:STGP) nhits = 2
QA :INFO  - St_geant_Maker summary -QA- g2t hits (STGH:STGS) nhits = 52
QA :INFO  - St_geant_Maker summary -QA- g2t hits (VPDH:VRAD) nhits = 4
QA :INFO  - St_geant_Maker summary -QA- g2t hits (WCAH:WSCI) nhits = 623
QA :INFO  - St_geant_Maker summary -QA- energy deposition by container:
QA :INFO  - St_geant_Maker summary -QA- g2t Esum (BBCH) Esum  = 0.00484886
QA :INFO  - St_geant_Maker summary -QA- g2t Esum (EPDH) Esum  = 0.00258638
QA :INFO  - St_geant_Maker summary -QA- g2t Esum (FSTH) Esum  = 0.000363823
QA :INFO  - St_geant_Maker summary -QA- g2t Esum (HCAH) Esum  = 0.0147211
QA :INFO  - St_geant_Maker summary -QA- g2t Esum (STGH) Esum  = 4.54545e-06
QA :INFO  - St_geant_Maker summary -QA- g2t Esum (VPDH) Esum  = 0.00225243
QA :INFO  - St_geant_Maker summary -QA- g2t Esum (WCAH) Esum  = 1.98675
StChain:INFO  - --------------Error Codes-------------------------
StChain:INFO  -      nStOK   nStWarn    nStEOF    nStErr  nStFatal
StChain:INFO  -        180         0         0         0         0
StChain:INFO  - --------------------------------------------------
               StMemStat::Summary(calls)        Min        Aver         Max         RMS 
=============================================================================================

This is the end of STAR ROOT -- Goodbye

 ******************************************************
 * Starting  starsim NwGEANT=  40000000 NwPAW=       0 *
 **********************pid=****************************
 ******************************************************
 *                                                    *
 *            W E L C O M E    to   starsim           *
 *                                                    *
 *        Version INITIAL     24 March 2026           *
 *                                                    *
 ******************************************************
 Version 1.29/04 of HIGZ started
 CSINIT: CERNLIB_STDUNIX
 CSINIT: CERNLIB_UNIX
1*****  GEANT Version  3.21/08 Released on 230697
0*****  Correction Cradle Version  0.0800
 *****  RZMAKE. OLD RZ format selected for RZDOC               
  AGZOPEN opening file ele.pt1.5.vz0.run1.fzd
 *****  RZMAKE. OLD RZ format selected for RZDOC               
 *****  RZMAKE. OLD RZ format selected for RZDOC               
               : TOF version =   6.00000000      choice  =          13
               : CALB patch  =          60          60
               : ECAL version=   6.09999990      onoff   =           1           3
 *****  RZMAKE. OLD RZ format selected for RZDOC               
 *****  RZMAKE. OLD RZ format selected for RZDOC               
 *****  RZMAKE. OLD RZ format selected for RZDOC               
 *****  RZMAKE. OLD RZ format selected for RZDOC               
 *****  RZMAKE. OLD RZ format selected for RZDOC               
 *****  RZMAKE. OLD RZ format selected for RZDOC               
 *****  RZMAKE. OLD RZ format selected for RZDOC               
 *****  RZMAKE. OLD RZ format selected for RZDOC               
 *****  RZMAKE. OLD RZ format selected for RZDOC               
