  *******************************************
  *                                         *
  *        W E L C O M E  to  R O O T       *
  *                                         *
  *   Version   5.34/38     12 March 2018   *
  *                                         *
  *  You are welcome to visit our Web site  *
  *          http://root.cern.ch            *
  *                                         *
  *******************************************

ROOT 5.34/38 (v5-34-38@v5-34-38, Mar 12 2018, 15:49:39 on linuxx8664gcc)

CINT/ROOT C/C++ Interpreter version 5.18.00, July 2, 2010
Type ? for help. Commands must be C++ statements.
Enclose multiple statements between { }.
*** Floating Point Exception is OFF ***
 *** Start at Date : Tue Jun  9 12:46:38 2026

Processing sim.C(10,1,"ele.pt1.5",0)...
inFile = ele.pt1.5.vz0.run1.fzd
# of Events = 10
Chain: 
fzin  sdt20211016  fcsSim fcsWFF fcsCluster  fwdTrack fcsTrackMatch MakeEvent StEvent McEvent ReverseField bigbig CMuDST tree
Load system libraries	 + liblog4cxx.so + libStStarLogger.so
Create chain bfc
BFC:WARN  - StBFChain::Setup	File BFC.C has been found as /direct/star+u/akio/fcstrk11/star-sw-fwd/script_test/./StRoot/StBFChain/BFC.C
QA :INFO  - ==============================================
QA :INFO  - ============= You are in DEV ===============
QA :INFO  - Requested chain bfc is :	fzin  sdt20211016  fcsSim fcsWFF fcsCluster  fwdTrack fcsTrackMatch MakeEvent StEvent McEvent ReverseField bigbig CMuDST tree
QA :INFO  - sdt20211016 ... but still will be considered as a dynamic timestamp (Event Time) 20211016.0
QA :INFO  -  Switch On                 StDbT by magF
QA :INFO  -  Switch On                    db by magF
QA :INFO  -  Switch On                 detDb by magF
QA :INFO  -  Switch On                  magF by ReverseField
QA :INFO  -  Switch On          ReverseField by Chain
QA :INFO  -  Switch On                bigbig by Chain
QA :INFO  -  Switch On                 globT by StEvent
QA :INFO  -  Switch On                   SCL by StEvent
QA :INFO  -  Switch On                 sim_T by TbUtil
QA :INFO  -  Switch On                 tpc_T by TbUtil
QA :INFO  -  Switch On                TbUtil by StEvent
QA :INFO  -  Switch On             StBichsel by StEvent
QA :INFO  -  Switch On                 emc_T by EmcUtil
QA :INFO  -  Switch On                 geomT by EmcUtil
QA :INFO  -  Switch On               EmcUtil by StEvent
QA :INFO  -  Switch On                TRGDef by StEvent
QA :INFO  -  Switch On               StEvent by Chain
QA :INFO  -  Switch On                  Simu by fzin
QA :INFO  -  Switch On                 gen_T by geantL
QA :INFO  -  Switch On          StarMagField by geantL
QA :INFO  -  Switch On                geantL by fzin
QA :INFO  -  Switch On                  fzin by Chain
QA :INFO  -  Switch On             MakeEvent by Chain
QA :INFO  -  Switch On              EEmcUtil by McEvent
QA :INFO  -  Switch On                dbutil by tpcDB
QA :INFO  -  Switch On                 tpcDB by McEvent
QA :INFO  -  Switch On             StMcEvent by McEvent
QA :INFO  -  Switch On               McEvent by Chain
QA :INFO  -  Switch On                 fcsDb by fcsSim
QA :INFO  -  Switch On                fcsSim by Chain
QA :INFO  -  Switch On                fcsWFF by Chain
QA :INFO  -  Switch On            fcsCluster by Chain
QA :INFO  -  Switch On              FwdTrack by Chain
QA :INFO  -  Switch On         FcsTrackMatch by Chain
QA :INFO  -  Switch On               TofUtil by MuDST
QA :INFO  -  Switch On              BTofUtil by MuDST
QA :INFO  -  Switch On               PmdUtil by MuDST
QA :INFO  -  Switch On                   Stu by MuDSTDeps
QA :INFO  -  Switch On             MuDSTDeps by MuDST
QA :INFO  -  Switch On                 MuDST by CMuDST
QA :INFO  -  Switch On            StrngMuDST by CMuDST
QA :INFO  -  Switch On                  Tree by CMuDST
QA :INFO  -  Switch On                CMuDST by Chain
QA :INFO  - ==================          ReverseField	is ON 	: Reverse Field option
QA :INFO  - ==================                bigbig	is ON 	: Set NwGEANT =40Mwords
QA :INFO  - ==================                  Simu	is ON 	: Simulated Data, force to use Db time stamp from used geometry
QA :INFO  - ==================                 StDbT	is ON 	: Load StDb_Tables
QA :INFO  - ==================                 emc_T	is ON 	: Load emc_Tables
QA :INFO  - ==================                 gen_T	is ON 	: Load gen_Tables
QA :INFO  - ==================                 geomT	is ON 	: Load geometry_Tables
QA :INFO  - ==================                 globT	is ON 	: Load global_Tables
QA :INFO  - ==================                 sim_T	is ON 	: Load sim_Tables
QA :INFO  - ==================                 tpc_T	is ON 	: ?
QA :INFO  - ==================          StarMagField	is ON 	: Load StarMagField
QA :INFO  - ==================                   SCL	is ON 	: Load StarClassLibrary
QA :INFO  - ==================                TbUtil	is ON 	: Load StTableUtilities
QA :INFO  - ==================               TofUtil	is ON 	: Load StTofUtil
QA :INFO  - ==================              BTofUtil	is ON 	: Load StBTofUtil
QA :INFO  - ==================             StBichsel	is ON 	: Load Bichsel model for dE/dx
QA :INFO  - ==================               StEvent	is ON 	: Load StEvent
QA :INFO  - ==================               EmcUtil	is ON 	: Load StEmcUtil
QA :INFO  - ==================              EEmcUtil	is ON 	: Load StEEmcUtil
QA :INFO  - ==================               PmdUtil	is ON 	: Load StPmdUtil
QA :INFO  - ==================                   Stu	is ON 	: Load StEventUtilities
QA :INFO  - ==================             MuDSTDeps	is ON 	: Load MuDST misc. dependencies
QA :INFO  - ==================                 MuDST	is ON 	: Load MuDST library
QA :INFO  - ==================                geantL	is ON 	: Load GeantLibs
QA :INFO  - ==================                  fzin	is ON 	: read gstar fz-file
QA :INFO  - ==================                    db	is ON 	: 
QA :INFO  - ==================                  magF	is ON 	: Mag.field map with scale factor from Db
QA :INFO  - ==================                 detDb	is ON 	: Load StDetectorDbMaker library
QA :INFO  - ==================                 tpcDB	is ON 	: 
QA :INFO  - ==================                dbutil	is ON 	: Load StDbUtilities
QA :INFO  - ==================                 fcsDb	is ON 	: Load FcsDbMaker
QA :INFO  - ==================                TRGDef	is ON 	: Load StTriggerData
QA :INFO  - ==================             MakeEvent	is ON 	: <Early StEvent creation>
QA :INFO  - ==================             StMcEvent	is ON 	: 
QA :INFO  - ==================               McEvent	is ON 	: 
QA :INFO  - ==================                fcsSim	is ON 	: FCS Fast Simulator
QA :INFO  - ==================                fcsWFF	is ON 	: Fit FCS waveform
QA :INFO  - ==================            fcsCluster	is ON 	: Fill FCS clusters
QA :INFO  - ==================              FwdTrack	is ON 	: Forward Track Maker
QA :INFO  - ==================         FcsTrackMatch	is ON 	: Forward Track to FCS Match Maker
QA :INFO  - ==================            StrngMuDST	is ON 	: Creates Stangeness MuDST
QA :INFO  - ==================                CMuDST	is ON 	: Writes Common MuDST
QA :INFO  - ==================                  Tree	is ON 	: Write requested branches into files
QA :INFO  - Process [First=     1/Last=    -1/Total=    -1] Events
QA :INFO  - Library libStDb_Tables         [          StDbT] (/star/nfs4/AFS/star/packages/DEV/.sl73_x8664_gcc485/lib/libStDb_Tables.so)	is loaded
QA :INFO  - Library libemc_Tables          [          emc_T] (/star/nfs4/AFS/star/packages/DEV/.sl73_x8664_gcc485/lib/libemc_Tables.so)	is loaded
QA :INFO  - Library libgen_Tables          [          gen_T] (/star/nfs4/AFS/star/packages/DEV/.sl73_x8664_gcc485/lib/libgen_Tables.so)	is loaded
QA :INFO  - Library libgeometry_Tables     [          geomT] (/star/nfs4/AFS/star/packages/DEV/.sl73_x8664_gcc485/lib/libgeometry_Tables.so)	is loaded
QA :INFO  - Library libglobal_Tables       [          globT] (/star/nfs4/AFS/star/packages/DEV/.sl73_x8664_gcc485/lib/libglobal_Tables.so)	is loaded
QA :INFO  - Library libsim_Tables          [          sim_T] (/star/nfs4/AFS/star/packages/DEV/.sl73_x8664_gcc485/lib/libsim_Tables.so)	is loaded
QA :INFO  - Library libVMC                 [   StarMagField] (/cvmfs/star.sdcc.bnl.gov/star-spack/spack/opt/spack/linux-rhel7-x86_64/gcc-4.8.5/root-5.34.38-eyawaunrtayjlt3aqon5claakm3c7xl7/lib/libVMC.so)	is loaded
QA :INFO  - Library libStarMagField        [   StarMagField] (/star/nfs4/AFS/star/packages/DEV/.sl73_x8664_gcc485/lib/libStarMagField.so)	is loaded
QA :INFO  - Library libStTableUtilities    [         TbUtil] (/star/nfs4/AFS/star/packages/DEV/.sl73_x8664_gcc485/lib/libStTableUtilities.so)	is loaded
QA :INFO  - Library libStTofUtil           [        TofUtil] (/star/nfs4/AFS/star/packages/DEV/.sl73_x8664_gcc485/lib/libStTofUtil.so)	is loaded
QA :INFO  - Library libStBTofUtil          [       BTofUtil] (/star/nfs4/AFS/star/packages/DEV/.sl73_x8664_gcc485/lib/libStBTofUtil.so)	is loaded
QA :INFO  - Library libStBichsel           [      StBichsel] (/star/nfs4/AFS/star/packages/DEV/.sl73_x8664_gcc485/lib/libStBichsel.so)	is loaded
QA :INFO  - Library libStEvent             [        StEvent] (/direct/star+u/akio/fcstrk11/star-sw-fwd/script_test/.sl73_x8664_gcc485/lib/libStEvent.so)	is loaded
QA :INFO  - Library libStEmcUtil           [        EmcUtil] (/star/nfs4/AFS/star/packages/DEV/.sl73_x8664_gcc485/lib/libStEmcUtil.so)	is loaded
QA :INFO  - Library libStEEmcUtil          [       EEmcUtil] (/star/nfs4/AFS/star/packages/DEV/.sl73_x8664_gcc485/lib/libStEEmcUtil.so)	is loaded
QA :INFO  - Library libStPmdUtil           [        PmdUtil] (/star/nfs4/AFS/star/packages/DEV/.sl73_x8664_gcc485/lib/libStPmdUtil.so)	is loaded
QA :INFO  - Library libStTpcDb             [            Stu] (/star/nfs4/AFS/star/packages/DEV/.sl73_x8664_gcc485/lib/libStTpcDb.so)	is loaded
QA :INFO  - Library libStEventUtilities    [            Stu] (/direct/star+u/akio/fcstrk11/star-sw-fwd/script_test/.sl73_x8664_gcc485/lib/libStEventUtilities.so)	is loaded
QA :INFO  - Library libStStrangeMuDstMaker [      MuDSTDeps] (/star/nfs4/AFS/star/packages/DEV/.sl73_x8664_gcc485/lib/libStStrangeMuDstMaker.so)	is loaded
QA :INFO  - Library libTree                [      MuDSTDeps] (/cvmfs/star.sdcc.bnl.gov/star-spack/spack/opt/spack/linux-rhel7-x86_64/gcc-4.8.5/root-5.34.38-eyawaunrtayjlt3aqon5claakm3c7xl7/lib/libTree.so)	is loaded
strangeArrayNames-arrayNames-__NARRAYS__ = 0
QA :INFO  - Library libStMuDSTMaker        [          MuDST] (/direct/star+u/akio/fcstrk11/star-sw-fwd/script_test/.sl73_x8664_gcc485/lib/libStMuDSTMaker.so)	is loaded
QA :INFO  - Library libgeometry            [         geantL] (/star/nfs4/AFS/star/packages/DEV/.sl73_x8664_gcc485/lib/libgeometry.so)	is loaded
QA :INFO  - Library libGeom                [         geantL] (/cvmfs/star.sdcc.bnl.gov/star-spack/spack/opt/spack/linux-rhel7-x86_64/gcc-4.8.5/root-5.34.38-eyawaunrtayjlt3aqon5claakm3c7xl7/lib/libGeom.so)	is loaded
QA :INFO  - Library libSt_db_Maker         [         geantL] (/star/nfs4/AFS/star/packages/DEV/.sl73_x8664_gcc485/lib/libSt_db_Maker.so)	is loaded
QA :INFO  - Library libSt_g2t              [         geantL] (/star/nfs4/AFS/star/packages/DEV/.sl73_x8664_gcc485/lib/libSt_g2t.so)	is loaded
QA :INFO  - Library libSt_geant_Maker      [         geantL] (/star/nfs4/AFS/star/packages/DEV/.sl73_x8664_gcc485/lib/libSt_geant_Maker.so)	is loaded
QA :INFO  - Library libStDbLib             [             db] (/star/nfs4/AFS/star/packages/DEV/.sl73_x8664_gcc485/lib/libStDbLib.so)	is loaded
QA :INFO  - Library libStDbBroker          [             db] (/star/nfs4/AFS/star/packages/DEV/.sl73_x8664_gcc485/lib/libStDbBroker.so)	is loaded
QA :INFO  - Library libStMagF              [           magF] (/star/nfs4/AFS/star/packages/DEV/.sl73_x8664_gcc485/lib/libStMagF.so)	is loaded
QA :INFO  - Library libStDetectorDbMaker   [          detDb] (/star/nfs4/AFS/star/packages/DEV/.sl73_x8664_gcc485/lib/libStDetectorDbMaker.so)	is loaded
QA :INFO  - Library libStDbUtilities       [         dbutil] (/star/nfs4/AFS/star/packages/DEV/.sl73_x8664_gcc485/lib/libStDbUtilities.so)	is loaded
QA :INFO  - Library libStFcsDbMaker        [          fcsDb] (/direct/star+u/akio/fcstrk11/star-sw-fwd/script_test/.sl73_x8664_gcc485/lib/libStFcsDbMaker.so)	is loaded
QA :INFO  - Library libStTriggerDataMaker  [         TRGDef] (/star/nfs4/AFS/star/packages/DEV/.sl73_x8664_gcc485/lib/libStTriggerDataMaker.so)	is loaded
QA :INFO  - Library libStEventMaker        [      MakeEvent] (/direct/star+u/akio/fcstrk11/star-sw-fwd/script_test/.sl73_x8664_gcc485/lib/libStEventMaker.so)	is loaded
QA :INFO  - Library libStMcEvent           [      StMcEvent] (/star/nfs4/AFS/star/packages/DEV/.sl73_x8664_gcc485/lib/libStMcEvent.so)	is loaded
QA :INFO  - Library libStMcEventMaker      [        McEvent] (/star/nfs4/AFS/star/packages/DEV/.sl73_x8664_gcc485/lib/libStMcEventMaker.so)	is loaded
QA :INFO  - Library libStFcsFastSimulatorMaker [         fcsSim] (/direct/star+u/akio/fcstrk11/star-sw-fwd/script_test/.sl73_x8664_gcc485/lib/libStFcsFastSimulatorMaker.so)	is loaded
QA :INFO  - Library libStFcsWaveformFitMaker [         fcsWFF] (/direct/star+u/akio/fcstrk11/star-sw-fwd/script_test/.sl73_x8664_gcc485/lib/libStFcsWaveformFitMaker.so)	is loaded
QA :INFO  - Library libStFcsClusterMaker   [     fcsCluster] (/direct/star+u/akio/fcstrk11/star-sw-fwd/script_test/.sl73_x8664_gcc485/lib/libStFcsClusterMaker.so)	is loaded
QA :INFO  - Library libXMLIO               [       FwdTrack] (/cvmfs/star.sdcc.bnl.gov/star-spack/spack/opt/spack/linux-rhel7-x86_64/gcc-4.8.5/root-5.34.38-eyawaunrtayjlt3aqon5claakm3c7xl7/lib/libXMLIO.so)	is loaded
QA :INFO  - Library libgenfit2             [       FwdTrack] (/cvmfs/star.sdcc.bnl.gov/star-spack/spack/opt/spack/linux-rhel7-x86_64/gcc-4.8.5/genfit-b496504a-mlcdbxg7bmdsbfrppi7qmzppfw4lh52r/lib/libgenfit2.so)	is loaded
QA :INFO  - Library libKiTrack             [       FwdTrack] (/cvmfs/star.sdcc.bnl.gov/star-spack/spack/opt/spack/linux-rhel7-x86_64/gcc-4.8.5/kitrack-01-10-star-1-lnqacdjzhx4ho77dx6zkagserdphphrd/lib/libKiTrack.so)	is loaded
QA :INFO  - Library libStarGeneratorUtil   [       FwdTrack] (/star/nfs4/AFS/star/packages/DEV/.sl73_x8664_gcc485/lib/libStarGeneratorUtil.so)	is loaded
QA :INFO  - Library libMathMore            [       FwdTrack] (/cvmfs/star.sdcc.bnl.gov/star-spack/spack/opt/spack/linux-rhel7-x86_64/gcc-4.8.5/root-5.34.38-eyawaunrtayjlt3aqon5claakm3c7xl7/lib/libMathMore.so)	is loaded
QA :INFO  - Library libStEpdUtil           [       FwdTrack] (/star/nfs4/AFS/star/packages/DEV/.sl73_x8664_gcc485/lib/libStEpdUtil.so)	is loaded
QA :INFO  - Library libStFwdTrackMaker     [       FwdTrack] (/direct/star+u/akio/fcstrk11/star-sw-fwd/script_test/.sl73_x8664_gcc485/lib/libStFwdTrackMaker.so)	is loaded
QA :INFO  - Library libStFcsTrackMatchMaker [  FcsTrackMatch] (/direct/star+u/akio/fcstrk11/star-sw-fwd/script_test/.sl73_x8664_gcc485/lib/libStFcsTrackMatchMaker.so)	is loaded
QA :INFO  - Library libStTreeMaker         [           Tree] (/star/nfs4/AFS/star/packages/DEV/.sl73_x8664_gcc485/lib/libStTreeMaker.so)	is loaded
QA :INFO  - Input file name = ele.pt1.5.vz0.run1.fzd
QA :INFO  - Output root file name ele.pt1.5.vz0.run1.root
QA :INFO  - ProcessLine ((St_geant_Maker *) 0x87d8380)->SetNwGEANT(40);
QA :INFO  - ProcessLine ((St_geant_Maker *) 0x87d8380)->SetInputFile("ele.pt1.5.vz0.run1.fzd")
(Int_t)0
BFC:INFO  - Using DB flavors: sim+ofl
QA :INFO  - StBFChain::SetDbOptions Switching to user chosen dynamic time-stamp (Start)20211016 0
QA :INFO  - Chain may crash if time-stamp is not validated by db interface
BFC:INFO  - St_db_Maker::SetDateTime : Setting Startup Date=20211016 Time=0
QA :INFO  - blacklist svt
QA :INFO  - blacklist ssd
QA :INFO  - blacklist sst
QA :INFO  - blacklist eemc
QA :INFO  - blacklist fms
PrintAttr() for TAttr::tpcDB
  1 - simu = 1
PrintAttr() ==============================================
BFC:INFO  - ******** StFcsDbMaker::StFcsDbMaker = fcsDbMkr
##### void StMuDstMaker::setProbabilityPidFile(const char*) ##### ATTENTION: pid table hardwired to /star/nfs4/AFS/star/packages/dev/StarDb/dEdxModel/PIDTableP01gl.root 
StMuL3Filter::StMuL3Filter(): called. Next BetheBloch instance is made.
BetheBloch::BetheBloch =================================================================
Warning: please don't use BetheBloch::BetheBloch for any analysis after P00hm production
but use instead :                                                                       
for production before P03h static function 1.e-6*BetheBloch::Sirrf(Poverm)              
for production after  P03h (including P03h)                                             
gSystem->Load("StBichsel"); I70 = 1.e-6*mBichsel::Instance()->GetI70(TMath::Log10(poverm),1.)
see an example in  $STAR/StRoot/macros/analysis/bichsel.C                               
BetheBloch::BetheBloch =================================================================
StMuL3Filter::StMuL3Filter(): did you see the BetheBloch warning?
##### StMuDstMaker::StMuDstMaker(const char*) ##### ATTENTION: use standard MuFilter
##### StMuDstMaker::StMuDstMaker(const char*) ##### ATTENTION: use standard l3 MuFilter
QA :INFO  - QAInfo:StBFChain            built May 29 2026 10:43:43 from Tag $Name:  $ $Id: StBFChain.h,v 1.59 2019/11/19 17:26:17 jeromel Exp $ 
QA :INFO  - QAInfo:St_geant_Maker       built Mar 24 2026 11:51:54 from Tag $Name:  $ $Id: St_geant_Maker.h,v 1.60 2020/02/26 21:26:20 jwebb Exp $ 
QA :INFO  - QAInfo:St_db_Maker          built Mar 24 2026 11:51:24 from Tag $Name:  $ $Id: St_db_Maker.h,v 1.46 2015/05/05 21:05:52 dmitry Exp $ 
QA :INFO  - QAInfo:StMagFMaker          built Mar 24 2026 11:30:47 from Tag $Name:  $ $Id: StMagFMaker.h,v 1.8 2014/08/06 11:43:26 jeromel Exp $ 
QA :INFO  - QAInfo:StDetectorDbMaker    built Mar 24 2026 11:12:14 from Tag $Name:  $ $Id: StDetectorDbMaker.h,v 1.5 2015/12/23 23:34:09 fisyak Exp $ 
QA :INFO  - QAInfo:StTpcDbMaker         built Mar 24 2026 11:38:41 from Tag $Name:  $ $Id: StTpcDbMaker.h,v 1.23 2014/08/06 11:43:50 jeromel Exp $ 
QA :INFO  - QAInfo:StFcsDbMaker            from Tag Jun  3 2026 15:46:08
QA :INFO  - QAInfo:StEventMaker         built May 29 2026 10:49:16 from $Id: StEventMaker.h,v 2.16 2014/08/06 11:43:08 jeromel Exp $ 
QA :INFO  - QAInfo:StMcEventMaker       built Mar 24 2026 11:31:44 from Tag $Name:  $ $Id: StMcEventMaker.h,v 1.28 2014/08/06 11:43:26 jeromel Exp $ 
QA :INFO  - QAInfo:StFcsFastSimulatorMaker    from Tag May 29 2026 10:49:46
QA :INFO  - QAInfo:StFcsWaveformFitMaker    from Tag May 29 2026 10:49:57
QA :INFO  - QAInfo:StFcsClusterMaker       from Tag May 29 2026 10:49:38
QA :INFO  - QAInfo:StFwdTrackMaker      built Mar 24 2026 11:11:15 from Tag $Name:  $ $Id: StMaker.h,v 1.101 2017/04/26 18:33:12 perev Exp $ 
QA :INFO  - QAInfo:StFcsTrackMatchMaker built May 29 2026 10:49:55 from Tag $Name:  $ $Id: StFcsTrackMatchMaker.h,v 1.1 2021/03/30 13:34:15 akio Exp $ 
QA :INFO  - QAInfo:StStrangeMuDstMaker  built Mar 24 2026 11:37:04 from Tag $Name:  $ $Id: StStrangeMuDstMaker.h,v 3.21 2014/08/06 11:43:44 jeromel Exp $ 
QA :INFO  - QAInfo:StMuDstMaker         built May 29 2026 10:51:36 from Tag $Name:  $ $Id: StMuDstMaker.h,v 1.66 2021/05/11 19:40:43 jdb Exp $ 
QA :INFO  - QAInfo:StTreeMaker          built Mar 24 2026 11:39:02 from Tag $Name:  $ $Id: StTreeMaker.h,v 1.19 2014/08/06 11:43:51 jeromel Exp $ 
QA :INFO  -  StBFChain::bfc
QA :INFO  -    St_geant_Maker::geant
QA :INFO  -    St_db_Maker::db
QA :INFO  -    StMagFMaker::MagField
QA :INFO  -    StDetectorDbMaker::detDb
QA :INFO  -    StTpcDbMaker::tpcDB
QA :INFO  -    StFcsDbMaker::fcsDbMkr
QA :INFO  -    StEventMaker::0Event
QA :INFO  -    StMcEventMaker::StMcEventMaker
QA :INFO  -    StFcsFastSimulatorMaker::fcsSim
QA :INFO  -    StFcsWaveformFitMaker::StFcsWaveformFitMaker
QA :INFO  -    StFcsClusterMaker::StFcsClusterMaker
QA :INFO  -    StFwdTrackMaker::fwdTrack
QA :INFO  -    StFcsTrackMatchMaker::FcsTrkMatch
QA :INFO  -    StStrangeMuDstMaker::strangeMuDst
QA :INFO  -    StMuDstMaker::MuDst
QA :INFO  -    StTreeMaker::outputStream
output file=ele.pt1.5.vz0.run1.root
QA :INFO  - Output root file name ele.pt1.5.vz0.run1.root
mudst file=
fcsdbmkr=0x87e7780
fcsdb=0x87eaa50
BFC:INFO  - StFcsDb::InitRun - run = 0 with mDbAccess=0
AAA FCSDB Det=0 OFF = -17.40  -5.26 710.16
AAA FCSDB Det=1 OFF =  17.40  -5.26 710.16
AAA FCSDB Det=2 OFF = -21.29   1.80 782.63
AAA FCSDB Det=3 OFF =  21.29   1.80 782.63
Using the Geometry cache: fGeom.root
fwd tracker setup
picoMk = 0x8a994a0
MEM before Chain::Init	 total =619.066406 heap = 36.537537 and   1.689026(+36.537537)
BFC:INFO  - StBFChain::Init : Time=Tue Jun  9 12:46:43 2026 Cwd=/direct/star+u/akio/fcstrk11/star-sw-fwd/script_test
QA :INFO  - QAInfo:St_geant_Maker       built Mar 24 2026 11:51:54 from Tag $Name:  $ $Id: St_geant_Maker.h,v 1.60 2020/02/26 21:26:20 jwebb Exp $ 
 calling aginit 
St_db_Maker:INFO  - St_db_Maker::OpenMySQL : Block domain fms
St_db_Maker:INFO  - St_db_Maker::OpenMySQL : Block domain eemc
St_db_Maker:INFO  - St_db_Maker::OpenMySQL : Block domain sst
St_db_Maker:INFO  - St_db_Maker::OpenMySQL : Block domain ssd
St_db_Maker:INFO  - St_db_Maker::OpenMySQL : Block domain svt
St_db_Maker:INFO  - StDbManagerImpl::lookUpServers(): config file name is /star/nfs4/AFS/star/packages/conf/dbLoadBalancerLocalConfig_BNL.xml
There is no 1  /star/u/akio/dbServers.xml
 looking at 2 /star/nfs4/AFS/star/packages/dev/StDb/servers/dbServers.xml
DB OVERRIDE default user with: akio
St_db_Maker:INFO  - StDbManagerImpl::lookUpServer() line=713 
******** Order of Files searched for dbServers ********* 
  3. /star/nfs4/AFS/star/packages/dev/StDb/servers/dbServers.xml
********************************************************

StHyperCacheManager: reading cache config from /star/nfs4/AFS/star/packages/conf/hyperconfig.json
St_db_Maker:INFO  - StDbLib: db server found in 3 iterations
St_db_Maker:INFO  - MysqlDb::Connect: Load balancer took 0 ms, will use star-db06.sdcc.bnl.gov:3316
St_db_Maker:INFO  - Ssl_cipher = AES128-SHA
St_db_Maker:INFO  - MysqlDb::Connect(host,user,pw,database,port) line=527 Server Connecting: DB=StarDb  Host=star-db06.sdcc.bnl.gov:3316
 --> Connection Time=0.0419891 sec    MysqlVersion=5.7.24
St_db_Maker:INFO  - St_db_Maker::OpenMySQL : Unknown table tpc/tpcDedxPidAmpDb..tpcDedxPidAmpDb
St_db_Maker:INFO  - St_db_Maker::OpenMySQL : Unknown table tpc/tpcGainNorms..tpcGainNorms
St_db_Maker:INFO  - St_db_Maker::OpenMySQL : Unknown table tpc/tpcChargeStepCalib..tpcChargeStepCalib
St_db_Maker:INFO  - St_db_Maker::OpenMySQL : Unknown table tpc/tpcHitErrors..tpcHitErrors
StFcsFastSimulatorMaker:DEBUG - *** Call << StFcsFastSimulatorMaker:Init() ***
StFcsClusterMaker:DEBUG - *** Call << StFcsClusterMaker:Init() ***
StChain:DEBUG - *** Call << StFttClusterPointMaker:Init() ***
StFwdTrackMaker:INFO  - Using cached geometry file: fGeom.root
StFwdTrackMaker:INFO  - StFwdTrackMaker is loading the geometry cache: fGeom.root
StFwdTrackMaker:INFO  - TGeoManager::Import : Reading geometry from file: fGeom.root
StFwdTrackMaker:INFO  - TGeoManager::CloseGeometry : Geometry loaded from file...
StFwdTrackMaker:INFO  - TGeoManager::SetTopVolume : Top volume is HALL. Master volume is HALL
StFwdTrackMaker:INFO  - TGeoNavigator::BuildCache : --- Maximum geometry depth set to 100
StFwdTrackMaker:INFO  - TGeoManager::CloseGeometry : Voxelization retrieved from file
StFwdTrackMaker:INFO  - TGeoManager::CountLevels : max level = 12, max placements = 2
StFwdTrackMaker:INFO  - TGeoManager::CloseGeometry : 0 nodes/ 2647 volume UID's in The STAR Geometry Manager
StFwdTrackMaker:INFO  - TGeoManager::CloseGeometry : ----------------modeler ready----------------
StFwdTrackMaker:INFO  - Turning OFF GenFit Material Effects in stepper
StFwdTrackMaker:INFO  - StFwdTrackMaker: Tracking with StarFieldAdapter
StFwdTrackMaker:INFO  - Setting the KalmanFitterRefTrack to update ref track Chi2Ref
StFwdTrackMaker:INFO  - TrackFitter::setupGenfitKalmanFitter() called
StFwdTrackMaker:INFO  - 	MaxFailedHits: -1
StFwdTrackMaker:INFO  - 	MaxIterations: 20
StFwdTrackMaker:INFO  - 	MinIterations: 10
StFwdTrackMaker:INFO  - 	RelChi2Change: 1e-06
StFwdTrackMaker:INFO  - 	DeltaPval: 0.1
StFwdTrackMaker:INFO  - 	BlowUpFactor: 1e+09
StFwdTrackMaker:INFO  - 	BlowUpMaxVal: 1e+09
StFwdTrackMaker:INFO  - Using **KalmanFitterRefTrack** with Chi2Ref update @ 0.1
StFwdTrackMaker:INFO  - Getting FST sensor origin for index 0 with path /HALL_1/CAVE_1/FSTM_1/FSTD_4/FSTW_2/FTUS_1
StFwdTrackMaker:INFO  - FST Sensor 0 origin: 0, 0, 151.403
StFwdTrackMaker:INFO  - 	Sensor 0 U = 0.258819, 0.965926, 0
StFwdTrackMaker:INFO  - 	Sensor 0 V = -0.965926, 0.258819, -0
StFwdTrackMaker:INFO  - Getting FST sensor origin for index 1 with path /HALL_1/CAVE_1/FSTM_1/FSTD_4/FSTW_2/FTUS_2
StFwdTrackMaker:INFO  - FST Sensor 1 origin: 0, 0, 151.403
StFwdTrackMaker:INFO  - 	Sensor 1 U = 0.258819, 0.965926, 0
StFwdTrackMaker:INFO  - 	Sensor 1 V = -0.965926, 0.258819, -0
StFwdTrackMaker:INFO  - Getting FST sensor origin for index 2 with path /HALL_1/CAVE_1/FSTM_1/FSTD_4/FSTW_2/FTUS_3
StFwdTrackMaker:INFO  - FST Sensor 2 origin: 0, 0, 150.008
StFwdTrackMaker:INFO  - 	Sensor 2 U = 0.258819, 0.965926, 0
StFwdTrackMaker:INFO  - 	Sensor 2 V = -0.965926, 0.258819, -0
StFwdTrackMaker:INFO  - Getting FST sensor origin for index 3 with path /HALL_1/CAVE_1/FSTM_1/FSTD_4/FSTW_7/FTUS_1
StFwdTrackMaker:INFO  - FST Sensor 3 origin: 0, 0, 152.097
StFwdTrackMaker:INFO  - 	Sensor 3 U = 0.707107, 0.707107, 0
StFwdTrackMaker:INFO  - 	Sensor 3 V = -0.707107, 0.707107, 0
StFwdTrackMaker:INFO  - Getting FST sensor origin for index 4 with path /HALL_1/CAVE_1/FSTM_1/FSTD_4/FSTW_7/FTUS_2
StFwdTrackMaker:INFO  - FST Sensor 4 origin: 0, 0, 152.097
StFwdTrackMaker:INFO  - 	Sensor 4 U = 0.707107, 0.707107, 0
StFwdTrackMaker:INFO  - 	Sensor 4 V = -0.707107, 0.707107, 0
StFwdTrackMaker:INFO  - Getting FST sensor origin for index 5 with path /HALL_1/CAVE_1/FSTM_1/FSTD_4/FSTW_7/FTUS_3
StFwdTrackMaker:INFO  - FST Sensor 5 origin: 0, 0, 153.492
StFwdTrackMaker:INFO  - 	Sensor 5 U = 0.707107, 0.707107, 0
StFwdTrackMaker:INFO  - 	Sensor 5 V = -0.707107, 0.707107, 0
StFwdTrackMaker:INFO  - Getting FST sensor origin for index 6 with path /HALL_1/CAVE_1/FSTM_1/FSTD_4/FSTW_1/FTUS_1
StFwdTrackMaker:INFO  - FST Sensor 6 origin: 0, 0, 151.403
StFwdTrackMaker:INFO  - 	Sensor 6 U = 0.965926, 0.258819, 0
StFwdTrackMaker:INFO  - 	Sensor 6 V = -0.258819, 0.965926, -0
StFwdTrackMaker:INFO  - Getting FST sensor origin for index 7 with path /HALL_1/CAVE_1/FSTM_1/FSTD_4/FSTW_1/FTUS_2
StFwdTrackMaker:INFO  - FST Sensor 7 origin: 0, 0, 151.403
StFwdTrackMaker:INFO  - 	Sensor 7 U = 0.965926, 0.258819, 0
StFwdTrackMaker:INFO  - 	Sensor 7 V = -0.258819, 0.965926, -0
StFwdTrackMaker:INFO  - Getting FST sensor origin for index 8 with path /HALL_1/CAVE_1/FSTM_1/FSTD_4/FSTW_1/FTUS_3
StFwdTrackMaker:INFO  - FST Sensor 8 origin: 0, 0, 150.008
StFwdTrackMaker:INFO  - 	Sensor 8 U = 0.965926, 0.258819, 0
StFwdTrackMaker:INFO  - 	Sensor 8 V = -0.258819, 0.965926, -0
StFwdTrackMaker:INFO  - Getting FST sensor origin for index 9 with path /HALL_1/CAVE_1/FSTM_1/FSTD_4/FSTW_12/FTUS_1
StFwdTrackMaker:INFO  - FST Sensor 9 origin: 0, 0, 152.097
StFwdTrackMaker:INFO  - 	Sensor 9 U = 0.965926, -0.258819, 0
StFwdTrackMaker:INFO  - 	Sensor 9 V = 0.258819, 0.965926, 0
StFwdTrackMaker:INFO  - Getting FST sensor origin for index 10 with path /HALL_1/CAVE_1/FSTM_1/FSTD_4/FSTW_12/FTUS_2
StFwdTrackMaker:INFO  - FST Sensor 10 origin: 0, 0, 152.097
StFwdTrackMaker:INFO  - 	Sensor 10 U = 0.965926, -0.258819, 0
StFwdTrackMaker:INFO  - 	Sensor 10 V = 0.258819, 0.965926, 0
StFwdTrackMaker:INFO  - Getting FST sensor origin for index 11 with path /HALL_1/CAVE_1/FSTM_1/FSTD_4/FSTW_12/FTUS_3
StFwdTrackMaker:INFO  - FST Sensor 11 origin: 0, 0, 153.492
StFwdTrackMaker:INFO  - 	Sensor 11 U = 0.965926, -0.258819, 0
StFwdTrackMaker:INFO  - 	Sensor 11 V = 0.258819, 0.965926, 0
StFwdTrackMaker:INFO  - Getting FST sensor origin for index 12 with path /HALL_1/CAVE_1/FSTM_1/FSTD_4/FSTW_6/FTUS_1
StFwdTrackMaker:INFO  - FST Sensor 12 origin: 0, 0, 151.403
StFwdTrackMaker:INFO  - 	Sensor 12 U = 0.707107, -0.707107, 0
StFwdTrackMaker:INFO  - 	Sensor 12 V = 0.707107, 0.707107, -0
StFwdTrackMaker:INFO  - Getting FST sensor origin for index 13 with path /HALL_1/CAVE_1/FSTM_1/FSTD_4/FSTW_6/FTUS_2
StFwdTrackMaker:INFO  - FST Sensor 13 origin: 0, 0, 151.403
StFwdTrackMaker:INFO  - 	Sensor 13 U = 0.707107, -0.707107, 0
StFwdTrackMaker:INFO  - 	Sensor 13 V = 0.707107, 0.707107, -0
StFwdTrackMaker:INFO  - Getting FST sensor origin for index 14 with path /HALL_1/CAVE_1/FSTM_1/FSTD_4/FSTW_6/FTUS_3
StFwdTrackMaker:INFO  - FST Sensor 14 origin: 0, 0, 150.008
StFwdTrackMaker:INFO  - 	Sensor 14 U = 0.707107, -0.707107, 0
StFwdTrackMaker:INFO  - 	Sensor 14 V = 0.707107, 0.707107, -0
StFwdTrackMaker:INFO  - Getting FST sensor origin for index 15 with path /HALL_1/CAVE_1/FSTM_1/FSTD_4/FSTW_11/FTUS_1
StFwdTrackMaker:INFO  - FST Sensor 15 origin: 0, 0, 152.097
StFwdTrackMaker:INFO  - 	Sensor 15 U = 0.258819, -0.965926, 0
StFwdTrackMaker:INFO  - 	Sensor 15 V = 0.965926, 0.258819, 0
StFwdTrackMaker:INFO  - Getting FST sensor origin for index 16 with path /HALL_1/CAVE_1/FSTM_1/FSTD_4/FSTW_11/FTUS_2
StFwdTrackMaker:INFO  - FST Sensor 16 origin: 0, 0, 152.097
StFwdTrackMaker:INFO  - 	Sensor 16 U = 0.258819, -0.965926, 0
StFwdTrackMaker:INFO  - 	Sensor 16 V = 0.965926, 0.258819, 0
StFwdTrackMaker:INFO  - Getting FST sensor origin for index 17 with path /HALL_1/CAVE_1/FSTM_1/FSTD_4/FSTW_11/FTUS_3
StFwdTrackMaker:INFO  - FST Sensor 17 origin: 0, 0, 153.492
StFwdTrackMaker:INFO  - 	Sensor 17 U = 0.258819, -0.965926, 0
StFwdTrackMaker:INFO  - 	Sensor 17 V = 0.965926, 0.258819, 0
StFwdTrackMaker:INFO  - Getting FST sensor origin for index 18 with path /HALL_1/CAVE_1/FSTM_1/FSTD_4/FSTW_5/FTUS_1
StFwdTrackMaker:INFO  - FST Sensor 18 origin: 0, 0, 151.403
StFwdTrackMaker:INFO  - 	Sensor 18 U = -0.258819, -0.965926, 0
StFwdTrackMaker:INFO  - 	Sensor 18 V = 0.965926, -0.258819, -0
StFwdTrackMaker:INFO  - Getting FST sensor origin for index 19 with path /HALL_1/CAVE_1/FSTM_1/FSTD_4/FSTW_5/FTUS_2
StFwdTrackMaker:INFO  - FST Sensor 19 origin: 0, 0, 151.403
StFwdTrackMaker:INFO  - 	Sensor 19 U = -0.258819, -0.965926, 0
StFwdTrackMaker:INFO  - 	Sensor 19 V = 0.965926, -0.258819, -0
StFwdTrackMaker:INFO  - Getting FST sensor origin for index 20 with path /HALL_1/CAVE_1/FSTM_1/FSTD_4/FSTW_5/FTUS_3
StFwdTrackMaker:INFO  - FST Sensor 20 origin: 0, 0, 150.008
StFwdTrackMaker:INFO  - 	Sensor 20 U = -0.258819, -0.965926, 0
StFwdTrackMaker:INFO  - 	Sensor 20 V = 0.965926, -0.258819, -0
StFwdTrackMaker:INFO  - Getting FST sensor origin for index 21 with path /HALL_1/CAVE_1/FSTM_1/FSTD_4/FSTW_10/FTUS_1
StFwdTrackMaker:INFO  - FST Sensor 21 origin: 0, 0, 152.097
StFwdTrackMaker:INFO  - 	Sensor 21 U = -0.707107, -0.707107, 0
StFwdTrackMaker:INFO  - 	Sensor 21 V = 0.707107, -0.707107, 0
StFwdTrackMaker:INFO  - Getting FST sensor origin for index 22 with path /HALL_1/CAVE_1/FSTM_1/FSTD_4/FSTW_10/FTUS_2
StFwdTrackMaker:INFO  - FST Sensor 22 origin: 0, 0, 152.097
StFwdTrackMaker:INFO  - 	Sensor 22 U = -0.707107, -0.707107, 0
StFwdTrackMaker:INFO  - 	Sensor 22 V = 0.707107, -0.707107, 0
StFwdTrackMaker:INFO  - Getting FST sensor origin for index 23 with path /HALL_1/CAVE_1/FSTM_1/FSTD_4/FSTW_10/FTUS_3
StFwdTrackMaker:INFO  - FST Sensor 23 origin: 0, 0, 153.492
StFwdTrackMaker:INFO  - 	Sensor 23 U = -0.707107, -0.707107, 0
StFwdTrackMaker:INFO  - 	Sensor 23 V = 0.707107, -0.707107, 0
StFwdTrackMaker:INFO  - Getting FST sensor origin for index 24 with path /HALL_1/CAVE_1/FSTM_1/FSTD_4/FSTW_4/FTUS_1
StFwdTrackMaker:INFO  - FST Sensor 24 origin: 0, 0, 151.403
StFwdTrackMaker:INFO  - 	Sensor 24 U = -0.965926, -0.258819, 0
StFwdTrackMaker:INFO  - 	Sensor 24 V = 0.258819, -0.965926, -0
StFwdTrackMaker:INFO  - Getting FST sensor origin for index 25 with path /HALL_1/CAVE_1/FSTM_1/FSTD_4/FSTW_4/FTUS_2
StFwdTrackMaker:INFO  - FST Sensor 25 origin: 0, 0, 151.403
StFwdTrackMaker:INFO  - 	Sensor 25 U = -0.965926, -0.258819, 0
StFwdTrackMaker:INFO  - 	Sensor 25 V = 0.258819, -0.965926, -0
StFwdTrackMaker:INFO  - Getting FST sensor origin for index 26 with path /HALL_1/CAVE_1/FSTM_1/FSTD_4/FSTW_4/FTUS_3
StFwdTrackMaker:INFO  - FST Sensor 26 origin: 0, 0, 150.008
StFwdTrackMaker:INFO  - 	Sensor 26 U = -0.965926, -0.258819, 0
StFwdTrackMaker:INFO  - 	Sensor 26 V = 0.258819, -0.965926, -0
StFwdTrackMaker:INFO  - Getting FST sensor origin for index 27 with path /HALL_1/CAVE_1/FSTM_1/FSTD_4/FSTW_9/FTUS_1
StFwdTrackMaker:INFO  - FST Sensor 27 origin: 0, 0, 152.097
StFwdTrackMaker:INFO  - 	Sensor 27 U = -0.965926, 0.258819, 0
StFwdTrackMaker:INFO  - 	Sensor 27 V = -0.258819, -0.965926, 0
StFwdTrackMaker:INFO  - Getting FST sensor origin for index 28 with path /HALL_1/CAVE_1/FSTM_1/FSTD_4/FSTW_9/FTUS_2
StFwdTrackMaker:INFO  - FST Sensor 28 origin: 0, 0, 152.097
StFwdTrackMaker:INFO  - 	Sensor 28 U = -0.965926, 0.258819, 0
StFwdTrackMaker:INFO  - 	Sensor 28 V = -0.258819, -0.965926, 0
StFwdTrackMaker:INFO  - Getting FST sensor origin for index 29 with path /HALL_1/CAVE_1/FSTM_1/FSTD_4/FSTW_9/FTUS_3
StFwdTrackMaker:INFO  - FST Sensor 29 origin: 0, 0, 153.492
StFwdTrackMaker:INFO  - 	Sensor 29 U = -0.965926, 0.258819, 0
StFwdTrackMaker:INFO  - 	Sensor 29 V = -0.258819, -0.965926, 0
StFwdTrackMaker:INFO  - Getting FST sensor origin for index 30 with path /HALL_1/CAVE_1/FSTM_1/FSTD_4/FSTW_3/FTUS_1
StFwdTrackMaker:INFO  - FST Sensor 30 origin: 0, 0, 151.403
StFwdTrackMaker:INFO  - 	Sensor 30 U = -0.707107, 0.707107, 0
StFwdTrackMaker:INFO  - 	Sensor 30 V = -0.707107, -0.707107, -0
StFwdTrackMaker:INFO  - Getting FST sensor origin for index 31 with path /HALL_1/CAVE_1/FSTM_1/FSTD_4/FSTW_3/FTUS_2
StFwdTrackMaker:INFO  - FST Sensor 31 origin: 0, 0, 151.403
StFwdTrackMaker:INFO  - 	Sensor 31 U = -0.707107, 0.707107, 0
StFwdTrackMaker:INFO  - 	Sensor 31 V = -0.707107, -0.707107, -0
StFwdTrackMaker:INFO  - Getting FST sensor origin for index 32 with path /HALL_1/CAVE_1/FSTM_1/FSTD_4/FSTW_3/FTUS_3
StFwdTrackMaker:INFO  - FST Sensor 32 origin: 0, 0, 150.008
StFwdTrackMaker:INFO  - 	Sensor 32 U = -0.707107, 0.707107, 0
StFwdTrackMaker:INFO  - 	Sensor 32 V = -0.707107, -0.707107, -0
StFwdTrackMaker:INFO  - Getting FST sensor origin for index 33 with path /HALL_1/CAVE_1/FSTM_1/FSTD_4/FSTW_8/FTUS_1
StFwdTrackMaker:INFO  - FST Sensor 33 origin: 0, 0, 152.097
StFwdTrackMaker:INFO  - 	Sensor 33 U = -0.258819, 0.965926, 0
StFwdTrackMaker:INFO  - 	Sensor 33 V = -0.965926, -0.258819, 0
StFwdTrackMaker:INFO  - Getting FST sensor origin for index 34 with path /HALL_1/CAVE_1/FSTM_1/FSTD_4/FSTW_8/FTUS_2
StFwdTrackMaker:INFO  - FST Sensor 34 origin: 0, 0, 152.097
StFwdTrackMaker:INFO  - 	Sensor 34 U = -0.258819, 0.965926, 0
StFwdTrackMaker:INFO  - 	Sensor 34 V = -0.965926, -0.258819, 0
StFwdTrackMaker:INFO  - Getting FST sensor origin for index 35 with path /HALL_1/CAVE_1/FSTM_1/FSTD_4/FSTW_8/FTUS_3
StFwdTrackMaker:INFO  - FST Sensor 35 origin: 0, 0, 153.492
StFwdTrackMaker:INFO  - 	Sensor 35 U = -0.258819, 0.965926, 0
StFwdTrackMaker:INFO  - 	Sensor 35 V = -0.965926, -0.258819, 0
StFwdTrackMaker:INFO  - Getting FST sensor origin for index 36 with path /HALL_1/CAVE_1/FSTM_1/FSTD_5/FSTW_7/FTUS_1
StFwdTrackMaker:INFO  - FST Sensor 36 origin: 0, 0, 165.595
StFwdTrackMaker:INFO  - 	Sensor 36 U = 0.258819, 0.965926, 0
StFwdTrackMaker:INFO  - 	Sensor 36 V = -0.965926, 0.258819, 0
StFwdTrackMaker:INFO  - Getting FST sensor origin for index 37 with path /HALL_1/CAVE_1/FSTM_1/FSTD_5/FSTW_7/FTUS_2
StFwdTrackMaker:INFO  - FST Sensor 37 origin: 0, 0, 165.595
StFwdTrackMaker:INFO  - 	Sensor 37 U = 0.258819, 0.965926, 0
StFwdTrackMaker:INFO  - 	Sensor 37 V = -0.965926, 0.258819, 0
StFwdTrackMaker:INFO  - Getting FST sensor origin for index 38 with path /HALL_1/CAVE_1/FSTM_1/FSTD_5/FSTW_7/FTUS_3
StFwdTrackMaker:INFO  - FST Sensor 38 origin: 0, 0, 166.99
StFwdTrackMaker:INFO  - 	Sensor 38 U = 0.258819, 0.965926, 0
StFwdTrackMaker:INFO  - 	Sensor 38 V = -0.965926, 0.258819, 0
StFwdTrackMaker:INFO  - Getting FST sensor origin for index 39 with path /HALL_1/CAVE_1/FSTM_1/FSTD_5/FSTW_1/FTUS_1
StFwdTrackMaker:INFO  - FST Sensor 39 origin: 0, 0, 164.901
StFwdTrackMaker:INFO  - 	Sensor 39 U = 0.707107, 0.707107, 0
StFwdTrackMaker:INFO  - 	Sensor 39 V = -0.707107, 0.707107, -0
StFwdTrackMaker:INFO  - Getting FST sensor origin for index 40 with path /HALL_1/CAVE_1/FSTM_1/FSTD_5/FSTW_1/FTUS_2
StFwdTrackMaker:INFO  - FST Sensor 40 origin: 0, 0, 164.901
StFwdTrackMaker:INFO  - 	Sensor 40 U = 0.707107, 0.707107, 0
StFwdTrackMaker:INFO  - 	Sensor 40 V = -0.707107, 0.707107, -0
StFwdTrackMaker:INFO  - Getting FST sensor origin for index 41 with path /HALL_1/CAVE_1/FSTM_1/FSTD_5/FSTW_1/FTUS_3
StFwdTrackMaker:INFO  - FST Sensor 41 origin: 0, 0, 163.506
StFwdTrackMaker:INFO  - 	Sensor 41 U = 0.707107, 0.707107, 0
StFwdTrackMaker:INFO  - 	Sensor 41 V = -0.707107, 0.707107, -0
StFwdTrackMaker:INFO  - Getting FST sensor origin for index 42 with path /HALL_1/CAVE_1/FSTM_1/FSTD_5/FSTW_12/FTUS_1
StFwdTrackMaker:INFO  - FST Sensor 42 origin: 0, 0, 165.595
StFwdTrackMaker:INFO  - 	Sensor 42 U = 0.965926, 0.258819, 0
StFwdTrackMaker:INFO  - 	Sensor 42 V = -0.258819, 0.965926, 0
StFwdTrackMaker:INFO  - Getting FST sensor origin for index 43 with path /HALL_1/CAVE_1/FSTM_1/FSTD_5/FSTW_12/FTUS_2
StFwdTrackMaker:INFO  - FST Sensor 43 origin: 0, 0, 165.595
StFwdTrackMaker:INFO  - 	Sensor 43 U = 0.965926, 0.258819, 0
StFwdTrackMaker:INFO  - 	Sensor 43 V = -0.258819, 0.965926, 0
StFwdTrackMaker:INFO  - Getting FST sensor origin for index 44 with path /HALL_1/CAVE_1/FSTM_1/FSTD_5/FSTW_12/FTUS_3
StFwdTrackMaker:INFO  - FST Sensor 44 origin: 0, 0, 166.99
StFwdTrackMaker:INFO  - 	Sensor 44 U = 0.965926, 0.258819, 0
StFwdTrackMaker:INFO  - 	Sensor 44 V = -0.258819, 0.965926, 0
StFwdTrackMaker:INFO  - Getting FST sensor origin for index 45 with path /HALL_1/CAVE_1/FSTM_1/FSTD_5/FSTW_6/FTUS_1
StFwdTrackMaker:INFO  - FST Sensor 45 origin: 0, 0, 164.901
StFwdTrackMaker:INFO  - 	Sensor 45 U = 0.965926, -0.258819, 0
StFwdTrackMaker:INFO  - 	Sensor 45 V = 0.258819, 0.965926, -0
StFwdTrackMaker:INFO  - Getting FST sensor origin for index 46 with path /HALL_1/CAVE_1/FSTM_1/FSTD_5/FSTW_6/FTUS_2
StFwdTrackMaker:INFO  - FST Sensor 46 origin: 0, 0, 164.901
StFwdTrackMaker:INFO  - 	Sensor 46 U = 0.965926, -0.258819, 0
StFwdTrackMaker:INFO  - 	Sensor 46 V = 0.258819, 0.965926, -0
StFwdTrackMaker:INFO  - Getting FST sensor origin for index 47 with path /HALL_1/CAVE_1/FSTM_1/FSTD_5/FSTW_6/FTUS_3
StFwdTrackMaker:INFO  - FST Sensor 47 origin: 0, 0, 163.506
StFwdTrackMaker:INFO  - 	Sensor 47 U = 0.965926, -0.258819, 0
StFwdTrackMaker:INFO  - 	Sensor 47 V = 0.258819, 0.965926, -0
StFwdTrackMaker:INFO  - Getting FST sensor origin for index 48 with path /HALL_1/CAVE_1/FSTM_1/FSTD_5/FSTW_11/FTUS_1
StFwdTrackMaker:INFO  - FST Sensor 48 origin: 0, 0, 165.595
StFwdTrackMaker:INFO  - 	Sensor 48 U = 0.707107, -0.707107, 0
StFwdTrackMaker:INFO  - 	Sensor 48 V = 0.707107, 0.707107, 0
StFwdTrackMaker:INFO  - Getting FST sensor origin for index 49 with path /HALL_1/CAVE_1/FSTM_1/FSTD_5/FSTW_11/FTUS_2
StFwdTrackMaker:INFO  - FST Sensor 49 origin: 0, 0, 165.595
StFwdTrackMaker:INFO  - 	Sensor 49 U = 0.707107, -0.707107, 0
StFwdTrackMaker:INFO  - 	Sensor 49 V = 0.707107, 0.707107, 0
StFwdTrackMaker:INFO  - Getting FST sensor origin for index 50 with path /HALL_1/CAVE_1/FSTM_1/FSTD_5/FSTW_11/FTUS_3
StFwdTrackMaker:INFO  - FST Sensor 50 origin: 0, 0, 166.99
StFwdTrackMaker:INFO  - 	Sensor 50 U = 0.707107, -0.707107, 0
StFwdTrackMaker:INFO  - 	Sensor 50 V = 0.707107, 0.707107, 0
StFwdTrackMaker:INFO  - Getting FST sensor origin for index 51 with path /HALL_1/CAVE_1/FSTM_1/FSTD_5/FSTW_5/FTUS_1
StFwdTrackMaker:INFO  - FST Sensor 51 origin: 0, 0, 164.901
StFwdTrackMaker:INFO  - 	Sensor 51 U = 0.258819, -0.965926, 0
StFwdTrackMaker:INFO  - 	Sensor 51 V = 0.965926, 0.258819, -0
StFwdTrackMaker:INFO  - Getting FST sensor origin for index 52 with path /HALL_1/CAVE_1/FSTM_1/FSTD_5/FSTW_5/FTUS_2
StFwdTrackMaker:INFO  - FST Sensor 52 origin: 0, 0, 164.901
StFwdTrackMaker:INFO  - 	Sensor 52 U = 0.258819, -0.965926, 0
StFwdTrackMaker:INFO  - 	Sensor 52 V = 0.965926, 0.258819, -0
StFwdTrackMaker:INFO  - Getting FST sensor origin for index 53 with path /HALL_1/CAVE_1/FSTM_1/FSTD_5/FSTW_5/FTUS_3
StFwdTrackMaker:INFO  - FST Sensor 53 origin: 0, 0, 163.506
StFwdTrackMaker:INFO  - 	Sensor 53 U = 0.258819, -0.965926, 0
StFwdTrackMaker:INFO  - 	Sensor 53 V = 0.965926, 0.258819, -0
StFwdTrackMaker:INFO  - Getting FST sensor origin for index 54 with path /HALL_1/CAVE_1/FSTM_1/FSTD_5/FSTW_10/FTUS_1
StFwdTrackMaker:INFO  - FST Sensor 54 origin: 0, 0, 165.595
StFwdTrackMaker:INFO  - 	Sensor 54 U = -0.258819, -0.965926, 0
StFwdTrackMaker:INFO  - 	Sensor 54 V = 0.965926, -0.258819, 0
StFwdTrackMaker:INFO  - Getting FST sensor origin for index 55 with path /HALL_1/CAVE_1/FSTM_1/FSTD_5/FSTW_10/FTUS_2
StFwdTrackMaker:INFO  - FST Sensor 55 origin: 0, 0, 165.595
StFwdTrackMaker:INFO  - 	Sensor 55 U = -0.258819, -0.965926, 0
StFwdTrackMaker:INFO  - 	Sensor 55 V = 0.965926, -0.258819, 0
StFwdTrackMaker:INFO  - Getting FST sensor origin for index 56 with path /HALL_1/CAVE_1/FSTM_1/FSTD_5/FSTW_10/FTUS_3
StFwdTrackMaker:INFO  - FST Sensor 56 origin: 0, 0, 166.99
StFwdTrackMaker:INFO  - 	Sensor 56 U = -0.258819, -0.965926, 0
StFwdTrackMaker:INFO  - 	Sensor 56 V = 0.965926, -0.258819, 0
StFwdTrackMaker:INFO  - Getting FST sensor origin for index 57 with path /HALL_1/CAVE_1/FSTM_1/FSTD_5/FSTW_4/FTUS_1
StFwdTrackMaker:INFO  - FST Sensor 57 origin: 0, 0, 164.901
StFwdTrackMaker:INFO  - 	Sensor 57 U = -0.707107, -0.707107, 0
StFwdTrackMaker:INFO  - 	Sensor 57 V = 0.707107, -0.707107, -0
StFwdTrackMaker:INFO  - Getting FST sensor origin for index 58 with path /HALL_1/CAVE_1/FSTM_1/FSTD_5/FSTW_4/FTUS_2
StFwdTrackMaker:INFO  - FST Sensor 58 origin: 0, 0, 164.901
StFwdTrackMaker:INFO  - 	Sensor 58 U = -0.707107, -0.707107, 0
StFwdTrackMaker:INFO  - 	Sensor 58 V = 0.707107, -0.707107, -0
StFwdTrackMaker:INFO  - Getting FST sensor origin for index 59 with path /HALL_1/CAVE_1/FSTM_1/FSTD_5/FSTW_4/FTUS_3
StFwdTrackMaker:INFO  - FST Sensor 59 origin: 0, 0, 163.506
StFwdTrackMaker:INFO  - 	Sensor 59 U = -0.707107, -0.707107, 0
StFwdTrackMaker:INFO  - 	Sensor 59 V = 0.707107, -0.707107, -0
StFwdTrackMaker:INFO  - Getting FST sensor origin for index 60 with path /HALL_1/CAVE_1/FSTM_1/FSTD_5/FSTW_9/FTUS_1
StFwdTrackMaker:INFO  - FST Sensor 60 origin: 0, 0, 165.595
StFwdTrackMaker:INFO  - 	Sensor 60 U = -0.965926, -0.258819, 0
StFwdTrackMaker:INFO  - 	Sensor 60 V = 0.258819, -0.965926, 0
StFwdTrackMaker:INFO  - Getting FST sensor origin for index 61 with path /HALL_1/CAVE_1/FSTM_1/FSTD_5/FSTW_9/FTUS_2
StFwdTrackMaker:INFO  - FST Sensor 61 origin: 0, 0, 165.595
StFwdTrackMaker:INFO  - 	Sensor 61 U = -0.965926, -0.258819, 0
StFwdTrackMaker:INFO  - 	Sensor 61 V = 0.258819, -0.965926, 0
StFwdTrackMaker:INFO  - Getting FST sensor origin for index 62 with path /HALL_1/CAVE_1/FSTM_1/FSTD_5/FSTW_9/FTUS_3
StFwdTrackMaker:INFO  - FST Sensor 62 origin: 0, 0, 166.99
StFwdTrackMaker:INFO  - 	Sensor 62 U = -0.965926, -0.258819, 0
StFwdTrackMaker:INFO  - 	Sensor 62 V = 0.258819, -0.965926, 0
StFwdTrackMaker:INFO  - Getting FST sensor origin for index 63 with path /HALL_1/CAVE_1/FSTM_1/FSTD_5/FSTW_3/FTUS_1
StFwdTrackMaker:INFO  - FST Sensor 63 origin: 0, 0, 164.901
StFwdTrackMaker:INFO  - 	Sensor 63 U = -0.965926, 0.258819, 0
StFwdTrackMaker:INFO  - 	Sensor 63 V = -0.258819, -0.965926, -0
StFwdTrackMaker:INFO  - Getting FST sensor origin for index 64 with path /HALL_1/CAVE_1/FSTM_1/FSTD_5/FSTW_3/FTUS_2
StFwdTrackMaker:INFO  - FST Sensor 64 origin: 0, 0, 164.901
StFwdTrackMaker:INFO  - 	Sensor 64 U = -0.965926, 0.258819, 0
StFwdTrackMaker:INFO  - 	Sensor 64 V = -0.258819, -0.965926, -0
StFwdTrackMaker:INFO  - Getting FST sensor origin for index 65 with path /HALL_1/CAVE_1/FSTM_1/FSTD_5/FSTW_3/FTUS_3
StFwdTrackMaker:INFO  - FST Sensor 65 origin: 0, 0, 163.506
StFwdTrackMaker:INFO  - 	Sensor 65 U = -0.965926, 0.258819, 0
StFwdTrackMaker:INFO  - 	Sensor 65 V = -0.258819, -0.965926, -0
StFwdTrackMaker:INFO  - Getting FST sensor origin for index 66 with path /HALL_1/CAVE_1/FSTM_1/FSTD_5/FSTW_8/FTUS_1
StFwdTrackMaker:INFO  - FST Sensor 66 origin: 0, 0, 165.595
StFwdTrackMaker:INFO  - 	Sensor 66 U = -0.707107, 0.707107, 0
StFwdTrackMaker:INFO  - 	Sensor 66 V = -0.707107, -0.707107, 0
StFwdTrackMaker:INFO  - Getting FST sensor origin for index 67 with path /HALL_1/CAVE_1/FSTM_1/FSTD_5/FSTW_8/FTUS_2
StFwdTrackMaker:INFO  - FST Sensor 67 origin: 0, 0, 165.595
StFwdTrackMaker:INFO  - 	Sensor 67 U = -0.707107, 0.707107, 0
StFwdTrackMaker:INFO  - 	Sensor 67 V = -0.707107, -0.707107, 0
StFwdTrackMaker:INFO  - Getting FST sensor origin for index 68 with path /HALL_1/CAVE_1/FSTM_1/FSTD_5/FSTW_8/FTUS_3
StFwdTrackMaker:INFO  - FST Sensor 68 origin: 0, 0, 166.99
StFwdTrackMaker:INFO  - 	Sensor 68 U = -0.707107, 0.707107, 0
StFwdTrackMaker:INFO  - 	Sensor 68 V = -0.707107, -0.707107, 0
StFwdTrackMaker:INFO  - Getting FST sensor origin for index 69 with path /HALL_1/CAVE_1/FSTM_1/FSTD_5/FSTW_2/FTUS_1
StFwdTrackMaker:INFO  - FST Sensor 69 origin: 0, 0, 164.901
StFwdTrackMaker:INFO  - 	Sensor 69 U = -0.258819, 0.965926, 0
StFwdTrackMaker:INFO  - 	Sensor 69 V = -0.965926, -0.258819, -0
StFwdTrackMaker:INFO  - Getting FST sensor origin for index 70 with path /HALL_1/CAVE_1/FSTM_1/FSTD_5/FSTW_2/FTUS_2
StFwdTrackMaker:INFO  - FST Sensor 70 origin: 0, 0, 164.901
StFwdTrackMaker:INFO  - 	Sensor 70 U = -0.258819, 0.965926, 0
StFwdTrackMaker:INFO  - 	Sensor 70 V = -0.965926, -0.258819, -0
StFwdTrackMaker:INFO  - Getting FST sensor origin for index 71 with path /HALL_1/CAVE_1/FSTM_1/FSTD_5/FSTW_2/FTUS_3
StFwdTrackMaker:INFO  - FST Sensor 71 origin: 0, 0, 163.506
StFwdTrackMaker:INFO  - 	Sensor 71 U = -0.258819, 0.965926, 0
StFwdTrackMaker:INFO  - 	Sensor 71 V = -0.965926, -0.258819, -0
StFwdTrackMaker:INFO  - Getting FST sensor origin for index 72 with path /HALL_1/CAVE_1/FSTM_1/FSTD_6/FSTW_2/FTUS_1
StFwdTrackMaker:INFO  - FST Sensor 72 origin: 0, 0, 178.434
StFwdTrackMaker:INFO  - 	Sensor 72 U = 0.258819, 0.965926, 0
StFwdTrackMaker:INFO  - 	Sensor 72 V = -0.965926, 0.258819, -0
StFwdTrackMaker:INFO  - Getting FST sensor origin for index 73 with path /HALL_1/CAVE_1/FSTM_1/FSTD_6/FSTW_2/FTUS_2
StFwdTrackMaker:INFO  - FST Sensor 73 origin: 0, 0, 178.434
StFwdTrackMaker:INFO  - 	Sensor 73 U = 0.258819, 0.965926, 0
StFwdTrackMaker:INFO  - 	Sensor 73 V = -0.965926, 0.258819, -0
StFwdTrackMaker:INFO  - Getting FST sensor origin for index 74 with path /HALL_1/CAVE_1/FSTM_1/FSTD_6/FSTW_2/FTUS_3
StFwdTrackMaker:INFO  - FST Sensor 74 origin: 0, 0, 177.039
StFwdTrackMaker:INFO  - 	Sensor 74 U = 0.258819, 0.965926, 0
StFwdTrackMaker:INFO  - 	Sensor 74 V = -0.965926, 0.258819, -0
StFwdTrackMaker:INFO  - Getting FST sensor origin for index 75 with path /HALL_1/CAVE_1/FSTM_1/FSTD_6/FSTW_7/FTUS_1
StFwdTrackMaker:INFO  - FST Sensor 75 origin: 0, 0, 179.128
StFwdTrackMaker:INFO  - 	Sensor 75 U = 0.707107, 0.707107, 0
StFwdTrackMaker:INFO  - 	Sensor 75 V = -0.707107, 0.707107, 0
StFwdTrackMaker:INFO  - Getting FST sensor origin for index 76 with path /HALL_1/CAVE_1/FSTM_1/FSTD_6/FSTW_7/FTUS_2
StFwdTrackMaker:INFO  - FST Sensor 76 origin: 0, 0, 179.128
StFwdTrackMaker:INFO  - 	Sensor 76 U = 0.707107, 0.707107, 0
StFwdTrackMaker:INFO  - 	Sensor 76 V = -0.707107, 0.707107, 0
StFwdTrackMaker:INFO  - Getting FST sensor origin for index 77 with path /HALL_1/CAVE_1/FSTM_1/FSTD_6/FSTW_7/FTUS_3
StFwdTrackMaker:INFO  - FST Sensor 77 origin: 0, 0, 180.523
StFwdTrackMaker:INFO  - 	Sensor 77 U = 0.707107, 0.707107, 0
StFwdTrackMaker:INFO  - 	Sensor 77 V = -0.707107, 0.707107, 0
StFwdTrackMaker:INFO  - Getting FST sensor origin for index 78 with path /HALL_1/CAVE_1/FSTM_1/FSTD_6/FSTW_1/FTUS_1
StFwdTrackMaker:INFO  - FST Sensor 78 origin: 0, 0, 178.434
StFwdTrackMaker:INFO  - 	Sensor 78 U = 0.965926, 0.258819, 0
StFwdTrackMaker:INFO  - 	Sensor 78 V = -0.258819, 0.965926, -0
StFwdTrackMaker:INFO  - Getting FST sensor origin for index 79 with path /HALL_1/CAVE_1/FSTM_1/FSTD_6/FSTW_1/FTUS_2
StFwdTrackMaker:INFO  - FST Sensor 79 origin: 0, 0, 178.434
StFwdTrackMaker:INFO  - 	Sensor 79 U = 0.965926, 0.258819, 0
StFwdTrackMaker:INFO  - 	Sensor 79 V = -0.258819, 0.965926, -0
StFwdTrackMaker:INFO  - Getting FST sensor origin for index 80 with path /HALL_1/CAVE_1/FSTM_1/FSTD_6/FSTW_1/FTUS_3
StFwdTrackMaker:INFO  - FST Sensor 80 origin: 0, 0, 177.039
StFwdTrackMaker:INFO  - 	Sensor 80 U = 0.965926, 0.258819, 0
StFwdTrackMaker:INFO  - 	Sensor 80 V = -0.258819, 0.965926, -0
StFwdTrackMaker:INFO  - Getting FST sensor origin for index 81 with path /HALL_1/CAVE_1/FSTM_1/FSTD_6/FSTW_12/FTUS_1
StFwdTrackMaker:INFO  - FST Sensor 81 origin: 0, 0, 179.128
StFwdTrackMaker:INFO  - 	Sensor 81 U = 0.965926, -0.258819, 0
StFwdTrackMaker:INFO  - 	Sensor 81 V = 0.258819, 0.965926, 0
StFwdTrackMaker:INFO  - Getting FST sensor origin for index 82 with path /HALL_1/CAVE_1/FSTM_1/FSTD_6/FSTW_12/FTUS_2
StFwdTrackMaker:INFO  - FST Sensor 82 origin: 0, 0, 179.128
StFwdTrackMaker:INFO  - 	Sensor 82 U = 0.965926, -0.258819, 0
StFwdTrackMaker:INFO  - 	Sensor 82 V = 0.258819, 0.965926, 0
StFwdTrackMaker:INFO  - Getting FST sensor origin for index 83 with path /HALL_1/CAVE_1/FSTM_1/FSTD_6/FSTW_12/FTUS_3
StFwdTrackMaker:INFO  - FST Sensor 83 origin: 0, 0, 180.523
StFwdTrackMaker:INFO  - 	Sensor 83 U = 0.965926, -0.258819, 0
StFwdTrackMaker:INFO  - 	Sensor 83 V = 0.258819, 0.965926, 0
StFwdTrackMaker:INFO  - Getting FST sensor origin for index 84 with path /HALL_1/CAVE_1/FSTM_1/FSTD_6/FSTW_6/FTUS_1
StFwdTrackMaker:INFO  - FST Sensor 84 origin: 0, 0, 178.434
StFwdTrackMaker:INFO  - 	Sensor 84 U = 0.707107, -0.707107, 0
StFwdTrackMaker:INFO  - 	Sensor 84 V = 0.707107, 0.707107, -0
StFwdTrackMaker:INFO  - Getting FST sensor origin for index 85 with path /HALL_1/CAVE_1/FSTM_1/FSTD_6/FSTW_6/FTUS_2
StFwdTrackMaker:INFO  - FST Sensor 85 origin: 0, 0, 178.434
StFwdTrackMaker:INFO  - 	Sensor 85 U = 0.707107, -0.707107, 0
StFwdTrackMaker:INFO  - 	Sensor 85 V = 0.707107, 0.707107, -0
StFwdTrackMaker:INFO  - Getting FST sensor origin for index 86 with path /HALL_1/CAVE_1/FSTM_1/FSTD_6/FSTW_6/FTUS_3
StFwdTrackMaker:INFO  - FST Sensor 86 origin: 0, 0, 177.039
StFwdTrackMaker:INFO  - 	Sensor 86 U = 0.707107, -0.707107, 0
StFwdTrackMaker:INFO  - 	Sensor 86 V = 0.707107, 0.707107, -0
StFwdTrackMaker:INFO  - Getting FST sensor origin for index 87 with path /HALL_1/CAVE_1/FSTM_1/FSTD_6/FSTW_11/FTUS_1
StFwdTrackMaker:INFO  - FST Sensor 87 origin: 0, 0, 179.128
StFwdTrackMaker:INFO  - 	Sensor 87 U = 0.258819, -0.965926, 0
StFwdTrackMaker:INFO  - 	Sensor 87 V = 0.965926, 0.258819, 0
StFwdTrackMaker:INFO  - Getting FST sensor origin for index 88 with path /HALL_1/CAVE_1/FSTM_1/FSTD_6/FSTW_11/FTUS_2
StFwdTrackMaker:INFO  - FST Sensor 88 origin: 0, 0, 179.128
StFwdTrackMaker:INFO  - 	Sensor 88 U = 0.258819, -0.965926, 0
StFwdTrackMaker:INFO  - 	Sensor 88 V = 0.965926, 0.258819, 0
StFwdTrackMaker:INFO  - Getting FST sensor origin for index 89 with path /HALL_1/CAVE_1/FSTM_1/FSTD_6/FSTW_11/FTUS_3
StFwdTrackMaker:INFO  - FST Sensor 89 origin: 0, 0, 180.523
StFwdTrackMaker:INFO  - 	Sensor 89 U = 0.258819, -0.965926, 0
StFwdTrackMaker:INFO  - 	Sensor 89 V = 0.965926, 0.258819, 0
StFwdTrackMaker:INFO  - Getting FST sensor origin for index 90 with path /HALL_1/CAVE_1/FSTM_1/FSTD_6/FSTW_5/FTUS_1
StFwdTrackMaker:INFO  - FST Sensor 90 origin: 0, 0, 178.434
StFwdTrackMaker:INFO  - 	Sensor 90 U = -0.258819, -0.965926, 0
StFwdTrackMaker:INFO  - 	Sensor 90 V = 0.965926, -0.258819, -0
StFwdTrackMaker:INFO  - Getting FST sensor origin for index 91 with path /HALL_1/CAVE_1/FSTM_1/FSTD_6/FSTW_5/FTUS_2
StFwdTrackMaker:INFO  - FST Sensor 91 origin: 0, 0, 178.434
StFwdTrackMaker:INFO  - 	Sensor 91 U = -0.258819, -0.965926, 0
StFwdTrackMaker:INFO  - 	Sensor 91 V = 0.965926, -0.258819, -0
StFwdTrackMaker:INFO  - Getting FST sensor origin for index 92 with path /HALL_1/CAVE_1/FSTM_1/FSTD_6/FSTW_5/FTUS_3
StFwdTrackMaker:INFO  - FST Sensor 92 origin: 0, 0, 177.039
StFwdTrackMaker:INFO  - 	Sensor 92 U = -0.258819, -0.965926, 0
StFwdTrackMaker:INFO  - 	Sensor 92 V = 0.965926, -0.258819, -0
StFwdTrackMaker:INFO  - Getting FST sensor origin for index 93 with path /HALL_1/CAVE_1/FSTM_1/FSTD_6/FSTW_10/FTUS_1
StFwdTrackMaker:INFO  - FST Sensor 93 origin: 0, 0, 179.128
StFwdTrackMaker:INFO  - 	Sensor 93 U = -0.707107, -0.707107, 0
StFwdTrackMaker:INFO  - 	Sensor 93 V = 0.707107, -0.707107, 0
StFwdTrackMaker:INFO  - Getting FST sensor origin for index 94 with path /HALL_1/CAVE_1/FSTM_1/FSTD_6/FSTW_10/FTUS_2
StFwdTrackMaker:INFO  - FST Sensor 94 origin: 0, 0, 179.128
StFwdTrackMaker:INFO  - 	Sensor 94 U = -0.707107, -0.707107, 0
StFwdTrackMaker:INFO  - 	Sensor 94 V = 0.707107, -0.707107, 0
StFwdTrackMaker:INFO  - Getting FST sensor origin for index 95 with path /HALL_1/CAVE_1/FSTM_1/FSTD_6/FSTW_10/FTUS_3
StFwdTrackMaker:INFO  - FST Sensor 95 origin: 0, 0, 180.523
StFwdTrackMaker:INFO  - 	Sensor 95 U = -0.707107, -0.707107, 0
StFwdTrackMaker:INFO  - 	Sensor 95 V = 0.707107, -0.707107, 0
StFwdTrackMaker:INFO  - Getting FST sensor origin for index 96 with path /HALL_1/CAVE_1/FSTM_1/FSTD_6/FSTW_4/FTUS_1
StFwdTrackMaker:INFO  - FST Sensor 96 origin: 0, 0, 178.434
StFwdTrackMaker:INFO  - 	Sensor 96 U = -0.965926, -0.258819, 0
StFwdTrackMaker:INFO  - 	Sensor 96 V = 0.258819, -0.965926, -0
StFwdTrackMaker:INFO  - Getting FST sensor origin for index 97 with path /HALL_1/CAVE_1/FSTM_1/FSTD_6/FSTW_4/FTUS_2
StFwdTrackMaker:INFO  - FST Sensor 97 origin: 0, 0, 178.434
StFwdTrackMaker:INFO  - 	Sensor 97 U = -0.965926, -0.258819, 0
StFwdTrackMaker:INFO  - 	Sensor 97 V = 0.258819, -0.965926, -0
StFwdTrackMaker:INFO  - Getting FST sensor origin for index 98 with path /HALL_1/CAVE_1/FSTM_1/FSTD_6/FSTW_4/FTUS_3
StFwdTrackMaker:INFO  - FST Sensor 98 origin: 0, 0, 177.039
StFwdTrackMaker:INFO  - 	Sensor 98 U = -0.965926, -0.258819, 0
StFwdTrackMaker:INFO  - 	Sensor 98 V = 0.258819, -0.965926, -0
StFwdTrackMaker:INFO  - Getting FST sensor origin for index 99 with path /HALL_1/CAVE_1/FSTM_1/FSTD_6/FSTW_9/FTUS_1
StFwdTrackMaker:INFO  - FST Sensor 99 origin: 0, 0, 179.128
StFwdTrackMaker:INFO  - 	Sensor 99 U = -0.965926, 0.258819, 0
StFwdTrackMaker:INFO  - 	Sensor 99 V = -0.258819, -0.965926, 0
StFwdTrackMaker:INFO  - Getting FST sensor origin for index 100 with path /HALL_1/CAVE_1/FSTM_1/FSTD_6/FSTW_9/FTUS_2
StFwdTrackMaker:INFO  - FST Sensor 100 origin: 0, 0, 179.128
StFwdTrackMaker:INFO  - 	Sensor 100 U = -0.965926, 0.258819, 0
StFwdTrackMaker:INFO  - 	Sensor 100 V = -0.258819, -0.965926, 0
StFwdTrackMaker:INFO  - Getting FST sensor origin for index 101 with path /HALL_1/CAVE_1/FSTM_1/FSTD_6/FSTW_9/FTUS_3
StFwdTrackMaker:INFO  - FST Sensor 101 origin: 0, 0, 180.523
StFwdTrackMaker:INFO  - 	Sensor 101 U = -0.965926, 0.258819, 0
StFwdTrackMaker:INFO  - 	Sensor 101 V = -0.258819, -0.965926, 0
StFwdTrackMaker:INFO  - Getting FST sensor origin for index 102 with path /HALL_1/CAVE_1/FSTM_1/FSTD_6/FSTW_3/FTUS_1
StFwdTrackMaker:INFO  - FST Sensor 102 origin: 0, 0, 178.434
StFwdTrackMaker:INFO  - 	Sensor 102 U = -0.707107, 0.707107, 0
StFwdTrackMaker:INFO  - 	Sensor 102 V = -0.707107, -0.707107, -0
StFwdTrackMaker:INFO  - Getting FST sensor origin for index 103 with path /HALL_1/CAVE_1/FSTM_1/FSTD_6/FSTW_3/FTUS_2
StFwdTrackMaker:INFO  - FST Sensor 103 origin: 0, 0, 178.434
StFwdTrackMaker:INFO  - 	Sensor 103 U = -0.707107, 0.707107, 0
StFwdTrackMaker:INFO  - 	Sensor 103 V = -0.707107, -0.707107, -0
StFwdTrackMaker:INFO  - Getting FST sensor origin for index 104 with path /HALL_1/CAVE_1/FSTM_1/FSTD_6/FSTW_3/FTUS_3
StFwdTrackMaker:INFO  - FST Sensor 104 origin: 0, 0, 177.039
StFwdTrackMaker:INFO  - 	Sensor 104 U = -0.707107, 0.707107, 0
StFwdTrackMaker:INFO  - 	Sensor 104 V = -0.707107, -0.707107, -0
StFwdTrackMaker:INFO  - Getting FST sensor origin for index 105 with path /HALL_1/CAVE_1/FSTM_1/FSTD_6/FSTW_8/FTUS_1
StFwdTrackMaker:INFO  - FST Sensor 105 origin: 0, 0, 179.128
StFwdTrackMaker:INFO  - 	Sensor 105 U = -0.258819, 0.965926, 0
StFwdTrackMaker:INFO  - 	Sensor 105 V = -0.965926, -0.258819, 0
StFwdTrackMaker:INFO  - Getting FST sensor origin for index 106 with path /HALL_1/CAVE_1/FSTM_1/FSTD_6/FSTW_8/FTUS_2
StFwdTrackMaker:INFO  - FST Sensor 106 origin: 0, 0, 179.128
StFwdTrackMaker:INFO  - 	Sensor 106 U = -0.258819, 0.965926, 0
StFwdTrackMaker:INFO  - 	Sensor 106 V = -0.965926, -0.258819, 0
StFwdTrackMaker:INFO  - Getting FST sensor origin for index 107 with path /HALL_1/CAVE_1/FSTM_1/FSTD_6/FSTW_8/FTUS_3
StFwdTrackMaker:INFO  - FST Sensor 107 origin: 0, 0, 180.523
StFwdTrackMaker:INFO  - 	Sensor 107 U = -0.258819, 0.965926, 0
StFwdTrackMaker:INFO  - 	Sensor 107 V = -0.965926, -0.258819, 0
StFwdTrackMaker:INFO  - Fitter options: 
StFwdTrackMaker:INFO  - 	MaxFailedHits: -1
StFwdTrackMaker:INFO  - 	MaxIterations: 20
StFwdTrackMaker:INFO  - 	MinIterations: 10
StFwdTrackMaker:INFO  - 	RelChi2Change: 1e-06
StFwdTrackMaker:INFO  - 	DeltaPval: 0.1
StFwdTrackMaker:INFO  - 	BlowUpFactor: 1e+09
StFwdTrackMaker:INFO  - 	BlowUpMaxVal: 1e+09
StStrangeMuDstMaker:INFO  - TAttr::Found : dov0 = 1

StStrangeMuDstMaker:INFO  - TAttr::Found : doxi = 1

StStrangeMuDstMaker:INFO  - TAttr::Found : dokink = 1

StStrangeMuDstMaker:INFO  - TAttr::Found : setnokeep = 1

StStrangeMuDstMaker:ERROR - TClass::BuildRealData : Cannot find any ShowMembers function for StV0I!
StStrangeMuDstMaker:ERROR - TClass::BuildRealData : Cannot find any ShowMembers function for StXiI!
StChain:DEBUG - *** Call << StMuDstMaker:Init() ***
** <StBranch::Open> Branch=histBranch 	Mode=RECREATE 	File=ele.pt1.5.vz0.hist.root 	Opened **
** <StBranch::Open> Branch=runcoBranch 	Mode=RECREATE 	File=ele.pt1.5.vz0.runco.root 	Opened **
StPicoDstMaker:INFO  -  PicoCovMtxSkip is being used 
StPicoDstMaker:INFO  -  PicoBEmcSmdSkip is being used 
StPicoDstMaker:INFO  -  Output file: ele.pt1.5.vz0.run1.picoDst.root created.
MEM after Chain::Init	 total =646.335938 heap = 58.089691 and   3.226715(+21.552155)
mudst file=
--------->START EVENT: 0
St_geant_Maker:INFO  -  +++ New RunNumber found=1 (previous = -3)
St_geant_Maker:INFO  - *********** Event Info **********************
St_geant_Maker:INFO  - 	Run: 	    1  Event    -1  TimeStamp 20211016.     0  Bunch 0:0
St_geant_Maker:INFO  - 	 EvtSize: 0 	InpTrig:    0 OutTrig:    0
St_geant_Maker:INFO  - *********************************************
St_geant_Maker:INFO  - St_geant_Maker::InitRun -- Do mag.field initialization
St_geant_Maker:INFO  - St_geant_Maker::Init geom_gdata is found in fz-file ! St_geant_Maker::Init mfscale = 1
St_geant_Maker:INFO  - St_geant_Maker::Init  SetFlavor("FullMagFPositive","MagFactor")
StarMagField is locked, no modification from DB will be accepted
StarMagField::ReadField  Reading  Magnetic Field  Measured Full Field,  Scale factor = 1.000000 
StarMagField::ReadField  Filename is bfield_full_positive_2D.dat, Adjusted Scale factor = 1.000000 
StarMagField::ReadField  Reading  2D Magnetic Field file: bfield_full_positive_2D.dat 
StarMagField::ReadField  Reading 3D Magnetic Field file: bfield_full_positive_3D.dat 
StarMagField::ReadField  Reading  3D Magnetic Field file: bfield_full_positive_2D.dat 
StarMagField(0,0,0) = 4.9798St_geant_Maker:INFO  - St_geant_Maker::Init  Create StarMagField and lock it
St_geant_Maker:INFO  - *** St_geant_Maker::Make() == StOK(0) ***
St_db_Maker:INFO  - *** St_db_Maker::Make() == StOK(0) ***
StMagFMaker:INFO  - StMagFMaker::InitRun passive mode. Don't update Mag.Field from DB
StMagFMaker:INFO  - StMagFMaker::InitRun Bz(0) = 4.9798
StMagFMaker:INFO  - *** StMagFMaker::Make() == StOK(0) ***
StDetectorDbMaker:INFO  - *** StDetectorDbMaker::Make() == StOK(0) ***
QA :INFO  - ReSet environment NewTpcAlignment (year >= 2013)  from 0 to 1
StTpcDbMaker:INFO  - TAttr::Found : simu = 1

StTpcDbMaker:INFO  - StTpcDbMaker::Using any drift velocity
StTpcDbMaker:WARN  - St_tpcDimensionsC::instance found table tpcDimensions with NRows = 1 in db
StTpcDbMaker:WARN  - Validity:19961201/235959 -----   20371231/120000
StTpcDbMaker:WARN  - St_tpcPadConfigC::instance found table tpcPadConfig with NRows = 1 in db
StTpcDbMaker:WARN  - Validity:20181215/0 -----   20371231/120000

 ---------------------------------------------------------------------------------------
 bfc/.make/db/.const/StarDb/Geometry/tpc/.tpcPadConfig/tpcPadConfig  Allocated rows: 1	 Used rows: 1	 Row size: 24 bytes
 Table: tpcPadConfig_st	     [0] :
 ======================================================================================
unsigned char	itpc[0]		      0x1 : 
	    [1]		      0x1 :
	    [2]		      0x1 :
	    [3]		      0x1 :
	    [4]		      0x1 :
	    [5]		      0x1 :
	    [6]		      0x1 :
	    [7]		      0x1 :
	    [8]		      0x1 :
	    [9]		      0x1 :
	    [10]		      0x1 :
	    [11]		      0x1 :
	    [12]		      0x1 :
	    [13]		      0x1 :
	    [14]		      0x1 :
	    [15]		      0x1 :
	    [16]		      0x1 :
	    [17]		      0x1 :
	    [18]		      0x1 :
	    [19]		      0x1 :
	    [20]		      0x1 :
	    [21]		      0x1 :
	    [22]		      0x1 :
	    [23]		      0x1 :
---------------------------------------------------------------------------------------
StTpcDbMaker:WARN  - St_itpcPadPlanesC::instance found table itpcPadPlanes with NRows = 1 in db
StTpcDbMaker:WARN  - Validity:20000101/0 -----   20371231/120000
StTpcDbMaker:WARN  - St_tpcWirePlanesC::instance found table tpcWirePlanes with NRows = 1 in db
StTpcDbMaker:WARN  - Validity:19961201/235959 -----   20371231/120000

 ---------------------------------------------------------------------------------------
 bfc/.make/db/.const/StarDb/Geometry/tpc/.tpcWirePlanes/tpcWirePlanes  Allocated rows: 1	 Used rows: 1	 Row size: 192 bytes
 Table: tpcWirePlanes_st	     [0] :
 ======================================================================================
double	anodeWireRadius	   0.001 : 
double	frischGridWireRadius	  0.0037 : 
double	gatingGridWireRadius	  0.0037 : 
double	anodeWirePitch	     0.4 : 
double	frischGridWirePitch	     0.1 : 
double	gatingGridWirePitch	     0.1 : 
double	innerSectorAnodeWirePadSep	     0.2 : AnodeWire-to-PadPlane distance  
double	innerSectorFrischGridPadSep	     0.4 : FrischGrid-to-PadPlane distance  
double	innerSectorGatingGridPadSep	       1 : GatingGrid-to-PadPlane distance  
double	outerSectorAnodeWirePadSep	     0.4 : AnodeWire-to-PadPlane distance  
double	outerSectorFrischGridPadSep	     0.8 : FrischGrid-to-PadPlane distance  
double	outerSectorGatingGridPadSep	     1.4 : GatingGrid-to-PadPlane distance  
int	numInnerSectorAnodeWires	     170 : 
int	numInnerSectorFrischGridWires	     681 : 
int	numInnerSectorGatingGridWires	     681 : 
double	firstInnerSectorAnodeWire	    53.2 : 
double	firstInnerSectorFrischGridWire	      53 : 
double	firstInnerSectorGatingGridWire	      53 : 
double	lastInnerSectorAnodeWire	   120.8 : 
int	numOuterSectorAnodeWires	     172 : 
int	numOuterSectorFrischGridWires	     689 : 
int	numOuterSectorGatingGridWires	     689 : 
double	firstOuterSectorAnodeWire	   122.8 : 
double	firstOuterSectorFrischGridWire	  122.59 : 
double	firstOuterSectorGatingGridWire	  122.59 : 
double	lastOuterSectorAnodeWire	  191.19 : 
---------------------------------------------------------------------------------------
StTpcDbMaker:WARN  - St_tpcDriftVelocityC::instance found table tpcDriftVelocity with NRows = 1 in db
StTpcDbMaker:WARN  - Validity:20210709/152907 -----   20211111/82922

 ---------------------------------------------------------------------------------------
 bfc/.make/db/.const/StarDb/Calibrations/tpc/.tpcDriftVelocity/tpcDriftVelocity  Allocated rows: 1	 Used rows: 1	 Row size: 16 bytes
 Table: tpcDriftVelocity_st	     [0] :
 ======================================================================================
float	laserDriftVelocityEast	  5.5515 : cm/us : from laser beam analysis  
float	laserDriftVelocityWest	  5.5515 : cm/us : from laser beam analysis  
float	cathodeDriftVelocityEast	       0 : cm/us : from cathode emission  
float	cathodeDriftVelocityWest	       0 : cm/us : from cathode emission  
---------------------------------------------------------------------------------------
StTpcDbMaker:INFO  - StTpcDb::SetTpcRotations use new schema for Rotation matrices
StTpcDbMaker:WARN  - St_SurveyC::instance found table TpcPosition with NRows = 1 in db
StTpcDbMaker:WARN  - Validity:20210709/153615 -----   20371231/120000

 ---------------------------------------------------------------------------------------
 bfc/.make/db/.const/StarDb/Geometry/tpc/.TpcPosition/TpcPosition  Allocated rows: 1	 Used rows: 1	 Row size: 184 bytes
 Table: Survey_st	     [0] :
 ======================================================================================
int	Id		       0 : 
double	r00		       1 : 
double	r01		-0.00036 : -gamma 
double	r02		-0.00048 : beta  
double	r10		 0.00036 : gamma 
double	r11		       1 : 
double	r12		 -0.0001 : -alpha 
double	r20		 0.00048 : -beta  
double	r21		  0.0001 : alpha 
double	r22		       1 : 
double	t0		 -0.2383 : 
double	t1		 -0.1732 : 
double	t2		 -0.1957 : 
double	sigmaRotX	       0 : 
double	sigmaRotY	       0 : 
double	sigmaRotZ	       0 : 
double	sigmaTrX	       0 : 
double	sigmaTrY	       0 : 
double	sigmaTrZ	       0 : 
char	comment[0]	"2013 Tpc . . . " 
---------------------------------------------------------------------------------------
StTpcDbMaker:WARN  - St_SurveyC::instance found table TpcHalfPosition with NRows = 2 in db
StTpcDbMaker:WARN  - Validity:20201220/0 -----   20371231/120000

 ---------------------------------------------------------------------------------------
 bfc/.make/db/.const/StarDb/Geometry/tpc/.TpcHalfPosition/TpcHalfPosition  Allocated rows: 2	 Used rows: 2	 Row size: 184 bytes
 Table: Survey_st	     [0] :     [1] :
 ======================================================================================
int	Id		       0 :       1 : 
double	r00		       1 :       1 : 
double	r01		  -3e-05 : 0.00039 : -gamma 
double	r02		 -0.0002 : 0.00011 : beta  
double	r10		   3e-05 :-0.00039 : gamma 
double	r11		       1 :       1 : 
double	r12		       0 :-0.00016 : -alpha 
double	r20		  0.0002 :-0.00011 : -beta  
double	r21		       0 : 0.00016 : alpha 
double	r22		       1 :       1 : 
double	t0		       0 :  0.0193 : 
double	t1		       0 : -0.0133 : 
double	t2		       0 : -0.0156 : 
double	sigmaRotX	       0 :       0 : 
double	sigmaRotY	       0 :       0 : 
double	sigmaRotZ	       0 :       0 : 
double	sigmaTrX	       0 :       0 : 
double	sigmaTrY	       0 :       0 : 
double	sigmaTrZ	       0 :       0 : 
char	comment[0]	"2013 east+ . . . ""2013 west . . . " 
---------------------------------------------------------------------------------------
StTpcDbMaker:WARN  - St_SurveyC::instance found table TpcSuperSectorPositionB with NRows = 24 in db
StTpcDbMaker:WARN  - Validity:20201220/0 -----   20371231/120000

 ---------------------------------------------------------------------------------------
 bfc/.make/db/.const/StarDb/Geometry/tpc/.TpcSuperSectorPositionB/TpcSuperSectorPositionB  Allocated rows: 24	 Used rows: 24	 Row size: 184 bytes
 Table: Survey_st	     [0] :     [1] :     [2] :     [3] :     [4] :     [5] :     [6] :     [7] :     [8] :     [9] :
 ======================================================================================
int	Id		       1 :       2 :       3 :       4 :       5 :       6 :       7 :       8 :       9 :      10 : 
double	r00		       1 :       1 :       1 :       1 :       1 :       1 :       1 :       1 :       1 :       1 : 
double	r01		 0.00037 : 0.00191 : 0.00237 : 0.00406 : 0.00195 : 0.00085 : 0.00212 : 0.00251 :-0.00068 :-0.00049 : -gamma 
double	r02		 -0.0004 :-0.00035 : -0.0001 :   3e-05 : 0.00014 : 0.00016 : 0.00017 :-0.00019 :-0.00021 :-0.00041 : beta  
double	r10		-0.00037 :-0.00191 :-0.00237 :-0.00406 :-0.00195 :-0.00085 :-0.00212 :-0.00251 : 0.00068 : 0.00049 : gamma 
double	r11		       1 :       1 :       1 :       1 :       1 :       1 :       1 :       1 :       1 :       1 : 
double	r12		  -8e-05 :   6e-05 :  -9e-05 : 0.00013 :  -7e-05 :  -9e-05 : 0.00012 :   9e-05 :-0.00037 :-0.00031 : -alpha 
double	r20		  0.0004 : 0.00035 :  0.0001 :  -3e-05 :-0.00014 :-0.00016 :-0.00017 : 0.00019 : 0.00021 : 0.00041 : -beta  
double	r21		   6e-05 :  -6e-05 :   9e-05 :-0.00013 :   7e-05 :   9e-05 :-0.00012 :  -9e-05 : 0.00035 : 0.00031 : alpha 
double	r22		       1 :       1 :       1 :       1 :       1 :       1 :       1 :       1 :       1 :       1 : 
double	t0		 -0.0378 :  0.0116 :  0.0811 :   0.073 :  0.0365 :  0.0493 :  0.0368 : -0.0134 :   0.039 :  -0.013 : 
double	t1		 -0.0745 : -0.0117 : -0.0368 : -0.0028 : -0.0385 : -0.1627 : -0.0807 : -0.1542 : -0.1911 : -0.2577 : 
double	t2		 -0.0085 : -0.0511 : -0.0603 : -0.0546 : -0.0523 : -0.0742 : -0.0557 : -0.0144 : -0.0571 :  0.0007 : 
double	sigmaRotX	       0 :       0 :       0 :       0 :       0 :       0 :       0 :       0 :       0 :       0 : 
double	sigmaRotY	       0 :       0 :       0 :       0 :       0 :       0 :       0 :       0 :       0 :       0 : 
double	sigmaRotZ	 0.00013 : 0.00013 : 0.00013 : 0.00014 : 0.00013 : 0.00013 : 0.00013 : 0.00013 : 0.00013 : 0.00013 : 
double	sigmaTrX	   9e-05 :   9e-05 :   9e-05 :   9e-05 :  0.0001 :  0.0001 :  0.0001 :   9e-05 :   9e-05 :   9e-05 : 
double	sigmaTrY	 0.00021 : 0.00021 : 0.00021 : 0.00021 : 0.00023 : 0.00022 : 0.00022 : 0.00022 : 0.00021 : 0.00021 : 
double	sigmaTrZ	 0.00011 :  0.0001 : 0.00011 : 0.00011 : 0.00011 : 0.00011 : 0.00011 :  0.0001 : 0.00011 : 0.00011 : 
char	comment[0]	"Pass510AVG . . . ""Pass510AVG . . . ""Pass510AVG . . . ""Pass510AVG . . . ""Pass510AVG . . . ""Pass510AVG . . . ""Pass510AVG . . . ""Pass510AVG . . . ""Pass510AVG . . . ""Pass510AVG . . . " 
---------------------------------------------------------------------------------------
StTpcDbMaker:WARN  - St_SurveyC::instance found table TpcInnerSectorPositionB with NRows = 48 in db
StTpcDbMaker:WARN  - Validity:20201220/0 -----   20371231/120000

 ---------------------------------------------------------------------------------------
 bfc/.make/db/.const/StarDb/Geometry/tpc/.TpcInnerSectorPositionB/TpcInnerSectorPositionB  Allocated rows: 48	 Used rows: 48	 Row size: 184 bytes
 Table: Survey_st	     [0] :     [1] :     [2] :     [3] :     [4] :     [5] :     [6] :     [7] :     [8] :     [9] :
 ======================================================================================
int	Id		       1 :       2 :       3 :       4 :       5 :       6 :       7 :       8 :       9 :      10 : 
double	r00		       1 :       1 :       1 :       1 :       1 :       1 :       1 :       1 :       1 :       1 : 
double	r01		-0.000845 :-0.000685 :-0.00057 :-0.000695 :-0.00034 :-0.000525 :-0.000115 :-0.00044 :-0.000185 :-0.00107 : -gamma 
double	r02		       0 :       0 :       0 :       0 :       0 :       0 :       0 :       0 :       0 :       0 : beta  
double	r10		0.000855 :0.000675 : 0.00057 :0.000705 : 0.00033 :0.000515 :0.000115 : 0.00043 :0.000195 : 0.00107 : gamma 
double	r11		       1 :       1 :       1 :       1 :       1 :       1 :       1 :       1 :       1 :       1 : 
double	r12		  -2e-05 :       0 :       0 :       0 :       0 :       0 :       0 :       0 :  -2e-05 :       0 : -alpha 
double	r20		       0 :       0 :       0 :       0 :       0 :       0 :       0 :       0 :       0 :       0 : -beta  
double	r21		  -2e-05 :       0 :       0 :       0 :       0 :       0 :       0 :       0 :  -2e-05 :       0 : alpha 
double	r22		       1 :       1 :       1 :       1 :       1 :       1 :       1 :       1 :       1 :       1 : 
double	t0		  0.1013 :  0.0851 :  0.0764 :  0.0814 :  0.0387 :  0.0609 :  0.0082 :   0.037 :  0.0208 :  0.1444 : 
double	t1		 -0.0036 :  0.0042 : -0.0131 : -0.0048 : -0.0202 : -0.0186 :  -0.017 :  0.0023 : -0.0091 :   0.012 : 
double	t2		 -0.0124 : -0.0345 : -0.0439 : -0.0466 : -0.0277 : -0.0245 : -0.0087 :  0.0359 : -0.0423 : -0.0342 : 
double	sigmaRotX	       0 :       0 :    0.01 :    0.01 :       0 :       0 :       0 :       0 :    0.01 :    0.01 : 
double	sigmaRotY	       0 :       0 :    0.01 :    0.01 :       0 :       0 :       0 :       0 :    0.01 :    0.01 : 
double	sigmaRotZ	    0.01 :    0.01 :    0.03 :    0.01 :    0.01 :    0.01 :    0.01 :    0.01 :    0.03 :    0.04 : 
double	sigmaTrX	    1.53 :     2.5 :    2.83 :    2.27 :    1.83 :     1.8 :    1.72 :    0.78 :    3.59 :    2.96 : 
double	sigmaTrY	    1.64 :     2.5 :    4.96 :    3.71 :    2.81 :    1.69 :     1.7 :     2.4 :    5.33 :      11 : 
double	sigmaTrZ	    0.43 :    0.65 :    1.42 :    1.53 :     1.2 :    0.51 :    0.84 :    1.22 :    1.41 :    3.24 : 
char	comment[0]	"(RF+RF)/2 . . . ""(RF+RF)/2 . . . ""(RF+RF)/2 . . . ""(RF+RF)/2 . . . ""(RF+RF)/2 . . . ""(RF+RF)/2 . . . ""(RF+RF)/2 . . . ""(RF+RF)/2 . . . ""(RF+RF)/2 . . . ""(RF+RF)/2 . . . " 
---------------------------------------------------------------------------------------
StTpcDbMaker:WARN  - St_SurveyC::instance found table TpcOuterSectorPositionB with NRows = 48 in db
StTpcDbMaker:WARN  - Validity:20201220/0 -----   20371231/120000

 ---------------------------------------------------------------------------------------
 bfc/.make/db/.const/StarDb/Geometry/tpc/.TpcOuterSectorPositionB/TpcOuterSectorPositionB  Allocated rows: 48	 Used rows: 48	 Row size: 184 bytes
 Table: Survey_st	     [0] :     [1] :     [2] :     [3] :     [4] :     [5] :     [6] :     [7] :     [8] :     [9] :
 ======================================================================================
int	Id		       1 :       2 :       3 :       4 :       5 :       6 :       7 :       8 :       9 :      10 : 
double	r00		       1 :       1 :       1 :       1 :       1 :       1 :       1 :       1 :       1 :       1 : 
double	r01		-0.000142 :0.000695 :0.000326 : 9.3e-05 :0.000292 :0.000242 :0.000439 :0.000365 :0.000449 : 2.8e-05 : -gamma 
double	r02		       0 :       0 :       0 :       0 :       0 :       0 :       0 :       0 :       0 :       0 : beta  
double	r10		0.000142 :-0.000695 :-0.000326 :-9.2e-05 :-0.000292 :-0.000242 :-0.000439 :-0.000365 :-0.000449 :-2.8e-05 : gamma 
double	r11		       1 :       1 :       1 :       1 :       1 :       1 :       1 :       1 :       1 :       1 : 
double	r12		  -2e-05 :0.000195 :-0.00014 :0.000152 :0.000225 :  0.0003 : 0.00027 :-0.000185 : 0.00012 :-0.00026 : -alpha 
double	r20		       0 :       0 :       0 :       0 :       0 :       0 :       0 :       0 :       0 :       0 : -beta  
double	r21		   2e-05 :-0.000195 : 0.00014 :-0.000152 :-0.000225 : -0.0003 :-0.00027 :0.000185 :-0.00012 : 0.00026 : alpha 
double	r22		       1 :       1 :       1 :       1 :       1 :       1 :       1 :       1 :       1 :       1 : 
double	t0		  0.0178 : -0.1125 : -0.0438 : -0.0052 : -0.0241 : -0.0191 : -0.0473 : -0.0224 : -0.0756 :  0.0072 : 
double	t1		   0.003 :  0.0039 :  0.0187 :  0.0008 : -0.0194 : -0.0298 : -0.0289 :  0.0393 :  0.0015 :  0.0489 : 
double	t2		  0.0118 :  0.0388 : -0.0284 :  0.0137 :    0.04 :  0.0482 :  0.0503 :  0.0294 :  0.0334 : -0.0096 : 
double	sigmaRotX	       0 :       0 :    0.01 :       0 :       0 :       0 :       0 :       0 :    0.01 :       0 : 
double	sigmaRotY	       0 :       0 :    0.01 :       0 :       0 :       0 :       0 :       0 :    0.01 :       0 : 
double	sigmaRotZ	    0.01 :    0.01 :    0.01 :    0.01 :    0.01 :    0.01 :    0.01 :    0.01 :    0.01 :    0.01 : 
double	sigmaTrX	    0.56 :    0.94 :    4.71 :    1.79 :    1.62 :    1.02 :    1.51 :    1.58 :    1.47 :    0.87 : 
double	sigmaTrY	    1.52 :    2.56 :     4.2 :    2.56 :    1.95 :    1.52 :    1.87 :     2.5 :    3.29 :     2.7 : 
double	sigmaTrZ	    0.93 :    1.47 :    2.39 :    0.91 :    3.13 :    1.82 :    0.44 :    1.17 :    2.44 :    0.77 : 
char	comment[0]	"(y2014A_FF . . . ""(y2014A_FF . . . ""(y2014A_FF . . . ""(y2014A_FF . . . ""(y2014A_FF . . . ""(y2014A_FF . . . ""(y2014A_FF . . . ""(y2014A_FF . . . ""(y2014A_FF . . . ""(y2014A_FF . . . " 
---------------------------------------------------------------------------------------
StTpcDbMaker:WARN  - St_tpcAnodeHVavgC::instance found table tpcAnodeHVavg with NRows = 456 in db
StTpcDbMaker:WARN  - Validity:20181215/0 -----   20371231/120000

 ---------------------------------------------------------------------------------------
 bfc/.make/db/.const/StarDb/Calibrations/tpc/.tpcAnodeHVavg/tpcAnodeHVavg  Allocated rows: 456	 Used rows: 456	 Row size: 20 bytes
 Table: tpcAnodeHVavg_st	     [0] :     [1] :     [2] :     [3] :     [4] :     [5] :     [6] :     [7] :     [8] :     [9] :
 ======================================================================================
unsigned short	sector		      0x1 :      0x1 :      0x1 :      0x1 :      0x1 :      0x1 :      0x1 :      0x1 :      0x1 :      0x1 : sector 1-24 
unsigned short	socket		      0x1 :      0x2 :      0x3 :      0x4 :      0x5 :      0x6 :      0x7 :      0x8 :      0x9 :      0xa : MWC socket/card (ISOR=17,OSIR=18,OSOR=19)  
float	voltage		    1100 :    1100 :    1100 :    1100 :    1100 :    1100 :    1100 :    1100 :    1390 :    1390 : average voltage  
float	rms		       0 :       0 :       0 :       0 :       0 :       0 :       0 :       0 :       0 :       0 : rms for averaged voltage 
int	numentries	       0 :       0 :       0 :       0 :       0 :       0 :       0 :       0 :       0 :       0 : number of entries used for average 
int	numoutliers	       0 :       0 :       0 :       0 :       0 :       0 :       0 :       0 :       0 :       0 : number of encountered outliers 
---------------------------------------------------------------------------------------
StTpcDbMaker:WARN  - St_TpcAvgPowerSupplyC::instance found table TpcAvgPowerSupply with NRows = 1 in db
StTpcDbMaker:WARN  - Validity:20211015/0 -----   20211105/205820
StTpcDbMaker:INFO  - *** StTpcDbMaker::Make() == StOK(0) ***
StFcsDbMaker:INFO  - StFcsDbMaker::InitRun - run = 1
StFcsDbMaker:INFO  - StFcsDbMaker::InitRun - Date&time from St_db_Maker=20211016,0
StFcsDbMaker:INFO  - StFcsDb::InitRun - run = 1 with mDbAccess=0
StFcsDbMaker:INFO  - *** StFcsDbMaker::Make() == StOK(0) ***
StEventMaker:INFO  - get trigDetSums from Calibrations/rich/trigDetSums
StEventMaker:WARN  - StEventMaker: No StDAQReader found
StEventMaker:WARN  - St_beamInfoC::instance found table beamInfo with NRows = 1 in db
StEventMaker:WARN  - Validity:20210713/214142 -----   20211106/183047

 ---------------------------------------------------------------------------------------
 bfc/.make/db/.const/StarDb/RunLog/onl/.beamInfo/beamInfo  Allocated rows: 1	 Used rows: 1	 Row size: 120 bytes
 Table: beamInfo_st	     [0] :
 ======================================================================================
unsigned int	runNumber	22194036 : 
int	entryTag	       0 : 0=startrun, 1=endrun, 2=runave, 3=std  
char	blueSpecies[0]	"Au . . . " species  
unsigned int	blueMassNumber	     197 : 
float	blueEnergy	   0.931 : energy  
float	blueIntensity	   0.001 : Ions  
float	blueLifeTime	       0 : Ions per minute  
float	blueBunchIntensity	       0 : bunch intensity  
char	yellowSpecies[0]	"Au . . . " species  
unsigned int	yellowMassNumber	     197 : 
float	yellowEnergy	   0.931 : energy  
float	yellowIntensity	  -0.002 : Ions  
float	yellowLifeTime	       0 : Ions per minute  
float	yellowBunchIntensity	       0 : bunch intensity  
float	blueFillNumber	   32627 : 
float	yellowFillNumber	   32627 : 
---------------------------------------------------------------------------------------
StEventMaker:WARN  - St_richvoltagesC::instance found table richvoltages with NRows = 1 in db
StEventMaker:WARN  - Validity:20021105/0 -----   20371231/120000

 ---------------------------------------------------------------------------------------
 bfc/.make/db/.const/StarDb/Calibrations/rich/.richvoltages/richvoltages  Allocated rows: 1	 Used rows: 1	 Row size: 16 bytes
 Table: richvoltages_st	     [0] :
 ======================================================================================
unsigned int	runNumber	       0 : 
unsigned int	startStatusTime	       0 : 
unsigned int	endStatusTime	       0 : 
unsigned int	status		       0 : 
---------------------------------------------------------------------------------------
StEventMaker:INFO  - *** StEventMaker::Make() == StOK(0) ***
StMcEventMaker:INFO  - StMcEventMaker:   g2t_tpc_hit Table Not found 
StMcEventMaker:INFO  - StMcEventMaker:   particle    Table Not found 
StMcEventMaker:INFO  - *** StMcEventMaker::Make() == StOK(0) ***
StFcsFastSimulatorMaker:DEBUG - StFcsFastSimulatorMaker::Make
StFcsFastSimulatorMaker:DEBUG - Creating StFcsCollection
StFcsFastSimulatorMaker:INFO  - TAttr::Found : fcsleakyhcal = 0

StFcsFastSimulatorMaker:INFO  - TAttr::Found : fcshcalzdepeff = 0

StFcsFastSimulatorMaker:INFO  - g2t_wca_hit table has 62 hit
StFcsFastSimulatorMaker:INFO  - ECAL det=0 id= 30 volid=1031 e=0.000270
StFcsFastSimulatorMaker:INFO  - ECAL det=0 id=136 volid=1137 e=0.000375
StFcsFastSimulatorMaker:INFO  - ECAL det=0 id=146 volid=1147 e=0.003106
StFcsFastSimulatorMaker:INFO  - ECAL det=0 id=202 volid=1203 e=0.011988
StFcsFastSimulatorMaker:INFO  - ECAL det=0 id=203 volid=1204 e=0.003933
StFcsFastSimulatorMaker:INFO  - ECAL det=0 id=204 volid=1205 e=0.000211
StFcsFastSimulatorMaker:INFO  - ECAL det=0 id=224 volid=1225 e=0.001562
StFcsFastSimulatorMaker:INFO  - ECAL det=0 id=225 volid=1226 e=0.000875
StFcsFastSimulatorMaker:INFO  - ECAL det=0 id=226 volid=1227 e=0.009341
StFcsFastSimulatorMaker:INFO  - ECAL det=0 id=248 volid=1249 e=0.000016
StFcsFastSimulatorMaker:INFO  - ECAL det=0 id=251 volid=1252 e=0.001379
StFcsFastSimulatorMaker:INFO  - ECAL det=0 id=252 volid=1253 e=0.000255
StFcsFastSimulatorMaker:INFO  - ECAL det=0 id=288 volid=1289 e=0.004571
StFcsFastSimulatorMaker:INFO  - ECAL det=0 id=308 volid=1309 e=0.001014
StFcsFastSimulatorMaker:INFO  - ECAL det=0 id=308 volid=1309 e=0.001890
StFcsFastSimulatorMaker:INFO  - ECAL det=0 id=314 volid=1315 e=0.011394
StFcsFastSimulatorMaker:INFO  - ECAL det=0 id=316 volid=1317 e=0.001225
StFcsFastSimulatorMaker:INFO  - ECAL det=0 id=333 volid=1334 e=0.000313
StFcsFastSimulatorMaker:INFO  - ECAL det=0 id=344 volid=1345 e=0.000059
StFcsFastSimulatorMaker:INFO  - ECAL det=0 id=352 volid=1353 e=0.000958
StFcsFastSimulatorMaker:INFO  - ECAL det=0 id=357 volid=1358 e=0.000858
StFcsFastSimulatorMaker:INFO  - ECAL det=0 id=358 volid=1359 e=0.000692
StFcsFastSimulatorMaker:INFO  - ECAL det=0 id=374 volid=1375 e=0.002467
StFcsFastSimulatorMaker:INFO  - ECAL det=0 id=380 volid=1381 e=0.002860
StFcsFastSimulatorMaker:INFO  - ECAL det=0 id=396 volid=1397 e=0.002060
StFcsFastSimulatorMaker:INFO  - ECAL det=0 id=397 volid=1398 e=0.004362
StFcsFastSimulatorMaker:INFO  - ECAL det=0 id=418 volid=1419 e=0.000730
StFcsFastSimulatorMaker:INFO  - ECAL det=0 id=442 volid=1443 e=0.003289
StFcsFastSimulatorMaker:INFO  - ECAL det=0 id=490 volid=1491 e=0.009357
StFcsFastSimulatorMaker:INFO  - ECAL det=0 id=532 volid=1533 e=0.000756
StFcsFastSimulatorMaker:INFO  - ECAL det=0 id=537 volid=1538 e=0.002667
StFcsFastSimulatorMaker:INFO  - ECAL det=0 id=561 volid=1562 e=0.003834
StFcsFastSimulatorMaker:INFO  - ECAL det=0 id=572 volid=1573 e=0.002244
StFcsFastSimulatorMaker:INFO  - ECAL det=0 id=595 volid=1596 e=0.003602
StFcsFastSimulatorMaker:INFO  - ECAL det=0 id=596 volid=1597 e=0.007961
StFcsFastSimulatorMaker:INFO  - ECAL det=0 id=626 volid=1627 e=0.000449
StFcsFastSimulatorMaker:INFO  - ECAL det=0 id=640 volid=1641 e=0.000234
StFcsFastSimulatorMaker:INFO  - ECAL det=0 id=642 volid=1643 e=0.001444
StFcsFastSimulatorMaker:INFO  - ECAL det=0 id=643 volid=1644 e=0.000548
StFcsFastSimulatorMaker:INFO  - ECAL det=0 id=688 volid=1689 e=0.002391
StFcsFastSimulatorMaker:INFO  - ECAL det=0 id=693 volid=1694 e=0.000674
StFcsFastSimulatorMaker:INFO  - ECAL det=1 id=225 volid=2226 e=0.000209
StFcsFastSimulatorMaker:INFO  - ECAL det=1 id=314 volid=2315 e=0.000015
StFcsFastSimulatorMaker:INFO  - ECAL det=1 id=342 volid=2343 e=0.000009
StFcsFastSimulatorMaker:INFO  - ECAL det=1 id=374 volid=2375 e=0.002300
StFcsFastSimulatorMaker:INFO  - ECAL det=1 id=427 volid=2428 e=0.000056
StFcsFastSimulatorMaker:INFO  - ECAL det=1 id=428 volid=2429 e=0.002508
StFcsFastSimulatorMaker:INFO  - ECAL det=1 id=469 volid=2470 e=0.002175
StFcsFastSimulatorMaker:INFO  - ECAL det=1 id=470 volid=2471 e=0.003354
StFcsFastSimulatorMaker:INFO  - ECAL det=1 id=487 volid=2488 e=0.002716
StFcsFastSimulatorMaker:INFO  - ECAL det=1 id=506 volid=2507 e=0.002960
StFcsFastSimulatorMaker:INFO  - ECAL det=1 id=509 volid=2510 e=0.000524
StFcsFastSimulatorMaker:INFO  - ECAL det=1 id=511 volid=2512 e=0.000980
StFcsFastSimulatorMaker:INFO  - ECAL det=1 id=529 volid=2530 e=0.002185
StFcsFastSimulatorMaker:INFO  - ECAL det=1 id=560 volid=2561 e=0.000987
StFcsFastSimulatorMaker:INFO  - ECAL det=1 id=560 volid=2561 e=0.000862
StFcsFastSimulatorMaker:INFO  - ECAL det=1 id=561 volid=2562 e=0.000270
StFcsFastSimulatorMaker:INFO  - ECAL det=1 id=638 volid=2639 e=0.000031
StFcsFastSimulatorMaker:INFO  - ECAL det=1 id=652 volid=2653 e=0.001138
StFcsFastSimulatorMaker:INFO  - ECAL det=1 id=669 volid=2670 e=0.001582
StFcsFastSimulatorMaker:INFO  - ECAL det=1 id=704 volid=2705 e=0.001679
StFcsFastSimulatorMaker:INFO  - ECAL det=1 id=731 volid=2732 e=0.000586
StFcsFastSimulatorMaker:INFO  - g2t_hca_hit table has 3 hit
StFcsFastSimulatorMaker:INFO  - HCAL det=3 id=156 volid= 2157 e=0.000585
StFcsFastSimulatorMaker:INFO  - HCAL det=3 id=208 volid= 2209 e=0.000751
StFcsFastSimulatorMaker:INFO  - HCAL det=3 id=234 volid= 2235 e=0.001292
StFcsFastSimulatorMaker:INFO  - g2t_epd_hit table has 2 hit
StFcsFastSimulatorMaker:INFO  - Pres det=4 id=178 volid=206050 e=  1.871446
StFcsFastSimulatorMaker:INFO  - Pres det=4 id=179 volid=206070 e=  2.002344
StFcsFastSimulatorMaker:INFO  - Det=0 id= 30 dE=   0.000 SF= 0.200 gain= 0.005 corr= 1.000 ADC=   0 ZS= 1 digiE=   0.000
StFcsFastSimulatorMaker:INFO  - Det=0 id=136 dE=   0.000 SF= 0.200 gain= 0.005 corr= 1.000 ADC=   0 ZS= 1 digiE=   0.000
StFcsFastSimulatorMaker:INFO  - Det=0 id=146 dE=   0.003 SF= 0.200 gain= 0.005 corr= 1.000 ADC=   2 ZS= 1 digiE=   0.011
StFcsFastSimulatorMaker:INFO  - Det=0 id=202 dE=   0.012 SF= 0.200 gain= 0.005 corr= 1.000 ADC=  11 ZS= 1 digiE=   0.058
StFcsFastSimulatorMaker:INFO  - Det=0 id=203 dE=   0.004 SF= 0.200 gain= 0.005 corr= 1.000 ADC=   3 ZS= 1 digiE=   0.016
StFcsFastSimulatorMaker:INFO  - Det=0 id=204 dE=   0.000 SF= 0.200 gain= 0.005 corr= 1.000 ADC=   0 ZS= 1 digiE=   0.000
StFcsFastSimulatorMaker:INFO  - Det=0 id=224 dE=   0.002 SF= 0.200 gain= 0.005 corr= 1.000 ADC=   1 ZS= 1 digiE=   0.005
StFcsFastSimulatorMaker:INFO  - Det=0 id=225 dE=   0.001 SF= 0.200 gain= 0.005 corr= 1.000 ADC=   0 ZS= 1 digiE=   0.000
StFcsFastSimulatorMaker:INFO  - Det=0 id=226 dE=   0.009 SF= 0.200 gain= 0.005 corr= 1.000 ADC=   8 ZS= 1 digiE=   0.042
StFcsFastSimulatorMaker:INFO  - Det=0 id=248 dE=   0.000 SF= 0.200 gain= 0.005 corr= 1.000 ADC=   0 ZS= 1 digiE=   0.000
StFcsFastSimulatorMaker:INFO  - Det=0 id=251 dE=   0.001 SF= 0.200 gain= 0.005 corr= 1.000 ADC=   1 ZS= 1 digiE=   0.005
StFcsFastSimulatorMaker:INFO  - Det=0 id=252 dE=   0.000 SF= 0.200 gain= 0.005 corr= 1.000 ADC=   0 ZS= 1 digiE=   0.000
StFcsFastSimulatorMaker:INFO  - Det=0 id=288 dE=   0.005 SF= 0.200 gain= 0.005 corr= 1.000 ADC=   4 ZS= 1 digiE=   0.021
StFcsFastSimulatorMaker:INFO  - Det=0 id=308 dE=   0.003 SF= 0.200 gain= 0.005 corr= 1.000 ADC=   2 ZS= 1 digiE=   0.011
StFcsFastSimulatorMaker:INFO  - Det=0 id=314 dE=   0.011 SF= 0.200 gain= 0.005 corr= 1.000 ADC=  10 ZS= 1 digiE=   0.053
StFcsFastSimulatorMaker:INFO  - Det=0 id=316 dE=   0.001 SF= 0.200 gain= 0.005 corr= 1.000 ADC=   1 ZS= 1 digiE=   0.005
StFcsFastSimulatorMaker:INFO  - Det=0 id=333 dE=   0.000 SF= 0.200 gain= 0.005 corr= 1.000 ADC=   0 ZS= 1 digiE=   0.000
StFcsFastSimulatorMaker:INFO  - Det=0 id=344 dE=   0.000 SF= 0.200 gain= 0.005 corr= 1.000 ADC=   0 ZS= 1 digiE=   0.000
StFcsFastSimulatorMaker:INFO  - Det=0 id=352 dE=   0.001 SF= 0.200 gain= 0.005 corr= 1.000 ADC=   0 ZS= 1 digiE=   0.000
StFcsFastSimulatorMaker:INFO  - Det=0 id=357 dE=   0.001 SF= 0.200 gain= 0.005 corr= 1.000 ADC=   0 ZS= 1 digiE=   0.000
StFcsFastSimulatorMaker:INFO  - Det=0 id=358 dE=   0.001 SF= 0.200 gain= 0.005 corr= 1.000 ADC=   0 ZS= 1 digiE=   0.000
StFcsFastSimulatorMaker:INFO  - Det=0 id=374 dE=   0.002 SF= 0.200 gain= 0.005 corr= 1.000 ADC=   2 ZS= 1 digiE=   0.011
StFcsFastSimulatorMaker:INFO  - Det=0 id=380 dE=   0.003 SF= 0.200 gain= 0.005 corr= 1.000 ADC=   2 ZS= 1 digiE=   0.011
StFcsFastSimulatorMaker:INFO  - Det=0 id=396 dE=   0.002 SF= 0.200 gain= 0.005 corr= 1.000 ADC=   1 ZS= 1 digiE=   0.005
StFcsFastSimulatorMaker:INFO  - Det=0 id=397 dE=   0.004 SF= 0.200 gain= 0.005 corr= 1.000 ADC=   4 ZS= 1 digiE=   0.021
StFcsFastSimulatorMaker:INFO  - Det=0 id=418 dE=   0.001 SF= 0.200 gain= 0.005 corr= 1.000 ADC=   0 ZS= 1 digiE=   0.000
StFcsFastSimulatorMaker:INFO  - Det=0 id=442 dE=   0.003 SF= 0.200 gain= 0.005 corr= 1.000 ADC=   3 ZS= 1 digiE=   0.016
StFcsFastSimulatorMaker:INFO  - Det=0 id=490 dE=   0.009 SF= 0.200 gain= 0.005 corr= 1.000 ADC=   8 ZS= 1 digiE=   0.042
StFcsFastSimulatorMaker:INFO  - Det=0 id=532 dE=   0.001 SF= 0.200 gain= 0.005 corr= 1.000 ADC=   0 ZS= 1 digiE=   0.000
StFcsFastSimulatorMaker:INFO  - Det=0 id=537 dE=   0.003 SF= 0.200 gain= 0.005 corr= 1.000 ADC=   2 ZS= 1 digiE=   0.011
StFcsFastSimulatorMaker:INFO  - Det=0 id=561 dE=   0.004 SF= 0.200 gain= 0.005 corr= 1.000 ADC=   3 ZS= 1 digiE=   0.016
StFcsFastSimulatorMaker:INFO  - Det=0 id=572 dE=   0.002 SF= 0.200 gain= 0.005 corr= 1.000 ADC=   2 ZS= 1 digiE=   0.011
StFcsFastSimulatorMaker:INFO  - Det=0 id=595 dE=   0.004 SF= 0.200 gain= 0.005 corr= 1.000 ADC=   3 ZS= 1 digiE=   0.016
StFcsFastSimulatorMaker:INFO  - Det=0 id=596 dE=   0.008 SF= 0.200 gain= 0.005 corr= 1.000 ADC=   7 ZS= 1 digiE=   0.037
StFcsFastSimulatorMaker:INFO  - Det=0 id=626 dE=   0.000 SF= 0.200 gain= 0.005 corr= 1.000 ADC=   0 ZS= 1 digiE=   0.000
StFcsFastSimulatorMaker:INFO  - Det=0 id=640 dE=   0.000 SF= 0.200 gain= 0.005 corr= 1.000 ADC=   0 ZS= 1 digiE=   0.000
StFcsFastSimulatorMaker:INFO  - Det=0 id=642 dE=   0.001 SF= 0.200 gain= 0.005 corr= 1.000 ADC=   1 ZS= 1 digiE=   0.005
StFcsFastSimulatorMaker:INFO  - Det=0 id=643 dE=   0.001 SF= 0.200 gain= 0.005 corr= 1.000 ADC=   0 ZS= 1 digiE=   0.000
StFcsFastSimulatorMaker:INFO  - Det=0 id=688 dE=   0.002 SF= 0.200 gain= 0.005 corr= 1.000 ADC=   2 ZS= 1 digiE=   0.011
StFcsFastSimulatorMaker:INFO  - Det=0 id=693 dE=   0.001 SF= 0.200 gain= 0.005 corr= 1.000 ADC=   0 ZS= 1 digiE=   0.000
StFcsFastSimulatorMaker:INFO  - Det=1 id=225 dE=   0.000 SF= 0.200 gain= 0.005 corr= 1.000 ADC=   0 ZS= 1 digiE=   0.000
StFcsFastSimulatorMaker:INFO  - Det=1 id=314 dE=   0.000 SF= 0.200 gain= 0.005 corr= 1.000 ADC=   0 ZS= 1 digiE=   0.000
StFcsFastSimulatorMaker:INFO  - Det=1 id=342 dE=   0.000 SF= 0.200 gain= 0.005 corr= 1.000 ADC=   0 ZS= 1 digiE=   0.000
StFcsFastSimulatorMaker:INFO  - Det=1 id=374 dE=   0.002 SF= 0.200 gain= 0.005 corr= 1.000 ADC=   2 ZS= 1 digiE=   0.011
StFcsFastSimulatorMaker:INFO  - Det=1 id=427 dE=   0.000 SF= 0.200 gain= 0.005 corr= 1.000 ADC=   0 ZS= 1 digiE=   0.000
StFcsFastSimulatorMaker:INFO  - Det=1 id=428 dE=   0.003 SF= 0.200 gain= 0.005 corr= 1.000 ADC=   2 ZS= 1 digiE=   0.011
StFcsFastSimulatorMaker:INFO  - Det=1 id=469 dE=   0.002 SF= 0.200 gain= 0.005 corr= 1.000 ADC=   2 ZS= 1 digiE=   0.011
StFcsFastSimulatorMaker:INFO  - Det=1 id=470 dE=   0.003 SF= 0.200 gain= 0.005 corr= 1.000 ADC=   3 ZS= 1 digiE=   0.016
StFcsFastSimulatorMaker:INFO  - Det=1 id=487 dE=   0.003 SF= 0.200 gain= 0.005 corr= 1.000 ADC=   2 ZS= 1 digiE=   0.011
StFcsFastSimulatorMaker:INFO  - Det=1 id=506 dE=   0.003 SF= 0.200 gain= 0.005 corr= 1.000 ADC=   2 ZS= 1 digiE=   0.011
StFcsFastSimulatorMaker:INFO  - Det=1 id=509 dE=   0.001 SF= 0.200 gain= 0.005 corr= 1.000 ADC=   0 ZS= 1 digiE=   0.000
StFcsFastSimulatorMaker:INFO  - Det=1 id=511 dE=   0.001 SF= 0.200 gain= 0.005 corr= 1.000 ADC=   0 ZS= 1 digiE=   0.000
StFcsFastSimulatorMaker:INFO  - Det=1 id=529 dE=   0.002 SF= 0.200 gain= 0.005 corr= 1.000 ADC=   2 ZS= 1 digiE=   0.011
StFcsFastSimulatorMaker:INFO  - Det=1 id=560 dE=   0.002 SF= 0.200 gain= 0.005 corr= 1.000 ADC=   1 ZS= 1 digiE=   0.005
StFcsFastSimulatorMaker:INFO  - Det=1 id=561 dE=   0.000 SF= 0.200 gain= 0.005 corr= 1.000 ADC=   0 ZS= 1 digiE=   0.000
StFcsFastSimulatorMaker:INFO  - Det=1 id=638 dE=   0.000 SF= 0.200 gain= 0.005 corr= 1.000 ADC=   0 ZS= 1 digiE=   0.000
StFcsFastSimulatorMaker:INFO  - Det=1 id=652 dE=   0.001 SF= 0.200 gain= 0.005 corr= 1.000 ADC=   1 ZS= 1 digiE=   0.005
StFcsFastSimulatorMaker:INFO  - Det=1 id=669 dE=   0.002 SF= 0.200 gain= 0.005 corr= 1.000 ADC=   1 ZS= 1 digiE=   0.005
StFcsFastSimulatorMaker:INFO  - Det=1 id=704 dE=   0.002 SF= 0.200 gain= 0.005 corr= 1.000 ADC=   1 ZS= 1 digiE=   0.005
StFcsFastSimulatorMaker:INFO  - Det=1 id=731 dE=   0.001 SF= 0.200 gain= 0.005 corr= 1.000 ADC=   0 ZS= 1 digiE=   0.000
StFcsFastSimulatorMaker:INFO  - Det=3 id=156 dE=   0.001 SF= 0.014 gain= 0.005 corr= 1.000 ADC=   7 ZS= 1 digiE=   0.037
StFcsFastSimulatorMaker:INFO  - Det=3 id=208 dE=   0.001 SF= 0.014 gain= 0.005 corr= 1.000 ADC=   9 ZS= 1 digiE=   0.048
StFcsFastSimulatorMaker:INFO  - Det=3 id=234 dE=   0.001 SF= 0.014 gain= 0.005 corr= 1.000 ADC=  16 ZS= 1 digiE=   0.085
StFcsFastSimulatorMaker:INFO  - Det=4 id=178 dE=   1.871 SF= 2.000 gain= 0.010 corr= 0.500 ADC= 187 ZS= 1 digiE=   0.935
StFcsFastSimulatorMaker:INFO  - Det=4 id=179 dE=   2.002 SF= 2.000 gain= 0.010 corr= 0.500 ADC= 200 ZS= 1 digiE=   1.000
StFcsFastSimulatorMaker:INFO  - wca Found 62 g2t hits in 25 cells, created 25 hits with ADC>ZS(1) and Etot=   0.493
StFcsFastSimulatorMaker:INFO  - hca Found 3 g2t hits in 3 cells, created 3 hits with ADC>ZS(1) and Etot=   0.170
StFcsFastSimulatorMaker:INFO  - pre Found 2 g2t hits in 2 cells, created 2 hits with ADC>ZS(1) and Etot=   1.935
StFcsFastSimulatorMaker:INFO  - *** StFcsFastSimulatorMaker::Make() == StOK(0) ***
StFcsWaveformFitMaker:INFO  - *** StFcsWaveformFitMaker::Make() == StOK(0) ***
StFcsClusterMaker:DEBUG - StFcsClusterMaker initializing run
StFcsClusterMaker:DEBUG - StFcsClusterMaker Make!!!
  *** Print FCS collection ***  RecFlag=0
  *** FCS Det=0 *** NHit= 18 NCluster=  2 NPoint=  0
StFcsHit: det= 0 id=202 | ns=0 ehp=0 dep= 5 ch= 3 | Ntb=  1 Sum=     0 Fit=  0.00   0.00 E=  0.06 |   11 (  0) 
StFcsHit: det= 0 id=314 | ns=0 ehp=0 dep= 6 ch=21 | Ntb=  1 Sum=     0 Fit=  0.00   0.00 E=  0.05 |   10 (  0) 
StFcsHit: det= 0 id=226 | ns=0 ehp=0 dep= 6 ch= 5 | Ntb=  1 Sum=     0 Fit=  0.00   0.00 E=  0.04 |    8 (  0) 
StFcsHit: det= 0 id=490 | ns=0 ehp=0 dep=11 ch=21 | Ntb=  1 Sum=     0 Fit=  0.00   0.00 E=  0.04 |    8 (  0) 
StFcsHit: det= 0 id=596 | ns=0 ehp=0 dep=15 ch= 9 | Ntb=  1 Sum=     0 Fit=  0.00   0.00 E=  0.04 |    7 (  0) 
StFcsHit: det= 0 id=397 | ns=0 ehp=0 dep=10 ch= 4 | Ntb=  1 Sum=     0 Fit=  0.00   0.00 E=  0.02 |    4 (  0) 
StFcsHit: det= 0 id=288 | ns=0 ehp=0 dep= 5 ch=17 | Ntb=  1 Sum=     0 Fit=  0.00   0.00 E=  0.02 |    4 (  0) 
StFcsHit: det= 0 id=442 | ns=0 ehp=0 dep=10 ch=13 | Ntb=  1 Sum=     0 Fit=  0.00   0.00 E=  0.02 |    3 (  0) 
StFcsHit: det= 0 id=561 | ns=0 ehp=0 dep=17 ch= 2 | Ntb=  1 Sum=     0 Fit=  0.00   0.00 E=  0.02 |    3 (  0) 
StFcsHit: det= 0 id=595 | ns=0 ehp=0 dep=15 ch= 8 | Ntb=  1 Sum=     0 Fit=  0.00   0.00 E=  0.02 |    3 (  0) 
StFcsHit: det= 0 id=203 | ns=0 ehp=0 dep= 6 ch= 0 | Ntb=  1 Sum=     0 Fit=  0.00   0.00 E=  0.02 |    3 (  0) 
StFcsHit: det= 0 id=308 | ns=0 ehp=0 dep=22 ch=13 | Ntb=  1 Sum=     0 Fit=  0.00   0.00 E=  0.01 |    2 (  0) 
StFcsHit: det= 0 id=374 | ns=0 ehp=0 dep=22 ch=16 | Ntb=  1 Sum=     0 Fit=  0.00   0.00 E=  0.01 |    2 (  0) 
StFcsHit: det= 0 id=380 | ns=0 ehp=0 dep=11 ch= 1 | Ntb=  1 Sum=     0 Fit=  0.00   0.00 E=  0.01 |    2 (  0) 
StFcsHit: det= 0 id=146 | ns=0 ehp=0 dep= 3 ch=21 | Ntb=  1 Sum=     0 Fit=  0.00   0.00 E=  0.01 |    2 (  0) 
StFcsHit: det= 0 id=537 | ns=0 ehp=0 dep=12 ch=28 | Ntb=  1 Sum=     0 Fit=  0.00   0.00 E=  0.01 |    2 (  0) 
StFcsHit: det= 0 id=572 | ns=0 ehp=0 dep=22 ch=25 | Ntb=  1 Sum=     0 Fit=  0.00   0.00 E=  0.01 |    2 (  0) 
StFcsHit: det= 0 id=688 | ns=0 ehp=0 dep=16 ch=25 | Ntb=  1 Sum=     0 Fit=  0.00   0.00 E=  0.01 |    2 (  0) 
StFcsCluster id=   0 ctg=1 n= 2 nNeigh=0 nPoints=0 loc=   4.71    9.50 PXYZE=  -0.00    0.00    0.07    0.07 E=   0.07 sigMin/max=   0.00    0.41 Chi2=   0.00    0.00
StFcsCluster id=   1 ctg=1 n= 1 nNeigh=0 nPoints=0 loc=   6.50   14.50 PXYZE=  -0.00    0.00    0.05    0.05 E=   0.05 sigMin/max=   0.00    0.00 Chi2=   0.00    0.00
  *** FCS Det=1 *** NHit=  7 NCluster=  0 NPoint=  0
StFcsHit: det= 1 id=470 | ns=1 ehp=0 dep=11 ch=19 | Ntb=  1 Sum=     0 Fit=  0.00   0.00 E=  0.02 |    3 (  0) 
StFcsHit: det= 1 id=374 | ns=1 ehp=0 dep=22 ch=16 | Ntb=  1 Sum=     0 Fit=  0.00   0.00 E=  0.01 |    2 (  0) 
StFcsHit: det= 1 id=428 | ns=1 ehp=0 dep=12 ch= 9 | Ntb=  1 Sum=     0 Fit=  0.00   0.00 E=  0.01 |    2 (  0) 
StFcsHit: det= 1 id=469 | ns=1 ehp=0 dep=11 ch=18 | Ntb=  1 Sum=     0 Fit=  0.00   0.00 E=  0.01 |    2 (  0) 
StFcsHit: det= 1 id=487 | ns=1 ehp=0 dep=10 ch=22 | Ntb=  1 Sum=     0 Fit=  0.00   0.00 E=  0.01 |    2 (  0) 
StFcsHit: det= 1 id=506 | ns=1 ehp=0 dep=22 ch=22 | Ntb=  1 Sum=     0 Fit=  0.00   0.00 E=  0.01 |    2 (  0) 
StFcsHit: det= 1 id=529 | ns=1 ehp=0 dep=10 ch=28 | Ntb=  1 Sum=     0 Fit=  0.00   0.00 E=  0.01 |    2 (  0) 
  *** FCS Det=2 *** NHit=  0 NCluster=  0 NPoint=  0
  *** FCS Det=3 *** NHit=  3 NCluster=  0 NPoint=  0
StFcsHit: det= 3 id=234 | ns=1 ehp=1 dep= 7 ch= 0 | Ntb=  1 Sum=     0 Fit=  0.00   0.00 E=  0.08 |   16 (  0) 
StFcsHit: det= 3 id=208 | ns=1 ehp=1 dep= 3 ch=24 | Ntb=  1 Sum=     0 Fit=  0.00   0.00 E=  0.05 |    9 (  0) 
StFcsHit: det= 3 id=156 | ns=1 ehp=1 dep= 3 ch= 8 | Ntb=  1 Sum=     0 Fit=  0.00   0.00 E=  0.04 |    7 (  0) 
  *** FCS Det=4 *** NHit=  2 NCluster=  0 NPoint=  0
StFcsHit: det= 4 id=178 | ns=0 ehp=2 dep= 5 ch=18 | Ntb=  1 Sum=     0 Fit=  0.00   0.00 E=  0.94 |  187 (  0) 
StFcsHit: det= 4 id=179 | ns=0 ehp=2 dep= 5 ch=19 | Ntb=  1 Sum=     0 Fit=  0.00   0.00 E=  1.00 |  200 (  0) 
  *** FCS Det=5 *** NHit=  0 NCluster=  0 NPoint=  0
  *** FCS Det=6 *** NHit=  0 NCluster=  2 NPoint=  0
StFcsClusterMaker:INFO  - *** StFcsClusterMaker::Make() == StOK(0) ***
StFttClusterPointMaker:INFO  - Creating FttCollection
StFttClusterPointMaker:INFO  - Making Geant points
StFttClusterPointMaker:INFO  - *** StFttClusterPointMaker::Make() == StOK(0) ***
StFwdTrackMaker:INFO  - Setting Event Vertex from geant/g2t_vertex[0]: 0xaf953d0
StFwdTrackMaker:INFO  - TAttr::Found : useftt = 1

StFwdTrackMaker:INFO  - TAttr::Found : usefst = 1

StFwdTrackMaker:INFO  - TAttr::Found : useepd = 1

StFwdTrackMaker:INFO  - There are: 0 with 0 FST, 0 with 1 FST, 0 with 2 FST, 2 with 3 FST
StFwdTrackMaker:INFO  - There are: 1 with 0 FTT, 0 with 1 FTT, 0 with 2 FTT, 0 with 3 FTT, 0 with 4 FTT, 0 with 5 FTT, 1 with 6 FTT, 0 with 7 FTT, 0 with 8 FTT
StFwdTrackMaker:INFO  - There are 2 McTracks with > 2 FST hits (#of possible seeds)
StFwdTrackMaker:INFO  - 	Finding FWD Track Seeds
StFwdTrackMaker:INFO  - Hitmap Source: fst
StFwdTrackMaker:INFO  - Performing Fwd Seed finding with mode: fst = 
StFwdTrackMaker:INFO  - Found 1 seeds in 1 iterations
StFwdTrackMaker:INFO  - Total Hits removed: 0
StFwdTrackMaker:INFO  - Seed [0] with 3 hits : id=5@2id=3@1id=1@0
StFwdTrackMaker:INFO  - <<Fwd Tracking Found : 1 Track Seeds from 3 FST hits and 3 sTGC hits
StFwdTrackMaker:INFO  -     (vs. 2 McTracks with FST>2, eff = 0.500003)
StFwdTrackMaker:INFO  - 	Fitting FWD Track Seeds
StFwdTrackMaker:INFO  - TrackFitter:refit = 1
StFwdTrackMaker:INFO  - Starting Track fitting loop with 1 track seeds
StFwdTrackMaker:INFO  - TrackFitter:refit = 1
StFwdTrackMaker:INFO  - 		Mc Match idTruth=1, quality = 1
StFwdTrackMaker:INFO  - GenFitTrackResult::mIdTruth = 1, QaTruth = 1
The points are collinear, curvature is undefined.
p1 = -1.15053, -6.39737
p2 = -1.15053, -6.39737
p3 = -1.15053, -6.39737
StFwdTrackMaker:INFO  - GenericFitSeeder::makeSeed::Curvature: -1e-07
StFwdTrackMaker:INFO  - GenericFitSeeder::makeSeed::pt = 14989.5
StFwdTrackMaker:WARN  - Seed momentum is too high, setting to (0,0,1)
StFwdTrackMaker:INFO  - Track Setup complete, track has 3 points
StFwdTrackMaker:INFO  -  sorting changed track points: 0
StFwdTrackMaker:INFO  - Fit status:  1
StFwdTrackMaker:INFO  - -Fit pvalue: 1
StFwdTrackMaker:INFO  - -Fit Chi2:   3.20915e-31
StFwdTrackMaker:INFO  - -Fit Chi2:   3.20915e-31
StFwdTrackMaker:INFO  - Track fit charge: -1Fit momentum: -1.28085e-17, -2.57814e-17, 1
StFwdTrackMaker:INFO  - TVector3::PseudoRapidity : transvers momentum = 0! return +/- 10e10
StFwdTrackMaker:INFO  - 	Fit Pt: 2.87878e-17, eta: 1e+11, phi: -2.03189
StFwdTrackMaker:INFO  - Track fit update complete!
StFwdTrackMaker:INFO  - Track Reps: 1
StFwdTrackMaker:INFO  - Track Rep 0 
genfit::AbsTrackRep, pdgCode = -211. PropDir = 0
fitStatus 
 track has been fitted, fit has converged fully, 0 TrackPoints could not be processed, fitted charge = -1, PruneFlags: 
 track has been fitted with reference track, numIterations = 2, track length = 27.031, fChi2 = 3.20915e-31, bChi2 = 3.20915e-31, fNdf = 1, bNdf = 1, fPVal = 1, bPVal = 1

StFwdTrackMaker:INFO  - GenFitTrackResult::mIdTruth = 1, QaTruth = 1
StFwdTrackMaker:INFO  - GTR Setting momentum from track
StFwdTrackMaker:INFO  - --isFitConvergedPartially() = 1
StFwdTrackMaker:INFO  - --isFitConverged() = 1
StFwdTrackMaker:INFO  - --isFitConvergedFully() = 1
StFwdTrackMaker:ERROR - CANNOT GET DCA : GenfitException: genfit::Exception thrown with excString:
RKTrackRep::RKutta ==> Total extrapolation length is longer than length limit : 3003 cm !
in line: 1883 in file: /cvmfs/star.sdcc.bnl.gov/star-spack/spack/var/spack/stage/smirnovd/spack-stage-genfit-b496504a-mlcdbxg7bmdsbfrppi7qmzppfw4lh52r/spack-src/trackReps/src/RKTrackRep.cc
with fatal flag 0

StFwdTrackMaker:WARN  - addFttHits: skipping blown-up state pT=2.87878e-17
StFwdTrackMaker:WARN  - addFttHits: skipping blown-up state pT=2.87878e-17
StFwdTrackMaker:WARN  - addFttHits: skipping blown-up state pT=2.87878e-17
StFwdTrackMaker:WARN  - addFttHits: skipping blown-up state pT=2.87878e-17
StFwdTrackMaker:WARN  - addEpdHits: skipping blown-up state pT=2.87878e-17
StFwdTrackMaker:INFO  - GenFitTrackResult::mIdTruth = 1, QaTruth = 1
The points are collinear, curvature is undefined.
p1 = -1.15053, -6.39737
p2 = -1.15053, -6.39737
p3 = -1.15053, -6.39737
StFwdTrackMaker:INFO  - GenericFitSeeder::makeSeed::Curvature: -1e-07
StFwdTrackMaker:INFO  - GenericFitSeeder::makeSeed::pt = 14989.5
StFwdTrackMaker:WARN  - Seed momentum is too high, setting to (0,0,1)
StFwdTrackMaker:INFO  - Note: Using externally provided seed momentum
StFwdTrackMaker:INFO  - Track Setup complete, track has 3 points
StFwdTrackMaker:INFO  -  sorting changed track points: 0
StFwdTrackMaker:INFO  - Fit status:  1
StFwdTrackMaker:INFO  - -Fit pvalue: 1
StFwdTrackMaker:INFO  - -Fit Chi2:   1.36755e-31
StFwdTrackMaker:INFO  - -Fit Chi2:   1.36755e-31
StFwdTrackMaker:INFO  - Track fit charge: -1Fit momentum: 5.3632e-18, 2.71112e-17, 1
StFwdTrackMaker:INFO  - TVector3::PseudoRapidity : transvers momentum = 0! return +/- 10e10
StFwdTrackMaker:INFO  - 	Fit Pt: 2.76366e-17, eta: 1e+11, phi: 1.3755
StFwdTrackMaker:INFO  - Track fit update complete!
StFwdTrackMaker:INFO  - Track Reps: 1
StFwdTrackMaker:INFO  - Track Rep 0 
genfit::AbsTrackRep, pdgCode = -211. PropDir = 0
fitStatus 
 track has been fitted, fit has converged fully, 0 TrackPoints could not be processed, fitted charge = -1, PruneFlags: 
 track has been fitted with reference track, numIterations = 2, track length = 27.031, fChi2 = 1.36755e-31, bChi2 = 1.36755e-31, fNdf = 1, bNdf = 1, fPVal = 1, bPVal = 1

StFwdTrackMaker:INFO  - GenFitTrackResult::mIdTruth = 1, QaTruth = 1
StFwdTrackMaker:INFO  - GTR Setting momentum from track
StFwdTrackMaker:INFO  - --isFitConvergedPartially() = 1
StFwdTrackMaker:INFO  - --isFitConverged() = 1
StFwdTrackMaker:INFO  - --isFitConvergedFully() = 1
StFwdTrackMaker:ERROR - CANNOT GET DCA : GenfitException: genfit::Exception thrown with excString:
RKTrackRep::RKutta ==> Do not get closer to plane!
in line: 1950 in file: /cvmfs/star.sdcc.bnl.gov/star-spack/spack/var/spack/stage/smirnovd/spack-stage-genfit-b496504a-mlcdbxg7bmdsbfrppi7qmzppfw4lh52r/spack-src/trackReps/src/RKTrackRep.cc
with fatal flag 0

StFwdTrackMaker:INFO  - Global track fitting completed, found 1 global tracks from 1 track seed candidates
[0;33m[TSCPBuilderNoMaterial] Propagation to perigee plane failed![;0m
[0;33m[TSCPBuilderNoMaterial] Propagation to perigee plane failed![;0m
[0;33m[TSCPBuilderNoMaterial] Propagation to perigee plane failed![;0m
[0;33m[ReconstructorFromFitter] cms::Exception caught: ---- TrajectoryStateClosestToPoint is invalid and cannot return any parameters BEGIN
---- TrajectoryStateClosestToPoint is invalid and cannot return any parameters END
[;0m
StFwdTrackMaker:INFO  - >>doBeamlineTrackFitting( #globals = 1 )
StFwdTrackMaker:INFO  - doBeamlineTrackFitting>>0 McId=1 with Beamline, seed already has: 3 hits
StFwdTrackMaker:INFO  - mBeamlineHit: 0, 0, 0
StFwdTrackMaker:INFO  - This fit is for a global that converged? = 1
StFwdTrackMaker:INFO  - GenFitTrackResult::mIdTruth = 1, QaTruth = 0.75
The points are collinear, curvature is undefined.
p1 = 0, 0
p2 = -1.15053, -6.39737
p3 = -1.15053, -6.39737
The points are collinear, curvature is undefined.
p1 = 0, 0
p2 = -1.15053, -6.39737
p3 = -1.15053, -6.39737
The points are collinear, curvature is undefined.
p1 = 0, 0
p2 = -1.15053, -6.39737
p3 = -1.15053, -6.39737
The points are collinear, curvature is undefined.
p1 = -1.15053, -6.39737
p2 = -1.15053, -6.39737
p3 = -1.15053, -6.39737
StFwdTrackMaker:INFO  - GenericFitSeeder::makeSeed::Curvature: -1e-07
StFwdTrackMaker:INFO  - GenericFitSeeder::makeSeed::pt = 14989.5
StFwdTrackMaker:WARN  - Seed momentum is too high, setting to (0,0,1)
StFwdTrackMaker:INFO  - Track Setup complete, track has 4 points
StFwdTrackMaker:INFO  -  sorting changed track points: 0
StFwdTrackMaker:INFO  - Fit status:  1
StFwdTrackMaker:INFO  - -Fit pvalue: 0.995882
StFwdTrackMaker:INFO  - -Fit Chi2:   0.0629079
StFwdTrackMaker:INFO  - -Fit Chi2:   0.0629079
StFwdTrackMaker:INFO  - Track fit charge: -1Fit momentum: -3963.3, -22037.4, 582459
StFwdTrackMaker:INFO  - 	Fit Pt: 22391, eta: 3.95212, phi: -1.74874
StFwdTrackMaker:INFO  - Track fit update complete!
StFwdTrackMaker:INFO  - Track Reps: 1
StFwdTrackMaker:INFO  - Track Rep 0 
genfit::AbsTrackRep, pdgCode = -211. PropDir = 0
fitStatus 
 track has been fitted, fit has converged fully, 0 TrackPoints could not be processed, fitted charge = -1, PruneFlags: 
 track has been fitted with reference track, numIterations = 5, track length = 180.837, fChi2 = 0.0629079, bChi2 = 0.0629079, fNdf = 3, bNdf = 3, fPVal = 0.995882, bPVal = 0.995882

StFwdTrackMaker:INFO  - GenFitTrackResult::mIdTruth = 1, QaTruth = 0.75
StFwdTrackMaker:INFO  - GTR Setting momentum from track
StFwdTrackMaker:INFO  - --isFitConvergedPartially() = 1
StFwdTrackMaker:INFO  - --isFitConverged() = 1
StFwdTrackMaker:INFO  - --isFitConvergedFully() = 1
StFwdTrackMaker:INFO  - SEED momentum:5.3632e-18, 2.71112e-17, 1
StFwdTrackMaker:INFO  - 	Initial Beamline fit completed, now refitting with additional hits
StFwdTrackMaker:WARN  - addFttHits: skipping blown-up state pT=22391
StFwdTrackMaker:WARN  - addFttHits: skipping blown-up state pT=22391
StFwdTrackMaker:WARN  - addFttHits: skipping blown-up state pT=22391
StFwdTrackMaker:WARN  - addFttHits: skipping blown-up state pT=22391
StFwdTrackMaker:WARN  - addEpdHits: skipping blown-up state pT=22391
StFwdTrackMaker:INFO  - GenFitTrackResult::mIdTruth = 1, QaTruth = 0.75
The points are collinear, curvature is undefined.
p1 = 0, 0
p2 = -1.15053, -6.39737
p3 = -1.15053, -6.39737
The points are collinear, curvature is undefined.
p1 = 0, 0
p2 = -1.15053, -6.39737
p3 = -1.15053, -6.39737
The points are collinear, curvature is undefined.
p1 = 0, 0
p2 = -1.15053, -6.39737
p3 = -1.15053, -6.39737
The points are collinear, curvature is undefined.
p1 = -1.15053, -6.39737
p2 = -1.15053, -6.39737
p3 = -1.15053, -6.39737
StFwdTrackMaker:INFO  - GenericFitSeeder::makeSeed::Curvature: -1e-07
StFwdTrackMaker:INFO  - GenericFitSeeder::makeSeed::pt = 14989.5
StFwdTrackMaker:WARN  - Seed momentum is too high, setting to (0,0,1)
StFwdTrackMaker:INFO  - Note: Using externally provided seed momentum
StFwdTrackMaker:INFO  - Track Setup complete, track has 4 points
StFwdTrackMaker:INFO  -  sorting changed track points: 0
StFwdTrackMaker:INFO  - Fit status:  1
StFwdTrackMaker:INFO  - -Fit pvalue: 0.995882
StFwdTrackMaker:INFO  - -Fit Chi2:   0.0629071
StFwdTrackMaker:INFO  - -Fit Chi2:   0.0629071
StFwdTrackMaker:INFO  - Track fit charge: -1Fit momentum: -3961.42, -22026.9, 582459
StFwdTrackMaker:INFO  - 	Fit Pt: 22380.3, eta: 3.95259, phi: -1.74874
StFwdTrackMaker:INFO  - Track fit update complete!
StFwdTrackMaker:INFO  - Track Reps: 1
StFwdTrackMaker:INFO  - Track Rep 0 
genfit::AbsTrackRep, pdgCode = -211. PropDir = 0
fitStatus 
 track has been fitted, fit has converged fully, 0 TrackPoints could not be processed, fitted charge = -1, PruneFlags: 
 track has been fitted with reference track, numIterations = 1, track length = 177.171, fChi2 = 0.0629072, bChi2 = 0.0629071, fNdf = 3, bNdf = 3, fPVal = 0.995882, bPVal = 0.995882

StFwdTrackMaker:INFO  - GenFitTrackResult::mIdTruth = 1, QaTruth = 0.75
StFwdTrackMaker:INFO  - GTR Setting momentum from track
StFwdTrackMaker:INFO  - --isFitConvergedPartially() = 1
StFwdTrackMaker:INFO  - --isFitConverged() = 1
StFwdTrackMaker:INFO  - --isFitConvergedFully() = 1
StFwdTrackMaker:INFO  - >>doPrimaryTrackFitting( #globals = 1 )
StFwdTrackMaker:INFO  - Refitting Track 0, McId=1 with Primary Vertex, seed already has: 3 hits
StFwdTrackMaker:INFO  - mEventVertexHit: 0, 0, 0
StFwdTrackMaker:INFO  - This fit is for a global that converged? = 1
StFwdTrackMaker:INFO  - GenFitTrackResult::mIdTruth = 1, QaTruth = 0.75
The points are collinear, curvature is undefined.
p1 = 0, 0
p2 = -1.15053, -6.39737
p3 = -1.15053, -6.39737
The points are collinear, curvature is undefined.
p1 = 0, 0
p2 = -1.15053, -6.39737
p3 = -1.15053, -6.39737
The points are collinear, curvature is undefined.
p1 = 0, 0
p2 = -1.15053, -6.39737
p3 = -1.15053, -6.39737
The points are collinear, curvature is undefined.
p1 = -1.15053, -6.39737
p2 = -1.15053, -6.39737
p3 = -1.15053, -6.39737
StFwdTrackMaker:INFO  - GenericFitSeeder::makeSeed::Curvature: -1e-07
StFwdTrackMaker:INFO  - GenericFitSeeder::makeSeed::pt = 14989.5
StFwdTrackMaker:WARN  - Seed momentum is too high, setting to (0,0,1)
StFwdTrackMaker:INFO  - Note: Using externally provided seed momentum
StFwdTrackMaker:INFO  - Track Setup complete, track has 4 points
StFwdTrackMaker:INFO  -  sorting changed track points: 0
StFwdTrackMaker:INFO  - Fit status:  1
StFwdTrackMaker:INFO  - -Fit pvalue: 0.995743
StFwdTrackMaker:INFO  - -Fit Chi2:   0.0643321
StFwdTrackMaker:INFO  - -Fit Chi2:   0.0643321
StFwdTrackMaker:INFO  - Track fit charge: 1Fit momentum: -400.934, -2229.33, 57650.5
StFwdTrackMaker:INFO  - 	Fit Pt: 2265.1, eta: 3.93031, phi: -1.74874
StFwdTrackMaker:INFO  - Track fit update complete!
StFwdTrackMaker:INFO  - Track Reps: 1
StFwdTrackMaker:INFO  - Track Rep 0 
genfit::AbsTrackRep, pdgCode = -211. PropDir = 0
fitStatus 
 track has been fitted, fit has converged fully, 0 TrackPoints could not be processed, fitted charge = 1, PruneFlags: 
 track has been fitted with reference track, numIterations = 4, track length = 177.176, fChi2 = 0.0643321, bChi2 = 0.0643321, fNdf = 3, bNdf = 3, fPVal = 0.995743, bPVal = 0.995743

StFwdTrackMaker:INFO  - GenFitTrackResult::mIdTruth = 1, QaTruth = 0.75
StFwdTrackMaker:INFO  - GTR Setting momentum from track
StFwdTrackMaker:INFO  - --isFitConvergedPartially() = 1
StFwdTrackMaker:INFO  - --isFitConverged() = 1
StFwdTrackMaker:INFO  - --isFitConvergedFully() = 1
StFwdTrackMaker:INFO  - 	Initial fit complete, now refitting with additional points
StFwdTrackMaker:WARN  - addFttHits: skipping blown-up state pT=2265.1
StFwdTrackMaker:WARN  - addFttHits: skipping blown-up state pT=2265.1
StFwdTrackMaker:WARN  - addFttHits: skipping blown-up state pT=2265.1
StFwdTrackMaker:WARN  - addFttHits: skipping blown-up state pT=2265.1
StFwdTrackMaker:WARN  - addEpdHits: skipping blown-up state pT=2265.1
StFwdTrackMaker:INFO  - GenFitTrackResult::mIdTruth = 1, QaTruth = 0.75
The points are collinear, curvature is undefined.
p1 = 0, 0
p2 = -1.15053, -6.39737
p3 = -1.15053, -6.39737
The points are collinear, curvature is undefined.
p1 = 0, 0
p2 = -1.15053, -6.39737
p3 = -1.15053, -6.39737
The points are collinear, curvature is undefined.
p1 = 0, 0
p2 = -1.15053, -6.39737
p3 = -1.15053, -6.39737
The points are collinear, curvature is undefined.
p1 = -1.15053, -6.39737
p2 = -1.15053, -6.39737
p3 = -1.15053, -6.39737
StFwdTrackMaker:INFO  - GenericFitSeeder::makeSeed::Curvature: -1e-07
StFwdTrackMaker:INFO  - GenericFitSeeder::makeSeed::pt = 14989.5
StFwdTrackMaker:WARN  - Seed momentum is too high, setting to (0,0,1)
StFwdTrackMaker:INFO  - Note: Using externally provided seed momentum
StFwdTrackMaker:INFO  - Track Setup complete, track has 4 points
StFwdTrackMaker:INFO  -  sorting changed track points: 0
StFwdTrackMaker:INFO  - Fit status:  1
StFwdTrackMaker:INFO  - -Fit pvalue: 0.995743
StFwdTrackMaker:INFO  - -Fit Chi2:   0.0643321
StFwdTrackMaker:INFO  - -Fit Chi2:   0.0643321
StFwdTrackMaker:INFO  - Track fit charge: -1Fit momentum: -400.937, -2229.33, 57650.5
StFwdTrackMaker:INFO  - 	Fit Pt: 2265.1, eta: 3.93031, phi: -1.74874
StFwdTrackMaker:INFO  - Track fit update complete!
StFwdTrackMaker:INFO  - Track Reps: 1
StFwdTrackMaker:INFO  - Track Rep 0 
genfit::AbsTrackRep, pdgCode = -211. PropDir = 0
fitStatus 
 track has been fitted, fit has converged fully, 0 TrackPoints could not be processed, fitted charge = -1, PruneFlags: 
 track has been fitted with reference track, numIterations = 1, track length = 177.177, fChi2 = 0.0643321, bChi2 = 0.0643321, fNdf = 3, bNdf = 3, fPVal = 0.995743, bPVal = 0.995743

StFwdTrackMaker:INFO  - GenFitTrackResult::mIdTruth = 1, QaTruth = 0.75
StFwdTrackMaker:INFO  - GTR Setting momentum from track
StFwdTrackMaker:INFO  - --isFitConvergedPartially() = 1
StFwdTrackMaker:INFO  - --isFitConverged() = 1
StFwdTrackMaker:INFO  - --isFitConvergedFully() = 1
StFwdTrackMaker:INFO  - >>doSecondaryTrackFitting( #globals = 1 )
StFwdTrackMaker:INFO  - <<Fwd Tracking Fit :3 GenFit Tracks
StFwdTrackMaker:INFO  - TAttr::Found : fillevent = 1

StFwdTrackMaker:INFO  - Creating the StFwdTrackCollection
StFwdTrackMaker:INFO  - Processing GenfitTrackResult(type=0): 0 mIsFitConverged=1, mIsFitConvergedPartially=1, mNumFitPoints=3
AAA FCS StraightLine: det=1 xyzdet=(17.399,-5.26,710.16) norm=(0.0301896,0,0.999544)
AAA projectAsStraightLine: tv3A=(-2.15089,-6.24945,575.065) tv3B=(-2.36602,-6.21775,625.071)
AAA   xyzf=(17.399,-5.26,710.16) norm=(0.0301896,0,0.999544)
AAA   tintersection=2.71371 result=(-2.73468,-6.16343,710.768)
AAA FCS StraightLine result: tv3=(-2.73468,-6.16343,710.768)
AAA FCS StraightLine: det=3 xyzdet=(21.285,1.8,782.63) norm=(0.0301896,0,0.999544)
AAA projectAsStraightLine: tv3A=(-2.15089,-6.24945,575.065) tv3B=(-2.36602,-6.21775,625.071)
AAA   xyzf=(21.285,1.8,782.63) norm=(0.0301896,0,0.999544)
AAA   tintersection=4.16546 result=(-3.04698,-6.11741,783.365)
AAA FCS StraightLine result: tv3=(-3.04698,-6.11741,783.365)
StFwdTrackMaker:INFO  - Processing GenfitTrackResult(type=2): 1 mIsFitConverged=1, mIsFitConvergedPartially=1, mNumFitPoints=4
AAA FCS StraightLine: det=0 xyzdet=(-17.399,-5.26,710.16) norm=(-0.0301896,0,0.999544)
AAA projectAsStraightLine: tv3A=(-3.99795,-22.2304,574.879) tv3B=(-4.3456,-24.1635,624.869)
AAA   xyzf=(-17.399,-5.26,710.16) norm=(-0.0301896,0,0.999544)
AAA   tintersection=2.71371 result=(-4.94137,-27.4763,710.536)
AAA FCS StraightLine result: tv3=(-4.94137,-27.4763,710.536)
AAA FCS StraightLine: det=2 xyzdet=(-21.285,1.8,782.63) norm=(-0.0301896,0,0.999544)
AAA projectAsStraightLine: tv3A=(-3.99795,-22.2304,574.879) tv3B=(-4.3456,-24.1635,624.869)
AAA   xyzf=(-21.285,1.8,782.63) norm=(-0.0301896,0,0.999544)
AAA   tintersection=4.16546 result=(-5.44606,-30.2826,783.108)
AAA FCS StraightLine result: tv3=(-5.44606,-30.2826,783.108)
StFwdTrackMaker:INFO  - Processing GenfitTrackResult(type=1): 2 mIsFitConverged=1, mIsFitConvergedPartially=1, mNumFitPoints=4
AAA FCS StraightLine: det=0 xyzdet=(-17.399,-5.26,710.16) norm=(-0.0301896,0,0.999544)
AAA projectAsStraightLine: tv3A=(-3.93524,-21.8815,574.881) tv3B=(-4.27523,-23.7719,624.871)
AAA   xyzf=(-17.399,-5.26,710.16) norm=(-0.0301896,0,0.999544)
AAA   tintersection=2.71371 result=(-4.85787,-27.0116,710.539)
AAA FCS StraightLine result: tv3=(-4.85787,-27.0116,710.539)
AAA FCS StraightLine: det=2 xyzdet=(-21.285,1.8,782.63) norm=(-0.0301896,0,0.999544)
AAA projectAsStraightLine: tv3A=(-3.93524,-21.8815,574.881) tv3B=(-4.27523,-23.7719,624.871)
AAA   xyzf=(-21.285,1.8,782.63) norm=(-0.0301896,0,0.999544)
AAA   tintersection=4.16546 result=(-5.35145,-29.7561,783.111)
AAA FCS StraightLine result: tv3=(-5.35145,-29.7561,783.111)
StFwdTrackMaker:INFO  - StFwdTrackCollection has 3 tracks now
StFwdTrackMaker:INFO  - StFwdTrackCollection has 3 tracks now
StFwdTrackMaker:INFO  - *** StFwdTrackMaker::Make() == StOK(0) ***
StFcsTrackMatchMaker:INFO  - *** StFcsTrackMatchMaker::Make() == StOK(0) ***
StStrangeMuDstMaker:WARN  - StStrangeMuDstMaker: no cut parameters found.
StStrangeMuDstMaker:INFO  - StV0Controller: found 0 V0 candidates
StStrangeMuDstMaker:INFO  - StXiController: found 0 Xi candidates
StStrangeMuDstMaker:INFO  - StKinkController: found 0 Kink candidates
StStrangeMuDstMaker:INFO  - *** StStrangeMuDstMaker::Make() == StOK(0) ***
StMuDstMaker:INFO  - Setting Fcs arrays
StMuDstMaker:INFO  - Setting Ftt arrays
StMuDstMaker:INFO  - fillMuFtt
StMuDstMaker:INFO  - fillMuFttRawHits
StMuDstMaker:INFO  - fillMuFttPoints
StMuDstMaker:INFO  - fillMuFttClusters
StMuDstMaker:INFO  - StMuDstMaker::fillFwdTrack(StEvent* ev)
StMuDstMaker:INFO  - StMuDSTMaker filling StMuFwdTrackCollection from StEvent
StMuDstMaker:INFO  - Connecting StMuFwdTrackCollection
StMuDstMaker:INFO  - Setting FwdTrack arrays
StMuDstMaker:INFO  - Adding 3 StMuFwdTracks to MuDSt
StMuDstMaker:INFO  - *** StMuDstMaker::Make() == StOK(0) ***
StTreeMaker:INFO  - *** StTreeMaker::Make() == StOK(0) ***
StPicoDstMaker:INFO  - Run = 1 year = 1999
StPicoDstMaker:INFO  - Retrieving mtdModuleToQTmap table from database ...
StPicoDstMaker:INFO  - Retrieving mtdQTSlewingCorr table from database ...
StPicoDstMaker:WARN  - No trigger data bank available!
StPicoDstMaker:INFO  - StPicoDstMaker::fillFcsHits filled 30
StPicoDstMaker:INFO  - StPicoDstMaker::fillFcsClusters filled 2
StPicoDstMaker:INFO  - *** StPicoDstMaker::Make() == StOK(0) ***
<---------- END EVENT
--------->START EVENT: 1
St_geant_Maker:INFO  - *** St_geant_Maker::Make() == StOK(0) ***
St_db_Maker:INFO  - *** St_db_Maker::Make() == StOK(0) ***
StMagFMaker:INFO  - *** StMagFMaker::Make() == StOK(0) ***
StDetectorDbMaker:INFO  - *** StDetectorDbMaker::Make() == StOK(0) ***
StTpcDbMaker:INFO  - *** StTpcDbMaker::Make() == StOK(0) ***
StFcsDbMaker:INFO  - *** StFcsDbMaker::Make() == StOK(0) ***
StEventMaker:INFO  - get trigDetSums from Calibrations/rich/trigDetSums
StEventMaker:WARN  - StEventMaker: No StDAQReader found
StEventMaker:INFO  - *** StEventMaker::Make() == StOK(0) ***
StMcEventMaker:INFO  - StMcEventMaker:   g2t_tpc_hit Table Not found 
StMcEventMaker:INFO  - StMcEventMaker:   particle    Table Not found 
StMcEventMaker:INFO  - *** StMcEventMaker::Make() == StOK(0) ***
StFcsFastSimulatorMaker:DEBUG - StFcsFastSimulatorMaker::Make
StFcsFastSimulatorMaker:DEBUG - Creating StFcsCollection
StFcsFastSimulatorMaker:INFO  - TAttr::Found : fcsleakyhcal = 0

StFcsFastSimulatorMaker:INFO  - TAttr::Found : fcshcalzdepeff = 0

StFcsFastSimulatorMaker:INFO  - g2t_wca_hit table has 34 hit
StFcsFastSimulatorMaker:INFO  - ECAL det=0 id= 46 volid=1047 e=0.001561
StFcsFastSimulatorMaker:INFO  - ECAL det=0 id= 47 volid=1048 e=0.001088
StFcsFastSimulatorMaker:INFO  - ECAL det=0 id= 69 volid=1070 e=0.000972
StFcsFastSimulatorMaker:INFO  - ECAL det=0 id= 70 volid=1071 e=0.001063
StFcsFastSimulatorMaker:INFO  - ECAL det=0 id= 71 volid=1072 e=0.003547
StFcsFastSimulatorMaker:INFO  - ECAL det=0 id= 72 volid=1073 e=0.001464
StFcsFastSimulatorMaker:INFO  - ECAL det=0 id= 90 volid=1091 e=0.001470
StFcsFastSimulatorMaker:INFO  - ECAL det=0 id= 91 volid=1092 e=0.025534
StFcsFastSimulatorMaker:INFO  - ECAL det=0 id= 92 volid=1093 e=0.011963
StFcsFastSimulatorMaker:INFO  - ECAL det=0 id= 95 volid=1096 e=0.000090
StFcsFastSimulatorMaker:INFO  - ECAL det=0 id=111 volid=1112 e=0.001446
StFcsFastSimulatorMaker:INFO  - ECAL det=0 id=112 volid=1113 e=0.013068
StFcsFastSimulatorMaker:INFO  - ECAL det=0 id=113 volid=1114 e=1.172828
StFcsFastSimulatorMaker:INFO  - ECAL det=0 id=114 volid=1115 e=0.152461
StFcsFastSimulatorMaker:INFO  - ECAL det=0 id=115 volid=1116 e=0.012130
StFcsFastSimulatorMaker:INFO  - ECAL det=0 id=133 volid=1134 e=0.000452
StFcsFastSimulatorMaker:INFO  - ECAL det=0 id=134 volid=1135 e=0.027309
StFcsFastSimulatorMaker:INFO  - ECAL det=0 id=135 volid=1136 e=1.544236
StFcsFastSimulatorMaker:INFO  - ECAL det=0 id=136 volid=1137 e=0.098555
StFcsFastSimulatorMaker:INFO  - ECAL det=0 id=137 volid=1138 e=0.002965
StFcsFastSimulatorMaker:INFO  - ECAL det=0 id=139 volid=1140 e=0.000555
StFcsFastSimulatorMaker:INFO  - ECAL det=0 id=155 volid=1156 e=0.001909
StFcsFastSimulatorMaker:INFO  - ECAL det=0 id=156 volid=1157 e=0.004957
StFcsFastSimulatorMaker:INFO  - ECAL det=0 id=157 volid=1158 e=0.013403
StFcsFastSimulatorMaker:INFO  - ECAL det=0 id=158 volid=1159 e=0.000546
StFcsFastSimulatorMaker:INFO  - ECAL det=0 id=159 volid=1160 e=0.000174
StFcsFastSimulatorMaker:INFO  - ECAL det=0 id=160 volid=1161 e=0.001050
StFcsFastSimulatorMaker:INFO  - ECAL det=0 id=179 volid=1180 e=0.008349
StFcsFastSimulatorMaker:INFO  - ECAL det=0 id=180 volid=1181 e=0.000286
StFcsFastSimulatorMaker:INFO  - ECAL det=0 id=181 volid=1182 e=0.000640
StFcsFastSimulatorMaker:INFO  - ECAL det=0 id=198 volid=1199 e=0.001001
StFcsFastSimulatorMaker:INFO  - ECAL det=0 id=199 volid=1200 e=0.000090
StFcsFastSimulatorMaker:INFO  - ECAL det=0 id=203 volid=1204 e=0.000780
StFcsFastSimulatorMaker:INFO  - ECAL det=0 id=247 volid=1248 e=0.001143
StFcsFastSimulatorMaker:INFO  - g2t_hca_hit table has 13 hit
StFcsFastSimulatorMaker:INFO  - HCAL det=2 id=14 volid= 1015 e=0.000638
StFcsFastSimulatorMaker:INFO  - HCAL det=2 id=27 volid= 1028 e=0.000608
StFcsFastSimulatorMaker:INFO  - HCAL det=2 id=29 volid= 1030 e=0.000879
StFcsFastSimulatorMaker:INFO  - HCAL det=2 id=39 volid= 1040 e=0.000128
StFcsFastSimulatorMaker:INFO  - HCAL det=2 id=41 volid= 1042 e=0.002804
StFcsFastSimulatorMaker:INFO  - HCAL det=2 id=52 volid= 1053 e=0.000062
StFcsFastSimulatorMaker:INFO  - HCAL det=2 id=53 volid= 1054 e=0.006070
StFcsFastSimulatorMaker:INFO  - HCAL det=2 id=54 volid= 1055 e=0.004413
StFcsFastSimulatorMaker:INFO  - HCAL det=2 id=65 volid= 1066 e=0.000990
StFcsFastSimulatorMaker:INFO  - HCAL det=2 id=66 volid= 1067 e=0.002861
StFcsFastSimulatorMaker:INFO  - HCAL det=2 id=67 volid= 1068 e=0.002147
StFcsFastSimulatorMaker:INFO  - HCAL det=2 id=69 volid= 1070 e=0.000018
StFcsFastSimulatorMaker:INFO  - HCAL det=2 id=79 volid= 1080 e=0.000056
StFcsFastSimulatorMaker:INFO  - g2t_epd_hit table has 2 hit
StFcsFastSimulatorMaker:INFO  - Pres det=4 id= 38 volid=202120 e=  2.757274
StFcsFastSimulatorMaker:INFO  - Pres det=4 id= 38 volid=202120 e=  1.004338
StFcsFastSimulatorMaker:INFO  - Det=0 id= 46 dE=   0.002 SF= 0.200 gain= 0.005 corr= 1.000 ADC=   1 ZS= 1 digiE=   0.005
StFcsFastSimulatorMaker:INFO  - Det=0 id= 47 dE=   0.001 SF= 0.200 gain= 0.005 corr= 1.000 ADC=   1 ZS= 1 digiE=   0.005
StFcsFastSimulatorMaker:INFO  - Det=0 id= 69 dE=   0.001 SF= 0.200 gain= 0.005 corr= 1.000 ADC=   0 ZS= 1 digiE=   0.000
StFcsFastSimulatorMaker:INFO  - Det=0 id= 70 dE=   0.001 SF= 0.200 gain= 0.005 corr= 1.000 ADC=   1 ZS= 1 digiE=   0.005
StFcsFastSimulatorMaker:INFO  - Det=0 id= 71 dE=   0.004 SF= 0.200 gain= 0.005 corr= 1.000 ADC=   3 ZS= 1 digiE=   0.016
StFcsFastSimulatorMaker:INFO  - Det=0 id= 72 dE=   0.001 SF= 0.200 gain= 0.005 corr= 1.000 ADC=   1 ZS= 1 digiE=   0.005
StFcsFastSimulatorMaker:INFO  - Det=0 id= 90 dE=   0.001 SF= 0.200 gain= 0.005 corr= 1.000 ADC=   1 ZS= 1 digiE=   0.005
StFcsFastSimulatorMaker:INFO  - Det=0 id= 91 dE=   0.026 SF= 0.200 gain= 0.005 corr= 1.000 ADC=  24 ZS= 1 digiE=   0.127
StFcsFastSimulatorMaker:INFO  - Det=0 id= 92 dE=   0.012 SF= 0.200 gain= 0.005 corr= 1.000 ADC=  11 ZS= 1 digiE=   0.058
StFcsFastSimulatorMaker:INFO  - Det=0 id= 95 dE=   0.000 SF= 0.200 gain= 0.005 corr= 1.000 ADC=   0 ZS= 1 digiE=   0.000
StFcsFastSimulatorMaker:INFO  - Det=0 id=111 dE=   0.001 SF= 0.200 gain= 0.005 corr= 1.000 ADC=   1 ZS= 1 digiE=   0.005
StFcsFastSimulatorMaker:INFO  - Det=0 id=112 dE=   0.013 SF= 0.200 gain= 0.005 corr= 1.000 ADC=  12 ZS= 1 digiE=   0.064
StFcsFastSimulatorMaker:INFO  - Det=0 id=113 dE=   1.173 SF= 0.200 gain= 0.005 corr= 1.000 ADC=1106 ZS= 1 digiE=   5.862
StFcsFastSimulatorMaker:INFO  - Det=0 id=114 dE=   0.152 SF= 0.200 gain= 0.005 corr= 1.000 ADC= 143 ZS= 1 digiE=   0.758
StFcsFastSimulatorMaker:INFO  - Det=0 id=115 dE=   0.012 SF= 0.200 gain= 0.005 corr= 1.000 ADC=  11 ZS= 1 digiE=   0.058
StFcsFastSimulatorMaker:INFO  - Det=0 id=133 dE=   0.000 SF= 0.200 gain= 0.005 corr= 1.000 ADC=   0 ZS= 1 digiE=   0.000
StFcsFastSimulatorMaker:INFO  - Det=0 id=134 dE=   0.027 SF= 0.200 gain= 0.005 corr= 1.000 ADC=  25 ZS= 1 digiE=   0.132
StFcsFastSimulatorMaker:INFO  - Det=0 id=135 dE=   1.544 SF= 0.200 gain= 0.005 corr= 1.000 ADC=1456 ZS= 1 digiE=   7.717
StFcsFastSimulatorMaker:INFO  - Det=0 id=136 dE=   0.099 SF= 0.200 gain= 0.005 corr= 1.000 ADC=  92 ZS= 1 digiE=   0.488
StFcsFastSimulatorMaker:INFO  - Det=0 id=137 dE=   0.003 SF= 0.200 gain= 0.005 corr= 1.000 ADC=   2 ZS= 1 digiE=   0.011
StFcsFastSimulatorMaker:INFO  - Det=0 id=139 dE=   0.001 SF= 0.200 gain= 0.005 corr= 1.000 ADC=   0 ZS= 1 digiE=   0.000
StFcsFastSimulatorMaker:INFO  - Det=0 id=155 dE=   0.002 SF= 0.200 gain= 0.005 corr= 1.000 ADC=   1 ZS= 1 digiE=   0.005
StFcsFastSimulatorMaker:INFO  - Det=0 id=156 dE=   0.005 SF= 0.200 gain= 0.005 corr= 1.000 ADC=   4 ZS= 1 digiE=   0.021
StFcsFastSimulatorMaker:INFO  - Det=0 id=157 dE=   0.013 SF= 0.200 gain= 0.005 corr= 1.000 ADC=  12 ZS= 1 digiE=   0.064
StFcsFastSimulatorMaker:INFO  - Det=0 id=158 dE=   0.001 SF= 0.200 gain= 0.005 corr= 1.000 ADC=   0 ZS= 1 digiE=   0.000
StFcsFastSimulatorMaker:INFO  - Det=0 id=159 dE=   0.000 SF= 0.200 gain= 0.005 corr= 1.000 ADC=   0 ZS= 1 digiE=   0.000
StFcsFastSimulatorMaker:INFO  - Det=0 id=160 dE=   0.001 SF= 0.200 gain= 0.005 corr= 1.000 ADC=   0 ZS= 1 digiE=   0.000
StFcsFastSimulatorMaker:INFO  - Det=0 id=179 dE=   0.008 SF= 0.200 gain= 0.005 corr= 1.000 ADC=   7 ZS= 1 digiE=   0.037
StFcsFastSimulatorMaker:INFO  - Det=0 id=180 dE=   0.000 SF= 0.200 gain= 0.005 corr= 1.000 ADC=   0 ZS= 1 digiE=   0.000
StFcsFastSimulatorMaker:INFO  - Det=0 id=181 dE=   0.001 SF= 0.200 gain= 0.005 corr= 1.000 ADC=   0 ZS= 1 digiE=   0.000
StFcsFastSimulatorMaker:INFO  - Det=0 id=198 dE=   0.001 SF= 0.200 gain= 0.005 corr= 1.000 ADC=   0 ZS= 1 digiE=   0.000
StFcsFastSimulatorMaker:INFO  - Det=0 id=199 dE=   0.000 SF= 0.200 gain= 0.005 corr= 1.000 ADC=   0 ZS= 1 digiE=   0.000
StFcsFastSimulatorMaker:INFO  - Det=0 id=203 dE=   0.001 SF= 0.200 gain= 0.005 corr= 1.000 ADC=   0 ZS= 1 digiE=   0.000
StFcsFastSimulatorMaker:INFO  - Det=0 id=247 dE=   0.001 SF= 0.200 gain= 0.005 corr= 1.000 ADC=   1 ZS= 1 digiE=   0.005
StFcsFastSimulatorMaker:INFO  - Det=2 id= 14 dE=   0.001 SF= 0.014 gain= 0.005 corr= 1.000 ADC=   8 ZS= 1 digiE=   0.042
StFcsFastSimulatorMaker:INFO  - Det=2 id= 27 dE=   0.001 SF= 0.014 gain= 0.005 corr= 1.000 ADC=   7 ZS= 1 digiE=   0.037
StFcsFastSimulatorMaker:INFO  - Det=2 id= 29 dE=   0.001 SF= 0.014 gain= 0.005 corr= 1.000 ADC=  11 ZS= 1 digiE=   0.058
StFcsFastSimulatorMaker:INFO  - Det=2 id= 39 dE=   0.000 SF= 0.014 gain= 0.005 corr= 1.000 ADC=   1 ZS= 1 digiE=   0.005
StFcsFastSimulatorMaker:INFO  - Det=2 id= 41 dE=   0.003 SF= 0.014 gain= 0.005 corr= 1.000 ADC=  36 ZS= 1 digiE=   0.191
StFcsFastSimulatorMaker:INFO  - Det=2 id= 52 dE=   0.000 SF= 0.014 gain= 0.005 corr= 1.000 ADC=   0 ZS= 1 digiE=   0.000
StFcsFastSimulatorMaker:INFO  - Det=2 id= 53 dE=   0.006 SF= 0.014 gain= 0.005 corr= 1.000 ADC=  78 ZS= 1 digiE=   0.413
StFcsFastSimulatorMaker:INFO  - Det=2 id= 54 dE=   0.004 SF= 0.014 gain= 0.005 corr= 1.000 ADC=  57 ZS= 1 digiE=   0.302
StFcsFastSimulatorMaker:INFO  - Det=2 id= 65 dE=   0.001 SF= 0.014 gain= 0.005 corr= 1.000 ADC=  12 ZS= 1 digiE=   0.064
StFcsFastSimulatorMaker:INFO  - Det=2 id= 66 dE=   0.003 SF= 0.014 gain= 0.005 corr= 1.000 ADC=  37 ZS= 1 digiE=   0.196
StFcsFastSimulatorMaker:INFO  - Det=2 id= 67 dE=   0.002 SF= 0.014 gain= 0.005 corr= 1.000 ADC=  27 ZS= 1 digiE=   0.143
StFcsFastSimulatorMaker:INFO  - Det=2 id= 69 dE=   0.000 SF= 0.014 gain= 0.005 corr= 1.000 ADC=   0 ZS= 1 digiE=   0.000
StFcsFastSimulatorMaker:INFO  - Det=2 id= 79 dE=   0.000 SF= 0.014 gain= 0.005 corr= 1.000 ADC=   0 ZS= 1 digiE=   0.000
StFcsFastSimulatorMaker:INFO  - Det=4 id= 38 dE=   3.762 SF= 2.000 gain= 0.010 corr= 0.500 ADC= 376 ZS= 1 digiE=   1.880
StFcsFastSimulatorMaker:INFO  - wca Found 34 g2t hits in 14 cells, created 14 hits with ADC>ZS(1) and Etot=  15.412
StFcsFastSimulatorMaker:INFO  - hca Found 13 g2t hits in 9 cells, created 9 hits with ADC>ZS(1) and Etot=   1.447
StFcsFastSimulatorMaker:INFO  - pre Found 2 g2t hits in 1 cells, created 1 hits with ADC>ZS(1) and Etot=   1.880
StFcsFastSimulatorMaker:INFO  - *** StFcsFastSimulatorMaker::Make() == StOK(0) ***
StFcsWaveformFitMaker:INFO  - *** StFcsWaveformFitMaker::Make() == StOK(0) ***
StFcsClusterMaker:DEBUG - StFcsClusterMaker Make!!!
  *** Print FCS collection ***  RecFlag=0
  *** FCS Det=0 *** NHit= 14 NCluster=  1 NPoint=  0
StFcsHit: det= 0 id=135 | ns=0 ehp=0 dep= 0 ch=22 | Ntb=  1 Sum=     0 Fit=  0.00   0.00 E=  7.72 | 1456 (  0) 
StFcsHit: det= 0 id=113 | ns=0 ehp=0 dep= 0 ch=18 | Ntb=  1 Sum=     0 Fit=  0.00   0.00 E=  5.86 | 1106 (  0) 
StFcsHit: det= 0 id=114 | ns=0 ehp=0 dep= 0 ch=19 | Ntb=  1 Sum=     0 Fit=  0.00   0.00 E=  0.76 |  143 (  0) 
StFcsHit: det= 0 id=136 | ns=0 ehp=0 dep= 0 ch=23 | Ntb=  1 Sum=     0 Fit=  0.00   0.00 E=  0.49 |   92 (  0) 
StFcsHit: det= 0 id=134 | ns=0 ehp=0 dep= 0 ch=21 | Ntb=  1 Sum=     0 Fit=  0.00   0.00 E=  0.13 |   25 (  0) 
StFcsHit: det= 0 id= 91 | ns=0 ehp=0 dep= 0 ch=14 | Ntb=  1 Sum=     0 Fit=  0.00   0.00 E=  0.13 |   24 (  0) 
StFcsHit: det= 0 id=112 | ns=0 ehp=0 dep= 0 ch=17 | Ntb=  1 Sum=     0 Fit=  0.00   0.00 E=  0.06 |   12 (  0) 
StFcsHit: det= 0 id=157 | ns=0 ehp=0 dep= 0 ch=26 | Ntb=  1 Sum=     0 Fit=  0.00   0.00 E=  0.06 |   12 (  0) 
StFcsHit: det= 0 id= 92 | ns=0 ehp=0 dep= 0 ch=15 | Ntb=  1 Sum=     0 Fit=  0.00   0.00 E=  0.06 |   11 (  0) 
StFcsHit: det= 0 id=115 | ns=0 ehp=0 dep= 1 ch=16 | Ntb=  1 Sum=     0 Fit=  0.00   0.00 E=  0.06 |   11 (  0) 
StFcsHit: det= 0 id=179 | ns=0 ehp=0 dep= 0 ch=30 | Ntb=  1 Sum=     0 Fit=  0.00   0.00 E=  0.04 |    7 (  0) 
StFcsHit: det= 0 id=156 | ns=0 ehp=0 dep= 0 ch=25 | Ntb=  1 Sum=     0 Fit=  0.00   0.00 E=  0.02 |    4 (  0) 
StFcsHit: det= 0 id= 71 | ns=0 ehp=0 dep= 1 ch= 8 | Ntb=  1 Sum=     0 Fit=  0.00   0.00 E=  0.02 |    3 (  0) 
StFcsHit: det= 0 id=137 | ns=0 ehp=0 dep= 1 ch=20 | Ntb=  1 Sum=     0 Fit=  0.00   0.00 E=  0.01 |    2 (  0) 
StFcsCluster id=   0 ctg=1 n=13 nNeigh=0 nPoints=0 loc=   3.66    6.00 PXYZE=  -0.81    1.19   15.33   15.40 E=  15.40 sigMin/max=   0.38    0.51 Chi2=   0.00    0.00
  *** FCS Det=1 *** NHit=  0 NCluster=  0 NPoint=  0
  *** FCS Det=2 *** NHit=  9 NCluster=  1 NPoint=  0
StFcsHit: det= 2 id= 53 | ns=0 ehp=1 dep= 0 ch= 9 | Ntb=  1 Sum=     0 Fit=  0.00   0.00 E=  0.41 |   78 (  0) 
StFcsHit: det= 2 id= 54 | ns=0 ehp=1 dep= 0 ch=10 | Ntb=  1 Sum=     0 Fit=  0.00   0.00 E=  0.30 |   57 (  0) 
StFcsHit: det= 2 id= 66 | ns=0 ehp=1 dep= 0 ch=13 | Ntb=  1 Sum=     0 Fit=  0.00   0.00 E=  0.20 |   37 (  0) 
StFcsHit: det= 2 id= 41 | ns=0 ehp=1 dep= 0 ch= 6 | Ntb=  1 Sum=     0 Fit=  0.00   0.00 E=  0.19 |   36 (  0) 
StFcsHit: det= 2 id= 67 | ns=0 ehp=1 dep= 0 ch=14 | Ntb=  1 Sum=     0 Fit=  0.00   0.00 E=  0.14 |   27 (  0) 
StFcsHit: det= 2 id= 65 | ns=0 ehp=1 dep= 0 ch=12 | Ntb=  1 Sum=     0 Fit=  0.00   0.00 E=  0.06 |   12 (  0) 
StFcsHit: det= 2 id= 29 | ns=0 ehp=1 dep= 0 ch= 3 | Ntb=  1 Sum=     0 Fit=  0.00   0.00 E=  0.06 |   11 (  0) 
StFcsHit: det= 2 id= 14 | ns=0 ehp=1 dep= 6 ch= 5 | Ntb=  1 Sum=     0 Fit=  0.00   0.00 E=  0.04 |    8 (  0) 
StFcsHit: det= 2 id= 27 | ns=0 ehp=1 dep= 0 ch= 1 | Ntb=  1 Sum=     0 Fit=  0.00   0.00 E=  0.04 |    7 (  0) 
StFcsCluster id=   0 ctg=1 n= 8 nNeigh=0 nPoints=0 loc=   1.96    4.57 PXYZE=  -0.07    0.10    1.40    1.40 E=   1.40 sigMin/max=   0.42    0.62 Chi2=   0.00    0.00
  *** FCS Det=3 *** NHit=  0 NCluster=  0 NPoint=  0
  *** FCS Det=4 *** NHit=  1 NCluster=  0 NPoint=  0
StFcsHit: det= 4 id= 38 | ns=0 ehp=2 dep= 1 ch= 6 | Ntb=  1 Sum=     0 Fit=  0.00   0.00 E=  1.88 |  376 (  0) 
  *** FCS Det=5 *** NHit=  0 NCluster=  0 NPoint=  0
  *** FCS Det=6 *** NHit=  0 NCluster=  1 NPoint=  0
StFcsClusterMaker:INFO  - *** StFcsClusterMaker::Make() == StOK(0) ***
StFttClusterPointMaker:INFO  - Creating FttCollection
StFttClusterPointMaker:INFO  - Making Geant points
StFttClusterPointMaker:INFO  - *** StFttClusterPointMaker::Make() == StOK(0) ***
StFwdTrackMaker:INFO  - Setting Event Vertex from geant/g2t_vertex[0]: 0xb0546b0
StFwdTrackMaker:INFO  - TAttr::Found : useftt = 1

StFwdTrackMaker:INFO  - TAttr::Found : usefst = 1

StFwdTrackMaker:INFO  - TAttr::Found : useepd = 1

StFwdTrackMaker:INFO  - There are: 1 with 0 FST, 0 with 1 FST, 0 with 2 FST, 1 with 3 FST
StFwdTrackMaker:INFO  - There are: 1 with 0 FTT, 0 with 1 FTT, 0 with 2 FTT, 0 with 3 FTT, 0 with 4 FTT, 0 with 5 FTT, 0 with 6 FTT, 0 with 7 FTT, 1 with 8 FTT
StFwdTrackMaker:INFO  - There are 1 McTracks with > 2 FST hits (#of possible seeds)
StFwdTrackMaker:INFO  - 	Finding FWD Track Seeds
StFwdTrackMaker:INFO  - Hitmap Source: fst
StFwdTrackMaker:INFO  - Performing Fwd Seed finding with mode: fst = 
StFwdTrackMaker:INFO  - Found 1 seeds in 1 iterations
StFwdTrackMaker:INFO  - Total Hits removed: 0
StFwdTrackMaker:INFO  - Seed [0] with 3 hits : id=2@2id=1@1id=0@0
StFwdTrackMaker:INFO  - <<Fwd Tracking Found : 1 Track Seeds from 3 FST hits and 4 sTGC hits
StFwdTrackMaker:INFO  -     (vs. 1 McTracks with FST>2, eff = 1)
StFwdTrackMaker:INFO  - 	Fitting FWD Track Seeds
StFwdTrackMaker:INFO  - TrackFitter:refit = 1
StFwdTrackMaker:INFO  - Starting Track fitting loop with 1 track seeds
StFwdTrackMaker:INFO  - TrackFitter:refit = 1
StFwdTrackMaker:INFO  - 		Mc Match idTruth=1, quality = 1
StFwdTrackMaker:INFO  - GenFitTrackResult::mIdTruth = 1, QaTruth = 1
The points are collinear, curvature is undefined.
p1 = -7.13476, 10.2638
p2 = -8.8471, 12.7271
p3 = -8.8471, 12.7271
StFwdTrackMaker:INFO  - GenericFitSeeder::makeSeed::Curvature: -1e-07
StFwdTrackMaker:INFO  - GenericFitSeeder::makeSeed::pt = 14989.5
StFwdTrackMaker:WARN  - Seed momentum is too high, setting to (0,0,1)
StFwdTrackMaker:INFO  - Track Setup complete, track has 3 points
StFwdTrackMaker:INFO  -  sorting changed track points: 0
StFwdTrackMaker:INFO  - Fit status:  1
StFwdTrackMaker:INFO  - -Fit pvalue: 0.763961
StFwdTrackMaker:INFO  - -Fit Chi2:   0.0901703
StFwdTrackMaker:INFO  - -Fit Chi2:   0.0901703
StFwdTrackMaker:INFO  - Track fit charge: 1Fit momentum: -1.01159, 1.45524, 15.0323
StFwdTrackMaker:INFO  - 	Fit Pt: 1.7723, eta: 2.83453, phi: 2.17825
StFwdTrackMaker:INFO  - Track fit update complete!
StFwdTrackMaker:INFO  - Track Reps: 1
StFwdTrackMaker:INFO  - Track Rep 0 
genfit::AbsTrackRep, pdgCode = -211. PropDir = 0
fitStatus 
 track has been fitted, fit has converged fully, 0 TrackPoints could not be processed, fitted charge = 1, PruneFlags: 
 track has been fitted with reference track, numIterations = 2, track length = 27.1959, fChi2 = 0.0901703, bChi2 = 0.0901703, fNdf = 1, bNdf = 1, fPVal = 0.763961, bPVal = 0.763961

StFwdTrackMaker:INFO  - GenFitTrackResult::mIdTruth = 1, QaTruth = 1
StFwdTrackMaker:INFO  - GTR Setting momentum from track
StFwdTrackMaker:INFO  - --isFitConvergedPartially() = 1
StFwdTrackMaker:INFO  - --isFitConverged() = 1
StFwdTrackMaker:INFO  - --isFitConvergedFully() = 1
StFwdTrackMaker:INFO  - Looking for FTT strips near projected state on disk 0
StFwdTrackMaker:INFO  - There are 2 available FTT strips on this disk
AAA FTT proj z= 312.84  x=-18.125 y= 26.333  r= 31.967 phi= 2.1736  sigU= 5.630 sigV= 0.113
AAA FTT momentum at proj: pT= 1.772 eta= 2.835 phi= 2.1652  px= -0.992 py=  1.468 pz= 15.032
AAA FTT search thresholds: dPhi<0.1200 dR<30.00 dx<7.50 dy<7.50  nHits=2
findFttHitsNearProjectedState, msp = (-18.124523, 26.332567)
AAA FTT hit H pos=(-23.570+/-4.33,  23.469+/-0.01)  dx= 5.446 dy= 2.863 dR= 1.295 dPhi=0.1847 (tid=1)  dPhi:FAIL dR:OK XY:OK
	 vs. hit@(-16.578691+/-0.010000, 24.773743+/-4.330127) => dx=1.545832, dy=1.558824, dR=2.157959, dPhi=0.013068 (tid=1), strip=vertical
AAA FTT hit V pos=(-16.579+/-0.01,  24.774+/-4.33)  dx= 1.546 dy= 1.559 dR= 2.158 dPhi=0.0131 (tid=1)  dPhi:OK dR:OK XY:OK
StFwdTrackMaker:INFO  - Adding horizontal strip hit with dPhi = 0.184719, dR = 1.29491, dx = 5.44578, dy = 2.86323
StFwdTrackMaker:INFO  - Adding vertical strip hit with dPhi = 0.0130684, dR = 2.15796, dx = 1.54583, dy = 1.55882
StFwdTrackMaker:INFO  - Closest horizontal FTT strip to FST state: dR=1.294912, dPhi=0.184719, dx=5.445778, dy=2.863235 (tid=1) 
AAA FTT closest-H dPhi=0.1847(<0.1200) dR= 1.295(< 30.0) dx= 5.446 dy= 2.863(< 7.50) tid=1 -> ACCEPT
StFwdTrackMaker:INFO  - Closest vertical FTT strip to FST state: dR=2.157959, dPhi=0.013068, dx=1.545832, dy=1.558824 (tid=1) 
AAA FTT closest-V dPhi=0.0131(<0.1200) dR= 2.158(< 30.0) dx= 1.546 dy= 1.559(< 7.50) tid=1 -> ACCEPT
AAA FTT result: 2 hits added (H:ACCEPT V:ACCEPT)
StFwdTrackMaker:INFO  -  Found #FTT strips on plane #0 = [2]
StFwdTrackMaker:INFO  - Found 3 existing seed points
StFwdTrackMaker:INFO  - Adding 2 new FTT seed points
StFwdTrackMaker:INFO  - Looking for FTT strips near projected state on disk 1
StFwdTrackMaker:INFO  - There are 2 available FTT strips on this disk
AAA FTT proj z= 330.84  x=-19.314 y= 28.091  r= 34.090 phi= 2.1731  sigU= 5.630 sigV= 0.108
AAA FTT momentum at proj: pT= 1.772 eta= 2.835 phi= 2.1660  px= -0.994 py=  1.467 pz= 15.032
AAA FTT search thresholds: dPhi<0.1200 dR<30.00 dx<7.50 dy<7.50  nHits=2
findFttHitsNearProjectedState, msp = (-19.313912, 28.090816)
AAA FTT hit H pos=(-11.497+/-4.33,  24.822+/-0.01)  dx= 7.817 dy= 3.269 dR= 6.734 dPhi=0.1686 (tid=1)  dPhi:FAIL dR:OK XY:OK
	 vs. hit@(-17.511801+/-0.010000, 21.865486+/-4.330127) => dx=1.802112, dy=6.225330, dR=6.076283, dPhi=0.072959 (tid=1), strip=vertical
AAA FTT hit V pos=(-17.512+/-0.01,  21.865+/-4.33)  dx= 1.802 dy= 6.225 dR= 6.076 dPhi=0.0730 (tid=1)  dPhi:OK dR:OK XY:OK
StFwdTrackMaker:INFO  - Adding horizontal strip hit with dPhi = 0.168575, dR = 6.73447, dx = 7.81711, dy = 3.26859
StFwdTrackMaker:INFO  - Adding vertical strip hit with dPhi = 0.072959, dR = 6.07628, dx = 1.80211, dy = 6.22533
StFwdTrackMaker:INFO  - Closest horizontal FTT strip to FST state: dR=6.734469, dPhi=0.168575, dx=7.817111, dy=3.268587 (tid=1) 
AAA FTT closest-H dPhi=0.1686(<0.1200) dR= 6.734(< 30.0) dx= 7.817 dy= 3.269(< 7.50) tid=1 -> ACCEPT
StFwdTrackMaker:INFO  - Closest vertical FTT strip to FST state: dR=6.076283, dPhi=0.072959, dx=1.802112, dy=6.225330 (tid=1) 
AAA FTT closest-V dPhi=0.0730(<0.1200) dR= 6.076(< 30.0) dx= 1.802 dy= 6.225(< 7.50) tid=1 -> ACCEPT
AAA FTT result: 2 hits added (H:ACCEPT V:ACCEPT)
StFwdTrackMaker:INFO  -  Found #FTT strips on plane #1 = [2]
StFwdTrackMaker:INFO  - Found 5 existing seed points
StFwdTrackMaker:INFO  - Adding 2 new FTT seed points
StFwdTrackMaker:INFO  - Looking for FTT strips near projected state on disk 2
StFwdTrackMaker:INFO  - There are 2 available FTT strips on this disk
AAA FTT proj z= 346.85  x=-20.373 y= 29.653  r= 35.977 phi= 2.1728  sigU= 5.630 sigV= 0.101
AAA FTT momentum at proj: pT= 1.772 eta= 2.835 phi= 2.1673  px= -0.996 py=  1.466 pz= 15.032
AAA FTT search thresholds: dPhi<0.1200 dR<30.00 dx<7.50 dy<7.50  nHits=2
findFttHitsNearProjectedState, msp = (-20.372981, 29.652669)
AAA FTT hit H pos=(-24.065+/-4.33,  26.028+/-0.01)  dx= 3.692 dy= 3.625 dR= 0.529 dPhi=0.1442 (tid=1)  dPhi:FAIL dR:OK XY:OK
	 vs. hit@(-18.391443+/-0.010000, 29.489065+/-4.330127) => dx=1.981538, dy=0.163604, dR=1.222787, dPhi=0.044342 (tid=1), strip=vertical
AAA FTT hit V pos=(-18.391+/-0.01,  29.489+/-4.33)  dx= 1.982 dy= 0.164 dR= 1.223 dPhi=0.0443 (tid=1)  dPhi:OK dR:OK XY:OK
StFwdTrackMaker:INFO  - Adding horizontal strip hit with dPhi = 0.144243, dR = 0.528901, dx = 3.69175, dy = 3.62478
StFwdTrackMaker:INFO  - Adding vertical strip hit with dPhi = 0.044342, dR = 1.22279, dx = 1.98154, dy = 0.163604
StFwdTrackMaker:INFO  - Closest horizontal FTT strip to FST state: dR=0.528901, dPhi=0.144243, dx=3.691753, dy=3.624780 (tid=1) 
AAA FTT closest-H dPhi=0.1442(<0.1200) dR= 0.529(< 30.0) dx= 3.692 dy= 3.625(< 7.50) tid=1 -> ACCEPT
StFwdTrackMaker:INFO  - Closest vertical FTT strip to FST state: dR=1.222787, dPhi=0.044342, dx=1.981538, dy=0.163604 (tid=1) 
AAA FTT closest-V dPhi=0.0443(<0.1200) dR= 1.223(< 30.0) dx= 1.982 dy= 0.164(< 7.50) tid=1 -> ACCEPT
AAA FTT result: 2 hits added (H:ACCEPT V:ACCEPT)
StFwdTrackMaker:INFO  -  Found #FTT strips on plane #2 = [2]
StFwdTrackMaker:INFO  - Found 7 existing seed points
StFwdTrackMaker:INFO  - Adding 2 new FTT seed points
StFwdTrackMaker:INFO  - Looking for FTT strips near projected state on disk 3
StFwdTrackMaker:INFO  - There are 2 available FTT strips on this disk
AAA FTT proj z= 364.84  x=-21.566 y= 31.406  r= 38.098 phi= 2.1725  sigU= 5.630 sigV= 0.095
AAA FTT momentum at proj: pT= 1.772 eta= 2.835 phi= 2.1688  px= -0.998 py=  1.465 pz= 15.032
AAA FTT search thresholds: dPhi<0.1200 dR<30.00 dx<7.50 dy<7.50  nHits=2
findFttHitsNearProjectedState, msp = (-21.565750, 31.406382)
	 vs. hit@(-19.007347+/-4.330127, 27.358519+/-0.010000) => dx=2.558402, dy=4.047864, dR=4.784623, dPhi=0.005472 (tid=1), strip=horizontal
AAA FTT hit H pos=(-19.007+/-4.33,  27.359+/-0.01)  dx= 2.558 dy= 4.048 dR= 4.785 dPhi=0.0055 (tid=1)  dPhi:OK dR:OK XY:OK
	 vs. hit@(-19.377897+/-0.010000, 23.148418+/-4.330127) => dx=2.187852, dy=8.257964, dR=7.909190, dPhi=0.095244 (tid=1), strip=vertical
AAA FTT hit V pos=(-19.378+/-0.01,  23.148+/-4.33)  dx= 2.188 dy= 8.258 dR= 7.909 dPhi=0.0952 (tid=1)  dPhi:OK dR:OK XY:OK
StFwdTrackMaker:INFO  - Adding horizontal strip hit with dPhi = 0.00547219, dR = 4.78462, dx = 2.5584, dy = 4.04786
StFwdTrackMaker:INFO  - Adding vertical strip hit with dPhi = 0.0952442, dR = 7.90919, dx = 2.18785, dy = 8.25796
StFwdTrackMaker:INFO  - Closest horizontal FTT strip to FST state: dR=4.784623, dPhi=0.005472, dx=2.558402, dy=4.047864 (tid=1) 
AAA FTT closest-H dPhi=0.0055(<0.1200) dR= 4.785(< 30.0) dx= 2.558 dy= 4.048(< 7.50) tid=1 -> ACCEPT
StFwdTrackMaker:INFO  - Closest vertical FTT strip to FST state: dR=7.909190, dPhi=0.095244, dx=2.187852, dy=8.257964 (tid=1) 
AAA FTT closest-V dPhi=0.0952(<0.1200) dR= 7.909(< 30.0) dx= 2.188 dy= 8.258(< 7.50) tid=1 -> ACCEPT
AAA FTT result: 2 hits added (H:ACCEPT V:ACCEPT)
StFwdTrackMaker:INFO  -  Found #FTT strips on plane #3 = [2]
StFwdTrackMaker:INFO  - Found 9 existing seed points
StFwdTrackMaker:INFO  - Adding 2 new FTT seed points
StFwdTrackMaker:INFO  - Closest EPD hit to state: dR=2.140866, dPhi=-0.052880, dx=-0.377952, dy=-2.919279
StFwdTrackMaker:INFO  - GenFitTrackResult::mIdTruth = 1, QaTruth = 0.916667
The points are collinear, curvature is undefined.
p1 = -7.13476, 10.2638
p2 = -8.8471, 12.7271
p3 = -8.8471, 12.7271
The points are collinear, curvature is undefined.
p1 = -8.8471, 12.7271
p2 = -8.8471, 12.7271
p3 = -23.5703, 23.4693
The points are collinear, curvature is undefined.
p1 = -8.8471, 12.7271
p2 = -8.8471, 12.7271
p3 = -16.5787, 24.7737
The points are collinear, curvature is undefined.
p1 = -8.8471, 12.7271
p2 = -8.8471, 12.7271
p3 = -11.4968, 24.8222
The points are collinear, curvature is undefined.
p1 = -8.8471, 12.7271
p2 = -8.8471, 12.7271
p3 = -17.5118, 21.8655
The points are collinear, curvature is undefined.
p1 = -8.8471, 12.7271
p2 = -8.8471, 12.7271
p3 = -24.0647, 26.0279
The points are collinear, curvature is undefined.
p1 = -8.8471, 12.7271
p2 = -8.8471, 12.7271
p3 = -18.3914, 29.4891
The points are collinear, curvature is undefined.
p1 = -8.8471, 12.7271
p2 = -8.8471, 12.7271
p3 = -19.0073, 27.3585
The points are collinear, curvature is undefined.
p1 = -8.8471, 12.7271
p2 = -8.8471, 12.7271
p3 = -19.3779, 23.1484
The points are collinear, curvature is undefined.
p1 = -8.8471, 12.7271
p2 = -8.8471, 12.7271
p3 = -22.6185, 29.477
StFwdTrackMaker:INFO  - GenericFitSeeder::makeSeed::Curvature: -0.00256795
StFwdTrackMaker:INFO  - GenericFitSeeder::makeSeed::pt = 0.583714
StFwdTrackMaker:INFO  - Note: Using externally provided seed momentum
StFwdTrackMaker:INFO  - Track Setup complete, track has 12 points
StFwdTrackMaker:INFO  -  sorting changed track points: 1
StFwdTrackMaker:INFO  - Fit status:  1
StFwdTrackMaker:INFO  - -Fit pvalue: 0.308406
StFwdTrackMaker:INFO  - -Fit Chi2:   21.5274
StFwdTrackMaker:INFO  - -Fit Chi2:   21.5274
StFwdTrackMaker:INFO  - Track fit charge: -1Fit momentum: -1.31752, 1.84591, 24.587
StFwdTrackMaker:INFO  - 	Fit Pt: 2.26788, eta: 3.07864, phi: 2.19069
StFwdTrackMaker:INFO  - Track fit update complete!
StFwdTrackMaker:INFO  - Track Reps: 1
StFwdTrackMaker:INFO  - Track Rep 0 
genfit::AbsTrackRep, pdgCode = -211. PropDir = 0
fitStatus 
 track has been fitted, fit has converged fully, 0 TrackPoints could not be processed, fitted charge = -1, PruneFlags: 
 track has been fitted with reference track, numIterations = 3, track length = -9.62245, fChi2 = 21.5274, bChi2 = 21.5274, fNdf = 19, bNdf = 19, fPVal = 0.308406, bPVal = 0.308406

StFwdTrackMaker:INFO  - GenFitTrackResult::mIdTruth = 1, QaTruth = 0.916667
StFwdTrackMaker:INFO  - GTR Setting momentum from track
StFwdTrackMaker:INFO  - --isFitConvergedPartially() = 1
StFwdTrackMaker:INFO  - --isFitConverged() = 1
StFwdTrackMaker:INFO  - --isFitConvergedFully() = 1
StFwdTrackMaker:INFO  - Global track fitting completed, found 1 global tracks from 1 track seed candidates
StFwdTrackMaker:INFO  - >>doBeamlineTrackFitting( #globals = 1 )
StFwdTrackMaker:INFO  - doBeamlineTrackFitting>>0 McId=1 with Beamline, seed already has: 12 hits
StFwdTrackMaker:INFO  - mBeamlineHit: 0, 0, 0
StFwdTrackMaker:INFO  - This fit is for a global that converged? = 1
StFwdTrackMaker:INFO  - GenFitTrackResult::mIdTruth = 1, QaTruth = 0.846154
The points are collinear, curvature is undefined.
p1 = 0, 0
p2 = -8.8471, 12.7271
p3 = -8.8471, 12.7271
The points are collinear, curvature is undefined.
p1 = -7.13476, 10.2638
p2 = -8.8471, 12.7271
p3 = -8.8471, 12.7271
The points are collinear, curvature is undefined.
p1 = -8.8471, 12.7271
p2 = -8.8471, 12.7271
p3 = -23.5703, 23.4693
The points are collinear, curvature is undefined.
p1 = -8.8471, 12.7271
p2 = -8.8471, 12.7271
p3 = -16.5787, 24.7737
The points are collinear, curvature is undefined.
p1 = -8.8471, 12.7271
p2 = -8.8471, 12.7271
p3 = -11.4968, 24.8222
The points are collinear, curvature is undefined.
p1 = -8.8471, 12.7271
p2 = -8.8471, 12.7271
p3 = -17.5118, 21.8655
The points are collinear, curvature is undefined.
p1 = -8.8471, 12.7271
p2 = -8.8471, 12.7271
p3 = -24.0647, 26.0279
The points are collinear, curvature is undefined.
p1 = -8.8471, 12.7271
p2 = -8.8471, 12.7271
p3 = -18.3914, 29.4891
The points are collinear, curvature is undefined.
p1 = -8.8471, 12.7271
p2 = -8.8471, 12.7271
p3 = -19.0073, 27.3585
The points are collinear, curvature is undefined.
p1 = -8.8471, 12.7271
p2 = -8.8471, 12.7271
p3 = -19.3779, 23.1484
The points are collinear, curvature is undefined.
p1 = -8.8471, 12.7271
p2 = -8.8471, 12.7271
p3 = -22.6185, 29.477
StFwdTrackMaker:INFO  - GenericFitSeeder::makeSeed::Curvature: -0.00227063
StFwdTrackMaker:INFO  - GenericFitSeeder::makeSeed::pt = 0.660147
StFwdTrackMaker:INFO  - Track Setup complete, track has 13 points
StFwdTrackMaker:INFO  -  sorting changed track points: 1
StFwdTrackMaker:INFO  - Fit status:  1
StFwdTrackMaker:INFO  - -Fit pvalue: 0.425637
StFwdTrackMaker:INFO  - -Fit Chi2:   21.5532
StFwdTrackMaker:INFO  - -Fit Chi2:   21.5532
StFwdTrackMaker:INFO  - Track fit charge: -1Fit momentum: -0.984102, 1.4328, 18.8429
StFwdTrackMaker:INFO  - 	Fit Pt: 1.73821, eta: 3.07855, phi: 2.17263
StFwdTrackMaker:INFO  - Track fit update complete!
StFwdTrackMaker:INFO  - Track Reps: 1
StFwdTrackMaker:INFO  - Track Rep 0 
genfit::AbsTrackRep, pdgCode = -211. PropDir = 0
fitStatus 
 track has been fitted, fit has converged fully, 0 TrackPoints could not be processed, fitted charge = -1, PruneFlags: 
 track has been fitted with reference track, numIterations = 4, track length = 365.778, fChi2 = 21.5532, bChi2 = 21.5532, fNdf = 21, bNdf = 21, fPVal = 0.425638, bPVal = 0.425637

StFwdTrackMaker:INFO  - GenFitTrackResult::mIdTruth = 1, QaTruth = 0.846154
StFwdTrackMaker:INFO  - GTR Setting momentum from track
StFwdTrackMaker:INFO  - --isFitConvergedPartially() = 1
StFwdTrackMaker:INFO  - --isFitConverged() = 1
StFwdTrackMaker:INFO  - --isFitConvergedFully() = 1
StFwdTrackMaker:INFO  - SEED momentum:-1.31752, 1.84591, 24.587
StFwdTrackMaker:INFO  - 	Initial Beamline fit completed, now refitting with additional hits
StFwdTrackMaker:INFO  - Looking for FTT strips near projected state on disk 0
StFwdTrackMaker:INFO  - There are 2 available FTT strips on this disk
AAA FTT proj z= 312.84  x=-16.535 y= 23.515  r= 28.746 phi= 2.1837  sigU= 0.065 sigV= 0.000
AAA FTT momentum at proj: pT= 1.738 eta= 3.079 phi= 2.1944  px= -1.015 py=  1.411 pz= 18.843
AAA FTT search thresholds: dPhi<0.1200 dR<30.00 dx<7.50 dy<7.50  nHits=2
findFttHitsNearProjectedState, msp = (-16.535037, 23.514659)
AAA FTT hit H pos=(-23.570+/-4.33,  23.469+/-0.01)  dx= 7.035 dy= 0.045 dR= 4.516 dPhi=0.1747 (tid=1)  dPhi:FAIL dR:OK XY:OK
	 vs. hit@(-16.578691+/-0.010000, 24.773743+/-4.330127) => dx=0.043654, dy=1.259083, dR=1.063003, dPhi=0.023100 (tid=1), strip=vertical
AAA FTT hit V pos=(-16.579+/-0.01,  24.774+/-4.33)  dx= 0.044 dy= 1.259 dR= 1.063 dPhi=0.0231 (tid=1)  dPhi:OK dR:OK XY:OK
StFwdTrackMaker:INFO  - Adding horizontal strip hit with dPhi = 0.174688, dR = 4.51587, dx = 7.03526, dy = 0.0453275
StFwdTrackMaker:INFO  - Adding vertical strip hit with dPhi = 0.0230997, dR = 1.063, dx = 0.0436542, dy = 1.25908
StFwdTrackMaker:INFO  - Closest horizontal FTT strip to FST state: dR=4.515874, dPhi=0.174688, dx=7.035264, dy=0.045328 (tid=1) 
AAA FTT closest-H dPhi=0.1747(<0.1200) dR= 4.516(< 30.0) dx= 7.035 dy= 0.045(< 7.50) tid=1 -> ACCEPT
StFwdTrackMaker:INFO  - Closest vertical FTT strip to FST state: dR=1.063003, dPhi=0.023100, dx=0.043654, dy=1.259083 (tid=1) 
AAA FTT closest-V dPhi=0.0231(<0.1200) dR= 1.063(< 30.0) dx= 0.044 dy= 1.259(< 7.50) tid=1 -> ACCEPT
AAA FTT result: 2 hits added (H:ACCEPT V:ACCEPT)
StFwdTrackMaker:INFO  -  Found #FTT strips on plane #0 = [2]
StFwdTrackMaker:INFO  - Found 13 existing seed points
StFwdTrackMaker:INFO  - Adding 2 new FTT seed points
StFwdTrackMaker:INFO  - Hit already in seed, skipping
StFwdTrackMaker:INFO  - Hit already in seed, skipping
StFwdTrackMaker:INFO  - Looking for FTT strips near projected state on disk 1
StFwdTrackMaker:INFO  - There are 2 available FTT strips on this disk
AAA FTT proj z= 330.84  x=-17.504 y= 24.863  r= 30.407 phi= 2.1842  sigU= 0.065 sigV= 0.000
AAA FTT momentum at proj: pT= 1.738 eta= 3.079 phi= 2.1935  px= -1.014 py=  1.412 pz= 18.843
AAA FTT search thresholds: dPhi<0.1200 dR<30.00 dx<7.50 dy<7.50  nHits=2
findFttHitsNearProjectedState, msp = (-17.504389, 24.863331)
AAA FTT hit H pos=(-11.497+/-4.33,  24.822+/-0.01)  dx= 6.008 dy= 0.041 dR= 3.052 dPhi=0.1797 (tid=1)  dPhi:FAIL dR:OK XY:OK
	 vs. hit@(-17.511801+/-0.010000, 21.865486+/-4.330127) => dx=0.007412, dy=2.997845, dR=2.393437, dPhi=0.061860 (tid=1), strip=vertical
AAA FTT hit V pos=(-17.512+/-0.01,  21.865+/-4.33)  dx= 0.007 dy= 2.998 dR= 2.393 dPhi=0.0619 (tid=1)  dPhi:OK dR:OK XY:OK
StFwdTrackMaker:INFO  - Adding horizontal strip hit with dPhi = 0.179673, dR = 3.05162, dx = 6.00759, dy = 0.0411017
StFwdTrackMaker:INFO  - Adding vertical strip hit with dPhi = 0.0618603, dR = 2.39344, dx = 0.00741181, dy = 2.99784
StFwdTrackMaker:INFO  - Closest horizontal FTT strip to FST state: dR=3.051624, dPhi=0.179673, dx=6.007588, dy=0.041102 (tid=1) 
AAA FTT closest-H dPhi=0.1797(<0.1200) dR= 3.052(< 30.0) dx= 6.008 dy= 0.041(< 7.50) tid=1 -> ACCEPT
StFwdTrackMaker:INFO  - Closest vertical FTT strip to FST state: dR=2.393437, dPhi=0.061860, dx=0.007412, dy=2.997845 (tid=1) 
AAA FTT closest-V dPhi=0.0619(<0.1200) dR= 2.393(< 30.0) dx= 0.007 dy= 2.998(< 7.50) tid=1 -> ACCEPT
AAA FTT result: 2 hits added (H:ACCEPT V:ACCEPT)
StFwdTrackMaker:INFO  -  Found #FTT strips on plane #1 = [2]
StFwdTrackMaker:INFO  - Found 13 existing seed points
StFwdTrackMaker:INFO  - Adding 2 new FTT seed points
StFwdTrackMaker:INFO  - Hit already in seed, skipping
StFwdTrackMaker:INFO  - Hit already in seed, skipping
StFwdTrackMaker:INFO  - Looking for FTT strips near projected state on disk 2
StFwdTrackMaker:INFO  - There are 2 available FTT strips on this disk
AAA FTT proj z= 346.85  x=-18.365 y= 26.063  r= 31.883 phi= 2.1846  sigU= 0.065 sigV= 0.000
AAA FTT momentum at proj: pT= 1.738 eta= 3.079 phi= 2.1923  px= -1.012 py=  1.413 pz= 18.843
AAA FTT search thresholds: dPhi<0.1200 dR<30.00 dx<7.50 dy<7.50  nHits=2
findFttHitsNearProjectedState, msp = (-18.364819, 26.063183)
AAA FTT hit H pos=(-24.065+/-4.33,  26.028+/-0.01)  dx= 5.700 dy= 0.035 dR= 3.565 dPhi=0.1324 (tid=1)  dPhi:FAIL dR:OK XY:OK
	 vs. hit@(-18.391443+/-0.010000, 29.489065+/-4.330127) => dx=0.026624, dy=3.425882, dR=2.870662, dPhi=0.056182 (tid=1), strip=vertical
AAA FTT hit V pos=(-18.391+/-0.01,  29.489+/-4.33)  dx= 0.027 dy= 3.426 dR= 2.871 dPhi=0.0562 (tid=1)  dPhi:OK dR:OK XY:OK
StFwdTrackMaker:INFO  - Adding horizontal strip hit with dPhi = 0.132403, dR = 3.56455, dx = 5.69991, dy = 0.0352937
StFwdTrackMaker:INFO  - Adding vertical strip hit with dPhi = 0.0561822, dR = 2.87066, dx = 0.0266238, dy = 3.42588
StFwdTrackMaker:INFO  - Closest horizontal FTT strip to FST state: dR=3.564547, dPhi=0.132403, dx=5.699914, dy=0.035294 (tid=1) 
AAA FTT closest-H dPhi=0.1324(<0.1200) dR= 3.565(< 30.0) dx= 5.700 dy= 0.035(< 7.50) tid=1 -> ACCEPT
StFwdTrackMaker:INFO  - Closest vertical FTT strip to FST state: dR=2.870662, dPhi=0.056182, dx=0.026624, dy=3.425882 (tid=1) 
AAA FTT closest-V dPhi=0.0562(<0.1200) dR= 2.871(< 30.0) dx= 0.027 dy= 3.426(< 7.50) tid=1 -> ACCEPT
AAA FTT result: 2 hits added (H:ACCEPT V:ACCEPT)
StFwdTrackMaker:INFO  -  Found #FTT strips on plane #2 = [2]
StFwdTrackMaker:INFO  - Found 13 existing seed points
StFwdTrackMaker:INFO  - Adding 2 new FTT seed points
StFwdTrackMaker:INFO  - Hit already in seed, skipping
StFwdTrackMaker:INFO  - Hit already in seed, skipping
StFwdTrackMaker:INFO  - Looking for FTT strips near projected state on disk 3
StFwdTrackMaker:INFO  - There are 2 available FTT strips on this disk
AAA FTT proj z= 364.84  x=-19.330 y= 27.413  r= 33.543 phi= 2.1850  sigU= 0.065 sigV= 0.000
AAA FTT momentum at proj: pT= 1.738 eta= 3.079 phi= 2.1910  px= -1.010 py=  1.414 pz= 18.843
AAA FTT search thresholds: dPhi<0.1200 dR<30.00 dx<7.50 dy<7.50  nHits=2
findFttHitsNearProjectedState, msp = (-19.330099, 27.412975)
	 vs. hit@(-19.007347+/-4.330127, 27.358519+/-0.010000) => dx=0.322752, dy=0.054456, dR=0.229690, dPhi=0.006976 (tid=1), strip=horizontal
AAA FTT hit H pos=(-19.007+/-4.33,  27.359+/-0.01)  dx= 0.323 dy= 0.054 dR= 0.230 dPhi=0.0070 (tid=1)  dPhi:OK dR:OK XY:OK
	 vs. hit@(-19.377897+/-0.010000, 23.148418+/-4.330127) => dx=0.047798, dy=4.264556, dR=3.354257, dPhi=0.082796 (tid=1), strip=vertical
AAA FTT hit V pos=(-19.378+/-0.01,  23.148+/-4.33)  dx= 0.048 dy= 4.265 dR= 3.354 dPhi=0.0828 (tid=1)  dPhi:OK dR:OK XY:OK
StFwdTrackMaker:INFO  - Adding horizontal strip hit with dPhi = 0.0069759, dR = 0.22969, dx = 0.322752, dy = 0.0544563
StFwdTrackMaker:INFO  - Adding vertical strip hit with dPhi = 0.0827961, dR = 3.35426, dx = 0.0477982, dy = 4.26456
StFwdTrackMaker:INFO  - Closest horizontal FTT strip to FST state: dR=0.229690, dPhi=0.006976, dx=0.322752, dy=0.054456 (tid=1) 
AAA FTT closest-H dPhi=0.0070(<0.1200) dR= 0.230(< 30.0) dx= 0.323 dy= 0.054(< 7.50) tid=1 -> ACCEPT
StFwdTrackMaker:INFO  - Closest vertical FTT strip to FST state: dR=3.354257, dPhi=0.082796, dx=0.047798, dy=4.264556 (tid=1) 
AAA FTT closest-V dPhi=0.0828(<0.1200) dR= 3.354(< 30.0) dx= 0.048 dy= 4.265(< 7.50) tid=1 -> ACCEPT
AAA FTT result: 2 hits added (H:ACCEPT V:ACCEPT)
StFwdTrackMaker:INFO  -  Found #FTT strips on plane #3 = [2]
StFwdTrackMaker:INFO  - Found 13 existing seed points
StFwdTrackMaker:INFO  - Adding 2 new FTT seed points
StFwdTrackMaker:INFO  - Hit already in seed, skipping
StFwdTrackMaker:INFO  - Hit already in seed, skipping
StFwdTrackMaker:INFO  - Closest EPD hit to state: dR=-2.674757, dPhi=-0.040174, dx=-2.743902, dy=1.301055
StFwdTrackMaker:INFO  - GenFitTrackResult::mIdTruth = 1, QaTruth = 0.846154
The points are collinear, curvature is undefined.
p1 = 0, 0
p2 = -8.8471, 12.7271
p3 = -8.8471, 12.7271
The points are collinear, curvature is undefined.
p1 = -7.13476, 10.2638
p2 = -8.8471, 12.7271
p3 = -8.8471, 12.7271
The points are collinear, curvature is undefined.
p1 = -8.8471, 12.7271
p2 = -8.8471, 12.7271
p3 = -23.5703, 23.4693
The points are collinear, curvature is undefined.
p1 = -8.8471, 12.7271
p2 = -8.8471, 12.7271
p3 = -16.5787, 24.7737
The points are collinear, curvature is undefined.
p1 = -8.8471, 12.7271
p2 = -8.8471, 12.7271
p3 = -11.4968, 24.8222
The points are collinear, curvature is undefined.
p1 = -8.8471, 12.7271
p2 = -8.8471, 12.7271
p3 = -17.5118, 21.8655
The points are collinear, curvature is undefined.
p1 = -8.8471, 12.7271
p2 = -8.8471, 12.7271
p3 = -24.0647, 26.0279
The points are collinear, curvature is undefined.
p1 = -8.8471, 12.7271
p2 = -8.8471, 12.7271
p3 = -18.3914, 29.4891
The points are collinear, curvature is undefined.
p1 = -8.8471, 12.7271
p2 = -8.8471, 12.7271
p3 = -19.0073, 27.3585
The points are collinear, curvature is undefined.
p1 = -8.8471, 12.7271
p2 = -8.8471, 12.7271
p3 = -19.3779, 23.1484
The points are collinear, curvature is undefined.
p1 = -8.8471, 12.7271
p2 = -8.8471, 12.7271
p3 = -22.6185, 29.477
StFwdTrackMaker:INFO  - GenericFitSeeder::makeSeed::Curvature: -0.00227063
StFwdTrackMaker:INFO  - GenericFitSeeder::makeSeed::pt = 0.660147
StFwdTrackMaker:INFO  - Note: Using externally provided seed momentum
StFwdTrackMaker:INFO  - Track Setup complete, track has 13 points
StFwdTrackMaker:INFO  -  sorting changed track points: 1
StFwdTrackMaker:INFO  - Fit status:  1
StFwdTrackMaker:INFO  - -Fit pvalue: 0.425638
StFwdTrackMaker:INFO  - -Fit Chi2:   21.5532
StFwdTrackMaker:INFO  - -Fit Chi2:   21.5532
StFwdTrackMaker:INFO  - Track fit charge: -1Fit momentum: -0.984114, 1.43282, 18.8431
StFwdTrackMaker:INFO  - 	Fit Pt: 1.73823, eta: 3.07855, phi: 2.17263
StFwdTrackMaker:INFO  - Track fit update complete!
StFwdTrackMaker:INFO  - Track Reps: 1
StFwdTrackMaker:INFO  - Track Rep 0 
genfit::AbsTrackRep, pdgCode = -211. PropDir = 0
fitStatus 
 track has been fitted, fit has converged fully, 0 TrackPoints could not be processed, fitted charge = -1, PruneFlags: 
 track has been fitted with reference track, numIterations = 2, track length = 365.781, fChi2 = 21.5532, bChi2 = 21.5532, fNdf = 21, bNdf = 21, fPVal = 0.425638, bPVal = 0.425638

StFwdTrackMaker:INFO  - GenFitTrackResult::mIdTruth = 1, QaTruth = 0.846154
StFwdTrackMaker:INFO  - GTR Setting momentum from track
StFwdTrackMaker:INFO  - --isFitConvergedPartially() = 1
StFwdTrackMaker:INFO  - --isFitConverged() = 1
StFwdTrackMaker:INFO  - --isFitConvergedFully() = 1
StFwdTrackMaker:INFO  - >>doPrimaryTrackFitting( #globals = 1 )
StFwdTrackMaker:INFO  - Refitting Track 0, McId=1 with Primary Vertex, seed already has: 12 hits
StFwdTrackMaker:INFO  - mEventVertexHit: 0, 0, 0
StFwdTrackMaker:INFO  - This fit is for a global that converged? = 1
StFwdTrackMaker:INFO  - GenFitTrackResult::mIdTruth = 1, QaTruth = 0.846154
The points are collinear, curvature is undefined.
p1 = 0, 0
p2 = -8.8471, 12.7271
p3 = -8.8471, 12.7271
The points are collinear, curvature is undefined.
p1 = -7.13476, 10.2638
p2 = -8.8471, 12.7271
p3 = -8.8471, 12.7271
The points are collinear, curvature is undefined.
p1 = -8.8471, 12.7271
p2 = -8.8471, 12.7271
p3 = -23.5703, 23.4693
The points are collinear, curvature is undefined.
p1 = -8.8471, 12.7271
p2 = -8.8471, 12.7271
p3 = -16.5787, 24.7737
The points are collinear, curvature is undefined.
p1 = -8.8471, 12.7271
p2 = -8.8471, 12.7271
p3 = -11.4968, 24.8222
The points are collinear, curvature is undefined.
p1 = -8.8471, 12.7271
p2 = -8.8471, 12.7271
p3 = -17.5118, 21.8655
The points are collinear, curvature is undefined.
p1 = -8.8471, 12.7271
p2 = -8.8471, 12.7271
p3 = -24.0647, 26.0279
The points are collinear, curvature is undefined.
p1 = -8.8471, 12.7271
p2 = -8.8471, 12.7271
p3 = -18.3914, 29.4891
The points are collinear, curvature is undefined.
p1 = -8.8471, 12.7271
p2 = -8.8471, 12.7271
p3 = -19.0073, 27.3585
The points are collinear, curvature is undefined.
p1 = -8.8471, 12.7271
p2 = -8.8471, 12.7271
p3 = -19.3779, 23.1484
The points are collinear, curvature is undefined.
p1 = -8.8471, 12.7271
p2 = -8.8471, 12.7271
p3 = -22.6185, 29.477
StFwdTrackMaker:INFO  - GenericFitSeeder::makeSeed::Curvature: -0.00227063
StFwdTrackMaker:INFO  - GenericFitSeeder::makeSeed::pt = 0.660147
StFwdTrackMaker:INFO  - Note: Using externally provided seed momentum
StFwdTrackMaker:INFO  - Track Setup complete, track has 13 points
StFwdTrackMaker:INFO  -  sorting changed track points: 1
StFwdTrackMaker:INFO  - Fit status:  1
StFwdTrackMaker:INFO  - -Fit pvalue: 0.345223
StFwdTrackMaker:INFO  - -Fit Chi2:   22.9767
StFwdTrackMaker:INFO  - -Fit Chi2:   22.9767
StFwdTrackMaker:INFO  - Track fit charge: -1Fit momentum: -0.857289, 1.2559, 16.5358
StFwdTrackMaker:INFO  - 	Fit Pt: 1.5206, eta: 3.08168, phi: 2.16975
StFwdTrackMaker:INFO  - Track fit update complete!
StFwdTrackMaker:INFO  - Track Reps: 1
StFwdTrackMaker:INFO  - Track Rep 0 
genfit::AbsTrackRep, pdgCode = -211. PropDir = 0
fitStatus 
 track has been fitted, fit has converged fully, 0 TrackPoints could not be processed, fitted charge = -1, PruneFlags: 
 track has been fitted with reference track, numIterations = 3, track length = 366.974, fChi2 = 22.9767, bChi2 = 22.9767, fNdf = 21, bNdf = 21, fPVal = 0.345223, bPVal = 0.345223

StFwdTrackMaker:INFO  - GenFitTrackResult::mIdTruth = 1, QaTruth = 0.846154
StFwdTrackMaker:INFO  - GTR Setting momentum from track
StFwdTrackMaker:INFO  - --isFitConvergedPartially() = 1
StFwdTrackMaker:INFO  - --isFitConverged() = 1
StFwdTrackMaker:INFO  - --isFitConvergedFully() = 1
StFwdTrackMaker:INFO  - 	Initial fit complete, now refitting with additional points
StFwdTrackMaker:INFO  - Looking for FTT strips near projected state on disk 0
StFwdTrackMaker:INFO  - There are 2 available FTT strips on this disk
AAA FTT proj z= 312.84  x=-16.539 y= 23.521  r= 28.754 phi= 2.1836  sigU= 0.016 sigV= 0.000
AAA FTT momentum at proj: pT= 1.521 eta= 3.082 phi= 2.1947  px= -0.888 py=  1.234 pz= 16.536
AAA FTT search thresholds: dPhi<0.1200 dR<30.00 dx<7.50 dy<7.50  nHits=2
findFttHitsNearProjectedState, msp = (-16.539327, 23.521192)
AAA FTT hit H pos=(-23.570+/-4.33,  23.469+/-0.01)  dx= 7.031 dy= 0.052 dR= 4.508 dPhi=0.1747 (tid=1)  dPhi:FAIL dR:OK XY:OK
	 vs. hit@(-16.578691+/-0.010000, 24.773743+/-4.330127) => dx=0.039365, dy=1.252550, dR=1.055192, dPhi=0.023091 (tid=1), strip=vertical
AAA FTT hit V pos=(-16.579+/-0.01,  24.774+/-4.33)  dx= 0.039 dy= 1.253 dR= 1.055 dPhi=0.0231 (tid=1)  dPhi:OK dR:OK XY:OK
StFwdTrackMaker:INFO  - Adding horizontal strip hit with dPhi = 0.174696, dR = 4.50806, dx = 7.03097, dy = 0.0518606
StFwdTrackMaker:INFO  - Adding vertical strip hit with dPhi = 0.023091, dR = 1.05519, dx = 0.0393649, dy = 1.25255
StFwdTrackMaker:INFO  - Closest horizontal FTT strip to FST state: dR=4.508063, dPhi=0.174696, dx=7.030974, dy=0.051861 (tid=1) 
AAA FTT closest-H dPhi=0.1747(<0.1200) dR= 4.508(< 30.0) dx= 7.031 dy= 0.052(< 7.50) tid=1 -> ACCEPT
StFwdTrackMaker:INFO  - Closest vertical FTT strip to FST state: dR=1.055192, dPhi=0.023091, dx=0.039365, dy=1.252550 (tid=1) 
AAA FTT closest-V dPhi=0.0231(<0.1200) dR= 1.055(< 30.0) dx= 0.039 dy= 1.253(< 7.50) tid=1 -> ACCEPT
AAA FTT result: 2 hits added (H:ACCEPT V:ACCEPT)
StFwdTrackMaker:INFO  -  Found #FTT strips on plane #0 = [2]
StFwdTrackMaker:INFO  - Found 13 existing seed points
StFwdTrackMaker:INFO  - Adding 2 new FTT seed points
StFwdTrackMaker:INFO  - Hit already in seed, skipping
StFwdTrackMaker:INFO  - Hit already in seed, skipping
StFwdTrackMaker:INFO  - Looking for FTT strips near projected state on disk 1
StFwdTrackMaker:INFO  - There are 2 available FTT strips on this disk
AAA FTT proj z= 330.84  x=-17.506 y= 24.865  r= 30.410 phi= 2.1842  sigU= 0.016 sigV= 0.000
AAA FTT momentum at proj: pT= 1.521 eta= 3.082 phi= 2.1937  px= -0.887 py=  1.235 pz= 16.536
AAA FTT search thresholds: dPhi<0.1200 dR<30.00 dx<7.50 dy<7.50  nHits=2
findFttHitsNearProjectedState, msp = (-17.506027, 24.865334)
AAA FTT hit H pos=(-11.497+/-4.33,  24.822+/-0.01)  dx= 6.009 dy= 0.043 dR= 3.054 dPhi=0.1797 (tid=1)  dPhi:FAIL dR:OK XY:OK
	 vs. hit@(-17.511801+/-0.010000, 21.865486+/-4.330127) => dx=0.005773, dy=2.999848, dR=2.396018, dPhi=0.061854 (tid=1), strip=vertical
AAA FTT hit V pos=(-17.512+/-0.01,  21.865+/-4.33)  dx= 0.006 dy= 3.000 dR= 2.396 dPhi=0.0619 (tid=1)  dPhi:OK dR:OK XY:OK
StFwdTrackMaker:INFO  - Adding horizontal strip hit with dPhi = 0.17968, dR = 3.0542, dx = 6.00923, dy = 0.0431043
StFwdTrackMaker:INFO  - Adding vertical strip hit with dPhi = 0.0618542, dR = 2.39602, dx = 0.00577328, dy = 2.99985
StFwdTrackMaker:INFO  - Closest horizontal FTT strip to FST state: dR=3.054204, dPhi=0.179680, dx=6.009226, dy=0.043104 (tid=1) 
AAA FTT closest-H dPhi=0.1797(<0.1200) dR= 3.054(< 30.0) dx= 6.009 dy= 0.043(< 7.50) tid=1 -> ACCEPT
StFwdTrackMaker:INFO  - Closest vertical FTT strip to FST state: dR=2.396018, dPhi=0.061854, dx=0.005773, dy=2.999848 (tid=1) 
AAA FTT closest-V dPhi=0.0619(<0.1200) dR= 2.396(< 30.0) dx= 0.006 dy= 3.000(< 7.50) tid=1 -> ACCEPT
AAA FTT result: 2 hits added (H:ACCEPT V:ACCEPT)
StFwdTrackMaker:INFO  -  Found #FTT strips on plane #1 = [2]
StFwdTrackMaker:INFO  - Found 13 existing seed points
StFwdTrackMaker:INFO  - Adding 2 new FTT seed points
StFwdTrackMaker:INFO  - Hit already in seed, skipping
StFwdTrackMaker:INFO  - Hit already in seed, skipping
StFwdTrackMaker:INFO  - Looking for FTT strips near projected state on disk 2
StFwdTrackMaker:INFO  - There are 2 available FTT strips on this disk
AAA FTT proj z= 346.85  x=-18.364 y= 26.061  r= 31.881 phi= 2.1846  sigU= 0.016 sigV= 0.000
AAA FTT momentum at proj: pT= 1.520 eta= 3.082 phi= 2.1924  px= -0.885 py=  1.236 pz= 16.536
AAA FTT search thresholds: dPhi<0.1200 dR<30.00 dx<7.50 dy<7.50  nHits=2
findFttHitsNearProjectedState, msp = (-18.363915, 26.061287)
AAA FTT hit H pos=(-24.065+/-4.33,  26.028+/-0.01)  dx= 5.701 dy= 0.033 dR= 3.567 dPhi=0.1324 (tid=1)  dPhi:FAIL dR:OK XY:OK
	 vs. hit@(-18.391443+/-0.010000, 29.489065+/-4.330127) => dx=0.027528, dy=3.427778, dR=2.872733, dPhi=0.056193 (tid=1), strip=vertical
AAA FTT hit V pos=(-18.391+/-0.01,  29.489+/-4.33)  dx= 0.028 dy= 3.428 dR= 2.873 dPhi=0.0562 (tid=1)  dPhi:OK dR:OK XY:OK
StFwdTrackMaker:INFO  - Adding horizontal strip hit with dPhi = 0.132392, dR = 3.56662, dx = 5.70082, dy = 0.0333978
StFwdTrackMaker:INFO  - Adding vertical strip hit with dPhi = 0.0561933, dR = 2.87273, dx = 0.0275284, dy = 3.42778
StFwdTrackMaker:INFO  - Closest horizontal FTT strip to FST state: dR=3.566618, dPhi=0.132392, dx=5.700819, dy=0.033398 (tid=1) 
AAA FTT closest-H dPhi=0.1324(<0.1200) dR= 3.567(< 30.0) dx= 5.701 dy= 0.033(< 7.50) tid=1 -> ACCEPT
StFwdTrackMaker:INFO  - Closest vertical FTT strip to FST state: dR=2.872733, dPhi=0.056193, dx=0.027528, dy=3.427778 (tid=1) 
AAA FTT closest-V dPhi=0.0562(<0.1200) dR= 2.873(< 30.0) dx= 0.028 dy= 3.428(< 7.50) tid=1 -> ACCEPT
AAA FTT result: 2 hits added (H:ACCEPT V:ACCEPT)
StFwdTrackMaker:INFO  -  Found #FTT strips on plane #2 = [2]
StFwdTrackMaker:INFO  - Found 13 existing seed points
StFwdTrackMaker:INFO  - Adding 2 new FTT seed points
StFwdTrackMaker:INFO  - Hit already in seed, skipping
StFwdTrackMaker:INFO  - Hit already in seed, skipping
StFwdTrackMaker:INFO  - Looking for FTT strips near projected state on disk 3
StFwdTrackMaker:INFO  - There are 2 available FTT strips on this disk
AAA FTT proj z= 364.84  x=-19.326 y= 27.407  r= 33.536 phi= 2.1850  sigU= 0.016 sigV= 0.000
AAA FTT momentum at proj: pT= 1.520 eta= 3.082 phi= 2.1908  px= -0.883 py=  1.237 pz= 16.536
AAA FTT search thresholds: dPhi<0.1200 dR<30.00 dx<7.50 dy<7.50  nHits=2
findFttHitsNearProjectedState, msp = (-19.326095, 27.406866)
	 vs. hit@(-19.007347+/-4.330127, 27.358519+/-0.010000) => dx=0.318748, dy=0.048347, dR=0.222390, dPhi=0.006983 (tid=1), strip=horizontal
AAA FTT hit H pos=(-19.007+/-4.33,  27.359+/-0.01)  dx= 0.319 dy= 0.048 dR= 0.222 dPhi=0.0070 (tid=1)  dPhi:OK dR:OK XY:OK
	 vs. hit@(-19.377897+/-0.010000, 23.148418+/-4.330127) => dx=0.051802, dy=4.258447, dR=3.346957, dPhi=0.082789 (tid=1), strip=vertical
AAA FTT hit V pos=(-19.378+/-0.01,  23.148+/-4.33)  dx= 0.052 dy= 4.258 dR= 3.347 dPhi=0.0828 (tid=1)  dPhi:OK dR:OK XY:OK
StFwdTrackMaker:INFO  - Adding horizontal strip hit with dPhi = 0.00698331, dR = 0.22239, dx = 0.318748, dy = 0.0483472
StFwdTrackMaker:INFO  - Adding vertical strip hit with dPhi = 0.0827887, dR = 3.34696, dx = 0.051802, dy = 4.25845
StFwdTrackMaker:INFO  - Closest horizontal FTT strip to FST state: dR=0.222390, dPhi=0.006983, dx=0.318748, dy=0.048347 (tid=1) 
AAA FTT closest-H dPhi=0.0070(<0.1200) dR= 0.222(< 30.0) dx= 0.319 dy= 0.048(< 7.50) tid=1 -> ACCEPT
StFwdTrackMaker:INFO  - Closest vertical FTT strip to FST state: dR=3.346957, dPhi=0.082789, dx=0.051802, dy=4.258447 (tid=1) 
AAA FTT closest-V dPhi=0.0828(<0.1200) dR= 3.347(< 30.0) dx= 0.052 dy= 4.258(< 7.50) tid=1 -> ACCEPT
AAA FTT result: 2 hits added (H:ACCEPT V:ACCEPT)
StFwdTrackMaker:INFO  -  Found #FTT strips on plane #3 = [2]
StFwdTrackMaker:INFO  - Found 13 existing seed points
StFwdTrackMaker:INFO  - Adding 2 new FTT seed points
StFwdTrackMaker:INFO  - Hit already in seed, skipping
StFwdTrackMaker:INFO  - Hit already in seed, skipping
StFwdTrackMaker:INFO  - Closest EPD hit to state: dR=-2.685011, dPhi=-0.040173, dx=-2.749764, dy=1.309469
StFwdTrackMaker:INFO  - GenFitTrackResult::mIdTruth = 1, QaTruth = 0.846154
The points are collinear, curvature is undefined.
p1 = 0, 0
p2 = -8.8471, 12.7271
p3 = -8.8471, 12.7271
The points are collinear, curvature is undefined.
p1 = -7.13476, 10.2638
p2 = -8.8471, 12.7271
p3 = -8.8471, 12.7271
The points are collinear, curvature is undefined.
p1 = -8.8471, 12.7271
p2 = -8.8471, 12.7271
p3 = -23.5703, 23.4693
The points are collinear, curvature is undefined.
p1 = -8.8471, 12.7271
p2 = -8.8471, 12.7271
p3 = -16.5787, 24.7737
The points are collinear, curvature is undefined.
p1 = -8.8471, 12.7271
p2 = -8.8471, 12.7271
p3 = -11.4968, 24.8222
The points are collinear, curvature is undefined.
p1 = -8.8471, 12.7271
p2 = -8.8471, 12.7271
p3 = -17.5118, 21.8655
The points are collinear, curvature is undefined.
p1 = -8.8471, 12.7271
p2 = -8.8471, 12.7271
p3 = -24.0647, 26.0279
The points are collinear, curvature is undefined.
p1 = -8.8471, 12.7271
p2 = -8.8471, 12.7271
p3 = -18.3914, 29.4891
The points are collinear, curvature is undefined.
p1 = -8.8471, 12.7271
p2 = -8.8471, 12.7271
p3 = -19.0073, 27.3585
The points are collinear, curvature is undefined.
p1 = -8.8471, 12.7271
p2 = -8.8471, 12.7271
p3 = -19.3779, 23.1484
The points are collinear, curvature is undefined.
p1 = -8.8471, 12.7271
p2 = -8.8471, 12.7271
p3 = -22.6185, 29.477
StFwdTrackMaker:INFO  - GenericFitSeeder::makeSeed::Curvature: -0.00227063
StFwdTrackMaker:INFO  - GenericFitSeeder::makeSeed::pt = 0.660147
StFwdTrackMaker:INFO  - Note: Using externally provided seed momentum
StFwdTrackMaker:INFO  - Track Setup complete, track has 13 points
StFwdTrackMaker:INFO  -  sorting changed track points: 1
StFwdTrackMaker:INFO  - Fit status:  1
StFwdTrackMaker:INFO  - -Fit pvalue: 0.345223
StFwdTrackMaker:INFO  - -Fit Chi2:   22.9767
StFwdTrackMaker:INFO  - -Fit Chi2:   22.9767
StFwdTrackMaker:INFO  - Track fit charge: -1Fit momentum: -0.857296, 1.25591, 16.536
StFwdTrackMaker:INFO  - 	Fit Pt: 1.52061, eta: 3.08168, phi: 2.16976
StFwdTrackMaker:INFO  - Track fit update complete!
StFwdTrackMaker:INFO  - Track Reps: 1
StFwdTrackMaker:INFO  - Track Rep 0 
genfit::AbsTrackRep, pdgCode = -211. PropDir = 0
fitStatus 
 track has been fitted, fit has converged fully, 0 TrackPoints could not be processed, fitted charge = -1, PruneFlags: 
 track has been fitted with reference track, numIterations = 2, track length = 366.974, fChi2 = 22.9767, bChi2 = 22.9767, fNdf = 21, bNdf = 21, fPVal = 0.345223, bPVal = 0.345223

StFwdTrackMaker:INFO  - GenFitTrackResult::mIdTruth = 1, QaTruth = 0.846154
StFwdTrackMaker:INFO  - GTR Setting momentum from track
StFwdTrackMaker:INFO  - --isFitConvergedPartially() = 1
StFwdTrackMaker:INFO  - --isFitConverged() = 1
StFwdTrackMaker:INFO  - --isFitConvergedFully() = 1
StFwdTrackMaker:INFO  - >>doSecondaryTrackFitting( #globals = 1 )
StFwdTrackMaker:INFO  - FwdVertex: 2, 0.134184, -0.0380988, 0.0101057
StFwdTrackMaker:INFO  - 	nTracks: 1
StFwdTrackMaker:INFO  - 	Chi2: -1
StFwdTrackMaker:INFO  - 	Ndf: -1
StFwdTrackMaker:ERROR - TDecompChol::Decompose() : matrix not positive definite
StFwdTrackMaker:WARN  - FwdVertex: 2, covariance matrix is not valid
StFwdTrackMaker:INFO  - <<Fwd Tracking Fit :3 GenFit Tracks
StFwdTrackMaker:INFO  - TAttr::Found : fillevent = 1

StFwdTrackMaker:INFO  - Creating the StFwdTrackCollection
StFwdTrackMaker:INFO  - Processing GenfitTrackResult(type=0): 0 mIsFitConverged=1, mIsFitConvergedPartially=1, mNumFitPoints=12
AAA FCS StraightLine: det=0 xyzdet=(-17.399,-5.26,710.16) norm=(-0.0301896,0,0.999544)
AAA projectAsStraightLine: tv3A=(-30.5207,43.1374,574.078) tv3B=(-33.1893,46.8897,623.998)
AAA   xyzf=(-17.399,-5.26,710.16) norm=(-0.0301896,0,0.999544)
AAA   tintersection=2.71371 result=(-37.7625,53.3201,709.545)
AAA FCS StraightLine result: tv3=(-37.7625,53.3201,709.545)
AAA FCS StraightLine: det=2 xyzdet=(-21.285,1.8,782.63) norm=(-0.0301896,0,0.999544)
AAA projectAsStraightLine: tv3A=(-30.5207,43.1374,574.078) tv3B=(-33.1893,46.8897,623.998)
AAA   xyzf=(-21.285,1.8,782.63) norm=(-0.0301896,0,0.999544)
AAA   tintersection=4.16546 result=(-41.6366,58.7675,782.015)
AAA FCS StraightLine result: tv3=(-41.6366,58.7675,782.015)
StFwdTrackMaker:INFO  - Processing GenfitTrackResult(type=2): 1 mIsFitConverged=1, mIsFitConvergedPartially=1, mNumFitPoints=13
AAA FCS StraightLine: det=0 xyzdet=(-17.399,-5.26,710.16) norm=(-0.0301896,0,0.999544)
AAA projectAsStraightLine: tv3A=(-30.4619,43.0961,574.08) tv3B=(-33.1168,46.8404,624)
AAA   xyzf=(-17.399,-5.26,710.16) norm=(-0.0301896,0,0.999544)
AAA   tintersection=2.71371 result=(-37.6665,53.2571,709.548)
AAA FCS StraightLine result: tv3=(-37.6665,53.2571,709.548)
AAA FCS StraightLine: det=2 xyzdet=(-21.285,1.8,782.63) norm=(-0.0301896,0,0.999544)
AAA projectAsStraightLine: tv3A=(-30.4619,43.0961,574.08) tv3B=(-33.1168,46.8404,624)
AAA   xyzf=(-21.285,1.8,782.63) norm=(-0.0301896,0,0.999544)
AAA   tintersection=4.16546 result=(-41.5207,58.693,782.019)
AAA FCS StraightLine result: tv3=(-41.5207,58.693,782.019)
StFwdTrackMaker:INFO  - Processing GenfitTrackResult(type=1): 2 mIsFitConverged=1, mIsFitConvergedPartially=1, mNumFitPoints=13
AAA FCS StraightLine: det=0 xyzdet=(-17.399,-5.26,710.16) norm=(-0.0301896,0,0.999544)
AAA projectAsStraightLine: tv3A=(-30.5087,43.1463,574.079) tv3B=(-33.174,46.901,623.998)
AAA   xyzf=(-17.399,-5.26,710.16) norm=(-0.0301896,0,0.999544)
AAA   tintersection=2.71371 result=(-37.7415,53.3355,709.546)
AAA FCS StraightLine result: tv3=(-37.7415,53.3355,709.546)
AAA FCS StraightLine: det=2 xyzdet=(-21.285,1.8,782.63) norm=(-0.0301896,0,0.999544)
AAA projectAsStraightLine: tv3A=(-30.5087,43.1463,574.079) tv3B=(-33.174,46.901,623.998)
AAA   xyzf=(-21.285,1.8,782.63) norm=(-0.0301896,0,0.999544)
AAA   tintersection=4.16546 result=(-41.6108,58.7864,782.016)
AAA FCS StraightLine result: tv3=(-41.6108,58.7864,782.016)
StFwdTrackMaker:INFO  - StFwdTrackCollection has 3 tracks now
StFwdTrackMaker:INFO  - StFwdTrackCollection has 3 tracks now
StFwdTrackMaker:INFO  - *** StFwdTrackMaker::Make() == StOK(0) ***
StFcsTrackMatchMaker:INFO  - *** StFcsTrackMatchMaker::Make() == StOK(0) ***
StStrangeMuDstMaker:INFO  - StV0Controller: found 0 V0 candidates
StStrangeMuDstMaker:INFO  - StXiController: found 0 Xi candidates
StStrangeMuDstMaker:INFO  - StKinkController: found 0 Kink candidates
StStrangeMuDstMaker:INFO  - *** StStrangeMuDstMaker::Make() == StOK(0) ***
StMuDstMaker:INFO  - fillMuFtt
StMuDstMaker:INFO  - fillMuFttRawHits
StMuDstMaker:INFO  - fillMuFttPoints
StMuDstMaker:INFO  - fillMuFttClusters
StMuDstMaker:INFO  - StMuDstMaker::fillFwdTrack(StEvent* ev)
StMuDstMaker:INFO  - StMuDSTMaker filling StMuFwdTrackCollection from StEvent
StMuDstMaker:INFO  - Adding 3 StMuFwdTracks to MuDSt
StMuDstMaker:INFO  - *** StMuDstMaker::Make() == StOK(0) ***
StTreeMaker:INFO  - *** StTreeMaker::Make() == StOK(0) ***
StPicoDstMaker:WARN  - No trigger data bank available!
StPicoDstMaker:INFO  - StPicoDstMaker::fillFcsHits filled 24
StPicoDstMaker:INFO  - StPicoDstMaker::fillFcsClusters filled 2
StPicoDstMaker:INFO  - *** StPicoDstMaker::Make() == StOK(0) ***
<---------- END EVENT
--------->START EVENT: 2
MEM before Chain::Clear + Make	 total =793.699219 heap =208.509354 and   0.171310(+150.419662)
St_geant_Maker:INFO  - *** St_geant_Maker::Make() == StOK(0) ***
St_db_Maker:INFO  - *** St_db_Maker::Make() == StOK(0) ***
StMagFMaker:INFO  - *** StMagFMaker::Make() == StOK(0) ***
StDetectorDbMaker:INFO  - *** StDetectorDbMaker::Make() == StOK(0) ***
StTpcDbMaker:INFO  - *** StTpcDbMaker::Make() == StOK(0) ***
StFcsDbMaker:INFO  - *** StFcsDbMaker::Make() == StOK(0) ***
StEventMaker:INFO  - get trigDetSums from Calibrations/rich/trigDetSums
StEventMaker:WARN  - StEventMaker: No StDAQReader found
StEventMaker:INFO  - *** StEventMaker::Make() == StOK(0) ***
StMcEventMaker:INFO  - StMcEventMaker:   g2t_tpc_hit Table Not found 
StMcEventMaker:INFO  - StMcEventMaker:   particle    Table Not found 
StMcEventMaker:INFO  - *** StMcEventMaker::Make() == StOK(0) ***
StFcsFastSimulatorMaker:DEBUG - StFcsFastSimulatorMaker::Make
StFcsFastSimulatorMaker:DEBUG - Creating StFcsCollection
StFcsFastSimulatorMaker:INFO  - TAttr::Found : fcsleakyhcal = 0

StFcsFastSimulatorMaker:INFO  - TAttr::Found : fcshcalzdepeff = 0

StFcsFastSimulatorMaker:INFO  - g2t_wca_hit table has 57 hit
StFcsFastSimulatorMaker:INFO  - ECAL det=0 id=551 volid=1552 e=0.001074
StFcsFastSimulatorMaker:INFO  - ECAL det=0 id=552 volid=1553 e=0.000261
StFcsFastSimulatorMaker:INFO  - ECAL det=0 id=572 volid=1573 e=0.000906
StFcsFastSimulatorMaker:INFO  - ECAL det=0 id=572 volid=1573 e=0.002550
StFcsFastSimulatorMaker:INFO  - ECAL det=0 id=573 volid=1574 e=0.003398
StFcsFastSimulatorMaker:INFO  - ECAL det=0 id=573 volid=1574 e=0.001111
StFcsFastSimulatorMaker:INFO  - ECAL det=0 id=575 volid=1576 e=0.000291
StFcsFastSimulatorMaker:INFO  - ECAL det=0 id=575 volid=1576 e=0.003182
StFcsFastSimulatorMaker:INFO  - ECAL det=0 id=576 volid=1577 e=0.000663
StFcsFastSimulatorMaker:INFO  - ECAL det=0 id=576 volid=1577 e=0.000668
StFcsFastSimulatorMaker:INFO  - ECAL det=0 id=594 volid=1595 e=0.004472
StFcsFastSimulatorMaker:INFO  - ECAL det=0 id=594 volid=1595 e=0.012017
StFcsFastSimulatorMaker:INFO  - ECAL det=0 id=595 volid=1596 e=0.004371
StFcsFastSimulatorMaker:INFO  - ECAL det=0 id=595 volid=1596 e=0.004405
StFcsFastSimulatorMaker:INFO  - ECAL det=0 id=595 volid=1596 e=0.047954
StFcsFastSimulatorMaker:INFO  - ECAL det=0 id=596 volid=1597 e=0.001352
StFcsFastSimulatorMaker:INFO  - ECAL det=0 id=596 volid=1597 e=0.014366
StFcsFastSimulatorMaker:INFO  - ECAL det=0 id=596 volid=1597 e=0.006445
StFcsFastSimulatorMaker:INFO  - ECAL det=0 id=597 volid=1598 e=0.018596
StFcsFastSimulatorMaker:INFO  - ECAL det=0 id=597 volid=1598 e=0.000814
StFcsFastSimulatorMaker:INFO  - ECAL det=0 id=598 volid=1599 e=0.002850
StFcsFastSimulatorMaker:INFO  - ECAL det=0 id=616 volid=1617 e=0.035710
StFcsFastSimulatorMaker:INFO  - ECAL det=0 id=616 volid=1617 e=0.028329
StFcsFastSimulatorMaker:INFO  - ECAL det=0 id=617 volid=1618 e=0.917851
StFcsFastSimulatorMaker:INFO  - ECAL det=0 id=617 volid=1618 e=0.032622
StFcsFastSimulatorMaker:INFO  - ECAL det=0 id=617 volid=1618 e=0.002145
StFcsFastSimulatorMaker:INFO  - ECAL det=0 id=617 volid=1618 e=0.670339
StFcsFastSimulatorMaker:INFO  - ECAL det=0 id=618 volid=1619 e=0.022539
StFcsFastSimulatorMaker:INFO  - ECAL det=0 id=618 volid=1619 e=0.871704
StFcsFastSimulatorMaker:INFO  - ECAL det=0 id=618 volid=1619 e=0.015475
StFcsFastSimulatorMaker:INFO  - ECAL det=0 id=618 volid=1619 e=0.025098
StFcsFastSimulatorMaker:INFO  - ECAL det=0 id=619 volid=1620 e=0.000817
StFcsFastSimulatorMaker:INFO  - ECAL det=0 id=619 volid=1620 e=0.009833
StFcsFastSimulatorMaker:INFO  - ECAL det=0 id=638 volid=1639 e=0.009453
StFcsFastSimulatorMaker:INFO  - ECAL det=0 id=638 volid=1639 e=0.000187
StFcsFastSimulatorMaker:INFO  - ECAL det=0 id=638 volid=1639 e=0.014272
StFcsFastSimulatorMaker:INFO  - ECAL det=0 id=639 volid=1640 e=0.043621
StFcsFastSimulatorMaker:INFO  - ECAL det=0 id=639 volid=1640 e=0.004542
StFcsFastSimulatorMaker:INFO  - ECAL det=0 id=639 volid=1640 e=0.004052
StFcsFastSimulatorMaker:INFO  - ECAL det=0 id=640 volid=1641 e=0.005938
StFcsFastSimulatorMaker:INFO  - ECAL det=0 id=640 volid=1641 e=0.062231
StFcsFastSimulatorMaker:INFO  - ECAL det=0 id=640 volid=1641 e=0.012091
StFcsFastSimulatorMaker:INFO  - ECAL det=0 id=641 volid=1642 e=0.005103
StFcsFastSimulatorMaker:INFO  - ECAL det=0 id=641 volid=1642 e=0.004019
StFcsFastSimulatorMaker:INFO  - ECAL det=0 id=644 volid=1645 e=0.000197
StFcsFastSimulatorMaker:INFO  - ECAL det=0 id=660 volid=1661 e=0.000149
StFcsFastSimulatorMaker:INFO  - ECAL det=0 id=661 volid=1662 e=0.000553
StFcsFastSimulatorMaker:INFO  - ECAL det=0 id=661 volid=1662 e=0.003770
StFcsFastSimulatorMaker:INFO  - ECAL det=0 id=662 volid=1663 e=0.000123
StFcsFastSimulatorMaker:INFO  - ECAL det=0 id=662 volid=1663 e=0.001471
StFcsFastSimulatorMaker:INFO  - ECAL det=0 id=686 volid=1687 e=0.001572
StFcsFastSimulatorMaker:INFO  - ECAL det=0 id=707 volid=1708 e=0.000647
StFcsFastSimulatorMaker:INFO  - ECAL det=1 id=418 volid=2419 e=0.000672
StFcsFastSimulatorMaker:INFO  - ECAL det=1 id=506 volid=2507 e=0.000430
StFcsFastSimulatorMaker:INFO  - ECAL det=1 id=506 volid=2507 e=0.001407
StFcsFastSimulatorMaker:INFO  - ECAL det=1 id=550 volid=2551 e=0.000014
StFcsFastSimulatorMaker:INFO  - ECAL det=1 id=616 volid=2617 e=0.000610
StFcsFastSimulatorMaker:INFO  - g2t_hca_hit table has 10 hit
StFcsFastSimulatorMaker:INFO  - HCAL det=2 id=182 volid= 1183 e=0.000662
StFcsFastSimulatorMaker:INFO  - HCAL det=2 id=195 volid= 1196 e=0.000033
StFcsFastSimulatorMaker:INFO  - HCAL det=2 id=208 volid= 1209 e=0.000027
StFcsFastSimulatorMaker:INFO  - HCAL det=2 id=209 volid= 1210 e=0.000679
StFcsFastSimulatorMaker:INFO  - HCAL det=2 id=221 volid= 1222 e=0.002519
StFcsFastSimulatorMaker:INFO  - HCAL det=2 id=223 volid= 1224 e=0.000009
StFcsFastSimulatorMaker:INFO  - HCAL det=2 id=234 volid= 1235 e=0.000645
StFcsFastSimulatorMaker:INFO  - HCAL det=2 id=235 volid= 1236 e=0.001254
StFcsFastSimulatorMaker:INFO  - HCAL det=2 id=247 volid= 1248 e=0.000862
StFcsFastSimulatorMaker:INFO  - HCAL det=3 id=209 volid= 2210 e=0.000196
StFcsFastSimulatorMaker:INFO  - g2t_epd_hit table has 5 hit
StFcsFastSimulatorMaker:INFO  - Pres det=4 id=166 volid=206120 e=  1.736311
StFcsFastSimulatorMaker:INFO  - Pres det=4 id=166 volid=206120 e=  3.651716
StFcsFastSimulatorMaker:INFO  - Pres det=4 id=166 volid=206120 e=  2.348842
StFcsFastSimulatorMaker:INFO  - Pres det=4 id=166 volid=206120 e=  1.461338
StFcsFastSimulatorMaker:INFO  - Pres det=4 id=166 volid=206120 e=  1.546461
StFcsFastSimulatorMaker:INFO  - Det=0 id=551 dE=   0.001 SF= 0.200 gain= 0.005 corr= 1.000 ADC=   1 ZS= 1 digiE=   0.005
StFcsFastSimulatorMaker:INFO  - Det=0 id=552 dE=   0.000 SF= 0.200 gain= 0.005 corr= 1.000 ADC=   0 ZS= 1 digiE=   0.000
StFcsFastSimulatorMaker:INFO  - Det=0 id=572 dE=   0.003 SF= 0.200 gain= 0.005 corr= 1.000 ADC=   3 ZS= 1 digiE=   0.016
StFcsFastSimulatorMaker:INFO  - Det=0 id=573 dE=   0.005 SF= 0.200 gain= 0.005 corr= 1.000 ADC=   4 ZS= 1 digiE=   0.021
StFcsFastSimulatorMaker:INFO  - Det=0 id=575 dE=   0.003 SF= 0.200 gain= 0.005 corr= 1.000 ADC=   3 ZS= 1 digiE=   0.016
StFcsFastSimulatorMaker:INFO  - Det=0 id=576 dE=   0.001 SF= 0.200 gain= 0.005 corr= 1.000 ADC=   1 ZS= 1 digiE=   0.005
StFcsFastSimulatorMaker:INFO  - Det=0 id=594 dE=   0.016 SF= 0.200 gain= 0.005 corr= 1.000 ADC=  15 ZS= 1 digiE=   0.079
StFcsFastSimulatorMaker:INFO  - Det=0 id=595 dE=   0.057 SF= 0.200 gain= 0.005 corr= 1.000 ADC=  53 ZS= 1 digiE=   0.281
StFcsFastSimulatorMaker:INFO  - Det=0 id=596 dE=   0.022 SF= 0.200 gain= 0.005 corr= 1.000 ADC=  20 ZS= 1 digiE=   0.106
StFcsFastSimulatorMaker:INFO  - Det=0 id=597 dE=   0.019 SF= 0.200 gain= 0.005 corr= 1.000 ADC=  18 ZS= 1 digiE=   0.095
StFcsFastSimulatorMaker:INFO  - Det=0 id=598 dE=   0.003 SF= 0.200 gain= 0.005 corr= 1.000 ADC=   2 ZS= 1 digiE=   0.011
StFcsFastSimulatorMaker:INFO  - Det=0 id=616 dE=   0.064 SF= 0.200 gain= 0.005 corr= 1.000 ADC=  60 ZS= 1 digiE=   0.318
StFcsFastSimulatorMaker:INFO  - Det=0 id=617 dE=   1.623 SF= 0.200 gain= 0.005 corr= 1.000 ADC=1531 ZS= 1 digiE=   8.114
StFcsFastSimulatorMaker:INFO  - Det=0 id=618 dE=   0.935 SF= 0.200 gain= 0.005 corr= 1.000 ADC= 881 ZS= 1 digiE=   4.669
StFcsFastSimulatorMaker:INFO  - Det=0 id=619 dE=   0.011 SF= 0.200 gain= 0.005 corr= 1.000 ADC=  10 ZS= 1 digiE=   0.053
StFcsFastSimulatorMaker:INFO  - Det=0 id=638 dE=   0.024 SF= 0.200 gain= 0.005 corr= 1.000 ADC=  22 ZS= 1 digiE=   0.117
StFcsFastSimulatorMaker:INFO  - Det=0 id=639 dE=   0.052 SF= 0.200 gain= 0.005 corr= 1.000 ADC=  49 ZS= 1 digiE=   0.260
StFcsFastSimulatorMaker:INFO  - Det=0 id=640 dE=   0.080 SF= 0.200 gain= 0.005 corr= 1.000 ADC=  75 ZS= 1 digiE=   0.397
StFcsFastSimulatorMaker:INFO  - Det=0 id=641 dE=   0.009 SF= 0.200 gain= 0.005 corr= 1.000 ADC=   8 ZS= 1 digiE=   0.042
StFcsFastSimulatorMaker:INFO  - Det=0 id=644 dE=   0.000 SF= 0.200 gain= 0.005 corr= 1.000 ADC=   0 ZS= 1 digiE=   0.000
StFcsFastSimulatorMaker:INFO  - Det=0 id=660 dE=   0.000 SF= 0.200 gain= 0.005 corr= 1.000 ADC=   0 ZS= 1 digiE=   0.000
StFcsFastSimulatorMaker:INFO  - Det=0 id=661 dE=   0.004 SF= 0.200 gain= 0.005 corr= 1.000 ADC=   4 ZS= 1 digiE=   0.021
StFcsFastSimulatorMaker:INFO  - Det=0 id=662 dE=   0.002 SF= 0.200 gain= 0.005 corr= 1.000 ADC=   1 ZS= 1 digiE=   0.005
StFcsFastSimulatorMaker:INFO  - Det=0 id=686 dE=   0.002 SF= 0.200 gain= 0.005 corr= 1.000 ADC=   1 ZS= 1 digiE=   0.005
StFcsFastSimulatorMaker:INFO  - Det=0 id=707 dE=   0.001 SF= 0.200 gain= 0.005 corr= 1.000 ADC=   0 ZS= 1 digiE=   0.000
StFcsFastSimulatorMaker:INFO  - Det=1 id=418 dE=   0.001 SF= 0.200 gain= 0.005 corr= 1.000 ADC=   0 ZS= 1 digiE=   0.000
StFcsFastSimulatorMaker:INFO  - Det=1 id=506 dE=   0.002 SF= 0.200 gain= 0.005 corr= 1.000 ADC=   1 ZS= 1 digiE=   0.005
StFcsFastSimulatorMaker:INFO  - Det=1 id=550 dE=   0.000 SF= 0.200 gain= 0.005 corr= 1.000 ADC=   0 ZS= 1 digiE=   0.000
StFcsFastSimulatorMaker:INFO  - Det=1 id=616 dE=   0.001 SF= 0.200 gain= 0.005 corr= 1.000 ADC=   0 ZS= 1 digiE=   0.000
StFcsFastSimulatorMaker:INFO  - Det=2 id=182 dE=   0.001 SF= 0.014 gain= 0.005 corr= 1.000 ADC=   8 ZS= 1 digiE=   0.042
StFcsFastSimulatorMaker:INFO  - Det=2 id=195 dE=   0.000 SF= 0.014 gain= 0.005 corr= 1.000 ADC=   0 ZS= 1 digiE=   0.000
StFcsFastSimulatorMaker:INFO  - Det=2 id=208 dE=   0.000 SF= 0.014 gain= 0.005 corr= 1.000 ADC=   0 ZS= 1 digiE=   0.000
StFcsFastSimulatorMaker:INFO  - Det=2 id=209 dE=   0.001 SF= 0.014 gain= 0.005 corr= 1.000 ADC=   8 ZS= 1 digiE=   0.042
StFcsFastSimulatorMaker:INFO  - Det=2 id=221 dE=   0.003 SF= 0.014 gain= 0.005 corr= 1.000 ADC=  32 ZS= 1 digiE=   0.170
StFcsFastSimulatorMaker:INFO  - Det=2 id=223 dE=   0.000 SF= 0.014 gain= 0.005 corr= 1.000 ADC=   0 ZS= 1 digiE=   0.000
StFcsFastSimulatorMaker:INFO  - Det=2 id=234 dE=   0.001 SF= 0.014 gain= 0.005 corr= 1.000 ADC=   8 ZS= 1 digiE=   0.042
StFcsFastSimulatorMaker:INFO  - Det=2 id=235 dE=   0.001 SF= 0.014 gain= 0.005 corr= 1.000 ADC=  16 ZS= 1 digiE=   0.085
StFcsFastSimulatorMaker:INFO  - Det=2 id=247 dE=   0.001 SF= 0.014 gain= 0.005 corr= 1.000 ADC=  11 ZS= 1 digiE=   0.058
StFcsFastSimulatorMaker:INFO  - Det=3 id=209 dE=   0.000 SF= 0.014 gain= 0.005 corr= 1.000 ADC=   2 ZS= 1 digiE=   0.011
StFcsFastSimulatorMaker:INFO  - Det=4 id=166 dE=  10.745 SF= 2.000 gain= 0.010 corr= 0.500 ADC=1074 ZS= 1 digiE=   5.370
StFcsFastSimulatorMaker:INFO  - wca Found 57 g2t hits in 17 cells, created 17 hits with ADC>ZS(1) and Etot=  14.617
StFcsFastSimulatorMaker:INFO  - hca Found 10 g2t hits in 7 cells, created 7 hits with ADC>ZS(1) and Etot=   0.450
StFcsFastSimulatorMaker:INFO  - pre Found 5 g2t hits in 1 cells, created 1 hits with ADC>ZS(1) and Etot=   5.370
StFcsFastSimulatorMaker:INFO  - *** StFcsFastSimulatorMaker::Make() == StOK(0) ***
StFcsWaveformFitMaker:INFO  - *** StFcsWaveformFitMaker::Make() == StOK(0) ***
StFcsClusterMaker:DEBUG - StFcsClusterMaker Make!!!
  *** Print FCS collection ***  RecFlag=0
  *** FCS Det=0 *** NHit= 17 NCluster=  1 NPoint=  0
StFcsHit: det= 0 id=617 | ns=0 ehp=0 dep=15 ch=12 | Ntb=  1 Sum=     0 Fit=  0.00   0.00 E=  8.11 | 1531 (  0) 
StFcsHit: det= 0 id=618 | ns=0 ehp=0 dep=15 ch=13 | Ntb=  1 Sum=     0 Fit=  0.00   0.00 E=  4.67 |  881 (  0) 
StFcsHit: det= 0 id=640 | ns=0 ehp=0 dep=15 ch=17 | Ntb=  1 Sum=     0 Fit=  0.00   0.00 E=  0.40 |   75 (  0) 
StFcsHit: det= 0 id=616 | ns=0 ehp=0 dep=22 ch=27 | Ntb=  1 Sum=     0 Fit=  0.00   0.00 E=  0.32 |   60 (  0) 
StFcsHit: det= 0 id=595 | ns=0 ehp=0 dep=15 ch= 8 | Ntb=  1 Sum=     0 Fit=  0.00   0.00 E=  0.28 |   53 (  0) 
StFcsHit: det= 0 id=639 | ns=0 ehp=0 dep=15 ch=16 | Ntb=  1 Sum=     0 Fit=  0.00   0.00 E=  0.26 |   49 (  0) 
StFcsHit: det= 0 id=638 | ns=0 ehp=0 dep=22 ch=28 | Ntb=  1 Sum=     0 Fit=  0.00   0.00 E=  0.12 |   22 (  0) 
StFcsHit: det= 0 id=596 | ns=0 ehp=0 dep=15 ch= 9 | Ntb=  1 Sum=     0 Fit=  0.00   0.00 E=  0.11 |   20 (  0) 
StFcsHit: det= 0 id=597 | ns=0 ehp=0 dep=15 ch=10 | Ntb=  1 Sum=     0 Fit=  0.00   0.00 E=  0.10 |   18 (  0) 
StFcsHit: det= 0 id=594 | ns=0 ehp=0 dep=22 ch=26 | Ntb=  1 Sum=     0 Fit=  0.00   0.00 E=  0.08 |   15 (  0) 
StFcsHit: det= 0 id=619 | ns=0 ehp=0 dep=15 ch=14 | Ntb=  1 Sum=     0 Fit=  0.00   0.00 E=  0.05 |   10 (  0) 
StFcsHit: det= 0 id=641 | ns=0 ehp=0 dep=15 ch=18 | Ntb=  1 Sum=     0 Fit=  0.00   0.00 E=  0.04 |    8 (  0) 
StFcsHit: det= 0 id=661 | ns=0 ehp=0 dep=15 ch=20 | Ntb=  1 Sum=     0 Fit=  0.00   0.00 E=  0.02 |    4 (  0) 
StFcsHit: det= 0 id=573 | ns=0 ehp=0 dep=15 ch= 4 | Ntb=  1 Sum=     0 Fit=  0.00   0.00 E=  0.02 |    4 (  0) 
StFcsHit: det= 0 id=575 | ns=0 ehp=0 dep=15 ch= 6 | Ntb=  1 Sum=     0 Fit=  0.00   0.00 E=  0.02 |    3 (  0) 
StFcsHit: det= 0 id=572 | ns=0 ehp=0 dep=22 ch=25 | Ntb=  1 Sum=     0 Fit=  0.00   0.00 E=  0.02 |    3 (  0) 
StFcsHit: det= 0 id=598 | ns=0 ehp=0 dep=15 ch=11 | Ntb=  1 Sum=     0 Fit=  0.00   0.00 E=  0.01 |    2 (  0) 
StFcsCluster id=   0 ctg=1 n=17 nNeigh=0 nPoints=0 loc=   1.88   28.55 PXYZE=  -0.57   -1.40   14.54   14.62 E=  14.62 sigMin/max=   0.35    0.57 Chi2=   0.00    0.00
  *** FCS Det=1 *** NHit=  0 NCluster=  0 NPoint=  0
  *** FCS Det=2 *** NHit=  6 NCluster=  1 NPoint=  0
StFcsHit: det= 2 id=221 | ns=0 ehp=1 dep= 3 ch=28 | Ntb=  1 Sum=     0 Fit=  0.00   0.00 E=  0.17 |   32 (  0) 
StFcsHit: det= 2 id=235 | ns=0 ehp=1 dep= 7 ch= 1 | Ntb=  1 Sum=     0 Fit=  0.00   0.00 E=  0.08 |   16 (  0) 
StFcsHit: det= 2 id=247 | ns=0 ehp=1 dep= 7 ch= 4 | Ntb=  1 Sum=     0 Fit=  0.00   0.00 E=  0.06 |   11 (  0) 
StFcsHit: det= 2 id=182 | ns=0 ehp=1 dep= 3 ch=16 | Ntb=  1 Sum=     0 Fit=  0.00   0.00 E=  0.04 |    8 (  0) 
StFcsHit: det= 2 id=209 | ns=0 ehp=1 dep= 3 ch=25 | Ntb=  1 Sum=     0 Fit=  0.00   0.00 E=  0.04 |    8 (  0) 
StFcsHit: det= 2 id=234 | ns=0 ehp=1 dep= 7 ch= 0 | Ntb=  1 Sum=     0 Fit=  0.00   0.00 E=  0.04 |    8 (  0) 
StFcsCluster id=   0 ctg=1 n= 5 nNeigh=0 nPoints=0 loc=   0.50   17.50 PXYZE=  -0.01   -0.04    0.40    0.40 E=   0.40 sigMin/max=   0.00    0.00 Chi2=   0.00    0.00
  *** FCS Det=3 *** NHit=  1 NCluster=  0 NPoint=  0
StFcsHit: det= 3 id=209 | ns=1 ehp=1 dep= 3 ch=25 | Ntb=  1 Sum=     0 Fit=  0.00   0.00 E=  0.01 |    2 (  0) 
  *** FCS Det=4 *** NHit=  1 NCluster=  0 NPoint=  0
StFcsHit: det= 4 id=166 | ns=0 ehp=2 dep= 5 ch= 6 | Ntb=  1 Sum=     0 Fit=  0.00   0.00 E=  5.37 | 1074 (  0) 
  *** FCS Det=5 *** NHit=  0 NCluster=  0 NPoint=  0
  *** FCS Det=6 *** NHit=  0 NCluster=  1 NPoint=  0
StFcsClusterMaker:INFO  - *** StFcsClusterMaker::Make() == StOK(0) ***
StFttClusterPointMaker:INFO  - Creating FttCollection
StFttClusterPointMaker:INFO  - Making Geant points
StFttClusterPointMaker:INFO  - *** StFttClusterPointMaker::Make() == StOK(0) ***
StFwdTrackMaker:INFO  - Setting Event Vertex from geant/g2t_vertex[0]: 0xb14f750
StFwdTrackMaker:INFO  - TAttr::Found : useftt = 1

StFwdTrackMaker:INFO  - TAttr::Found : usefst = 1

StFwdTrackMaker:INFO  - TAttr::Found : useepd = 1

StFwdTrackMaker:INFO  - There are: 2 with 0 FST, 0 with 1 FST, 0 with 2 FST, 3 with 3 FST
StFwdTrackMaker:INFO  - There are: 2 with 0 FTT, 0 with 1 FTT, 0 with 2 FTT, 0 with 3 FTT, 0 with 4 FTT, 0 with 5 FTT, 0 with 6 FTT, 0 with 7 FTT, 3 with 8 FTT
StFwdTrackMaker:INFO  - There are 3 McTracks with > 2 FST hits (#of possible seeds)
StFwdTrackMaker:INFO  - 	Finding FWD Track Seeds
StFwdTrackMaker:INFO  - Hitmap Source: fst
StFwdTrackMaker:INFO  - Performing Fwd Seed finding with mode: fst = 
StFwdTrackMaker:INFO  - Found 3 seeds in 1 iterations
StFwdTrackMaker:INFO  - Total Hits removed: 0
StFwdTrackMaker:INFO  - Seed [0] with 3 hits : id=6@2id=3@1id=0@0
StFwdTrackMaker:INFO  - Seed [1] with 3 hits : id=7@2id=5@1id=1@0
StFwdTrackMaker:INFO  - Seed [2] with 3 hits : id=8@2id=4@1id=2@0
StFwdTrackMaker:INFO  - <<Fwd Tracking Found : 3 Track Seeds from 3 FST hits and 4 sTGC hits
StFwdTrackMaker:INFO  -     (vs. 3 McTracks with FST>2, eff = 1)
StFwdTrackMaker:INFO  - 	Fitting FWD Track Seeds
StFwdTrackMaker:INFO  - TrackFitter:refit = 1
StFwdTrackMaker:INFO  - Starting Track fitting loop with 3 track seeds
StFwdTrackMaker:INFO  - TrackFitter:refit = 1
StFwdTrackMaker:INFO  - 		Mc Match idTruth=1, quality = 1
StFwdTrackMaker:INFO  - GenFitTrackResult::mIdTruth = 1, QaTruth = 1
StFwdTrackMaker:INFO  - GenericFitSeeder::makeSeed::Curvature: 0.666488
StFwdTrackMaker:INFO  - GenericFitSeeder::makeSeed::pt = 0.00224903
StFwdTrackMaker:INFO  - Track Setup complete, track has 3 points
StFwdTrackMaker:INFO  -  sorting changed track points: 0
StFwdTrackMaker:INFO  - Fit status:  1
StFwdTrackMaker:INFO  - -Fit pvalue: 0.654985
StFwdTrackMaker:INFO  - -Fit Chi2:   0.199672
StFwdTrackMaker:INFO  - -Fit Chi2:   0.199672
StFwdTrackMaker:INFO  - Track fit charge: 1Fit momentum: -0.0176979, -0.0529451, 0.548078
StFwdTrackMaker:INFO  - 	Fit Pt: 0.0558248, eta: 2.97993, phi: -1.89339
StFwdTrackMaker:INFO  - Track fit update complete!
StFwdTrackMaker:INFO  - Track Reps: 1
StFwdTrackMaker:INFO  - Track Rep 0 
genfit::AbsTrackRep, pdgCode = 211. PropDir = 0
fitStatus 
 track has been fitted, fit has converged fully, 0 TrackPoints could not be processed, fitted charge = 1, PruneFlags: 
 track has been fitted with reference track, numIterations = 3, track length = 28.5725, fChi2 = 0.199672, bChi2 = 0.199672, fNdf = 1, bNdf = 1, fPVal = 0.654985, bPVal = 0.654985

StFwdTrackMaker:INFO  - GenFitTrackResult::mIdTruth = 1, QaTruth = 1
StFwdTrackMaker:INFO  - GTR Setting momentum from track
StFwdTrackMaker:INFO  - --isFitConvergedPartially() = 1
StFwdTrackMaker:INFO  - --isFitConverged() = 1
StFwdTrackMaker:INFO  - --isFitConvergedFully() = 1
StFwdTrackMaker:INFO  - Looking for FTT strips near projected state on disk 0
StFwdTrackMaker:INFO  - There are 6 available FTT strips on this disk
AAA FTT proj z= 312.84  x=-14.003 y=-28.068  r= 31.367 phi=-2.0336  sigU= 5.888 sigV= 0.098
AAA FTT momentum at proj: pT= 0.055 eta= 2.998 phi=-2.2406  px= -0.034 py= -0.043 pz=  0.548
AAA FTT search thresholds: dPhi<0.1200 dR<30.00 dx<7.50 dy<7.50  nHits=6
findFttHitsNearProjectedState, msp = (-14.003084, -28.067637)
AAA FTT hit H pos=( -8.038+/-4.33, -29.507+/-0.01)  dx= 5.966 dy= 1.440 dR= 0.784 dPhi=0.1968 (tid=1)  dPhi:FAIL dR:OK XY:OK
	 vs. hit@(-10.667669+/-4.330127, -29.139639+/-0.010000) => dx=3.335415, dy=1.072002, dR=0.335924, dPhi=0.111837 (tid=2), strip=horizontal
AAA FTT hit H pos=(-10.668+/-4.33, -29.140+/-0.01)  dx= 3.335 dy= 1.072 dR= 0.336 dPhi=0.1118 (tid=2)  dPhi:OK dR:OK XY:OK
	 vs. hit@(-17.051289+/-4.330127, -29.472696+/-0.010000) => dx=3.048204, dy=1.405059, dR=2.682922, dPhi=0.061723 (tid=3), strip=horizontal
AAA FTT hit H pos=(-17.051+/-4.33, -29.473+/-0.01)  dx= 3.048 dy= 1.405 dR= 2.683 dPhi=0.0617 (tid=3)  dPhi:OK dR:OK XY:OK
AAA FTT hit V pos=(-11.261+/-0.01, -35.226+/-4.33)  dx= 2.742 dy= 7.158 dR= 5.615 dPhi=0.1534 (tid=1)  dPhi:FAIL dR:OK XY:OK
	 vs. hit@(-13.726418+/-0.010000, -35.546883+/-4.330127) => dx=0.276666, dy=7.479246, dR=6.738219, dPhi=0.094261 (tid=2), strip=vertical
AAA FTT hit V pos=(-13.726+/-0.01, -35.547+/-4.33)  dx= 0.277 dy= 7.479 dR= 6.738 dPhi=0.0943 (tid=2)  dPhi:OK dR:OK XY:OK
AAA FTT hit V pos=(-11.508+/-0.01, -33.711+/-4.33)  dx= 2.495 dy= 5.643 dR= 4.254 dPhi=0.1338 (tid=3)  dPhi:FAIL dR:OK XY:OK
StFwdTrackMaker:INFO  - Adding horizontal strip hit with dPhi = 0.0617233, dR = 2.68292, dx = 3.0482, dy = 1.40506
StFwdTrackMaker:INFO  - Adding vertical strip hit with dPhi = 0.0942615, dR = 6.73822, dx = 0.276666, dy = 7.47925
StFwdTrackMaker:INFO  - Closest horizontal FTT strip to FST state: dR=2.682922, dPhi=0.061723, dx=3.048204, dy=1.405059 (tid=3) 
AAA FTT closest-H dPhi=0.0617(<0.1200) dR= 2.683(< 30.0) dx= 3.048 dy= 1.405(< 7.50) tid=3 -> ACCEPT
StFwdTrackMaker:INFO  - Closest vertical FTT strip to FST state: dR=6.738219, dPhi=0.094261, dx=0.276666, dy=7.479246 (tid=2) 
AAA FTT closest-V dPhi=0.0943(<0.1200) dR= 6.738(< 30.0) dx= 0.277 dy= 7.479(< 7.50) tid=2 -> ACCEPT
AAA FTT result: 2 hits added (H:ACCEPT V:ACCEPT)
StFwdTrackMaker:INFO  -  Found #FTT strips on plane #0 = [2]
StFwdTrackMaker:INFO  - Found 3 existing seed points
StFwdTrackMaker:INFO  - Adding 2 new FTT seed points
StFwdTrackMaker:INFO  - Looking for FTT strips near projected state on disk 1
StFwdTrackMaker:INFO  - There are 6 available FTT strips on this disk
AAA FTT proj z= 330.84  x=-15.095 y=-29.485  r= 33.125 phi=-2.0440  sigU= 5.888 sigV= 0.098
AAA FTT momentum at proj: pT= 0.054 eta= 3.011 phi=-2.2091  px= -0.032 py= -0.043 pz=  0.548
AAA FTT search thresholds: dPhi<0.1200 dR<30.00 dx<7.50 dy<7.50  nHits=6
findFttHitsNearProjectedState, msp = (-15.094977, -29.485383)
	 vs. hit@(-12.847940+/-4.330127, -31.236794+/-0.010000) => dx=2.247037, dy=1.751410, dR=0.651126, dPhi=0.082944 (tid=1), strip=horizontal
AAA FTT hit H pos=(-12.848+/-4.33, -31.237+/-0.01)  dx= 2.247 dy= 1.751 dR= 0.651 dPhi=0.0829 (tid=1)  dPhi:OK dR:OK XY:OK
	 vs. hit@(-11.676448+/-4.330127, -30.839258+/-0.010000) => dx=3.418529, dy=1.353875, dR=0.148968, dPhi=0.111217 (tid=2), strip=horizontal
AAA FTT hit H pos=(-11.676+/-4.33, -30.839+/-0.01)  dx= 3.419 dy= 1.354 dR= 0.149 dPhi=0.1112 (tid=2)  dPhi:OK dR:OK XY:OK
	 vs. hit@(-18.889715+/-4.330127, -31.204161+/-0.010000) => dx=3.794738, dy=1.718777, dR=3.351601, dPhi=0.071190 (tid=3), strip=horizontal
AAA FTT hit H pos=(-18.890+/-4.33, -31.204+/-0.01)  dx= 3.795 dy= 1.719 dR= 3.352 dPhi=0.0712 (tid=3)  dPhi:OK dR:OK XY:OK
	 vs. hit@(-11.855920+/-0.010000, -27.745050+/-4.330127) => dx=3.239057, dy=1.740333, dR=2.952688, dPhi=0.069329 (tid=1), strip=vertical
AAA FTT hit V pos=(-11.856+/-0.01, -27.745+/-4.33)  dx= 3.239 dy= 1.740 dR= 2.953 dPhi=0.0693 (tid=1)  dPhi:OK dR:OK XY:OK
	 vs. hit@(-14.554903+/-0.010000, -31.528025+/-4.330127) => dx=0.540074, dy=2.042641, dR=1.600811, dPhi=0.040661 (tid=2), strip=vertical
AAA FTT hit V pos=(-14.555+/-0.01, -31.528+/-4.33)  dx= 0.540 dy= 2.043 dR= 1.601 dPhi=0.0407 (tid=2)  dPhi:OK dR:OK XY:OK
	 vs. hit@(-12.136179+/-0.010000, -28.631783+/-4.330127) => dx=2.958798, dy=0.853601, dR=2.027024, dPhi=0.072246 (tid=3), strip=vertical
AAA FTT hit V pos=(-12.136+/-0.01, -28.632+/-4.33)  dx= 2.959 dy= 0.854 dR= 2.027 dPhi=0.0722 (tid=3)  dPhi:OK dR:OK XY:OK
StFwdTrackMaker:INFO  - Adding horizontal strip hit with dPhi = 0.0711904, dR = 3.3516, dx = 3.79474, dy = 1.71878
StFwdTrackMaker:INFO  - Adding vertical strip hit with dPhi = 0.0406606, dR = 1.60081, dx = 0.540074, dy = 2.04264
StFwdTrackMaker:INFO  - Closest horizontal FTT strip to FST state: dR=3.351601, dPhi=0.071190, dx=3.794738, dy=1.718777 (tid=3) 
AAA FTT closest-H dPhi=0.0712(<0.1200) dR= 3.352(< 30.0) dx= 3.795 dy= 1.719(< 7.50) tid=3 -> ACCEPT
StFwdTrackMaker:INFO  - Closest vertical FTT strip to FST state: dR=1.600811, dPhi=0.040661, dx=0.540074, dy=2.042641 (tid=2) 
AAA FTT closest-V dPhi=0.0407(<0.1200) dR= 1.601(< 30.0) dx= 0.540 dy= 2.043(< 7.50) tid=2 -> ACCEPT
AAA FTT result: 2 hits added (H:ACCEPT V:ACCEPT)
StFwdTrackMaker:INFO  -  Found #FTT strips on plane #1 = [2]
StFwdTrackMaker:INFO  - Found 5 existing seed points
StFwdTrackMaker:INFO  - Adding 2 new FTT seed points
StFwdTrackMaker:INFO  - Looking for FTT strips near projected state on disk 2
StFwdTrackMaker:INFO  - There are 6 available FTT strips on this disk
AAA FTT proj z= 346.85  x=-16.005 y=-30.768  r= 34.682 phi=-2.0505  sigU= 5.888 sigV= 0.100
AAA FTT momentum at proj: pT= 0.054 eta= 3.020 phi=-2.1657  px= -0.030 py= -0.044 pz=  0.548
AAA FTT search thresholds: dPhi<0.1200 dR<30.00 dx<7.50 dy<7.50  nHits=6
findFttHitsNearProjectedState, msp = (-16.005226, -30.767803)
AAA FTT hit H pos=( -9.371+/-4.33, -32.772+/-0.01)  dx= 6.634 dy= 2.005 dR= 0.596 dPhi=0.2011 (tid=1)  dPhi:FAIL dR:OK XY:OK
	 vs. hit@(-17.632147+/-4.330127, -32.285282+/-0.010000) => dx=1.626921, dy=1.517479, dR=2.104535, dPhi=0.020200 (tid=2), strip=horizontal
AAA FTT hit H pos=(-17.632+/-4.33, -32.285+/-0.01)  dx= 1.627 dy= 1.517 dR= 2.105 dPhi=0.0202 (tid=2)  dPhi:OK dR:OK XY:OK
	 vs. hit@(-13.540433+/-4.330127, -32.718029+/-0.010000) => dx=2.464793, dy=1.950226, dR=0.727451, dPhi=0.087281 (tid=3), strip=horizontal
AAA FTT hit H pos=(-13.540+/-4.33, -32.718+/-0.01)  dx= 2.465 dy= 1.950 dR= 0.727 dPhi=0.0873 (tid=3)  dPhi:OK dR:OK XY:OK
	 vs. hit@(-12.404651+/-0.010000, -31.013594+/-4.330127) => dx=3.600575, dy=0.245790, dR=1.279397, dPhi=0.099187 (tid=1), strip=vertical
AAA FTT hit V pos=(-12.405+/-0.01, -31.014+/-4.33)  dx= 3.601 dy= 0.246 dR= 1.279 dPhi=0.0992 (tid=1)  dPhi:OK dR:OK XY:OK
	 vs. hit@(-15.264917+/-0.010000, -34.368534+/-4.330127) => dx=0.740308, dy=3.600731, dR=2.924267, dPhi=0.061690 (tid=2), strip=vertical
AAA FTT hit V pos=(-15.265+/-0.01, -34.369+/-4.33)  dx= 0.740 dy= 3.601 dR= 2.924 dPhi=0.0617 (tid=2)  dPhi:OK dR:OK XY:OK
AAA FTT hit V pos=(-12.647+/-0.01, -38.210+/-4.33)  dx= 3.359 dy= 7.442 dR= 5.566 dPhi=0.1600 (tid=3)  dPhi:FAIL dR:OK XY:OK
StFwdTrackMaker:INFO  - Adding horizontal strip hit with dPhi = 0.0201996, dR = 2.10454, dx = 1.62692, dy = 1.51748
StFwdTrackMaker:INFO  - Adding vertical strip hit with dPhi = 0.0616903, dR = 2.92427, dx = 0.740308, dy = 3.60073
StFwdTrackMaker:INFO  - Closest horizontal FTT strip to FST state: dR=2.104535, dPhi=0.020200, dx=1.626921, dy=1.517479 (tid=2) 
AAA FTT closest-H dPhi=0.0202(<0.1200) dR= 2.105(< 30.0) dx= 1.627 dy= 1.517(< 7.50) tid=2 -> ACCEPT
StFwdTrackMaker:INFO  - Closest vertical FTT strip to FST state: dR=2.924267, dPhi=0.061690, dx=0.740308, dy=3.600731 (tid=2) 
AAA FTT closest-V dPhi=0.0617(<0.1200) dR= 2.924(< 30.0) dx= 0.740 dy= 3.601(< 7.50) tid=2 -> ACCEPT
AAA FTT result: 2 hits added (H:ACCEPT V:ACCEPT)
StFwdTrackMaker:INFO  -  Found #FTT strips on plane #2 = [2]
StFwdTrackMaker:INFO  - Found 7 existing seed points
StFwdTrackMaker:INFO  - Adding 2 new FTT seed points
StFwdTrackMaker:INFO  - Looking for FTT strips near projected state on disk 3
StFwdTrackMaker:INFO  - There are 6 available FTT strips on this disk
AAA FTT proj z= 364.84  x=-16.952 y=-32.244  r= 36.428 phi=-2.0548  sigU= 5.888 sigV= 0.103
AAA FTT momentum at proj: pT= 0.053 eta= 3.026 phi=-2.1172  px= -0.028 py= -0.046 pz=  0.548
AAA FTT search thresholds: dPhi<0.1200 dR<30.00 dx<7.50 dy<7.50  nHits=6
findFttHitsNearProjectedState, msp = (-16.951574, -32.243953)
AAA FTT hit H pos=( -9.324+/-4.33, -34.467+/-0.01)  dx= 7.628 dy= 2.223 dR= 0.723 dPhi=0.2198 (tid=1)  dPhi:FAIL dR:OK XY:OK
	 vs. hit@(-17.670483+/-4.330127, -33.987007+/-0.010000) => dx=0.718908, dy=1.743054, dR=1.877768, dPhi=0.004563 (tid=2), strip=horizontal
AAA FTT hit H pos=(-17.670+/-4.33, -33.987+/-0.01)  dx= 0.719 dy= 1.743 dR= 1.878 dPhi=0.0046 (tid=2)  dPhi:OK dR:OK XY:OK
	 vs. hit@(-15.498422+/-4.330127, -34.389561+/-0.010000) => dx=1.453153, dy=2.145607, dR=1.292190, dPhi=0.060605 (tid=3), strip=horizontal
AAA FTT hit H pos=(-15.498+/-4.33, -34.390+/-0.01)  dx= 1.453 dy= 2.146 dR= 1.292 dPhi=0.0606 (tid=3)  dPhi:OK dR:OK XY:OK
	 vs. hit@(-13.021799+/-0.010000, -33.550606+/-4.330127) => dx=3.929775, dy=1.306652, dR=0.439369, dPhi=0.113791 (tid=1), strip=vertical
AAA FTT hit V pos=(-13.022+/-0.01, -33.551+/-4.33)  dx= 3.930 dy= 1.307 dR= 0.439 dPhi=0.1138 (tid=1)  dPhi:OK dR:OK XY:OK
	 vs. hit@(-16.123884+/-0.010000, -40.968906+/-4.330127) => dx=0.827690, dy=8.724953, dR=7.599215, dPhi=0.109072 (tid=2), strip=vertical
AAA FTT hit V pos=(-16.124+/-0.01, -40.969+/-4.33)  dx= 0.828 dy= 8.725 dR= 7.599 dPhi=0.1091 (tid=2)  dPhi:OK dR:OK XY:OK
AAA FTT hit V pos=(-13.242+/-0.01, -38.369+/-4.33)  dx= 3.710 dy= 6.125 dR= 4.161 dPhi=0.1517 (tid=3)  dPhi:FAIL dR:OK XY:OK
StFwdTrackMaker:INFO  - Adding horizontal strip hit with dPhi = 0.0045628, dR = 1.87777, dx = 0.718908, dy = 1.74305
StFwdTrackMaker:INFO  - Adding vertical strip hit with dPhi = 0.109072, dR = 7.59921, dx = 0.82769, dy = 8.72495
StFwdTrackMaker:INFO  - Closest horizontal FTT strip to FST state: dR=1.877768, dPhi=0.004563, dx=0.718908, dy=1.743054 (tid=2) 
AAA FTT closest-H dPhi=0.0046(<0.1200) dR= 1.878(< 30.0) dx= 0.719 dy= 1.743(< 7.50) tid=2 -> ACCEPT
StFwdTrackMaker:INFO  - Closest vertical FTT strip to FST state: dR=7.599215, dPhi=0.109072, dx=0.827690, dy=8.724953 (tid=2) 
AAA FTT closest-V dPhi=0.1091(<0.1200) dR= 7.599(< 30.0) dx= 0.828 dy= 8.725(< 7.50) tid=2 -> ACCEPT
AAA FTT result: 2 hits added (H:ACCEPT V:ACCEPT)
StFwdTrackMaker:INFO  -  Found #FTT strips on plane #3 = [2]
StFwdTrackMaker:INFO  - Found 9 existing seed points
StFwdTrackMaker:INFO  - Adding 2 new FTT seed points
StFwdTrackMaker:INFO  - Closest EPD hit to state: dR=0.259290, dPhi=-0.092659, dx=3.236100, dy=-1.233506
StFwdTrackMaker:INFO  - GenFitTrackResult::mIdTruth = 2, QaTruth = 0.5
StFwdTrackMaker:INFO  - GenericFitSeeder::makeSeed::Curvature: -0.0319277
StFwdTrackMaker:INFO  - GenericFitSeeder::makeSeed::pt = 0.0469483
StFwdTrackMaker:INFO  - Note: Using externally provided seed momentum
StFwdTrackMaker:INFO  - Track Setup complete, track has 12 points
StFwdTrackMaker:INFO  -  sorting changed track points: 1
StFwdTrackMaker:INFO  - Fit status:  1
StFwdTrackMaker:INFO  - -Fit pvalue: 2.72937e-86
StFwdTrackMaker:INFO  - -Fit Chi2:   463.301
StFwdTrackMaker:INFO  - -Fit Chi2:   463.301
StFwdTrackMaker:INFO  - Track fit charge: 1Fit momentum: -0.7566, -1.40915, 16.5318
StFwdTrackMaker:INFO  - 	Fit Pt: 1.59943, eta: 3.03112, phi: -2.06354
StFwdTrackMaker:INFO  - Track fit update complete!
StFwdTrackMaker:INFO  - Track Reps: 1
StFwdTrackMaker:INFO  - Track Rep 0 
genfit::AbsTrackRep, pdgCode = -211. PropDir = 0
fitStatus 
 track has been fitted, fit has converged fully, 0 TrackPoints could not be processed, fitted charge = 1, PruneFlags: 
 track has been fitted with reference track, numIterations = 5, track length = -9.6016, fChi2 = 463.301, bChi2 = 463.301, fNdf = 19, bNdf = 19, fPVal = 2.72939e-86, bPVal = 2.72937e-86

StFwdTrackMaker:INFO  - GenFitTrackResult::mIdTruth = 2, QaTruth = 0.5
StFwdTrackMaker:INFO  - GTR Setting momentum from track
StFwdTrackMaker:INFO  - --isFitConvergedPartially() = 1
StFwdTrackMaker:INFO  - --isFitConverged() = 1
StFwdTrackMaker:INFO  - --isFitConvergedFully() = 1
StFwdTrackMaker:INFO  - 		Mc Match idTruth=2, quality = 0.666667
StFwdTrackMaker:INFO  - GenFitTrackResult::mIdTruth = 2, QaTruth = 0.666667
StFwdTrackMaker:INFO  - GenericFitSeeder::makeSeed::Curvature: 0.657664
StFwdTrackMaker:INFO  - GenericFitSeeder::makeSeed::pt = 0.0022792
StFwdTrackMaker:INFO  - Track Setup complete, track has 3 points
StFwdTrackMaker:INFO  -  sorting changed track points: 0
StFwdTrackMaker:INFO  - Fit status:  1
StFwdTrackMaker:INFO  - -Fit pvalue: 0.478421
StFwdTrackMaker:INFO  - -Fit Chi2:   0.502461
StFwdTrackMaker:INFO  - -Fit Chi2:   0.502461
StFwdTrackMaker:INFO  - Track fit charge: 1Fit momentum: -0.00106867, 0.000562444, 0.006663
StFwdTrackMaker:INFO  - 	Fit Pt: 0.00120764, eta: 2.40916, phi: 2.65713
StFwdTrackMaker:INFO  - Track fit update complete!
StFwdTrackMaker:INFO  - Track Reps: 1
StFwdTrackMaker:INFO  - Track Rep 0 
genfit::AbsTrackRep, pdgCode = 211. PropDir = 0
fitStatus 
 track has been fitted, fit has converged fully, 0 TrackPoints could not be processed, fitted charge = 1, PruneFlags: 
 track has been fitted with reference track, numIterations = 6, track length = 28.8453, fChi2 = 0.502461, bChi2 = 0.502461, fNdf = 1, bNdf = 1, fPVal = 0.478421, bPVal = 0.478421

StFwdTrackMaker:INFO  - GenFitTrackResult::mIdTruth = 2, QaTruth = 0.666667
StFwdTrackMaker:INFO  - GTR Setting momentum from track
StFwdTrackMaker:INFO  - --isFitConvergedPartially() = 1
StFwdTrackMaker:INFO  - --isFitConverged() = 1
StFwdTrackMaker:INFO  - --isFitConvergedFully() = 1
StFwdTrackMaker:WARN  - addFttHits: skipping blown-up state pT=0.00120764
StFwdTrackMaker:WARN  - addFttHits: skipping blown-up state pT=0.00120764
StFwdTrackMaker:WARN  - addFttHits: skipping blown-up state pT=0.00120764
StFwdTrackMaker:WARN  - addFttHits: skipping blown-up state pT=0.00120764
StFwdTrackMaker:WARN  - addEpdHits: skipping blown-up state pT=0.00120764
StFwdTrackMaker:INFO  - GenFitTrackResult::mIdTruth = 2, QaTruth = 0.666667
StFwdTrackMaker:INFO  - GenericFitSeeder::makeSeed::Curvature: 0.657664
StFwdTrackMaker:INFO  - GenericFitSeeder::makeSeed::pt = 0.0022792
StFwdTrackMaker:INFO  - Note: Using externally provided seed momentum
StFwdTrackMaker:INFO  - Track Setup complete, track has 3 points
StFwdTrackMaker:INFO  -  sorting changed track points: 0
StFwdTrackMaker:INFO  - Fit status:  1
StFwdTrackMaker:INFO  - -Fit pvalue: 0.478374
StFwdTrackMaker:INFO  - -Fit Chi2:   0.502567
StFwdTrackMaker:INFO  - -Fit Chi2:   0.502567
StFwdTrackMaker:INFO  - Track fit charge: 1Fit momentum: -0.00106541, 0.00056166, 0.00666223
StFwdTrackMaker:INFO  - 	Fit Pt: 0.00120439, eta: 2.4117, phi: 2.65644
StFwdTrackMaker:INFO  - Track fit update complete!
StFwdTrackMaker:INFO  - Track Reps: 1
StFwdTrackMaker:INFO  - Track Rep 0 
genfit::AbsTrackRep, pdgCode = 211. PropDir = 0
fitStatus 
 track has been fitted, fit has converged fully, 0 TrackPoints could not be processed, fitted charge = 1, PruneFlags: 
 track has been fitted with reference track, numIterations = 4, track length = 28.8792, fChi2 = 0.502567, bChi2 = 0.502567, fNdf = 1, bNdf = 1, fPVal = 0.478374, bPVal = 0.478374

StFwdTrackMaker:INFO  - GenFitTrackResult::mIdTruth = 2, QaTruth = 0.666667
StFwdTrackMaker:INFO  - GTR Setting momentum from track
StFwdTrackMaker:INFO  - --isFitConvergedPartially() = 1
StFwdTrackMaker:INFO  - --isFitConverged() = 1
StFwdTrackMaker:INFO  - --isFitConvergedFully() = 1
StFwdTrackMaker:INFO  - 		Mc Match idTruth=3, quality = 0.666667
StFwdTrackMaker:INFO  - GenFitTrackResult::mIdTruth = 3, QaTruth = 0.666667
StFwdTrackMaker:INFO  - GenericFitSeeder::makeSeed::Curvature: -0.657664
StFwdTrackMaker:INFO  - GenericFitSeeder::makeSeed::pt = 0.0022792
StFwdTrackMaker:INFO  - Track Setup complete, track has 3 points
StFwdTrackMaker:INFO  -  sorting changed track points: 0
StFwdTrackMaker:INFO  - Fit status:  1
StFwdTrackMaker:INFO  - -Fit pvalue: 0.485323
StFwdTrackMaker:INFO  - -Fit Chi2:   0.486878
StFwdTrackMaker:INFO  - -Fit Chi2:   0.486878
StFwdTrackMaker:INFO  - Track fit charge: -1Fit momentum: -0.000749756, 0.000884264, 0.00686853
StFwdTrackMaker:INFO  - 	Fit Pt: 0.00115934, eta: 2.4793, phi: 2.27406
StFwdTrackMaker:INFO  - Track fit update complete!
StFwdTrackMaker:INFO  - Track Reps: 1
StFwdTrackMaker:INFO  - Track Rep 0 
genfit::AbsTrackRep, pdgCode = -211. PropDir = 0
fitStatus 
 track has been fitted, fit has converged fully, 0 TrackPoints could not be processed, fitted charge = -1, PruneFlags: 
 track has been fitted with reference track, numIterations = 4, track length = 28.8075, fChi2 = 0.486878, bChi2 = 0.486878, fNdf = 1, bNdf = 1, fPVal = 0.485323, bPVal = 0.485323

StFwdTrackMaker:INFO  - GenFitTrackResult::mIdTruth = 3, QaTruth = 0.666667
StFwdTrackMaker:INFO  - GTR Setting momentum from track
StFwdTrackMaker:INFO  - --isFitConvergedPartially() = 1
StFwdTrackMaker:INFO  - --isFitConverged() = 1
StFwdTrackMaker:INFO  - --isFitConvergedFully() = 1
StFwdTrackMaker:WARN  - addFttHits: skipping blown-up state pT=0.00115934
StFwdTrackMaker:WARN  - addFttHits: skipping blown-up state pT=0.00115934
StFwdTrackMaker:WARN  - addFttHits: skipping blown-up state pT=0.00115934
StFwdTrackMaker:WARN  - addFttHits: skipping blown-up state pT=0.00115934
StFwdTrackMaker:WARN  - addEpdHits: skipping blown-up state pT=0.00115934
StFwdTrackMaker:INFO  - GenFitTrackResult::mIdTruth = 3, QaTruth = 0.666667
StFwdTrackMaker:INFO  - GenericFitSeeder::makeSeed::Curvature: -0.657664
StFwdTrackMaker:INFO  - GenericFitSeeder::makeSeed::pt = 0.0022792
StFwdTrackMaker:INFO  - Note: Using externally provided seed momentum
StFwdTrackMaker:INFO  - Track Setup complete, track has 3 points
StFwdTrackMaker:INFO  -  sorting changed track points: 0
StFwdTrackMaker:INFO  - Fit status:  1
StFwdTrackMaker:INFO  - -Fit pvalue: 0.485336
StFwdTrackMaker:INFO  - -Fit Chi2:   0.486849
StFwdTrackMaker:INFO  - -Fit Chi2:   0.486849
StFwdTrackMaker:INFO  - Track fit charge: -1Fit momentum: -0.000756678, 0.000888814, 0.00686763
StFwdTrackMaker:INFO  - 	Fit Pt: 0.00116728, eta: 2.47243, phi: 2.27606
StFwdTrackMaker:INFO  - Track fit update complete!
StFwdTrackMaker:INFO  - Track Reps: 1
StFwdTrackMaker:INFO  - Track Rep 0 
genfit::AbsTrackRep, pdgCode = -211. PropDir = 0
fitStatus 
 track has been fitted, fit has converged fully, 0 TrackPoints could not be processed, fitted charge = -1, PruneFlags: 
 track has been fitted with reference track, numIterations = 4, track length = 28.8423, fChi2 = 0.486852, bChi2 = 0.486849, fNdf = 1, bNdf = 1, fPVal = 0.485335, bPVal = 0.485336

StFwdTrackMaker:INFO  - GenFitTrackResult::mIdTruth = 3, QaTruth = 0.666667
StFwdTrackMaker:INFO  - GTR Setting momentum from track
StFwdTrackMaker:INFO  - --isFitConvergedPartially() = 1
StFwdTrackMaker:INFO  - --isFitConverged() = 1
StFwdTrackMaker:INFO  - --isFitConvergedFully() = 1
StFwdTrackMaker:INFO  - Global track fitting completed, found 3 global tracks from 3 track seed candidates
StFwdTrackMaker:INFO  - >>doBeamlineTrackFitting( #globals = 3 )
StFwdTrackMaker:INFO  - doBeamlineTrackFitting>>0 McId=2 with Beamline, seed already has: 12 hits
StFwdTrackMaker:INFO  - mBeamlineHit: 0, 0, 0
StFwdTrackMaker:INFO  - This fit is for a global that converged? = 1
StFwdTrackMaker:INFO  - GenFitTrackResult::mIdTruth = 2, QaTruth = 0.461538
StFwdTrackMaker:INFO  - GenericFitSeeder::makeSeed::Curvature: -0.0214809
StFwdTrackMaker:INFO  - GenericFitSeeder::makeSeed::pt = 0.0697805
StFwdTrackMaker:INFO  - Track Setup complete, track has 13 points
StFwdTrackMaker:INFO  -  sorting changed track points: 1
StFwdTrackMaker:INFO  - Fit status:  1
StFwdTrackMaker:INFO  - -Fit pvalue: 2.91935e-86
StFwdTrackMaker:INFO  - -Fit Chi2:   469.828
StFwdTrackMaker:INFO  - -Fit Chi2:   469.828
StFwdTrackMaker:INFO  - Track fit charge: 1Fit momentum: -0.101347, -0.268646, 2.95659
StFwdTrackMaker:INFO  - 	Fit Pt: 0.287127, eta: 3.02737, phi: -1.93154
StFwdTrackMaker:INFO  - Track fit update complete!
StFwdTrackMaker:INFO  - Track Reps: 1
StFwdTrackMaker:INFO  - Track Rep 0 
genfit::AbsTrackRep, pdgCode = -211. PropDir = 0
fitStatus 
 track has been fitted, fit has converged fully, 0 TrackPoints could not be processed, fitted charge = 1, PruneFlags: 
 track has been fitted with reference track, numIterations = 7, track length = 390.664, fChi2 = 469.828, bChi2 = 469.828, fNdf = 21, bNdf = 21, fPVal = 2.91938e-86, bPVal = 2.91935e-86

StFwdTrackMaker:INFO  - GenFitTrackResult::mIdTruth = 2, QaTruth = 0.461538
StFwdTrackMaker:INFO  - GTR Setting momentum from track
StFwdTrackMaker:INFO  - --isFitConvergedPartially() = 1
StFwdTrackMaker:INFO  - --isFitConverged() = 1
StFwdTrackMaker:INFO  - --isFitConvergedFully() = 1
StFwdTrackMaker:INFO  - SEED momentum:-0.7566, -1.40915, 16.5318
StFwdTrackMaker:INFO  - 	Initial Beamline fit completed, now refitting with additional hits
StFwdTrackMaker:INFO  - Looking for FTT strips near projected state on disk 0
StFwdTrackMaker:INFO  - There are 6 available FTT strips on this disk
AAA FTT proj z= 312.84  x=-13.676 y=-29.580  r= 32.589 phi=-2.0039  sigU= 0.058 sigV= 0.000
AAA FTT momentum at proj: pT= 0.287 eta= 3.029 phi=-2.0816  px= -0.140 py= -0.250 pz=  2.957
AAA FTT search thresholds: dPhi<0.1200 dR<30.00 dx<7.50 dy<7.50  nHits=6
findFttHitsNearProjectedState, msp = (-13.676479, -29.579950)
AAA FTT hit H pos=( -8.038+/-4.33, -29.507+/-0.01)  dx= 5.639 dy= 0.073 dR= 2.006 dPhi=0.1671 (tid=1)  dPhi:FAIL dR:OK XY:OK
	 vs. hit@(-10.667669+/-4.330127, -29.139639+/-0.010000) => dx=3.008810, dy=0.440311, dR=1.557726, dPhi=0.082147 (tid=2), strip=horizontal
AAA FTT hit H pos=(-10.668+/-4.33, -29.140+/-0.01)  dx= 3.009 dy= 0.440 dR= 1.558 dPhi=0.0821 (tid=2)  dPhi:OK dR:OK XY:OK
	 vs. hit@(-17.051289+/-4.330127, -29.472696+/-0.010000) => dx=3.374809, dy=0.107254, dR=1.461121, dPhi=0.091413 (tid=3), strip=horizontal
AAA FTT hit H pos=(-17.051+/-4.33, -29.473+/-0.01)  dx= 3.375 dy= 0.107 dR= 1.461 dPhi=0.0914 (tid=3)  dPhi:OK dR:OK XY:OK
AAA FTT hit V pos=(-11.261+/-0.01, -35.226+/-4.33)  dx= 2.416 dy= 5.646 dR= 4.394 dPhi=0.1237 (tid=1)  dPhi:FAIL dR:OK XY:OK
	 vs. hit@(-13.726418+/-0.010000, -35.546883+/-4.330127) => dx=0.049939, dy=5.966933, dR=5.516417, dPhi=0.064572 (tid=2), strip=vertical
AAA FTT hit V pos=(-13.726+/-0.01, -35.547+/-4.33)  dx= 0.050 dy= 5.967 dR= 5.516 dPhi=0.0646 (tid=2)  dPhi:OK dR:OK XY:OK
	 vs. hit@(-11.508279+/-0.010000, -33.710602+/-4.330127) => dx=2.168201, dy=4.130652, dR=3.032212, dPhi=0.104103 (tid=3), strip=vertical
AAA FTT hit V pos=(-11.508+/-0.01, -33.711+/-4.33)  dx= 2.168 dy= 4.131 dR= 3.032 dPhi=0.1041 (tid=3)  dPhi:OK dR:OK XY:OK
StFwdTrackMaker:INFO  - Adding horizontal strip hit with dPhi = 0.0821473, dR = 1.55773, dx = 3.00881, dy = 0.440311
StFwdTrackMaker:INFO  - Adding vertical strip hit with dPhi = 0.0645721, dR = 5.51642, dx = 0.049939, dy = 5.96693
StFwdTrackMaker:INFO  - Closest horizontal FTT strip to FST state: dR=1.557726, dPhi=0.082147, dx=3.008810, dy=0.440311 (tid=2) 
AAA FTT closest-H dPhi=0.0821(<0.1200) dR= 1.558(< 30.0) dx= 3.009 dy= 0.440(< 7.50) tid=2 -> ACCEPT
StFwdTrackMaker:INFO  - Closest vertical FTT strip to FST state: dR=5.516417, dPhi=0.064572, dx=0.049939, dy=5.966933 (tid=2) 
AAA FTT closest-V dPhi=0.0646(<0.1200) dR= 5.516(< 30.0) dx= 0.050 dy= 5.967(< 7.50) tid=2 -> ACCEPT
AAA FTT result: 2 hits added (H:ACCEPT V:ACCEPT)
StFwdTrackMaker:INFO  -  Found #FTT strips on plane #0 = [2]
StFwdTrackMaker:INFO  - Found 13 existing seed points
StFwdTrackMaker:INFO  - Adding 2 new FTT seed points
StFwdTrackMaker:INFO  - Hit already in seed, skipping
StFwdTrackMaker:INFO  - Looking for FTT strips near projected state on disk 1
StFwdTrackMaker:INFO  - There are 6 available FTT strips on this disk
AAA FTT proj z= 330.84  x=-14.525 y=-31.105  r= 34.329 phi=-2.0077  sigU= 0.058 sigV= 0.000
AAA FTT momentum at proj: pT= 0.286 eta= 3.030 phi=-2.0748  px= -0.138 py= -0.251 pz=  2.957
AAA FTT search thresholds: dPhi<0.1200 dR<30.00 dx<7.50 dy<7.50  nHits=6
findFttHitsNearProjectedState, msp = (-14.525136, -31.104950)
	 vs. hit@(-12.847940+/-4.330127, -31.236794+/-0.010000) => dx=1.677196, dy=0.131844, dR=0.553419, dPhi=0.046661 (tid=1), strip=horizontal
AAA FTT hit H pos=(-12.848+/-4.33, -31.237+/-0.01)  dx= 1.677 dy= 0.132 dR= 0.553 dPhi=0.0467 (tid=1)  dPhi:OK dR:OK XY:OK
	 vs. hit@(-11.676448+/-4.330127, -30.839258+/-0.010000) => dx=2.848689, dy=0.265692, dR=1.353513, dPhi=0.074935 (tid=2), strip=horizontal
AAA FTT hit H pos=(-11.676+/-4.33, -30.839+/-0.01)  dx= 2.849 dy= 0.266 dR= 1.354 dPhi=0.0749 (tid=2)  dPhi:OK dR:OK XY:OK
	 vs. hit@(-18.889715+/-4.330127, -31.204161+/-0.010000) => dx=4.364579, dy=0.099211, dR=2.147056, dPhi=0.107473 (tid=3), strip=horizontal
AAA FTT hit H pos=(-18.890+/-4.33, -31.204+/-0.01)  dx= 4.365 dy= 0.099 dR= 2.147 dPhi=0.1075 (tid=3)  dPhi:OK dR:OK XY:OK
	 vs. hit@(-11.855920+/-0.010000, -27.745050+/-4.330127) => dx=2.669217, dy=3.359899, dR=4.157233, dPhi=0.033047 (tid=1), strip=vertical
AAA FTT hit V pos=(-11.856+/-0.01, -27.745+/-4.33)  dx= 2.669 dy= 3.360 dR= 4.157 dPhi=0.0330 (tid=1)  dPhi:OK dR:OK XY:OK
	 vs. hit@(-14.554903+/-0.010000, -31.528025+/-4.330127) => dx=0.029767, dy=0.423075, dR=0.396266, dPhi=0.004378 (tid=2), strip=vertical
AAA FTT hit V pos=(-14.555+/-0.01, -31.528+/-4.33)  dx= 0.030 dy= 0.423 dR= 0.396 dPhi=0.0044 (tid=2)  dPhi:OK dR:OK XY:OK
	 vs. hit@(-12.136179+/-0.010000, -28.631783+/-4.330127) => dx=2.388957, dy=2.473167, dR=3.231569, dPhi=0.035964 (tid=3), strip=vertical
AAA FTT hit V pos=(-12.136+/-0.01, -28.632+/-4.33)  dx= 2.389 dy= 2.473 dR= 3.232 dPhi=0.0360 (tid=3)  dPhi:OK dR:OK XY:OK
StFwdTrackMaker:INFO  - Adding horizontal strip hit with dPhi = 0.0466613, dR = 0.553419, dx = 1.6772, dy = 0.131844
StFwdTrackMaker:INFO  - Adding vertical strip hit with dPhi = 0.00437828, dR = 0.396266, dx = 0.0297666, dy = 0.423075
StFwdTrackMaker:INFO  - Closest horizontal FTT strip to FST state: dR=0.553419, dPhi=0.046661, dx=1.677196, dy=0.131844 (tid=1) 
AAA FTT closest-H dPhi=0.0467(<0.1200) dR= 0.553(< 30.0) dx= 1.677 dy= 0.132(< 7.50) tid=1 -> ACCEPT
StFwdTrackMaker:INFO  - Closest vertical FTT strip to FST state: dR=0.396266, dPhi=0.004378, dx=0.029767, dy=0.423075 (tid=2) 
AAA FTT closest-V dPhi=0.0044(<0.1200) dR= 0.396(< 30.0) dx= 0.030 dy= 0.423(< 7.50) tid=2 -> ACCEPT
AAA FTT result: 2 hits added (H:ACCEPT V:ACCEPT)
StFwdTrackMaker:INFO  -  Found #FTT strips on plane #1 = [2]
StFwdTrackMaker:INFO  - Found 14 existing seed points
StFwdTrackMaker:INFO  - Adding 2 new FTT seed points
StFwdTrackMaker:INFO  - Hit already in seed, skipping
StFwdTrackMaker:INFO  - Looking for FTT strips near projected state on disk 2
StFwdTrackMaker:INFO  - There are 6 available FTT strips on this disk
AAA FTT proj z= 346.85  x=-15.268 y=-32.465  r= 35.876 phi=-2.0104  sigU= 0.058 sigV= 0.000
AAA FTT momentum at proj: pT= 0.286 eta= 3.031 phi=-2.0659  px= -0.136 py= -0.252 pz=  2.957
AAA FTT search thresholds: dPhi<0.1200 dR<30.00 dx<7.50 dy<7.50  nHits=6
findFttHitsNearProjectedState, msp = (-15.267832, -32.465492)
AAA FTT hit H pos=( -9.371+/-4.33, -32.772+/-0.01)  dx= 5.896 dy= 0.307 dR= 1.790 dPhi=0.1611 (tid=1)  dPhi:FAIL dR:OK XY:OK
	 vs. hit@(-17.632147+/-4.330127, -32.285282+/-0.010000) => dx=2.364315, dy=0.180209, dR=0.909920, dPhi=0.060282 (tid=2), strip=horizontal
AAA FTT hit H pos=(-17.632+/-4.33, -32.285+/-0.01)  dx= 2.364 dy= 0.180 dR= 0.910 dPhi=0.0603 (tid=2)  dPhi:OK dR:OK XY:OK
	 vs. hit@(-13.540433+/-4.330127, -32.718029+/-0.010000) => dx=1.727399, dy=0.252538, dR=0.467164, dPhi=0.047198 (tid=3), strip=horizontal
AAA FTT hit H pos=(-13.540+/-4.33, -32.718+/-0.01)  dx= 1.727 dy= 0.253 dR= 0.467 dPhi=0.0472 (tid=3)  dPhi:OK dR:OK XY:OK
	 vs. hit@(-12.404651+/-0.010000, -31.013594+/-4.330127) => dx=2.863181, dy=1.451898, dR=2.474012, dPhi=0.059105 (tid=1), strip=vertical
AAA FTT hit V pos=(-12.405+/-0.01, -31.014+/-4.33)  dx= 2.863 dy= 1.452 dR= 2.474 dPhi=0.0591 (tid=1)  dPhi:OK dR:OK XY:OK
	 vs. hit@(-15.264917+/-0.010000, -34.368534+/-4.330127) => dx=0.002914, dy=1.903043, dR=1.729652, dPhi=0.021608 (tid=2), strip=vertical
AAA FTT hit V pos=(-15.265+/-0.01, -34.369+/-4.33)  dx= 0.003 dy= 1.903 dR= 1.730 dPhi=0.0216 (tid=2)  dPhi:OK dR:OK XY:OK
	 vs. hit@(-12.646589+/-0.010000, -38.209621+/-4.330127) => dx=2.621242, dy=5.744130, dR=4.371740, dPhi=0.119959 (tid=3), strip=vertical
AAA FTT hit V pos=(-12.647+/-0.01, -38.210+/-4.33)  dx= 2.621 dy= 5.744 dR= 4.372 dPhi=0.1200 (tid=3)  dPhi:OK dR:OK XY:OK
StFwdTrackMaker:INFO  - Adding horizontal strip hit with dPhi = 0.0471985, dR = 0.467164, dx = 1.7274, dy = 0.252538
StFwdTrackMaker:INFO  - Adding vertical strip hit with dPhi = 0.0216075, dR = 1.72965, dx = 0.00291423, dy = 1.90304
StFwdTrackMaker:INFO  - Closest horizontal FTT strip to FST state: dR=0.467164, dPhi=0.047198, dx=1.727399, dy=0.252538 (tid=3) 
AAA FTT closest-H dPhi=0.0472(<0.1200) dR= 0.467(< 30.0) dx= 1.727 dy= 0.253(< 7.50) tid=3 -> ACCEPT
StFwdTrackMaker:INFO  - Closest vertical FTT strip to FST state: dR=1.729652, dPhi=0.021608, dx=0.002914, dy=1.903043 (tid=2) 
AAA FTT closest-V dPhi=0.0216(<0.1200) dR= 1.730(< 30.0) dx= 0.003 dy= 1.903(< 7.50) tid=2 -> ACCEPT
AAA FTT result: 2 hits added (H:ACCEPT V:ACCEPT)
StFwdTrackMaker:INFO  -  Found #FTT strips on plane #2 = [2]
StFwdTrackMaker:INFO  - Found 15 existing seed points
StFwdTrackMaker:INFO  - Adding 2 new FTT seed points
StFwdTrackMaker:INFO  - Hit already in seed, skipping
StFwdTrackMaker:INFO  - Looking for FTT strips near projected state on disk 3
StFwdTrackMaker:INFO  - There are 6 available FTT strips on this disk
AAA FTT proj z= 364.84  x=-16.087 y=-34.001  r= 37.615 phi=-2.0127  sigU= 0.058 sigV= 0.000
AAA FTT momentum at proj: pT= 0.286 eta= 3.031 phi=-2.0563  px= -0.133 py= -0.253 pz=  2.957
AAA FTT search thresholds: dPhi<0.1200 dR<30.00 dx<7.50 dy<7.50  nHits=6
findFttHitsNearProjectedState, msp = (-16.087333, -34.001369)
AAA FTT hit H pos=( -9.324+/-4.33, -34.467+/-0.01)  dx= 6.763 dy= 0.465 dR= 1.909 dPhi=0.1777 (tid=1)  dPhi:FAIL dR:OK XY:OK
	 vs. hit@(-17.670483+/-4.330127, -33.987007+/-0.010000) => dx=1.583149, dy=0.014362, dR=0.691074, dPhi=0.037527 (tid=2), strip=horizontal
AAA FTT hit H pos=(-17.670+/-4.33, -33.987+/-0.01)  dx= 1.583 dy= 0.014 dR= 0.691 dPhi=0.0375 (tid=2)  dPhi:OK dR:OK XY:OK
	 vs. hit@(-15.498422+/-4.330127, -34.389561+/-0.010000) => dx=0.588911, dy=0.388192, dR=0.105496, dPhi=0.018515 (tid=3), strip=horizontal
AAA FTT hit H pos=(-15.498+/-4.33, -34.390+/-0.01)  dx= 0.589 dy= 0.388 dR= 0.105 dPhi=0.0185 (tid=3)  dPhi:OK dR:OK XY:OK
	 vs. hit@(-13.021799+/-0.010000, -33.550606+/-4.330127) => dx=3.065534, dy=0.450763, dR=1.626063, dPhi=0.071701 (tid=1), strip=vertical
AAA FTT hit V pos=(-13.022+/-0.01, -33.551+/-4.33)  dx= 3.066 dy= 0.451 dR= 1.626 dPhi=0.0717 (tid=1)  dPhi:OK dR:OK XY:OK
	 vs. hit@(-16.123884+/-0.010000, -40.968906+/-4.330127) => dx=0.036551, dy=6.967538, dR=6.412521, dPhi=0.066982 (tid=2), strip=vertical
AAA FTT hit V pos=(-16.124+/-0.01, -40.969+/-4.33)  dx= 0.037 dy= 6.968 dR= 6.413 dPhi=0.0670 (tid=2)  dPhi:OK dR:OK XY:OK
	 vs. hit@(-13.241864+/-0.010000, -38.369137+/-4.330127) => dx=2.845469, dy=4.367768, dR=2.974776, dPhi=0.109609 (tid=3), strip=vertical
AAA FTT hit V pos=(-13.242+/-0.01, -38.369+/-4.33)  dx= 2.845 dy= 4.368 dR= 2.975 dPhi=0.1096 (tid=3)  dPhi:OK dR:OK XY:OK
StFwdTrackMaker:INFO  - Adding horizontal strip hit with dPhi = 0.018515, dR = 0.105496, dx = 0.588911, dy = 0.388192
StFwdTrackMaker:INFO  - Adding vertical strip hit with dPhi = 0.0669821, dR = 6.41252, dx = 0.036551, dy = 6.96754
StFwdTrackMaker:INFO  - Closest horizontal FTT strip to FST state: dR=0.105496, dPhi=0.018515, dx=0.588911, dy=0.388192 (tid=3) 
AAA FTT closest-H dPhi=0.0185(<0.1200) dR= 0.105(< 30.0) dx= 0.589 dy= 0.388(< 7.50) tid=3 -> ACCEPT
StFwdTrackMaker:INFO  - Closest vertical FTT strip to FST state: dR=6.412521, dPhi=0.066982, dx=0.036551, dy=6.967538 (tid=2) 
AAA FTT closest-V dPhi=0.0670(<0.1200) dR= 6.413(< 30.0) dx= 0.037 dy= 6.968(< 7.50) tid=2 -> ACCEPT
AAA FTT result: 2 hits added (H:ACCEPT V:ACCEPT)
StFwdTrackMaker:INFO  -  Found #FTT strips on plane #3 = [2]
StFwdTrackMaker:INFO  - Found 16 existing seed points
StFwdTrackMaker:INFO  - Adding 2 new FTT seed points
StFwdTrackMaker:INFO  - Hit already in seed, skipping
StFwdTrackMaker:INFO  - Closest EPD hit to state: dR=1.442242, dPhi=-0.050280, dx=2.325429, dy=0.545051
StFwdTrackMaker:INFO  - GenFitTrackResult::mIdTruth = 2, QaTruth = 0.411765
StFwdTrackMaker:INFO  - GenericFitSeeder::makeSeed::Curvature: -0.0179411
StFwdTrackMaker:INFO  - GenericFitSeeder::makeSeed::pt = 0.0835486
StFwdTrackMaker:INFO  - Note: Using externally provided seed momentum
StFwdTrackMaker:INFO  - Track Setup complete, track has 17 points
StFwdTrackMaker:INFO  -  sorting changed track points: 1
StFwdTrackMaker:INFO  - Fit status:  1
StFwdTrackMaker:INFO  - -Fit pvalue: 0
StFwdTrackMaker:INFO  - -Fit Chi2:   3067.74
StFwdTrackMaker:INFO  - -Fit Chi2:   3067.74
StFwdTrackMaker:INFO  - Track fit charge: -1Fit momentum: -0.343362, -0.587516, 6.56202
StFwdTrackMaker:INFO  - 	Fit Pt: 0.680495, eta: 2.96206, phi: -2.09969
StFwdTrackMaker:INFO  - Track fit update complete!
StFwdTrackMaker:INFO  - Track Reps: 1
StFwdTrackMaker:INFO  - Track Rep 0 
genfit::AbsTrackRep, pdgCode = -211. PropDir = 0
fitStatus 
 track has been fitted, fit has converged fully, 0 TrackPoints could not be processed, fitted charge = -1, PruneFlags: 
 track has been fitted with reference track, numIterations = 4, track length = 366.5, fChi2 = 3067.74, bChi2 = 3067.74, fNdf = 29, bNdf = 29, fPVal = 0, bPVal = 0

StFwdTrackMaker:INFO  - GenFitTrackResult::mIdTruth = 2, QaTruth = 0.411765
StFwdTrackMaker:INFO  - GTR Setting momentum from track
StFwdTrackMaker:INFO  - --isFitConvergedPartially() = 1
StFwdTrackMaker:INFO  - --isFitConverged() = 1
StFwdTrackMaker:INFO  - --isFitConvergedFully() = 1
StFwdTrackMaker:INFO  - doBeamlineTrackFitting>>1 McId=2 with Beamline, seed already has: 3 hits
StFwdTrackMaker:INFO  - mBeamlineHit: 0, 0, 0
StFwdTrackMaker:INFO  - This fit is for a global that converged? = 1
StFwdTrackMaker:INFO  - GenFitTrackResult::mIdTruth = 2, QaTruth = 0.5
StFwdTrackMaker:INFO  - GenericFitSeeder::makeSeed::Curvature: 0.0107844
StFwdTrackMaker:INFO  - GenericFitSeeder::makeSeed::pt = 0.138993
StFwdTrackMaker:INFO  - Track Setup complete, track has 4 points
StFwdTrackMaker:INFO  -  sorting changed track points: 0
StFwdTrackMaker:INFO  - Fit status:  1
StFwdTrackMaker:INFO  - -Fit pvalue: 4.083e-05
StFwdTrackMaker:INFO  - -Fit Chi2:   22.9771
StFwdTrackMaker:INFO  - -Fit Chi2:   22.9771
StFwdTrackMaker:INFO  - Track fit charge: 1Fit momentum: -0.233982, -0.564402, 8.08151
StFwdTrackMaker:INFO  - 	Fit Pt: 0.610981, eta: 3.27684, phi: -1.9638
StFwdTrackMaker:INFO  - Track fit update complete!
StFwdTrackMaker:INFO  - Track Reps: 1
StFwdTrackMaker:INFO  - Track Rep 0 
genfit::AbsTrackRep, pdgCode = 211. PropDir = 0
fitStatus 
 track has been fitted, fit has converged fully, 0 TrackPoints could not be processed, fitted charge = 1, PruneFlags: 
 track has been fitted with reference track, numIterations = 4, track length = 179.16, fChi2 = 22.9771, bChi2 = 22.9771, fNdf = 3, bNdf = 3, fPVal = 4.083e-05, bPVal = 4.083e-05

StFwdTrackMaker:INFO  - GenFitTrackResult::mIdTruth = 2, QaTruth = 0.5
StFwdTrackMaker:INFO  - GTR Setting momentum from track
StFwdTrackMaker:INFO  - --isFitConvergedPartially() = 1
StFwdTrackMaker:INFO  - --isFitConverged() = 1
StFwdTrackMaker:INFO  - --isFitConvergedFully() = 1
StFwdTrackMaker:INFO  - SEED momentum:-0.00106541, 0.00056166, 0.00666223
StFwdTrackMaker:INFO  - 	Initial Beamline fit completed, now refitting with additional hits
StFwdTrackMaker:INFO  - Looking for FTT strips near projected state on disk 0
StFwdTrackMaker:INFO  - There are 6 available FTT strips on this disk
AAA FTT proj z= 312.84  x= -9.679 y=-21.502  r= 23.580 phi=-1.9938  sigU= 0.433 sigV= 0.023
AAA FTT momentum at proj: pT= 0.611 eta= 3.277 phi=-2.0144  px= -0.262 py= -0.552 pz=  8.082
AAA FTT search thresholds: dPhi<0.1200 dR<30.00 dx<7.50 dy<7.50  nHits=6
findFttHitsNearProjectedState, msp = (-9.678563, -21.501923)
AAA FTT hit H pos=( -8.038+/-4.33, -29.507+/-0.01)  dx= 1.641 dy= 8.005 dR= 7.003 dPhi=0.1570 (tid=1)  dPhi:FAIL dR:OK XY:OK
	 vs. hit@(-10.667669+/-4.330127, -29.139639+/-0.010000) => dx=0.989106, dy=7.637716, dR=7.451110, dPhi=0.072024 (tid=2), strip=horizontal
AAA FTT hit H pos=(-10.668+/-4.33, -29.140+/-0.01)  dx= 0.989 dy= 7.638 dR= 7.451 dPhi=0.0720 (tid=2)  dPhi:OK dR:OK XY:OK
	 vs. hit@(-17.051289+/-4.330127, -29.472696+/-0.010000) => dx=7.372726, dy=7.970774, dR=10.469956, dPhi=0.101536 (tid=3), strip=horizontal
AAA FTT hit H pos=(-17.051+/-4.33, -29.473+/-0.01)  dx= 7.373 dy= 7.971 dR=10.470 dPhi=0.1015 (tid=3)  dPhi:OK dR:OK XY:OK
	 vs. hit@(-11.260900+/-0.010000, -35.226025+/-4.330127) => dx=1.582338, dy=13.724102, dR=13.402361, dPhi=0.113550 (tid=1), strip=vertical
AAA FTT hit V pos=(-11.261+/-0.01, -35.226+/-4.33)  dx= 1.582 dy=13.724 dR=13.402 dPhi=0.1135 (tid=1)  dPhi:OK dR:OK XY:OK
	 vs. hit@(-13.726418+/-0.010000, -35.546883+/-4.330127) => dx=4.047856, dy=14.044960, dR=14.525252, dPhi=0.054449 (tid=2), strip=vertical
AAA FTT hit V pos=(-13.726+/-0.01, -35.547+/-4.33)  dx= 4.048 dy=14.045 dR=14.525 dPhi=0.0544 (tid=2)  dPhi:OK dR:OK XY:OK
	 vs. hit@(-11.508279+/-0.010000, -33.710602+/-4.330127) => dx=1.829716, dy=12.208679, dR=12.041047, dPhi=0.093979 (tid=3), strip=vertical
AAA FTT hit V pos=(-11.508+/-0.01, -33.711+/-4.33)  dx= 1.830 dy=12.209 dR=12.041 dPhi=0.0940 (tid=3)  dPhi:OK dR:OK XY:OK
StFwdTrackMaker:INFO  - Adding vertical strip hit with dPhi = 0.0544485, dR = 14.5253, dx = 4.04786, dy = 14.045
StFwdTrackMaker:INFO  - Closest horizontal FTT strip to FST state: dR=7.451110, dPhi=0.072024, dx=0.989106, dy=7.637716 (tid=2) 
AAA FTT closest-H dPhi=0.0720(<0.1200) dR= 7.451(< 30.0) dx= 0.989 dy= 7.638(< 7.50) tid=2 -> REJECT
StFwdTrackMaker:INFO  - Closest vertical FTT strip to FST state: dR=14.525252, dPhi=0.054449, dx=4.047856, dy=14.044960 (tid=2) 
AAA FTT closest-V dPhi=0.0544(<0.1200) dR=14.525(< 30.0) dx= 4.048 dy=14.045(< 7.50) tid=2 -> ACCEPT
AAA FTT result: 1 hits added (H:REJECT V:ACCEPT)
StFwdTrackMaker:INFO  -  Found #FTT strips on plane #0 = [1]
StFwdTrackMaker:INFO  - Found 4 existing seed points
StFwdTrackMaker:INFO  - Adding 1 new FTT seed points
StFwdTrackMaker:INFO  - Looking for FTT strips near projected state on disk 1
StFwdTrackMaker:INFO  - There are 6 available FTT strips on this disk
AAA FTT proj z= 330.84  x=-10.262 y=-22.732  r= 24.941 phi=-1.9948  sigU= 0.433 sigV= 0.023
AAA FTT momentum at proj: pT= 0.611 eta= 3.277 phi=-2.0126  px= -0.261 py= -0.552 pz=  8.082
AAA FTT search thresholds: dPhi<0.1200 dR<30.00 dx<7.50 dy<7.50  nHits=6
findFttHitsNearProjectedState, msp = (-10.261752, -22.731661)
	 vs. hit@(-12.847940+/-4.330127, -31.236794+/-0.010000) => dx=2.586189, dy=8.505133, dR=8.835264, dPhi=0.033826 (tid=1), strip=horizontal
AAA FTT hit H pos=(-12.848+/-4.33, -31.237+/-0.01)  dx= 2.586 dy= 8.505 dR= 8.835 dPhi=0.0338 (tid=1)  dPhi:OK dR:OK XY:OK
	 vs. hit@(-11.676448+/-4.330127, -30.839258+/-0.010000) => dx=1.414696, dy=8.107597, dR=8.035169, dPhi=0.062099 (tid=2), strip=horizontal
AAA FTT hit H pos=(-11.676+/-4.33, -30.839+/-0.01)  dx= 1.415 dy= 8.108 dR= 8.035 dPhi=0.0621 (tid=2)  dPhi:OK dR:OK XY:OK
AAA FTT hit H pos=(-18.890+/-4.33, -31.204+/-0.01)  dx= 8.628 dy= 8.472 dR=11.536 dPhi=0.1203 (tid=3)  dPhi:FAIL dR:OK XY:FAIL
	 vs. hit@(-11.855920+/-0.010000, -27.745050+/-4.330127) => dx=1.594168, dy=5.013389, dR=5.231449, dPhi=0.020211 (tid=1), strip=vertical
AAA FTT hit V pos=(-11.856+/-0.01, -27.745+/-4.33)  dx= 1.594 dy= 5.013 dR= 5.231 dPhi=0.0202 (tid=1)  dPhi:OK dR:OK XY:OK
	 vs. hit@(-14.554903+/-0.010000, -31.528025+/-4.330127) => dx=4.293151, dy=8.796364, dR=9.784949, dPhi=0.008457 (tid=2), strip=vertical
AAA FTT hit V pos=(-14.555+/-0.01, -31.528+/-4.33)  dx= 4.293 dy= 8.796 dR= 9.785 dPhi=0.0085 (tid=2)  dPhi:OK dR:OK XY:OK
	 vs. hit@(-12.136179+/-0.010000, -28.631783+/-4.330127) => dx=1.874427, dy=5.900122, dR=6.157113, dPhi=0.023129 (tid=3), strip=vertical
AAA FTT hit V pos=(-12.136+/-0.01, -28.632+/-4.33)  dx= 1.874 dy= 5.900 dR= 6.157 dPhi=0.0231 (tid=3)  dPhi:OK dR:OK XY:OK
StFwdTrackMaker:INFO  - Adding vertical strip hit with dPhi = 0.00845707, dR = 9.78495, dx = 4.29315, dy = 8.79636
StFwdTrackMaker:INFO  - Closest horizontal FTT strip to FST state: dR=8.835264, dPhi=0.033826, dx=2.586189, dy=8.505133 (tid=1) 
AAA FTT closest-H dPhi=0.0338(<0.1200) dR= 8.835(< 30.0) dx= 2.586 dy= 8.505(< 7.50) tid=1 -> REJECT
StFwdTrackMaker:INFO  - Closest vertical FTT strip to FST state: dR=9.784949, dPhi=0.008457, dx=4.293151, dy=8.796364 (tid=2) 
AAA FTT closest-V dPhi=0.0085(<0.1200) dR= 9.785(< 30.0) dx= 4.293 dy= 8.796(< 7.50) tid=2 -> ACCEPT
AAA FTT result: 1 hits added (H:REJECT V:ACCEPT)
StFwdTrackMaker:INFO  -  Found #FTT strips on plane #1 = [1]
StFwdTrackMaker:INFO  - Found 5 existing seed points
StFwdTrackMaker:INFO  - Adding 1 new FTT seed points
StFwdTrackMaker:INFO  - Looking for FTT strips near projected state on disk 2
StFwdTrackMaker:INFO  - There are 6 available FTT strips on this disk
AAA FTT proj z= 346.85  x=-10.778 y=-23.826  r= 26.150 phi=-1.9956  sigU= 0.433 sigV= 0.023
AAA FTT momentum at proj: pT= 0.611 eta= 3.277 phi=-2.0100  px= -0.260 py= -0.553 pz=  8.082
AAA FTT search thresholds: dPhi<0.1200 dR<30.00 dx<7.50 dy<7.50  nHits=6
findFttHitsNearProjectedState, msp = (-10.777673, -23.825969)
AAA FTT hit H pos=( -9.371+/-4.33, -32.772+/-0.01)  dx= 1.406 dy= 8.947 dR= 7.936 dPhi=0.1463 (tid=1)  dPhi:FAIL dR:OK XY:OK
	 vs. hit@(-17.632147+/-4.330127, -32.285282+/-0.010000) => dx=6.854473, dy=8.459313, dR=10.636062, dPhi=0.075065 (tid=2), strip=horizontal
AAA FTT hit H pos=(-17.632+/-4.33, -32.285+/-0.01)  dx= 6.854 dy= 8.459 dR=10.636 dPhi=0.0751 (tid=2)  dPhi:OK dR:OK XY:OK
	 vs. hit@(-13.540433+/-4.330127, -32.718029+/-0.010000) => dx=2.762759, dy=8.892060, dR=9.258978, dPhi=0.032416 (tid=3), strip=horizontal
AAA FTT hit H pos=(-13.540+/-4.33, -32.718+/-0.01)  dx= 2.763 dy= 8.892 dR= 9.259 dPhi=0.0324 (tid=3)  dPhi:OK dR:OK XY:OK
	 vs. hit@(-12.404651+/-0.010000, -31.013594+/-4.330127) => dx=1.626977, dy=7.187624, dR=7.252130, dPhi=0.044322 (tid=1), strip=vertical
AAA FTT hit V pos=(-12.405+/-0.01, -31.014+/-4.33)  dx= 1.627 dy= 7.188 dR= 7.252 dPhi=0.0443 (tid=1)  dPhi:OK dR:OK XY:OK
	 vs. hit@(-15.264917+/-0.010000, -34.368534+/-4.330127) => dx=4.487244, dy=10.542565, dR=11.455794, dPhi=0.006825 (tid=2), strip=vertical
AAA FTT hit V pos=(-15.265+/-0.01, -34.369+/-4.33)  dx= 4.487 dy=10.543 dR=11.456 dPhi=0.0068 (tid=2)  dPhi:OK dR:OK XY:OK
	 vs. hit@(-12.646589+/-0.010000, -38.209621+/-4.330127) => dx=1.868916, dy=14.383652, dR=14.097883, dPhi=0.105176 (tid=3), strip=vertical
AAA FTT hit V pos=(-12.647+/-0.01, -38.210+/-4.33)  dx= 1.869 dy=14.384 dR=14.098 dPhi=0.1052 (tid=3)  dPhi:OK dR:OK XY:OK
StFwdTrackMaker:INFO  - Adding vertical strip hit with dPhi = 0.00682468, dR = 11.4558, dx = 4.48724, dy = 10.5426
StFwdTrackMaker:INFO  - Closest horizontal FTT strip to FST state: dR=9.258978, dPhi=0.032416, dx=2.762759, dy=8.892060 (tid=3) 
AAA FTT closest-H dPhi=0.0324(<0.1200) dR= 9.259(< 30.0) dx= 2.763 dy= 8.892(< 7.50) tid=3 -> REJECT
StFwdTrackMaker:INFO  - Closest vertical FTT strip to FST state: dR=11.455794, dPhi=0.006825, dx=4.487244, dy=10.542565 (tid=2) 
AAA FTT closest-V dPhi=0.0068(<0.1200) dR=11.456(< 30.0) dx= 4.487 dy=10.543(< 7.50) tid=2 -> ACCEPT
AAA FTT result: 1 hits added (H:REJECT V:ACCEPT)
StFwdTrackMaker:INFO  -  Found #FTT strips on plane #2 = [1]
StFwdTrackMaker:INFO  - Found 6 existing seed points
StFwdTrackMaker:INFO  - Adding 1 new FTT seed points
StFwdTrackMaker:INFO  - Looking for FTT strips near projected state on disk 3
StFwdTrackMaker:INFO  - There are 6 available FTT strips on this disk
AAA FTT proj z= 364.84  x=-11.354 y=-25.057  r= 27.510 phi=-1.9962  sigU= 0.433 sigV= 0.023
AAA FTT momentum at proj: pT= 0.611 eta= 3.277 phi=-2.0070  px= -0.258 py= -0.554 pz=  8.082
AAA FTT search thresholds: dPhi<0.1200 dR<30.00 dx<7.50 dy<7.50  nHits=6
findFttHitsNearProjectedState, msp = (-11.353993, -25.057461)
AAA FTT hit H pos=( -9.324+/-4.33, -34.467+/-0.01)  dx= 2.030 dy= 9.409 dR= 8.196 dPhi=0.1612 (tid=1)  dPhi:FAIL dR:OK XY:OK
	 vs. hit@(-17.670483+/-4.330127, -33.987007+/-0.010000) => dx=6.316490, dy=8.929546, dR=10.796362, dPhi=0.054011 (tid=2), strip=horizontal
AAA FTT hit H pos=(-17.670+/-4.33, -33.987+/-0.01)  dx= 6.316 dy= 8.930 dR=10.796 dPhi=0.0540 (tid=2)  dPhi:OK dR:OK XY:OK
	 vs. hit@(-15.498422+/-4.330127, -34.389561+/-0.010000) => dx=4.144429, dy=9.332100, dR=10.210783, dPhi=0.002031 (tid=3), strip=horizontal
AAA FTT hit H pos=(-15.498+/-4.33, -34.390+/-0.01)  dx= 4.144 dy= 9.332 dR=10.211 dPhi=0.0020 (tid=3)  dPhi:OK dR:OK XY:OK
	 vs. hit@(-13.021799+/-0.010000, -33.550606+/-4.330127) => dx=1.667806, dy=8.493145, dR=8.479224, dPhi=0.055217 (tid=1), strip=vertical
AAA FTT hit V pos=(-13.022+/-0.01, -33.551+/-4.33)  dx= 1.668 dy= 8.493 dR= 8.479 dPhi=0.0552 (tid=1)  dPhi:OK dR:OK XY:OK
	 vs. hit@(-16.123884+/-0.010000, -40.968906+/-4.330127) => dx=4.769891, dy=15.911446, dR=16.517808, dPhi=0.050498 (tid=2), strip=vertical
AAA FTT hit V pos=(-16.124+/-0.01, -40.969+/-4.33)  dx= 4.770 dy=15.911 dR=16.518 dPhi=0.0505 (tid=2)  dPhi:OK dR:OK XY:OK
	 vs. hit@(-13.241864+/-0.010000, -38.369137+/-4.330127) => dx=1.887871, dy=13.311676, dR=13.080064, dPhi=0.093125 (tid=3), strip=vertical
AAA FTT hit V pos=(-13.242+/-0.01, -38.369+/-4.33)  dx= 1.888 dy=13.312 dR=13.080 dPhi=0.0931 (tid=3)  dPhi:OK dR:OK XY:OK
StFwdTrackMaker:INFO  - Adding vertical strip hit with dPhi = 0.0504983, dR = 16.5178, dx = 4.76989, dy = 15.9114
StFwdTrackMaker:INFO  - Closest horizontal FTT strip to FST state: dR=10.210783, dPhi=0.002031, dx=4.144429, dy=9.332100 (tid=3) 
AAA FTT closest-H dPhi=0.0020(<0.1200) dR=10.211(< 30.0) dx= 4.144 dy= 9.332(< 7.50) tid=3 -> REJECT
StFwdTrackMaker:INFO  - Closest vertical FTT strip to FST state: dR=16.517808, dPhi=0.050498, dx=4.769891, dy=15.911446 (tid=2) 
AAA FTT closest-V dPhi=0.0505(<0.1200) dR=16.518(< 30.0) dx= 4.770 dy=15.911(< 7.50) tid=2 -> ACCEPT
AAA FTT result: 1 hits added (H:REJECT V:ACCEPT)
StFwdTrackMaker:INFO  -  Found #FTT strips on plane #3 = [1]
StFwdTrackMaker:INFO  - Found 7 existing seed points
StFwdTrackMaker:INFO  - Adding 1 new FTT seed points
StFwdTrackMaker:INFO  - Closest EPD hit to state: dR=-8.877188, dPhi=-0.033018, dx=-2.540600, dy=-8.572931
StFwdTrackMaker:INFO  - GenFitTrackResult::mIdTruth = 2, QaTruth = 0.666667
StFwdTrackMaker:INFO  - GenericFitSeeder::makeSeed::Curvature: -0.00579109
StFwdTrackMaker:INFO  - GenericFitSeeder::makeSeed::pt = 0.258837
StFwdTrackMaker:INFO  - Note: Using externally provided seed momentum
StFwdTrackMaker:INFO  - Track Setup complete, track has 9 points
StFwdTrackMaker:INFO  -  sorting changed track points: 1
StFwdTrackMaker:INFO  - Fit status:  1
StFwdTrackMaker:INFO  - -Fit pvalue: 9.31247e-05
StFwdTrackMaker:INFO  - -Fit Chi2:   41.0614
StFwdTrackMaker:INFO  - -Fit Chi2:   41.0614
StFwdTrackMaker:INFO  - Track fit charge: -1Fit momentum: -0.364436, -0.779602, 7.06516
StFwdTrackMaker:INFO  - 	Fit Pt: 0.860577, eta: 2.80216, phi: -2.00808
StFwdTrackMaker:INFO  - Track fit update complete!
StFwdTrackMaker:INFO  - Track Reps: 1
StFwdTrackMaker:INFO  - Track Rep 0 
genfit::AbsTrackRep, pdgCode = -211. PropDir = 0
fitStatus 
 track has been fitted, fit has converged fully, 0 TrackPoints could not be processed, fitted charge = -1, PruneFlags: 
 track has been fitted with reference track, numIterations = 5, track length = 342.471, fChi2 = 41.0614, bChi2 = 41.0614, fNdf = 13, bNdf = 13, fPVal = 9.31243e-05, bPVal = 9.31247e-05

StFwdTrackMaker:INFO  - GenFitTrackResult::mIdTruth = 2, QaTruth = 0.666667
StFwdTrackMaker:INFO  - GTR Setting momentum from track
StFwdTrackMaker:INFO  - --isFitConvergedPartially() = 1
StFwdTrackMaker:INFO  - --isFitConverged() = 1
StFwdTrackMaker:INFO  - --isFitConvergedFully() = 1
StFwdTrackMaker:INFO  - doBeamlineTrackFitting>>2 McId=3 with Beamline, seed already has: 3 hits
StFwdTrackMaker:INFO  - mBeamlineHit: 0, 0, 0
StFwdTrackMaker:INFO  - This fit is for a global that converged? = 1
StFwdTrackMaker:INFO  - GenFitTrackResult::mIdTruth = 3, QaTruth = 0.5
StFwdTrackMaker:INFO  - GenericFitSeeder::makeSeed::Curvature: -0.05541
StFwdTrackMaker:INFO  - GenericFitSeeder::makeSeed::pt = 0.027052
StFwdTrackMaker:INFO  - Track Setup complete, track has 4 points
StFwdTrackMaker:INFO  -  sorting changed track points: 0
StFwdTrackMaker:INFO  - Fit status:  0
StFwdTrackMaker:INFO  - -Fit pvalue: 1.50578e-18
StFwdTrackMaker:INFO  - -Fit Chi2:   86.1012
StFwdTrackMaker:INFO  - -Fit Chi2:   86.1012
StFwdTrackMaker:INFO  - Track fit update complete!
StFwdTrackMaker:INFO  - Track Reps: 1
StFwdTrackMaker:INFO  - Track Rep 0 
genfit::AbsTrackRep, pdgCode = -211. PropDir = 0
fitStatus 
 track has been fitted, fit has NOT converged, 0 TrackPoints could not be processed, fitted charge = -1, PruneFlags: 
 track has been fitted with reference track, numIterations = 20, track length = 401.089, fChi2 = 86.1012, bChi2 = 86.1012, fNdf = 3, bNdf = 3, fPVal = 1.50578e-18, bPVal = 1.50578e-18

StFwdTrackMaker:ERROR - --FitTrack is nullptr or fit did not converge, setting seed only
StFwdTrackMaker:INFO  - GenFitTrackResult::mIdTruth = 3, QaTruth = 0.5
StFwdTrackMaker:INFO  - SEED momentum:-0.000756678, 0.000888814, 0.00686763
StFwdTrackMaker:INFO  - >>doPrimaryTrackFitting( #globals = 3 )
StFwdTrackMaker:INFO  - Refitting Track 0, McId=2 with Primary Vertex, seed already has: 12 hits
StFwdTrackMaker:INFO  - mEventVertexHit: 0, 0, 0
StFwdTrackMaker:INFO  - This fit is for a global that converged? = 1
StFwdTrackMaker:INFO  - GenFitTrackResult::mIdTruth = 2, QaTruth = 0.461538
StFwdTrackMaker:INFO  - GenericFitSeeder::makeSeed::Curvature: -0.0214809
StFwdTrackMaker:INFO  - GenericFitSeeder::makeSeed::pt = 0.0697805
StFwdTrackMaker:INFO  - Note: Using externally provided seed momentum
StFwdTrackMaker:INFO  - Track Setup complete, track has 13 points
StFwdTrackMaker:INFO  -  sorting changed track points: 1
StFwdTrackMaker:INFO  - Fit status:  1
StFwdTrackMaker:INFO  - -Fit pvalue: 4.60601e-207
StFwdTrackMaker:INFO  - -Fit Chi2:   1041.22
StFwdTrackMaker:INFO  - -Fit Chi2:   1041.22
StFwdTrackMaker:INFO  - Track fit charge: 1Fit momentum: -0.0771081, -0.22341, 2.29395
StFwdTrackMaker:INFO  - 	Fit Pt: 0.236343, eta: 2.96854, phi: -1.90314
StFwdTrackMaker:INFO  - Track fit update complete!
StFwdTrackMaker:INFO  - Track Reps: 1
StFwdTrackMaker:INFO  - Track Rep 0 
genfit::AbsTrackRep, pdgCode = -211. PropDir = 0
fitStatus 
 track has been fitted, fit has converged fully, 0 TrackPoints could not be processed, fitted charge = 1, PruneFlags: 
 track has been fitted with reference track, numIterations = 4, track length = 367.388, fChi2 = 1041.22, bChi2 = 1041.22, fNdf = 21, bNdf = 21, fPVal = 4.60602e-207, bPVal = 4.60601e-207

StFwdTrackMaker:INFO  - GenFitTrackResult::mIdTruth = 2, QaTruth = 0.461538
StFwdTrackMaker:INFO  - GTR Setting momentum from track
StFwdTrackMaker:INFO  - --isFitConvergedPartially() = 1
StFwdTrackMaker:INFO  - --isFitConverged() = 1
StFwdTrackMaker:INFO  - --isFitConvergedFully() = 1
StFwdTrackMaker:INFO  - 	Initial fit complete, now refitting with additional points
StFwdTrackMaker:INFO  - Looking for FTT strips near projected state on disk 0
StFwdTrackMaker:INFO  - There are 6 available FTT strips on this disk
AAA FTT proj z= 312.84  x=-13.599 y=-29.444  r= 32.433 phi=-2.0035  sigU= 0.015 sigV= 0.000
AAA FTT momentum at proj: pT= 0.236 eta= 2.970 phi=-2.0835  px= -0.116 py= -0.206 pz=  2.294
AAA FTT search thresholds: dPhi<0.1200 dR<30.00 dx<7.50 dy<7.50  nHits=6
findFttHitsNearProjectedState, msp = (-13.598510, -29.444302)
AAA FTT hit H pos=( -8.038+/-4.33, -29.507+/-0.01)  dx= 5.561 dy= 0.063 dR= 1.850 dPhi=0.1667 (tid=1)  dPhi:FAIL dR:OK XY:OK
	 vs. hit@(-10.667669+/-4.330127, -29.139639+/-0.010000) => dx=2.930840, dy=0.304663, dR=1.401882, dPhi=0.081720 (tid=2), strip=horizontal
AAA FTT hit H pos=(-10.668+/-4.33, -29.140+/-0.01)  dx= 2.931 dy= 0.305 dR= 1.402 dPhi=0.0817 (tid=2)  dPhi:OK dR:OK XY:OK
	 vs. hit@(-17.051289+/-4.330127, -29.472696+/-0.010000) => dx=3.452779, dy=0.028394, dR=1.616964, dPhi=0.091840 (tid=3), strip=horizontal
AAA FTT hit H pos=(-17.051+/-4.33, -29.473+/-0.01)  dx= 3.453 dy= 0.028 dR= 1.617 dPhi=0.0918 (tid=3)  dPhi:OK dR:OK XY:OK
AAA FTT hit V pos=(-11.261+/-0.01, -35.226+/-4.33)  dx= 2.338 dy= 5.782 dR= 4.549 dPhi=0.1232 (tid=1)  dPhi:FAIL dR:OK XY:OK
	 vs. hit@(-13.726418+/-0.010000, -35.546883+/-4.330127) => dx=0.127909, dy=6.102581, dR=5.672260, dPhi=0.064145 (tid=2), strip=vertical
AAA FTT hit V pos=(-13.726+/-0.01, -35.547+/-4.33)  dx= 0.128 dy= 6.103 dR= 5.672 dPhi=0.0641 (tid=2)  dPhi:OK dR:OK XY:OK
	 vs. hit@(-11.508279+/-0.010000, -33.710602+/-4.330127) => dx=2.090231, dy=4.266300, dR=3.188055, dPhi=0.103676 (tid=3), strip=vertical
AAA FTT hit V pos=(-11.508+/-0.01, -33.711+/-4.33)  dx= 2.090 dy= 4.266 dR= 3.188 dPhi=0.1037 (tid=3)  dPhi:OK dR:OK XY:OK
StFwdTrackMaker:INFO  - Adding horizontal strip hit with dPhi = 0.0817205, dR = 1.40188, dx = 2.93084, dy = 0.304663
StFwdTrackMaker:INFO  - Adding vertical strip hit with dPhi = 0.0641453, dR = 5.67226, dx = 0.127909, dy = 6.10258
StFwdTrackMaker:INFO  - Closest horizontal FTT strip to FST state: dR=1.401882, dPhi=0.081720, dx=2.930840, dy=0.304663 (tid=2) 
AAA FTT closest-H dPhi=0.0817(<0.1200) dR= 1.402(< 30.0) dx= 2.931 dy= 0.305(< 7.50) tid=2 -> ACCEPT
StFwdTrackMaker:INFO  - Closest vertical FTT strip to FST state: dR=5.672260, dPhi=0.064145, dx=0.127909, dy=6.102581 (tid=2) 
AAA FTT closest-V dPhi=0.0641(<0.1200) dR= 5.672(< 30.0) dx= 0.128 dy= 6.103(< 7.50) tid=2 -> ACCEPT
AAA FTT result: 2 hits added (H:ACCEPT V:ACCEPT)
StFwdTrackMaker:INFO  -  Found #FTT strips on plane #0 = [2]
StFwdTrackMaker:INFO  - Found 13 existing seed points
StFwdTrackMaker:INFO  - Adding 2 new FTT seed points
StFwdTrackMaker:INFO  - Hit already in seed, skipping
StFwdTrackMaker:INFO  - Looking for FTT strips near projected state on disk 1
StFwdTrackMaker:INFO  - There are 6 available FTT strips on this disk
AAA FTT proj z= 330.84  x=-14.501 y=-31.060  r= 34.278 phi=-2.0076  sigU= 0.015 sigV= 0.000
AAA FTT momentum at proj: pT= 0.236 eta= 2.971 phi=-2.0757  px= -0.114 py= -0.206 pz=  2.294
AAA FTT search thresholds: dPhi<0.1200 dR<30.00 dx<7.50 dy<7.50  nHits=6
findFttHitsNearProjectedState, msp = (-14.500807, -31.060233)
	 vs. hit@(-12.847940+/-4.330127, -31.236794+/-0.010000) => dx=1.652866, dy=0.176560, dR=0.502608, dPhi=0.046570 (tid=1), strip=horizontal
AAA FTT hit H pos=(-12.848+/-4.33, -31.237+/-0.01)  dx= 1.653 dy= 0.177 dR= 0.503 dPhi=0.0466 (tid=1)  dPhi:OK dR:OK XY:OK
	 vs. hit@(-11.676448+/-4.330127, -30.839258+/-0.010000) => dx=2.824359, dy=0.220975, dR=1.302703, dPhi=0.074844 (tid=2), strip=horizontal
AAA FTT hit H pos=(-11.676+/-4.33, -30.839+/-0.01)  dx= 2.824 dy= 0.221 dR= 1.303 dPhi=0.0748 (tid=2)  dPhi:OK dR:OK XY:OK
	 vs. hit@(-18.889715+/-4.330127, -31.204161+/-0.010000) => dx=4.388909, dy=0.143927, dR=2.197867, dPhi=0.107564 (tid=3), strip=horizontal
AAA FTT hit H pos=(-18.890+/-4.33, -31.204+/-0.01)  dx= 4.389 dy= 0.144 dR= 2.198 dPhi=0.1076 (tid=3)  dPhi:OK dR:OK XY:OK
	 vs. hit@(-11.855920+/-0.010000, -27.745050+/-4.330127) => dx=2.644887, dy=3.315183, dR=4.106423, dPhi=0.032955 (tid=1), strip=vertical
AAA FTT hit V pos=(-11.856+/-0.01, -27.745+/-4.33)  dx= 2.645 dy= 3.315 dR= 4.106 dPhi=0.0330 (tid=1)  dPhi:OK dR:OK XY:OK
	 vs. hit@(-14.554903+/-0.010000, -31.528025+/-4.330127) => dx=0.054096, dy=0.467791, dR=0.447077, dPhi=0.004287 (tid=2), strip=vertical
AAA FTT hit V pos=(-14.555+/-0.01, -31.528+/-4.33)  dx= 0.054 dy= 0.468 dR= 0.447 dPhi=0.0043 (tid=2)  dPhi:OK dR:OK XY:OK
	 vs. hit@(-12.136179+/-0.010000, -28.631783+/-4.330127) => dx=2.364628, dy=2.428451, dR=3.180759, dPhi=0.035873 (tid=3), strip=vertical
AAA FTT hit V pos=(-12.136+/-0.01, -28.632+/-4.33)  dx= 2.365 dy= 2.428 dR= 3.181 dPhi=0.0359 (tid=3)  dPhi:OK dR:OK XY:OK
StFwdTrackMaker:INFO  - Adding horizontal strip hit with dPhi = 0.0465702, dR = 0.502608, dx = 1.65287, dy = 0.17656
StFwdTrackMaker:INFO  - Adding vertical strip hit with dPhi = 0.00428713, dR = 0.447077, dx = 0.0540964, dy = 0.467791
StFwdTrackMaker:INFO  - Closest horizontal FTT strip to FST state: dR=0.502608, dPhi=0.046570, dx=1.652866, dy=0.176560 (tid=1) 
AAA FTT closest-H dPhi=0.0466(<0.1200) dR= 0.503(< 30.0) dx= 1.653 dy= 0.177(< 7.50) tid=1 -> ACCEPT
StFwdTrackMaker:INFO  - Closest vertical FTT strip to FST state: dR=0.447077, dPhi=0.004287, dx=0.054096, dy=0.467791 (tid=2) 
AAA FTT closest-V dPhi=0.0043(<0.1200) dR= 0.447(< 30.0) dx= 0.054 dy= 0.468(< 7.50) tid=2 -> ACCEPT
AAA FTT result: 2 hits added (H:ACCEPT V:ACCEPT)
StFwdTrackMaker:INFO  -  Found #FTT strips on plane #1 = [2]
StFwdTrackMaker:INFO  - Found 14 existing seed points
StFwdTrackMaker:INFO  - Adding 2 new FTT seed points
StFwdTrackMaker:INFO  - Hit already in seed, skipping
StFwdTrackMaker:INFO  - Looking for FTT strips near projected state on disk 2
StFwdTrackMaker:INFO  - There are 6 available FTT strips on this disk
AAA FTT proj z= 346.85  x=-15.288 y=-32.503  r= 35.919 phi=-2.0105  sigU= 0.015 sigV= 0.000
AAA FTT momentum at proj: pT= 0.235 eta= 2.972 phi=-2.0652  px= -0.112 py= -0.207 pz=  2.294
AAA FTT search thresholds: dPhi<0.1200 dR<30.00 dx<7.50 dy<7.50  nHits=6
findFttHitsNearProjectedState, msp = (-15.288352, -32.502685)
AAA FTT hit H pos=( -9.371+/-4.33, -32.772+/-0.01)  dx= 5.917 dy= 0.270 dR= 1.833 dPhi=0.1611 (tid=1)  dPhi:FAIL dR:OK XY:OK
	 vs. hit@(-17.632147+/-4.330127, -32.285282+/-0.010000) => dx=2.343795, dy=0.217403, dR=0.867530, dPhi=0.060206 (tid=2), strip=horizontal
AAA FTT hit H pos=(-17.632+/-4.33, -32.285+/-0.01)  dx= 2.344 dy= 0.217 dR= 0.868 dPhi=0.0602 (tid=2)  dPhi:OK dR:OK XY:OK
	 vs. hit@(-13.540433+/-4.330127, -32.718029+/-0.010000) => dx=1.747919, dy=0.215344, dR=0.509554, dPhi=0.047275 (tid=3), strip=horizontal
AAA FTT hit H pos=(-13.540+/-4.33, -32.718+/-0.01)  dx= 1.748 dy= 0.215 dR= 0.510 dPhi=0.0473 (tid=3)  dPhi:OK dR:OK XY:OK
	 vs. hit@(-12.404651+/-0.010000, -31.013594+/-4.330127) => dx=2.883701, dy=1.489091, dR=2.516402, dPhi=0.059181 (tid=1), strip=vertical
AAA FTT hit V pos=(-12.405+/-0.01, -31.014+/-4.33)  dx= 2.884 dy= 1.489 dR= 2.516 dPhi=0.0592 (tid=1)  dPhi:OK dR:OK XY:OK
	 vs. hit@(-15.264917+/-0.010000, -34.368534+/-4.330127) => dx=0.023435, dy=1.865849, dR=1.687262, dPhi=0.021684 (tid=2), strip=vertical
AAA FTT hit V pos=(-15.265+/-0.01, -34.369+/-4.33)  dx= 0.023 dy= 1.866 dR= 1.687 dPhi=0.0217 (tid=2)  dPhi:OK dR:OK XY:OK
AAA FTT hit V pos=(-12.647+/-0.01, -38.210+/-4.33)  dx= 2.642 dy= 5.707 dR= 4.329 dPhi=0.1200 (tid=3)  dPhi:FAIL dR:OK XY:OK
StFwdTrackMaker:INFO  - Adding horizontal strip hit with dPhi = 0.0472748, dR = 0.509554, dx = 1.74792, dy = 0.215344
StFwdTrackMaker:INFO  - Adding vertical strip hit with dPhi = 0.0216839, dR = 1.68726, dx = 0.0234348, dy = 1.86585
StFwdTrackMaker:INFO  - Closest horizontal FTT strip to FST state: dR=0.509554, dPhi=0.047275, dx=1.747919, dy=0.215344 (tid=3) 
AAA FTT closest-H dPhi=0.0473(<0.1200) dR= 0.510(< 30.0) dx= 1.748 dy= 0.215(< 7.50) tid=3 -> ACCEPT
StFwdTrackMaker:INFO  - Closest vertical FTT strip to FST state: dR=1.687262, dPhi=0.021684, dx=0.023435, dy=1.865849 (tid=2) 
AAA FTT closest-V dPhi=0.0217(<0.1200) dR= 1.687(< 30.0) dx= 0.023 dy= 1.866(< 7.50) tid=2 -> ACCEPT
AAA FTT result: 2 hits added (H:ACCEPT V:ACCEPT)
StFwdTrackMaker:INFO  -  Found #FTT strips on plane #2 = [2]
StFwdTrackMaker:INFO  - Found 15 existing seed points
StFwdTrackMaker:INFO  - Adding 2 new FTT seed points
StFwdTrackMaker:INFO  - Hit already in seed, skipping
StFwdTrackMaker:INFO  - Looking for FTT strips near projected state on disk 3
StFwdTrackMaker:INFO  - There are 6 available FTT strips on this disk
AAA FTT proj z= 364.84  x=-16.154 y=-34.132  r= 37.762 phi=-2.0128  sigU= 0.015 sigV= 0.000
AAA FTT momentum at proj: pT= 0.235 eta= 2.973 phi=-2.0537  px= -0.109 py= -0.208 pz=  2.294
AAA FTT search thresholds: dPhi<0.1200 dR<30.00 dx<7.50 dy<7.50  nHits=6
findFttHitsNearProjectedState, msp = (-16.154455, -34.132259)
AAA FTT hit H pos=( -9.324+/-4.33, -34.467+/-0.01)  dx= 6.830 dy= 0.334 dR= 2.057 dPhi=0.1779 (tid=1)  dPhi:FAIL dR:OK XY:OK
	 vs. hit@(-17.670483+/-4.330127, -33.987007+/-0.010000) => dx=1.516028, dy=0.145252, dR=0.544052, dPhi=0.037403 (tid=2), strip=horizontal
AAA FTT hit H pos=(-17.670+/-4.33, -33.987+/-0.01)  dx= 1.516 dy= 0.145 dR= 0.544 dPhi=0.0374 (tid=2)  dPhi:OK dR:OK XY:OK
	 vs. hit@(-15.498422+/-4.330127, -34.389561+/-0.010000) => dx=0.656033, dy=0.257301, dR=0.041527, dPhi=0.018639 (tid=3), strip=horizontal
AAA FTT hit H pos=(-15.498+/-4.33, -34.390+/-0.01)  dx= 0.656 dy= 0.257 dR= 0.042 dPhi=0.0186 (tid=3)  dPhi:OK dR:OK XY:OK
	 vs. hit@(-13.021799+/-0.010000, -33.550606+/-4.330127) => dx=3.132656, dy=0.581653, dR=1.773086, dPhi=0.071825 (tid=1), strip=vertical
AAA FTT hit V pos=(-13.022+/-0.01, -33.551+/-4.33)  dx= 3.133 dy= 0.582 dR= 1.773 dPhi=0.0718 (tid=1)  dPhi:OK dR:OK XY:OK
	 vs. hit@(-16.123884+/-0.010000, -40.968906+/-4.330127) => dx=0.030570, dy=6.836647, dR=6.265498, dPhi=0.067106 (tid=2), strip=vertical
AAA FTT hit V pos=(-16.124+/-0.01, -40.969+/-4.33)  dx= 0.031 dy= 6.837 dR= 6.265 dPhi=0.0671 (tid=2)  dPhi:OK dR:OK XY:OK
	 vs. hit@(-13.241864+/-0.010000, -38.369137+/-4.330127) => dx=2.912590, dy=4.236878, dR=2.827753, dPhi=0.109734 (tid=3), strip=vertical
AAA FTT hit V pos=(-13.242+/-0.01, -38.369+/-4.33)  dx= 2.913 dy= 4.237 dR= 2.828 dPhi=0.1097 (tid=3)  dPhi:OK dR:OK XY:OK
StFwdTrackMaker:INFO  - Adding horizontal strip hit with dPhi = 0.0186393, dR = 0.041527, dx = 0.656033, dy = 0.257301
StFwdTrackMaker:INFO  - Adding vertical strip hit with dPhi = 0.0671064, dR = 6.2655, dx = 0.0305705, dy = 6.83665
StFwdTrackMaker:INFO  - Closest horizontal FTT strip to FST state: dR=0.041527, dPhi=0.018639, dx=0.656033, dy=0.257301 (tid=3) 
AAA FTT closest-H dPhi=0.0186(<0.1200) dR= 0.042(< 30.0) dx= 0.656 dy= 0.257(< 7.50) tid=3 -> ACCEPT
StFwdTrackMaker:INFO  - Closest vertical FTT strip to FST state: dR=6.265498, dPhi=0.067106, dx=0.030570, dy=6.836647 (tid=2) 
AAA FTT closest-V dPhi=0.0671(<0.1200) dR= 6.265(< 30.0) dx= 0.031 dy= 6.837(< 7.50) tid=2 -> ACCEPT
AAA FTT result: 2 hits added (H:ACCEPT V:ACCEPT)
StFwdTrackMaker:INFO  -  Found #FTT strips on plane #3 = [2]
StFwdTrackMaker:INFO  - Found 16 existing seed points
StFwdTrackMaker:INFO  - Adding 2 new FTT seed points
StFwdTrackMaker:INFO  - Hit already in seed, skipping
StFwdTrackMaker:INFO  - Closest EPD hit to state: dR=1.648338, dPhi=-0.050378, dx=2.417211, dy=0.729622
StFwdTrackMaker:INFO  - GenFitTrackResult::mIdTruth = 2, QaTruth = 0.411765
StFwdTrackMaker:INFO  - GenericFitSeeder::makeSeed::Curvature: -0.0179411
StFwdTrackMaker:INFO  - GenericFitSeeder::makeSeed::pt = 0.0835486
StFwdTrackMaker:INFO  - Note: Using externally provided seed momentum
StFwdTrackMaker:INFO  - Track Setup complete, track has 17 points
StFwdTrackMaker:INFO  -  sorting changed track points: 1
StFwdTrackMaker:INFO  - Fit status:  1
StFwdTrackMaker:INFO  - -Fit pvalue: 0
StFwdTrackMaker:INFO  - -Fit Chi2:   3124.92
StFwdTrackMaker:INFO  - -Fit Chi2:   3124.92
StFwdTrackMaker:INFO  - Track fit charge: 1Fit momentum: -0.138049, -0.354198, 3.65868
StFwdTrackMaker:INFO  - 	Fit Pt: 0.38015, eta: 2.96013, phi: -1.94244
StFwdTrackMaker:INFO  - Track fit update complete!
StFwdTrackMaker:INFO  - Track Reps: 1
StFwdTrackMaker:INFO  - Track Rep 0 
genfit::AbsTrackRep, pdgCode = -211. PropDir = 0
fitStatus 
 track has been fitted, fit has converged fully, 0 TrackPoints could not be processed, fitted charge = 1, PruneFlags: 
 track has been fitted with reference track, numIterations = 4, track length = 367.397, fChi2 = 3124.92, bChi2 = 3124.92, fNdf = 29, bNdf = 29, fPVal = 0, bPVal = 0

StFwdTrackMaker:INFO  - GenFitTrackResult::mIdTruth = 2, QaTruth = 0.411765
StFwdTrackMaker:INFO  - GTR Setting momentum from track
StFwdTrackMaker:INFO  - --isFitConvergedPartially() = 1
StFwdTrackMaker:INFO  - --isFitConverged() = 1
StFwdTrackMaker:INFO  - --isFitConvergedFully() = 1
StFwdTrackMaker:INFO  - Refitting Track 1, McId=2 with Primary Vertex, seed already has: 3 hits
StFwdTrackMaker:INFO  - mEventVertexHit: 0, 0, 0
StFwdTrackMaker:INFO  - This fit is for a global that converged? = 1
StFwdTrackMaker:INFO  - GenFitTrackResult::mIdTruth = 2, QaTruth = 0.5
StFwdTrackMaker:INFO  - GenericFitSeeder::makeSeed::Curvature: 0.0107844
StFwdTrackMaker:INFO  - GenericFitSeeder::makeSeed::pt = 0.138993
StFwdTrackMaker:INFO  - Note: Using externally provided seed momentum
StFwdTrackMaker:INFO  - Track Setup complete, track has 4 points
StFwdTrackMaker:INFO  -  sorting changed track points: 0
StFwdTrackMaker:INFO  - Fit status:  0
StFwdTrackMaker:INFO  - -Fit pvalue: 0
StFwdTrackMaker:INFO  - -Fit Chi2:   3.52817e-29
StFwdTrackMaker:INFO  - -Fit Chi2:   3.52817e-29
StFwdTrackMaker:INFO  - Track fit update complete!
StFwdTrackMaker:INFO  - Track Reps: 1
StFwdTrackMaker:INFO  - Track Rep 0 
genfit::AbsTrackRep, pdgCode = 211. PropDir = 0
fitStatus 
 track has been fitted, fit has NOT converged, 3 TrackPoints could not be processed, fitted charge = 1, PruneFlags: 
 track has been fitted with reference track, numIterations = 10, track length = 0, fChi2 = 3.31854e-11, bChi2 = 3.52817e-29, fNdf = -3, bNdf = -3, fPVal = 0, bPVal = 0

StFwdTrackMaker:ERROR - --FitTrack is nullptr or fit did not converge, setting seed only
StFwdTrackMaker:INFO  - GenFitTrackResult::mIdTruth = 2, QaTruth = 0.5
StFwdTrackMaker:INFO  - Refitting Track 1, McId=3 with Primary Vertex, seed already has: 3 hits
StFwdTrackMaker:INFO  - mEventVertexHit: 0, 0, 0
StFwdTrackMaker:INFO  - This fit is for a global that converged? = 1
StFwdTrackMaker:INFO  - GenFitTrackResult::mIdTruth = 3, QaTruth = 0.5
StFwdTrackMaker:INFO  - GenericFitSeeder::makeSeed::Curvature: -0.05541
StFwdTrackMaker:INFO  - GenericFitSeeder::makeSeed::pt = 0.027052
StFwdTrackMaker:INFO  - Note: Using externally provided seed momentum
StFwdTrackMaker:INFO  - Track Setup complete, track has 4 points
StFwdTrackMaker:INFO  -  sorting changed track points: 0
StFwdTrackMaker:INFO  - Fit status:  1
StFwdTrackMaker:INFO  - -Fit pvalue: 9.91861e-22
StFwdTrackMaker:INFO  - -Fit Chi2:   100.907
StFwdTrackMaker:INFO  - -Fit Chi2:   100.907
StFwdTrackMaker:INFO  - Track fit charge: -1Fit momentum: -0.000558263, 0.000351446, 0.00709855
StFwdTrackMaker:INFO  - 	Fit Pt: 0.000659676, eta: 3.0712, phi: 2.57974
StFwdTrackMaker:INFO  - Track fit update complete!
StFwdTrackMaker:INFO  - Track Reps: 1
StFwdTrackMaker:INFO  - Track Rep 0 
genfit::AbsTrackRep, pdgCode = -211. PropDir = 0
fitStatus 
 track has been fitted, fit has converged fully, 0 TrackPoints could not be processed, fitted charge = -1, PruneFlags: 
 track has been fitted with reference track, numIterations = 6, track length = 179.221, fChi2 = 100.907, bChi2 = 100.907, fNdf = 3, bNdf = 3, fPVal = 9.91862e-22, bPVal = 9.91861e-22

StFwdTrackMaker:INFO  - GenFitTrackResult::mIdTruth = 3, QaTruth = 0.5
StFwdTrackMaker:INFO  - GTR Setting momentum from track
StFwdTrackMaker:INFO  - --isFitConvergedPartially() = 1
StFwdTrackMaker:INFO  - --isFitConverged() = 1
StFwdTrackMaker:INFO  - --isFitConvergedFully() = 1
StFwdTrackMaker:INFO  - 	Initial fit complete, now refitting with additional points
StFwdTrackMaker:WARN  - addFttHits: skipping blown-up state pT=0.000659676
StFwdTrackMaker:WARN  - addFttHits: skipping blown-up state pT=0.000659676
StFwdTrackMaker:WARN  - addFttHits: skipping blown-up state pT=0.000659676
StFwdTrackMaker:WARN  - addFttHits: skipping blown-up state pT=0.000659676
StFwdTrackMaker:WARN  - addEpdHits: skipping blown-up state pT=0.000659676
StFwdTrackMaker:INFO  - GenFitTrackResult::mIdTruth = 3, QaTruth = 0.5
StFwdTrackMaker:INFO  - GenericFitSeeder::makeSeed::Curvature: -0.05541
StFwdTrackMaker:INFO  - GenericFitSeeder::makeSeed::pt = 0.027052
StFwdTrackMaker:INFO  - Note: Using externally provided seed momentum
StFwdTrackMaker:INFO  - Track Setup complete, track has 4 points
StFwdTrackMaker:INFO  -  sorting changed track points: 0
StFwdTrackMaker:INFO  - Fit status:  1
StFwdTrackMaker:INFO  - -Fit pvalue: 9.91859e-22
StFwdTrackMaker:INFO  - -Fit Chi2:   100.907
StFwdTrackMaker:INFO  - -Fit Chi2:   100.907
StFwdTrackMaker:INFO  - Track fit charge: -1Fit momentum: -0.000556454, 0.000350255, 0.00709856
StFwdTrackMaker:INFO  - 	Fit Pt: 0.000657511, eta: 3.07447, phi: 2.57981
StFwdTrackMaker:INFO  - Track fit update complete!
StFwdTrackMaker:INFO  - Track Reps: 1
StFwdTrackMaker:INFO  - Track Rep 0 
genfit::AbsTrackRep, pdgCode = -211. PropDir = 0
fitStatus 
 track has been fitted, fit has converged fully, 0 TrackPoints could not be processed, fitted charge = -1, PruneFlags: 
 track has been fitted with reference track, numIterations = 1, track length = 179.21, fChi2 = 100.907, bChi2 = 100.907, fNdf = 3, bNdf = 3, fPVal = 9.91863e-22, bPVal = 9.91859e-22

StFwdTrackMaker:INFO  - GenFitTrackResult::mIdTruth = 3, QaTruth = 0.5
StFwdTrackMaker:INFO  - GTR Setting momentum from track
StFwdTrackMaker:INFO  - --isFitConvergedPartially() = 1
StFwdTrackMaker:INFO  - --isFitConverged() = 1
StFwdTrackMaker:INFO  - --isFitConvergedFully() = 1
StFwdTrackMaker:INFO  - >>doSecondaryTrackFitting( #globals = 3 )
StFwdTrackMaker:INFO  - FwdVertex: 7, -6.71301, -16.4321, 145.114
StFwdTrackMaker:INFO  - 	nTracks: 3
StFwdTrackMaker:INFO  - 	Chi2: 3.92739e+06
StFwdTrackMaker:INFO  - 	Ndf: 3
StFwdTrackMaker:INFO  - FOUND global track for vertex 7, iVtxTrack = 0
StFwdTrackMaker:INFO  - GenFitTrackResult::mIdTruth = 2, QaTruth = 0.461538
StFwdTrackMaker:INFO  - GenericFitSeeder::makeSeed::Curvature: -0.0406732
StFwdTrackMaker:INFO  - GenericFitSeeder::makeSeed::pt = 0.0368535
StFwdTrackMaker:INFO  - Note: Using externally provided seed momentum
StFwdTrackMaker:INFO  - Track Setup complete, track has 13 points
StFwdTrackMaker:INFO  -  sorting changed track points: 1
genfit::Exception thrown with excString:
RKTrackRep::RKutta ==> Do not get closer to plane!
in line: 1950 in file: /cvmfs/star.sdcc.bnl.gov/star-spack/spack/var/spack/stage/smirnovd/spack-stage-genfit-b496504a-mlcdbxg7bmdsbfrppi7qmzppfw4lh52r/spack-src/trackReps/src/RKTrackRep.cc
with fatal flag 0
StFwdTrackMaker:INFO  - Fit status:  0
StFwdTrackMaker:INFO  - -Fit pvalue: 0
StFwdTrackMaker:INFO  - -Fit Chi2:   -1e+99
StFwdTrackMaker:INFO  - -Fit Chi2:   -1e+99
StFwdTrackMaker:INFO  - Track fit update complete!
StFwdTrackMaker:INFO  - Track Reps: 1
StFwdTrackMaker:INFO  - Track Rep 0 
genfit::AbsTrackRep, pdgCode = -211. PropDir = 0
fitStatus 
 track has NOT been fitted, track has been fitted with reference track,
StFwdTrackMaker:ERROR - --FitTrack is nullptr or fit did not converge, setting seed only
StFwdTrackMaker:INFO  - GenFitTrackResult::mIdTruth = 2, QaTruth = 0.461538
StFwdTrackMaker:INFO  - FOUND global track for vertex 7, iVtxTrack = 1
StFwdTrackMaker:INFO  - GenFitTrackResult::mIdTruth = 2, QaTruth = 0.5
StFwdTrackMaker:INFO  - GenericFitSeeder::makeSeed::Curvature: -0.499486
StFwdTrackMaker:INFO  - GenericFitSeeder::makeSeed::pt = 0.00300099
StFwdTrackMaker:INFO  - Note: Using externally provided seed momentum
StFwdTrackMaker:INFO  - Track Setup complete, track has 4 points
StFwdTrackMaker:INFO  -  sorting changed track points: 0
StFwdTrackMaker:INFO  - Fit status:  0
StFwdTrackMaker:INFO  - -Fit pvalue: 0
StFwdTrackMaker:INFO  - -Fit Chi2:   0
StFwdTrackMaker:INFO  - -Fit Chi2:   0
StFwdTrackMaker:INFO  - Track fit update complete!
StFwdTrackMaker:INFO  - Track Reps: 1
StFwdTrackMaker:INFO  - Track Rep 0 
genfit::AbsTrackRep, pdgCode = -211. PropDir = 0
fitStatus 
 track has NOT been fitted, track has been fitted with reference track,
StFwdTrackMaker:ERROR - --FitTrack is nullptr or fit did not converge, setting seed only
StFwdTrackMaker:INFO  - GenFitTrackResult::mIdTruth = 2, QaTruth = 0.5
StFwdTrackMaker:INFO  - FOUND global track for vertex 7, iVtxTrack = 2
StFwdTrackMaker:INFO  - GenFitTrackResult::mIdTruth = 3, QaTruth = 0.5
StFwdTrackMaker:INFO  - GenericFitSeeder::makeSeed::Curvature: -1.04951
StFwdTrackMaker:INFO  - GenericFitSeeder::makeSeed::pt = 0.00142824
StFwdTrackMaker:INFO  - Note: Using externally provided seed momentum
StFwdTrackMaker:INFO  - Track Setup complete, track has 4 points
StFwdTrackMaker:INFO  -  sorting changed track points: 0
StFwdTrackMaker:INFO  - Fit status:  0
StFwdTrackMaker:INFO  - -Fit pvalue: 0
StFwdTrackMaker:INFO  - -Fit Chi2:   0
StFwdTrackMaker:INFO  - -Fit Chi2:   0
StFwdTrackMaker:INFO  - Track fit update complete!
StFwdTrackMaker:INFO  - Track Reps: 1
StFwdTrackMaker:INFO  - Track Rep 0 
genfit::AbsTrackRep, pdgCode = -211. PropDir = 0
fitStatus 
 track has NOT been fitted, track has been fitted with reference track,
StFwdTrackMaker:ERROR - --FitTrack is nullptr or fit did not converge, setting seed only
StFwdTrackMaker:INFO  - GenFitTrackResult::mIdTruth = 3, QaTruth = 0.5
StFwdTrackMaker:INFO  - <<Fwd Tracking Fit :9 GenFit Tracks
StFwdTrackMaker:INFO  - TAttr::Found : fillevent = 1

StFwdTrackMaker:INFO  - Creating the StFwdTrackCollection
StFwdTrackMaker:INFO  - Processing GenfitTrackResult(type=0): 0 mIsFitConverged=1, mIsFitConvergedPartially=1, mNumFitPoints=12
AAA FCS StraightLine: det=0 xyzdet=(-17.399,-5.26,710.16) norm=(-0.0301896,0,0.999544)
AAA projectAsStraightLine: tv3A=(-25.6283,-51.8675,574.226) tv3B=(-27.9015,-56.1291,624.157)
AAA   xyzf=(-17.399,-5.26,710.16) norm=(-0.0301896,0,0.999544)
AAA   tintersection=2.71371 result=(-31.797,-63.4322,709.725)
AAA FCS StraightLine result: tv3=(-31.797,-63.4322,709.725)
AAA FCS StraightLine: det=2 xyzdet=(-21.285,1.8,782.63) norm=(-0.0301896,0,0.999544)
AAA projectAsStraightLine: tv3A=(-25.6283,-51.8675,574.226) tv3B=(-27.9015,-56.1291,624.157)
AAA   xyzf=(-21.285,1.8,782.63) norm=(-0.0301896,0,0.999544)
AAA   tintersection=4.16546 result=(-35.097,-69.619,782.213)
AAA FCS StraightLine result: tv3=(-35.097,-69.619,782.213)
StFwdTrackMaker:INFO  - Processing GenfitTrackResult(type=0): 1 mIsFitConverged=1, mIsFitConvergedPartially=1, mNumFitPoints=3
StFwdTrackMaker:INFO  - Track projection Failed from trackPoint 0 E: genfit::Exception thrown with excString:
RKTrackRep::RKutta ==> Do not get to an active plane! Already extrapolated 360.986??.
in line: 1940 in file: /cvmfs/star.sdcc.bnl.gov/star-spack/spack/var/spack/stage/smirnovd/spack-stage-genfit-b496504a-mlcdbxg7bmdsbfrppi7qmzppfw4lh52r/spack-src/trackReps/src/RKTrackRep.cc
with fatal flag 0

StFwdTrackMaker:INFO  - Track projection Failed from trackPoint 0 E: genfit::Exception thrown with excString:
RKTrackRep::RKutta ==> Do not get to an active plane! Already extrapolated 361.335??.
in line: 1940 in file: /cvmfs/star.sdcc.bnl.gov/star-spack/spack/var/spack/stage/smirnovd/spack-stage-genfit-b496504a-mlcdbxg7bmdsbfrppi7qmzppfw4lh52r/spack-src/trackReps/src/RKTrackRep.cc
with fatal flag 0

StFwdTrackMaker:INFO  - Track projection Failed from trackPoint 0 E: genfit::Exception thrown with excString:
RKTrackRep::RKutta ==> Do not get to an active plane! Already extrapolated 361.335??.
in line: 1940 in file: /cvmfs/star.sdcc.bnl.gov/star-spack/spack/var/spack/stage/smirnovd/spack-stage-genfit-b496504a-mlcdbxg7bmdsbfrppi7qmzppfw4lh52r/spack-src/trackReps/src/RKTrackRep.cc
with fatal flag 0

StFwdTrackMaker:INFO  - Track projection Failed from trackPoint 0 E: genfit::Exception thrown with excString:
RKTrackRep::RKutta ==> Do not get to an active plane! Already extrapolated 361.335??.
in line: 1940 in file: /cvmfs/star.sdcc.bnl.gov/star-spack/spack/var/spack/stage/smirnovd/spack-stage-genfit-b496504a-mlcdbxg7bmdsbfrppi7qmzppfw4lh52r/spack-src/trackReps/src/RKTrackRep.cc
with fatal flag 0

AAA FCS StraightLine: det=0 xyzdet=(-17.399,-5.26,710.16) norm=(-0.0301896,0,0.999544)
StFwdTrackMaker:INFO  - Track projection Failed from trackPoint 0 E: genfit::Exception thrown with excString:
RKTrackRep::RKutta ==> Do not get to an active plane! Already extrapolated 361.335??.
in line: 1940 in file: /cvmfs/star.sdcc.bnl.gov/star-spack/spack/var/spack/stage/smirnovd/spack-stage-genfit-b496504a-mlcdbxg7bmdsbfrppi7qmzppfw4lh52r/spack-src/trackReps/src/RKTrackRep.cc
with fatal flag 0

StFwdTrackMaker:INFO  - Track projection Failed from trackPoint 0 E: genfit::Exception thrown with excString:
RKTrackRep::RKutta ==> Do not get to an active plane! Already extrapolated 361.335??.
in line: 1940 in file: /cvmfs/star.sdcc.bnl.gov/star-spack/spack/var/spack/stage/smirnovd/spack-stage-genfit-b496504a-mlcdbxg7bmdsbfrppi7qmzppfw4lh52r/spack-src/trackReps/src/RKTrackRep.cc
with fatal flag 0

AAA projectAsStraightLine: tv3A=(-990,-990,-990) tv3B=(-990,-990,-990)
AAA   xyzf=(-17.399,-5.26,710.16) norm=(-0.0301896,0,0.999544)
AAA   tintersection=inf result=(-nan,-nan,-nan)
AAA FCS StraightLine result: tv3=(-nan,-nan,-nan)
AAA FCS StraightLine: det=2 xyzdet=(-21.285,1.8,782.63) norm=(-0.0301896,0,0.999544)
StFwdTrackMaker:INFO  - Track projection Failed from trackPoint 0 E: genfit::Exception thrown with excString:
RKTrackRep::RKutta ==> Do not get to an active plane! Already extrapolated 361.335??.
in line: 1940 in file: /cvmfs/star.sdcc.bnl.gov/star-spack/spack/var/spack/stage/smirnovd/spack-stage-genfit-b496504a-mlcdbxg7bmdsbfrppi7qmzppfw4lh52r/spack-src/trackReps/src/RKTrackRep.cc
with fatal flag 0

StFwdTrackMaker:INFO  - Track projection Failed from trackPoint 0 E: genfit::Exception thrown with excString:
RKTrackRep::RKutta ==> Do not get to an active plane! Already extrapolated 361.335??.
in line: 1940 in file: /cvmfs/star.sdcc.bnl.gov/star-spack/spack/var/spack/stage/smirnovd/spack-stage-genfit-b496504a-mlcdbxg7bmdsbfrppi7qmzppfw4lh52r/spack-src/trackReps/src/RKTrackRep.cc
with fatal flag 0

AAA projectAsStraightLine: tv3A=(-990,-990,-990) tv3B=(-990,-990,-990)
AAA   xyzf=(-21.285,1.8,782.63) norm=(-0.0301896,0,0.999544)
AAA   tintersection=inf result=(-nan,-nan,-nan)
AAA FCS StraightLine result: tv3=(-nan,-nan,-nan)
StFwdTrackMaker:INFO  - Processing GenfitTrackResult(type=0): 2 mIsFitConverged=1, mIsFitConvergedPartially=1, mNumFitPoints=3
StFwdTrackMaker:INFO  - Track projection Failed from trackPoint 0 E: genfit::Exception thrown with excString:
RKTrackRep::RKutta ==> Do not get to an active plane! Already extrapolated 361.424??.
in line: 1940 in file: /cvmfs/star.sdcc.bnl.gov/star-spack/spack/var/spack/stage/smirnovd/spack-stage-genfit-b496504a-mlcdbxg7bmdsbfrppi7qmzppfw4lh52r/spack-src/trackReps/src/RKTrackRep.cc
with fatal flag 0

StFwdTrackMaker:INFO  - Track projection Failed from trackPoint 0 E: genfit::Exception thrown with excString:
RKTrackRep::RKutta ==> Do not get to an active plane! Already extrapolated 361.522??.
in line: 1940 in file: /cvmfs/star.sdcc.bnl.gov/star-spack/spack/var/spack/stage/smirnovd/spack-stage-genfit-b496504a-mlcdbxg7bmdsbfrppi7qmzppfw4lh52r/spack-src/trackReps/src/RKTrackRep.cc
with fatal flag 0

AAA FCS StraightLine: det=0 xyzdet=(-17.399,-5.26,710.16) norm=(-0.0301896,0,0.999544)
StFwdTrackMaker:INFO  - Track projection Failed from trackPoint 0 E: genfit::Exception thrown with excString:
RKTrackRep::RKutta ==> Do not get to an active plane! Already extrapolated 361.522??.
in line: 1940 in file: /cvmfs/star.sdcc.bnl.gov/star-spack/spack/var/spack/stage/smirnovd/spack-stage-genfit-b496504a-mlcdbxg7bmdsbfrppi7qmzppfw4lh52r/spack-src/trackReps/src/RKTrackRep.cc
with fatal flag 0

StFwdTrackMaker:INFO  - Track projection Failed from trackPoint 0 E: genfit::Exception thrown with excString:
RKTrackRep::RKutta ==> Do not get to an active plane! Already extrapolated 361.522??.
in line: 1940 in file: /cvmfs/star.sdcc.bnl.gov/star-spack/spack/var/spack/stage/smirnovd/spack-stage-genfit-b496504a-mlcdbxg7bmdsbfrppi7qmzppfw4lh52r/spack-src/trackReps/src/RKTrackRep.cc
with fatal flag 0

AAA projectAsStraightLine: tv3A=(-990,-990,-990) tv3B=(-990,-990,-990)
AAA   xyzf=(-17.399,-5.26,710.16) norm=(-0.0301896,0,0.999544)
AAA   tintersection=inf result=(-nan,-nan,-nan)
AAA FCS StraightLine result: tv3=(-nan,-nan,-nan)
AAA FCS StraightLine: det=2 xyzdet=(-21.285,1.8,782.63) norm=(-0.0301896,0,0.999544)
StFwdTrackMaker:INFO  - Track projection Failed from trackPoint 0 E: genfit::Exception thrown with excString:
RKTrackRep::RKutta ==> Do not get to an active plane! Already extrapolated 361.522??.
in line: 1940 in file: /cvmfs/star.sdcc.bnl.gov/star-spack/spack/var/spack/stage/smirnovd/spack-stage-genfit-b496504a-mlcdbxg7bmdsbfrppi7qmzppfw4lh52r/spack-src/trackReps/src/RKTrackRep.cc
with fatal flag 0

StFwdTrackMaker:INFO  - Track projection Failed from trackPoint 0 E: genfit::Exception thrown with excString:
RKTrackRep::RKutta ==> Do not get to an active plane! Already extrapolated 361.522??.
in line: 1940 in file: /cvmfs/star.sdcc.bnl.gov/star-spack/spack/var/spack/stage/smirnovd/spack-stage-genfit-b496504a-mlcdbxg7bmdsbfrppi7qmzppfw4lh52r/spack-src/trackReps/src/RKTrackRep.cc
with fatal flag 0

AAA projectAsStraightLine: tv3A=(-990,-990,-990) tv3B=(-990,-990,-990)
AAA   xyzf=(-21.285,1.8,782.63) norm=(-0.0301896,0,0.999544)
AAA   tintersection=inf result=(-nan,-nan,-nan)
AAA FCS StraightLine result: tv3=(-nan,-nan,-nan)
StFwdTrackMaker:INFO  - Processing GenfitTrackResult(type=2): 3 mIsFitConverged=1, mIsFitConvergedPartially=1, mNumFitPoints=17
AAA FCS StraightLine: det=0 xyzdet=(-17.399,-5.26,710.16) norm=(-0.0301896,0,0.999544)
AAA projectAsStraightLine: tv3A=(-25.6353,-53.7694,574.226) tv3B=(-27.8948,-58.4267,624.157)
AAA   xyzf=(-17.399,-5.26,710.16) norm=(-0.0301896,0,0.999544)
AAA   tintersection=2.71371 result=(-31.767,-66.4079,709.726)
AAA FCS StraightLine result: tv3=(-31.767,-66.4079,709.726)
AAA FCS StraightLine: det=2 xyzdet=(-21.285,1.8,782.63) norm=(-0.0301896,0,0.999544)
AAA projectAsStraightLine: tv3A=(-25.6353,-53.7694,574.226) tv3B=(-27.8948,-58.4267,624.157)
AAA   xyzf=(-21.285,1.8,782.63) norm=(-0.0301896,0,0.999544)
AAA   tintersection=4.16546 result=(-35.0472,-73.1691,782.214)
AAA FCS StraightLine result: tv3=(-35.0472,-73.1691,782.214)
StFwdTrackMaker:INFO  - Processing GenfitTrackResult(type=2): 4 mIsFitConverged=0, mIsFitConvergedPartially=0, mNumFitPoints=0
StFwdTrackMaker:INFO  - Processing GenfitTrackResult(type=2): 5 mIsFitConverged=1, mIsFitConvergedPartially=1, mNumFitPoints=4
AAA FCS StraightLine: det=0 xyzdet=(-17.399,-5.26,710.16) norm=(-0.0301896,0,0.999544)
StFwdTrackMaker:INFO  - Track projection Failed from trackPoint 0 E: genfit::Exception thrown with excString:
RKTrackRep::RKutta ==> Do not get to an active plane! Already extrapolated 361.335??.
in line: 1940 in file: /cvmfs/star.sdcc.bnl.gov/star-spack/spack/var/spack/stage/smirnovd/spack-stage-genfit-b496504a-mlcdbxg7bmdsbfrppi7qmzppfw4lh52r/spack-src/trackReps/src/RKTrackRep.cc
with fatal flag 0

StFwdTrackMaker:INFO  - Track projection Failed from trackPoint 0 E: genfit::Exception thrown with excString:
RKTrackRep::RKutta ==> Do not get to an active plane! Already extrapolated 361.335??.
in line: 1940 in file: /cvmfs/star.sdcc.bnl.gov/star-spack/spack/var/spack/stage/smirnovd/spack-stage-genfit-b496504a-mlcdbxg7bmdsbfrppi7qmzppfw4lh52r/spack-src/trackReps/src/RKTrackRep.cc
with fatal flag 0

AAA projectAsStraightLine: tv3A=(-990,-990,-990) tv3B=(-990,-990,-990)
AAA   xyzf=(-17.399,-5.26,710.16) norm=(-0.0301896,0,0.999544)
AAA   tintersection=inf result=(-nan,-nan,-nan)
AAA FCS StraightLine result: tv3=(-nan,-nan,-nan)
AAA FCS StraightLine: det=2 xyzdet=(-21.285,1.8,782.63) norm=(-0.0301896,0,0.999544)
StFwdTrackMaker:INFO  - Track projection Failed from trackPoint 0 E: genfit::Exception thrown with excString:
RKTrackRep::RKutta ==> Do not get to an active plane! Already extrapolated 361.335??.
in line: 1940 in file: /cvmfs/star.sdcc.bnl.gov/star-spack/spack/var/spack/stage/smirnovd/spack-stage-genfit-b496504a-mlcdbxg7bmdsbfrppi7qmzppfw4lh52r/spack-src/trackReps/src/RKTrackRep.cc
with fatal flag 0

StFwdTrackMaker:INFO  - Track projection Failed from trackPoint 0 E: genfit::Exception thrown with excString:
RKTrackRep::RKutta ==> Do not get to an active plane! Already extrapolated 361.335??.
in line: 1940 in file: /cvmfs/star.sdcc.bnl.gov/star-spack/spack/var/spack/stage/smirnovd/spack-stage-genfit-b496504a-mlcdbxg7bmdsbfrppi7qmzppfw4lh52r/spack-src/trackReps/src/RKTrackRep.cc
with fatal flag 0

AAA projectAsStraightLine: tv3A=(-990,-990,-990) tv3B=(-990,-990,-990)
AAA   xyzf=(-21.285,1.8,782.63) norm=(-0.0301896,0,0.999544)
AAA   tintersection=inf result=(-nan,-nan,-nan)
AAA FCS StraightLine result: tv3=(-nan,-nan,-nan)
StFwdTrackMaker:INFO  - Processing GenfitTrackResult(type=1): 6 mIsFitConverged=1, mIsFitConvergedPartially=1, mNumFitPoints=17
AAA FCS StraightLine: det=0 xyzdet=(-17.399,-5.26,710.16) norm=(-0.0301896,0,0.999544)
AAA projectAsStraightLine: tv3A=(-26.2135,-53.5108,574.208) tv3B=(-28.6279,-58.0982,624.135)
AAA   xyzf=(-17.399,-5.26,710.16) norm=(-0.0301896,0,0.999544)
AAA   tintersection=2.71371 result=(-32.7654,-65.9598,709.696)
AAA FCS StraightLine result: tv3=(-32.7654,-65.9598,709.696)
AAA FCS StraightLine: det=2 xyzdet=(-21.285,1.8,782.63) norm=(-0.0301896,0,0.999544)
AAA projectAsStraightLine: tv3A=(-26.2135,-53.5108,574.208) tv3B=(-28.6279,-58.0982,624.135)
AAA   xyzf=(-21.285,1.8,782.63) norm=(-0.0301896,0,0.999544)
AAA   tintersection=4.16546 result=(-36.2705,-72.6196,782.177)
AAA FCS StraightLine result: tv3=(-36.2705,-72.6196,782.177)
StFwdTrackMaker:INFO  - Processing GenfitTrackResult(type=1): 7 mIsFitConverged=1, mIsFitConvergedPartially=1, mNumFitPoints=9
AAA FCS StraightLine: det=0 xyzdet=(-17.399,-5.26,710.16) norm=(-0.0301896,0,0.999544)
AAA projectAsStraightLine: tv3A=(-25.9676,-61.5714,574.216) tv3B=(-28.3291,-67.1735,624.144)
AAA   xyzf=(-17.399,-5.26,710.16) norm=(-0.0301896,0,0.999544)
AAA   tintersection=2.71371 result=(-32.376,-76.7738,709.708)
AAA FCS StraightLine result: tv3=(-32.376,-76.7738,709.708)
AAA FCS StraightLine: det=2 xyzdet=(-21.285,1.8,782.63) norm=(-0.0301896,0,0.999544)
AAA projectAsStraightLine: tv3A=(-25.9676,-61.5714,574.216) tv3B=(-28.3291,-67.1735,624.144)
AAA   xyzf=(-21.285,1.8,782.63) norm=(-0.0301896,0,0.999544)
AAA   tintersection=4.16546 result=(-35.8043,-84.9066,782.191)
AAA FCS StraightLine result: tv3=(-35.8043,-84.9066,782.191)
StFwdTrackMaker:INFO  - Processing GenfitTrackResult(type=1): 8 mIsFitConverged=0, mIsFitConvergedPartially=0, mNumFitPoints=0
StFwdTrackMaker:INFO  - StFwdTrackCollection has 9 tracks now
StFwdTrackMaker:INFO  - StFwdTrackCollection has 9 tracks now
StFwdTrackMaker:INFO  - *** StFwdTrackMaker::Make() == StOK(0) ***
StFcsTrackMatchMaker:INFO  - *** StFcsTrackMatchMaker::Make() == StOK(0) ***
StStrangeMuDstMaker:INFO  - StV0Controller: found 0 V0 candidates
StStrangeMuDstMaker:INFO  - StXiController: found 0 Xi candidates
StStrangeMuDstMaker:INFO  - StKinkController: found 0 Kink candidates
StStrangeMuDstMaker:INFO  - *** StStrangeMuDstMaker::Make() == StOK(0) ***
StMuDstMaker:INFO  - fillMuFtt
StMuDstMaker:INFO  - fillMuFttRawHits
StMuDstMaker:INFO  - fillMuFttPoints
StMuDstMaker:INFO  - fillMuFttClusters
StMuDstMaker:INFO  - StMuDstMaker::fillFwdTrack(StEvent* ev)
StMuDstMaker:INFO  - StMuDSTMaker filling StMuFwdTrackCollection from StEvent
StMuDstMaker:INFO  - Adding 9 StMuFwdTracks to MuDSt
StMuDstMaker:INFO  - *** StMuDstMaker::Make() == StOK(0) ***
StTreeMaker:INFO  - *** StTreeMaker::Make() == StOK(0) ***
StPicoDstMaker:WARN  - No trigger data bank available!
StPicoDstMaker:INFO  - StPicoDstMaker::fillFcsHits filled 25
StPicoDstMaker:INFO  - StPicoDstMaker::fillFcsClusters filled 2
StPicoDstMaker:INFO  - *** StPicoDstMaker::Make() == StOK(0) ***
MEM after Chain::Clear + Make	 total =794.402344 heap =209.224136 and   0.160034( +0.714783)
<---------- END EVENT
--------->START EVENT: 3
MEM before Chain::Clear + Make	 total =794.402344 heap =209.224335 and   0.159760( +0.000198)
St_geant_Maker:INFO  - *** St_geant_Maker::Make() == StOK(0) ***
St_db_Maker:INFO  - *** St_db_Maker::Make() == StOK(0) ***
StMagFMaker:INFO  - *** StMagFMaker::Make() == StOK(0) ***
StDetectorDbMaker:INFO  - *** StDetectorDbMaker::Make() == StOK(0) ***
StTpcDbMaker:INFO  - *** StTpcDbMaker::Make() == StOK(0) ***
StFcsDbMaker:INFO  - *** StFcsDbMaker::Make() == StOK(0) ***
StEventMaker:INFO  - get trigDetSums from Calibrations/rich/trigDetSums
StEventMaker:WARN  - StEventMaker: No StDAQReader found
StEventMaker:INFO  - *** StEventMaker::Make() == StOK(0) ***
StMcEventMaker:INFO  - StMcEventMaker:   g2t_tpc_hit Table Not found 
StMcEventMaker:INFO  - StMcEventMaker:   particle    Table Not found 
StMcEventMaker:INFO  - *** StMcEventMaker::Make() == StOK(0) ***
StFcsFastSimulatorMaker:DEBUG - StFcsFastSimulatorMaker::Make
StFcsFastSimulatorMaker:DEBUG - Creating StFcsCollection
StFcsFastSimulatorMaker:INFO  - TAttr::Found : fcsleakyhcal = 0

StFcsFastSimulatorMaker:INFO  - TAttr::Found : fcshcalzdepeff = 0

StFcsFastSimulatorMaker:INFO  - g2t_wca_hit table has 28 hit
StFcsFastSimulatorMaker:INFO  - ECAL det=0 id=442 volid=1443 e=0.000362
StFcsFastSimulatorMaker:INFO  - ECAL det=0 id=485 volid=1486 e=0.000701
StFcsFastSimulatorMaker:INFO  - ECAL det=0 id=486 volid=1487 e=0.001525
StFcsFastSimulatorMaker:INFO  - ECAL det=0 id=506 volid=1507 e=0.008449
StFcsFastSimulatorMaker:INFO  - ECAL det=0 id=507 volid=1508 e=0.018414
StFcsFastSimulatorMaker:INFO  - ECAL det=0 id=508 volid=1509 e=0.007446
StFcsFastSimulatorMaker:INFO  - ECAL det=0 id=528 volid=1529 e=0.170093
StFcsFastSimulatorMaker:INFO  - ECAL det=0 id=529 volid=1530 e=3.067843
StFcsFastSimulatorMaker:INFO  - ECAL det=0 id=530 volid=1531 e=0.025576
StFcsFastSimulatorMaker:INFO  - ECAL det=0 id=531 volid=1532 e=0.000820
StFcsFastSimulatorMaker:INFO  - ECAL det=0 id=532 volid=1533 e=0.003393
StFcsFastSimulatorMaker:INFO  - ECAL det=0 id=550 volid=1551 e=0.094687
StFcsFastSimulatorMaker:INFO  - ECAL det=0 id=551 volid=1552 e=0.505243
StFcsFastSimulatorMaker:INFO  - ECAL det=0 id=552 volid=1553 e=0.011749
StFcsFastSimulatorMaker:INFO  - ECAL det=0 id=553 volid=1554 e=0.006384
StFcsFastSimulatorMaker:INFO  - ECAL det=0 id=572 volid=1573 e=0.008029
StFcsFastSimulatorMaker:INFO  - ECAL det=0 id=573 volid=1574 e=0.003167
StFcsFastSimulatorMaker:INFO  - ECAL det=0 id=574 volid=1575 e=0.002078
StFcsFastSimulatorMaker:INFO  - ECAL det=0 id=575 volid=1576 e=0.000641
StFcsFastSimulatorMaker:INFO  - ECAL det=0 id=594 volid=1595 e=0.004862
StFcsFastSimulatorMaker:INFO  - ECAL det=0 id=595 volid=1596 e=0.005051
StFcsFastSimulatorMaker:INFO  - ECAL det=0 id=596 volid=1597 e=0.004990
StFcsFastSimulatorMaker:INFO  - ECAL det=0 id=597 volid=1598 e=0.000523
StFcsFastSimulatorMaker:INFO  - ECAL det=0 id=598 volid=1599 e=0.000840
StFcsFastSimulatorMaker:INFO  - ECAL det=0 id=641 volid=1642 e=0.000009
StFcsFastSimulatorMaker:INFO  - ECAL det=1 id=331 volid=2332 e=0.000925
StFcsFastSimulatorMaker:INFO  - ECAL det=1 id=462 volid=2463 e=0.001291
StFcsFastSimulatorMaker:INFO  - ECAL det=1 id=726 volid=2727 e=0.000553
StFcsFastSimulatorMaker:INFO  - g2t_hca_hit table has 18 hit
StFcsFastSimulatorMaker:INFO  - HCAL det=2 id=157 volid= 1158 e=0.001007
StFcsFastSimulatorMaker:INFO  - HCAL det=2 id=170 volid= 1171 e=0.001253
StFcsFastSimulatorMaker:INFO  - HCAL det=2 id=171 volid= 1172 e=0.000578
StFcsFastSimulatorMaker:INFO  - HCAL det=2 id=182 volid= 1183 e=0.000181
StFcsFastSimulatorMaker:INFO  - HCAL det=2 id=183 volid= 1184 e=0.002655
StFcsFastSimulatorMaker:INFO  - HCAL det=2 id=195 volid= 1196 e=0.012082
StFcsFastSimulatorMaker:INFO  - HCAL det=2 id=196 volid= 1197 e=0.000597
StFcsFastSimulatorMaker:INFO  - HCAL det=2 id=208 volid= 1209 e=0.000077
StFcsFastSimulatorMaker:INFO  - HCAL det=2 id=209 volid= 1210 e=0.000040
StFcsFastSimulatorMaker:INFO  - HCAL det=2 id=212 volid= 1213 e=0.000180
StFcsFastSimulatorMaker:INFO  - HCAL det=3 id=182 volid= 2183 e=0.000908
StFcsFastSimulatorMaker:INFO  - HCAL det=3 id=195 volid= 2196 e=0.000133
StFcsFastSimulatorMaker:INFO  - HCAL det=3 id=200 volid= 2201 e=0.002518
StFcsFastSimulatorMaker:INFO  - HCAL det=3 id=208 volid= 2209 e=0.000069
StFcsFastSimulatorMaker:INFO  - HCAL det=3 id=209 volid= 2210 e=0.000770
StFcsFastSimulatorMaker:INFO  - HCAL det=3 id=221 volid= 2222 e=0.002661
StFcsFastSimulatorMaker:INFO  - HCAL det=3 id=234 volid= 2235 e=0.001742
StFcsFastSimulatorMaker:INFO  - HCAL det=3 id=251 volid= 2252 e=0.000006
StFcsFastSimulatorMaker:INFO  - g2t_epd_hit table has 1 hit
StFcsFastSimulatorMaker:INFO  - Pres det=4 id=164 volid=206080 e=  1.921551
StFcsFastSimulatorMaker:INFO  - Det=0 id=442 dE=   0.000 SF= 0.200 gain= 0.005 corr= 1.000 ADC=   0 ZS= 1 digiE=   0.000
StFcsFastSimulatorMaker:INFO  - Det=0 id=485 dE=   0.001 SF= 0.200 gain= 0.005 corr= 1.000 ADC=   0 ZS= 1 digiE=   0.000
StFcsFastSimulatorMaker:INFO  - Det=0 id=486 dE=   0.002 SF= 0.200 gain= 0.005 corr= 1.000 ADC=   1 ZS= 1 digiE=   0.005
StFcsFastSimulatorMaker:INFO  - Det=0 id=506 dE=   0.008 SF= 0.200 gain= 0.005 corr= 1.000 ADC=   7 ZS= 1 digiE=   0.037
StFcsFastSimulatorMaker:INFO  - Det=0 id=507 dE=   0.018 SF= 0.200 gain= 0.005 corr= 1.000 ADC=  17 ZS= 1 digiE=   0.090
StFcsFastSimulatorMaker:INFO  - Det=0 id=508 dE=   0.007 SF= 0.200 gain= 0.005 corr= 1.000 ADC=   7 ZS= 1 digiE=   0.037
StFcsFastSimulatorMaker:INFO  - Det=0 id=528 dE=   0.170 SF= 0.200 gain= 0.005 corr= 1.000 ADC= 160 ZS= 1 digiE=   0.848
StFcsFastSimulatorMaker:INFO  - Det=0 id=529 dE=   3.068 SF= 0.200 gain= 0.005 corr= 1.000 ADC=2894 ZS= 1 digiE=  15.338
StFcsFastSimulatorMaker:INFO  - Det=0 id=530 dE=   0.026 SF= 0.200 gain= 0.005 corr= 1.000 ADC=  24 ZS= 1 digiE=   0.127
StFcsFastSimulatorMaker:INFO  - Det=0 id=531 dE=   0.001 SF= 0.200 gain= 0.005 corr= 1.000 ADC=   0 ZS= 1 digiE=   0.000
StFcsFastSimulatorMaker:INFO  - Det=0 id=532 dE=   0.003 SF= 0.200 gain= 0.005 corr= 1.000 ADC=   3 ZS= 1 digiE=   0.016
StFcsFastSimulatorMaker:INFO  - Det=0 id=550 dE=   0.095 SF= 0.200 gain= 0.005 corr= 1.000 ADC=  89 ZS= 1 digiE=   0.472
StFcsFastSimulatorMaker:INFO  - Det=0 id=551 dE=   0.505 SF= 0.200 gain= 0.005 corr= 1.000 ADC= 476 ZS= 1 digiE=   2.523
StFcsFastSimulatorMaker:INFO  - Det=0 id=552 dE=   0.012 SF= 0.200 gain= 0.005 corr= 1.000 ADC=  11 ZS= 1 digiE=   0.058
StFcsFastSimulatorMaker:INFO  - Det=0 id=553 dE=   0.006 SF= 0.200 gain= 0.005 corr= 1.000 ADC=   6 ZS= 1 digiE=   0.032
StFcsFastSimulatorMaker:INFO  - Det=0 id=572 dE=   0.008 SF= 0.200 gain= 0.005 corr= 1.000 ADC=   7 ZS= 1 digiE=   0.037
StFcsFastSimulatorMaker:INFO  - Det=0 id=573 dE=   0.003 SF= 0.200 gain= 0.005 corr= 1.000 ADC=   2 ZS= 1 digiE=   0.011
StFcsFastSimulatorMaker:INFO  - Det=0 id=574 dE=   0.002 SF= 0.200 gain= 0.005 corr= 1.000 ADC=   1 ZS= 1 digiE=   0.005
StFcsFastSimulatorMaker:INFO  - Det=0 id=575 dE=   0.001 SF= 0.200 gain= 0.005 corr= 1.000 ADC=   0 ZS= 1 digiE=   0.000
StFcsFastSimulatorMaker:INFO  - Det=0 id=594 dE=   0.005 SF= 0.200 gain= 0.005 corr= 1.000 ADC=   4 ZS= 1 digiE=   0.021
StFcsFastSimulatorMaker:INFO  - Det=0 id=595 dE=   0.005 SF= 0.200 gain= 0.005 corr= 1.000 ADC=   4 ZS= 1 digiE=   0.021
StFcsFastSimulatorMaker:INFO  - Det=0 id=596 dE=   0.005 SF= 0.200 gain= 0.005 corr= 1.000 ADC=   4 ZS= 1 digiE=   0.021
StFcsFastSimulatorMaker:INFO  - Det=0 id=597 dE=   0.001 SF= 0.200 gain= 0.005 corr= 1.000 ADC=   0 ZS= 1 digiE=   0.000
StFcsFastSimulatorMaker:INFO  - Det=0 id=598 dE=   0.001 SF= 0.200 gain= 0.005 corr= 1.000 ADC=   0 ZS= 1 digiE=   0.000
StFcsFastSimulatorMaker:INFO  - Det=0 id=641 dE=   0.000 SF= 0.200 gain= 0.005 corr= 1.000 ADC=   0 ZS= 1 digiE=   0.000
StFcsFastSimulatorMaker:INFO  - Det=1 id=331 dE=   0.001 SF= 0.200 gain= 0.005 corr= 1.000 ADC=   0 ZS= 1 digiE=   0.000
StFcsFastSimulatorMaker:INFO  - Det=1 id=462 dE=   0.001 SF= 0.200 gain= 0.005 corr= 1.000 ADC=   1 ZS= 1 digiE=   0.005
StFcsFastSimulatorMaker:INFO  - Det=1 id=726 dE=   0.001 SF= 0.200 gain= 0.005 corr= 1.000 ADC=   0 ZS= 1 digiE=   0.000
StFcsFastSimulatorMaker:INFO  - Det=2 id=157 dE=   0.001 SF= 0.014 gain= 0.005 corr= 1.000 ADC=  13 ZS= 1 digiE=   0.069
StFcsFastSimulatorMaker:INFO  - Det=2 id=170 dE=   0.001 SF= 0.014 gain= 0.005 corr= 1.000 ADC=  16 ZS= 1 digiE=   0.085
StFcsFastSimulatorMaker:INFO  - Det=2 id=171 dE=   0.001 SF= 0.014 gain= 0.005 corr= 1.000 ADC=   7 ZS= 1 digiE=   0.037
StFcsFastSimulatorMaker:INFO  - Det=2 id=182 dE=   0.000 SF= 0.014 gain= 0.005 corr= 1.000 ADC=   2 ZS= 1 digiE=   0.011
StFcsFastSimulatorMaker:INFO  - Det=2 id=183 dE=   0.003 SF= 0.014 gain= 0.005 corr= 1.000 ADC=  34 ZS= 1 digiE=   0.180
StFcsFastSimulatorMaker:INFO  - Det=2 id=195 dE=   0.012 SF= 0.014 gain= 0.005 corr= 1.000 ADC= 157 ZS= 1 digiE=   0.832
StFcsFastSimulatorMaker:INFO  - Det=2 id=196 dE=   0.001 SF= 0.014 gain= 0.005 corr= 1.000 ADC=   7 ZS= 1 digiE=   0.037
StFcsFastSimulatorMaker:INFO  - Det=2 id=208 dE=   0.000 SF= 0.014 gain= 0.005 corr= 1.000 ADC=   0 ZS= 1 digiE=   0.000
StFcsFastSimulatorMaker:INFO  - Det=2 id=209 dE=   0.000 SF= 0.014 gain= 0.005 corr= 1.000 ADC=   0 ZS= 1 digiE=   0.000
StFcsFastSimulatorMaker:INFO  - Det=2 id=212 dE=   0.000 SF= 0.014 gain= 0.005 corr= 1.000 ADC=   2 ZS= 1 digiE=   0.011
StFcsFastSimulatorMaker:INFO  - Det=3 id=182 dE=   0.001 SF= 0.014 gain= 0.005 corr= 1.000 ADC=  11 ZS= 1 digiE=   0.058
StFcsFastSimulatorMaker:INFO  - Det=3 id=195 dE=   0.000 SF= 0.014 gain= 0.005 corr= 1.000 ADC=   1 ZS= 1 digiE=   0.005
StFcsFastSimulatorMaker:INFO  - Det=3 id=200 dE=   0.003 SF= 0.014 gain= 0.005 corr= 1.000 ADC=  32 ZS= 1 digiE=   0.170
StFcsFastSimulatorMaker:INFO  - Det=3 id=208 dE=   0.000 SF= 0.014 gain= 0.005 corr= 1.000 ADC=   0 ZS= 1 digiE=   0.000
StFcsFastSimulatorMaker:INFO  - Det=3 id=209 dE=   0.001 SF= 0.014 gain= 0.005 corr= 1.000 ADC=  10 ZS= 1 digiE=   0.053
StFcsFastSimulatorMaker:INFO  - Det=3 id=221 dE=   0.003 SF= 0.014 gain= 0.005 corr= 1.000 ADC=  34 ZS= 1 digiE=   0.180
StFcsFastSimulatorMaker:INFO  - Det=3 id=234 dE=   0.002 SF= 0.014 gain= 0.005 corr= 1.000 ADC=  22 ZS= 1 digiE=   0.117
StFcsFastSimulatorMaker:INFO  - Det=3 id=251 dE=   0.000 SF= 0.014 gain= 0.005 corr= 1.000 ADC=   0 ZS= 1 digiE=   0.000
StFcsFastSimulatorMaker:INFO  - Det=4 id=164 dE=   1.922 SF= 2.000 gain= 0.010 corr= 0.500 ADC= 192 ZS= 1 digiE=   0.960
StFcsFastSimulatorMaker:INFO  - wca Found 28 g2t hits in 16 cells, created 16 hits with ADC>ZS(1) and Etot=  19.689
StFcsFastSimulatorMaker:INFO  - hca Found 18 g2t hits in 13 cells, created 13 hits with ADC>ZS(1) and Etot=   1.839
StFcsFastSimulatorMaker:INFO  - pre Found 1 g2t hits in 1 cells, created 1 hits with ADC>ZS(1) and Etot=   0.960
StFcsFastSimulatorMaker:INFO  - *** StFcsFastSimulatorMaker::Make() == StOK(0) ***
StFcsWaveformFitMaker:INFO  - *** StFcsWaveformFitMaker::Make() == StOK(0) ***
StFcsClusterMaker:DEBUG - StFcsClusterMaker Make!!!
  *** Print FCS collection ***  RecFlag=0
  *** FCS Det=0 *** NHit= 16 NCluster=  1 NPoint=  0
StFcsHit: det= 0 id=529 | ns=0 ehp=0 dep=10 ch=28 | Ntb=  1 Sum=     0 Fit=  0.00   0.00 E= 15.34 | 2894 (  0) 
StFcsHit: det= 0 id=551 | ns=0 ehp=0 dep=15 ch= 0 | Ntb=  1 Sum=     0 Fit=  0.00   0.00 E=  2.52 |  476 (  0) 
StFcsHit: det= 0 id=528 | ns=0 ehp=0 dep=22 ch=23 | Ntb=  1 Sum=     0 Fit=  0.00   0.00 E=  0.85 |  160 (  0) 
StFcsHit: det= 0 id=550 | ns=0 ehp=0 dep=22 ch=24 | Ntb=  1 Sum=     0 Fit=  0.00   0.00 E=  0.47 |   89 (  0) 
StFcsHit: det= 0 id=530 | ns=0 ehp=0 dep=10 ch=29 | Ntb=  1 Sum=     0 Fit=  0.00   0.00 E=  0.13 |   24 (  0) 
StFcsHit: det= 0 id=507 | ns=0 ehp=0 dep=10 ch=24 | Ntb=  1 Sum=     0 Fit=  0.00   0.00 E=  0.09 |   17 (  0) 
StFcsHit: det= 0 id=552 | ns=0 ehp=0 dep=15 ch= 1 | Ntb=  1 Sum=     0 Fit=  0.00   0.00 E=  0.06 |   11 (  0) 
StFcsHit: det= 0 id=506 | ns=0 ehp=0 dep=22 ch=22 | Ntb=  1 Sum=     0 Fit=  0.00   0.00 E=  0.04 |    7 (  0) 
StFcsHit: det= 0 id=508 | ns=0 ehp=0 dep=10 ch=25 | Ntb=  1 Sum=     0 Fit=  0.00   0.00 E=  0.04 |    7 (  0) 
StFcsHit: det= 0 id=572 | ns=0 ehp=0 dep=22 ch=25 | Ntb=  1 Sum=     0 Fit=  0.00   0.00 E=  0.04 |    7 (  0) 
StFcsHit: det= 0 id=553 | ns=0 ehp=0 dep=15 ch= 2 | Ntb=  1 Sum=     0 Fit=  0.00   0.00 E=  0.03 |    6 (  0) 
StFcsHit: det= 0 id=594 | ns=0 ehp=0 dep=22 ch=26 | Ntb=  1 Sum=     0 Fit=  0.00   0.00 E=  0.02 |    4 (  0) 
StFcsHit: det= 0 id=595 | ns=0 ehp=0 dep=15 ch= 8 | Ntb=  1 Sum=     0 Fit=  0.00   0.00 E=  0.02 |    4 (  0) 
StFcsHit: det= 0 id=596 | ns=0 ehp=0 dep=15 ch= 9 | Ntb=  1 Sum=     0 Fit=  0.00   0.00 E=  0.02 |    4 (  0) 
StFcsHit: det= 0 id=532 | ns=0 ehp=0 dep=10 ch=31 | Ntb=  1 Sum=     0 Fit=  0.00   0.00 E=  0.02 |    3 (  0) 
StFcsHit: det= 0 id=573 | ns=0 ehp=0 dep=15 ch= 4 | Ntb=  1 Sum=     0 Fit=  0.00   0.00 E=  0.01 |    2 (  0) 
StFcsCluster id=   0 ctg=1 n=15 nNeigh=0 nPoints=0 loc=   1.33   24.81 PXYZE=  -0.68   -1.32   19.62   19.67 E=  19.67 sigMin/max=   0.39    0.47 Chi2=   0.00    0.00
  *** FCS Det=1 *** NHit=  0 NCluster=  0 NPoint=  0
  *** FCS Det=2 *** NHit=  8 NCluster=  1 NPoint=  0
StFcsHit: det= 2 id=195 | ns=0 ehp=1 dep= 3 ch=20 | Ntb=  1 Sum=     0 Fit=  0.00   0.00 E=  0.83 |  157 (  0) 
StFcsHit: det= 2 id=183 | ns=0 ehp=1 dep= 3 ch=17 | Ntb=  1 Sum=     0 Fit=  0.00   0.00 E=  0.18 |   34 (  0) 
StFcsHit: det= 2 id=170 | ns=0 ehp=1 dep= 3 ch=13 | Ntb=  1 Sum=     0 Fit=  0.00   0.00 E=  0.08 |   16 (  0) 
StFcsHit: det= 2 id=157 | ns=0 ehp=1 dep= 3 ch= 9 | Ntb=  1 Sum=     0 Fit=  0.00   0.00 E=  0.07 |   13 (  0) 
StFcsHit: det= 2 id=171 | ns=0 ehp=1 dep= 3 ch=14 | Ntb=  1 Sum=     0 Fit=  0.00   0.00 E=  0.04 |    7 (  0) 
StFcsHit: det= 2 id=196 | ns=0 ehp=1 dep= 3 ch=21 | Ntb=  1 Sum=     0 Fit=  0.00   0.00 E=  0.04 |    7 (  0) 
StFcsHit: det= 2 id=182 | ns=0 ehp=1 dep= 3 ch=16 | Ntb=  1 Sum=     0 Fit=  0.00   0.00 E=  0.01 |    2 (  0) 
StFcsHit: det= 2 id=212 | ns=0 ehp=1 dep= 4 ch=24 | Ntb=  1 Sum=     0 Fit=  0.00   0.00 E=  0.01 |    2 (  0) 
StFcsCluster id=   0 ctg=1 n= 7 nNeigh=0 nPoints=0 loc=   0.62   15.38 PXYZE=  -0.04   -0.08    1.25    1.25 E=   1.25 sigMin/max=   0.00    0.46 Chi2=   0.00    0.00
  *** FCS Det=3 *** NHit=  5 NCluster=  2 NPoint=  0
StFcsHit: det= 3 id=221 | ns=1 ehp=1 dep= 3 ch=28 | Ntb=  1 Sum=     0 Fit=  0.00   0.00 E=  0.18 |   34 (  0) 
StFcsHit: det= 3 id=200 | ns=1 ehp=1 dep= 4 ch=21 | Ntb=  1 Sum=     0 Fit=  0.00   0.00 E=  0.17 |   32 (  0) 
StFcsHit: det= 3 id=234 | ns=1 ehp=1 dep= 7 ch= 0 | Ntb=  1 Sum=     0 Fit=  0.00   0.00 E=  0.12 |   22 (  0) 
StFcsHit: det= 3 id=182 | ns=1 ehp=1 dep= 3 ch=16 | Ntb=  1 Sum=     0 Fit=  0.00   0.00 E=  0.06 |   11 (  0) 
StFcsHit: det= 3 id=209 | ns=1 ehp=1 dep= 3 ch=25 | Ntb=  1 Sum=     0 Fit=  0.00   0.00 E=  0.05 |   10 (  0) 
StFcsCluster id=   0 ctg=1 n= 3 nNeigh=0 nPoints=0 loc=   0.50   17.68 PXYZE=   0.01   -0.03    0.35    0.35 E=   0.35 sigMin/max=   0.00    0.38 Chi2=   0.00    0.00
StFcsCluster id=   1 ctg=1 n= 1 nNeigh=0 nPoints=0 loc=   5.50   15.50 PXYZE=   0.02   -0.01    0.17    0.17 E=   0.17 sigMin/max=   0.00    0.00 Chi2=   0.00    0.00
  *** FCS Det=4 *** NHit=  1 NCluster=  0 NPoint=  0
StFcsHit: det= 4 id=164 | ns=0 ehp=2 dep= 5 ch= 4 | Ntb=  1 Sum=     0 Fit=  0.00   0.00 E=  0.96 |  192 (  0) 
  *** FCS Det=5 *** NHit=  0 NCluster=  0 NPoint=  0
  *** FCS Det=6 *** NHit=  0 NCluster=  1 NPoint=  0
StFcsClusterMaker:INFO  - *** StFcsClusterMaker::Make() == StOK(0) ***
StFttClusterPointMaker:INFO  - Creating FttCollection
StFttClusterPointMaker:INFO  - Making Geant points
StFttClusterPointMaker:INFO  - *** StFttClusterPointMaker::Make() == StOK(0) ***
StFwdTrackMaker:INFO  - Setting Event Vertex from geant/g2t_vertex[0]: 0xb182e20
StFwdTrackMaker:INFO  - TAttr::Found : useftt = 1

StFwdTrackMaker:INFO  - TAttr::Found : usefst = 1

StFwdTrackMaker:INFO  - TAttr::Found : useepd = 1

StFwdTrackMaker:INFO  - There are: 0 with 0 FST, 0 with 1 FST, 0 with 2 FST, 1 with 3 FST
StFwdTrackMaker:INFO  - There are: 0 with 0 FTT, 0 with 1 FTT, 0 with 2 FTT, 0 with 3 FTT, 0 with 4 FTT, 0 with 5 FTT, 0 with 6 FTT, 0 with 7 FTT, 1 with 8 FTT
StFwdTrackMaker:INFO  - There are 1 McTracks with > 2 FST hits (#of possible seeds)
StFwdTrackMaker:INFO  - 	Finding FWD Track Seeds
StFwdTrackMaker:INFO  - Hitmap Source: fst
StFwdTrackMaker:INFO  - Performing Fwd Seed finding with mode: fst = 
StFwdTrackMaker:INFO  - Found 1 seeds in 1 iterations
StFwdTrackMaker:INFO  - Total Hits removed: 0
StFwdTrackMaker:INFO  - Seed [0] with 3 hits : id=2@2id=1@1id=0@0
StFwdTrackMaker:INFO  - <<Fwd Tracking Found : 1 Track Seeds from 3 FST hits and 4 sTGC hits
StFwdTrackMaker:INFO  -     (vs. 1 McTracks with FST>2, eff = 1)
StFwdTrackMaker:INFO  - 	Fitting FWD Track Seeds
StFwdTrackMaker:INFO  - TrackFitter:refit = 1
StFwdTrackMaker:INFO  - Starting Track fitting loop with 1 track seeds
StFwdTrackMaker:INFO  - TrackFitter:refit = 1
StFwdTrackMaker:INFO  - 		Mc Match idTruth=1, quality = 1
StFwdTrackMaker:INFO  - GenFitTrackResult::mIdTruth = 1, QaTruth = 1
The points are collinear, curvature is undefined.
p1 = -5.95999, -10.9877
p2 = -5.91499, -11.0119
p3 = -5.91499, -11.0119
StFwdTrackMaker:INFO  - GenericFitSeeder::makeSeed::Curvature: -1e-07
StFwdTrackMaker:INFO  - GenericFitSeeder::makeSeed::pt = 14989.5
StFwdTrackMaker:WARN  - Seed momentum is too high, setting to (0,0,1)
StFwdTrackMaker:INFO  - Track Setup complete, track has 3 points
StFwdTrackMaker:INFO  -  sorting changed track points: 0
StFwdTrackMaker:INFO  - Fit status:  1
StFwdTrackMaker:INFO  - -Fit pvalue: 0.981596
StFwdTrackMaker:INFO  - -Fit Chi2:   0.000532153
StFwdTrackMaker:INFO  - -Fit Chi2:   0.000532153
StFwdTrackMaker:INFO  - Track fit charge: -1Fit momentum: -8.43403e-05, -3.48884e-05, 0.0047229
StFwdTrackMaker:INFO  - 	Fit Pt: 9.12715e-05, eta: 4.63958, phi: -2.74936
StFwdTrackMaker:INFO  - Track fit update complete!
StFwdTrackMaker:INFO  - Track Reps: 1
StFwdTrackMaker:INFO  - Track Rep 0 
genfit::AbsTrackRep, pdgCode = -211. PropDir = 0
fitStatus 
 track has been fitted, fit has converged fully, 0 TrackPoints could not be processed, fitted charge = -1, PruneFlags: 
 track has been fitted with reference track, numIterations = 5, track length = 27.0352, fChi2 = 0.000532961, bChi2 = 0.000532153, fNdf = 1, bNdf = 1, fPVal = 0.981582, bPVal = 0.981596

StFwdTrackMaker:INFO  - GenFitTrackResult::mIdTruth = 1, QaTruth = 1
StFwdTrackMaker:INFO  - GTR Setting momentum from track
StFwdTrackMaker:INFO  - --isFitConvergedPartially() = 1
StFwdTrackMaker:INFO  - --isFitConverged() = 1
StFwdTrackMaker:INFO  - --isFitConvergedFully() = 1
StFwdTrackMaker:WARN  - addFttHits: skipping blown-up state pT=9.12715e-05
StFwdTrackMaker:WARN  - addFttHits: skipping blown-up state pT=9.12715e-05
StFwdTrackMaker:WARN  - addFttHits: skipping blown-up state pT=9.12715e-05
StFwdTrackMaker:WARN  - addFttHits: skipping blown-up state pT=9.12715e-05
StFwdTrackMaker:WARN  - addEpdHits: skipping blown-up state pT=9.12715e-05
StFwdTrackMaker:INFO  - GenFitTrackResult::mIdTruth = 1, QaTruth = 1
The points are collinear, curvature is undefined.
p1 = -5.95999, -10.9877
p2 = -5.91499, -11.0119
p3 = -5.91499, -11.0119
StFwdTrackMaker:INFO  - GenericFitSeeder::makeSeed::Curvature: -1e-07
StFwdTrackMaker:INFO  - GenericFitSeeder::makeSeed::pt = 14989.5
StFwdTrackMaker:WARN  - Seed momentum is too high, setting to (0,0,1)
StFwdTrackMaker:INFO  - Note: Using externally provided seed momentum
StFwdTrackMaker:INFO  - Track Setup complete, track has 3 points
StFwdTrackMaker:INFO  -  sorting changed track points: 0
StFwdTrackMaker:INFO  - Fit status:  0
StFwdTrackMaker:INFO  - -Fit pvalue: 0.985964
StFwdTrackMaker:INFO  - -Fit Chi2:   0.000309492
StFwdTrackMaker:INFO  - -Fit Chi2:   0.000309492
StFwdTrackMaker:INFO  - Track fit update complete!
StFwdTrackMaker:INFO  - Track Reps: 1
StFwdTrackMaker:INFO  - Track Rep 0 
genfit::AbsTrackRep, pdgCode = -211. PropDir = 0
fitStatus 
 track has been fitted, fit has NOT converged, 0 TrackPoints could not be processed, fitted charge = -1, PruneFlags: 
 track has been fitted with reference track, numIterations = 20, track length = 27.0346, fChi2 = 0.000313176, bChi2 = 0.000309492, fNdf = 1, bNdf = 1, fPVal = 0.985881, bPVal = 0.985964

StFwdTrackMaker:ERROR - --FitTrack is nullptr or fit did not converge, setting seed only
StFwdTrackMaker:INFO  - GenFitTrackResult::mIdTruth = 1, QaTruth = 1
StFwdTrackMaker:INFO  - Global track fitting completed, found 1 global tracks from 1 track seed candidates
StFwdTrackMaker:INFO  - >>doBeamlineTrackFitting( #globals = 1 )
StFwdTrackMaker:INFO  - doBeamlineTrackFitting>>0 McId=1 with Beamline, seed already has: 3 hits
StFwdTrackMaker:INFO  - mBeamlineHit: 0, 0, 0
StFwdTrackMaker:INFO  - This fit is for a global that converged? = 1
StFwdTrackMaker:INFO  - GenFitTrackResult::mIdTruth = 1, QaTruth = 0.75
The points are collinear, curvature is undefined.
p1 = 0, 0
p2 = -5.91499, -11.0119
p3 = -5.91499, -11.0119
The points are collinear, curvature is undefined.
p1 = -5.95999, -10.9877
p2 = -5.91499, -11.0119
p3 = -5.91499, -11.0119
StFwdTrackMaker:INFO  - GenericFitSeeder::makeSeed::Curvature: -0.0799999
StFwdTrackMaker:INFO  - GenericFitSeeder::makeSeed::pt = 0.0187369
StFwdTrackMaker:INFO  - Track Setup complete, track has 4 points
StFwdTrackMaker:INFO  -  sorting changed track points: 0
StFwdTrackMaker:INFO  - Fit status:  1
StFwdTrackMaker:INFO  - -Fit pvalue: 0.957498
StFwdTrackMaker:INFO  - -Fit Chi2:   0.31335
StFwdTrackMaker:INFO  - -Fit Chi2:   0.31335
StFwdTrackMaker:INFO  - Track fit charge: -1Fit momentum: -0.169838, -0.295763, 4.8411
StFwdTrackMaker:INFO  - 	Fit Pt: 0.341059, eta: 3.34723, phi: -2.09206
StFwdTrackMaker:INFO  - Track fit update complete!
StFwdTrackMaker:INFO  - Track Reps: 1
StFwdTrackMaker:INFO  - Track Rep 0 
genfit::AbsTrackRep, pdgCode = -211. PropDir = 0
fitStatus 
 track has been fitted, fit has converged fully, 0 TrackPoints could not be processed, fitted charge = -1, PruneFlags: 
 track has been fitted with reference track, numIterations = 4, track length = 190.112, fChi2 = 0.31335, bChi2 = 0.31335, fNdf = 3, bNdf = 3, fPVal = 0.957498, bPVal = 0.957498

StFwdTrackMaker:INFO  - GenFitTrackResult::mIdTruth = 1, QaTruth = 0.75
StFwdTrackMaker:INFO  - GTR Setting momentum from track
StFwdTrackMaker:INFO  - --isFitConvergedPartially() = 1
StFwdTrackMaker:INFO  - --isFitConverged() = 1
StFwdTrackMaker:INFO  - --isFitConvergedFully() = 1
StFwdTrackMaker:INFO  - SEED momentum:-8.43403e-05, -3.48884e-05, 0.0047229
StFwdTrackMaker:INFO  - 	Initial Beamline fit completed, now refitting with additional hits
StFwdTrackMaker:INFO  - Looking for FTT strips near projected state on disk 0
StFwdTrackMaker:INFO  - There are 2 available FTT strips on this disk
AAA FTT proj z= 312.84  x=-10.396 y=-20.357  r= 22.858 phi=-2.0430  sigU= 0.351 sigV= 0.016
AAA FTT momentum at proj: pT= 0.341 eta= 3.348 phi=-2.0043  px= -0.143 py= -0.309 pz=  4.841
AAA FTT search thresholds: dPhi<0.1200 dR<30.00 dx<7.50 dy<7.50  nHits=2
findFttHitsNearProjectedState, msp = (-10.396193, -20.356614)
	 vs. hit@(-8.382616+/-4.330127, -20.343037+/-0.010000) => dx=2.013577, dy=0.013577, dR=0.855218, dPhi=0.081311 (tid=1), strip=horizontal
AAA FTT hit H pos=( -8.383+/-4.33, -20.343+/-0.01)  dx= 2.014 dy= 0.014 dR= 0.855 dPhi=0.0813 (tid=1)  dPhi:OK dR:OK XY:OK
AAA FTT hit V pos=(-10.911+/-0.01, -13.434+/-4.33)  dx= 0.515 dy= 6.922 dR= 5.551 dPhi=0.2100 (tid=1)  dPhi:FAIL dR:OK XY:OK
StFwdTrackMaker:INFO  - Adding horizontal strip hit with dPhi = 0.0813115, dR = 0.855218, dx = 2.01358, dy = 0.013577
StFwdTrackMaker:INFO  - Adding vertical strip hit with dPhi = 0.209968, dR = 5.55058, dx = 0.515176, dy = 6.92244
StFwdTrackMaker:INFO  - Closest horizontal FTT strip to FST state: dR=0.855218, dPhi=0.081311, dx=2.013577, dy=0.013577 (tid=1) 
AAA FTT closest-H dPhi=0.0813(<0.1200) dR= 0.855(< 30.0) dx= 2.014 dy= 0.014(< 7.50) tid=1 -> ACCEPT
StFwdTrackMaker:INFO  - Closest vertical FTT strip to FST state: dR=5.550579, dPhi=0.209968, dx=0.515176, dy=6.922440 (tid=1) 
AAA FTT closest-V dPhi=0.2100(<0.1200) dR= 5.551(< 30.0) dx= 0.515 dy= 6.922(< 7.50) tid=1 -> ACCEPT
AAA FTT result: 2 hits added (H:ACCEPT V:ACCEPT)
StFwdTrackMaker:INFO  -  Found #FTT strips on plane #0 = [2]
StFwdTrackMaker:INFO  - Found 4 existing seed points
StFwdTrackMaker:INFO  - Adding 2 new FTT seed points
StFwdTrackMaker:INFO  - Looking for FTT strips near projected state on disk 1
StFwdTrackMaker:INFO  - There are 2 available FTT strips on this disk
AAA FTT proj z= 330.84  x=-10.930 y=-21.506  r= 24.125 phi=-2.0410  sigU= 0.351 sigV= 0.015
AAA FTT momentum at proj: pT= 0.341 eta= 3.348 phi=-2.0077  px= -0.144 py= -0.309 pz=  4.841
AAA FTT search thresholds: dPhi<0.1200 dR<30.00 dx<7.50 dy<7.50  nHits=2
findFttHitsNearProjectedState, msp = (-10.930430, -21.506331)
AAA FTT hit H pos=( -5.967+/-4.33, -21.500+/-0.01)  dx= 4.963 dy= 0.006 dR= 1.812 dPhi=0.1995 (tid=1)  dPhi:FAIL dR:OK XY:OK
	 vs. hit@(-11.508456+/-0.010000, -26.411396+/-4.330127) => dx=0.578026, dy=4.905065, dR=4.685227, dPhi=0.059289 (tid=1), strip=vertical
AAA FTT hit V pos=(-11.508+/-0.01, -26.411+/-4.33)  dx= 0.578 dy= 4.905 dR= 4.685 dPhi=0.0593 (tid=1)  dPhi:OK dR:OK XY:OK
StFwdTrackMaker:INFO  - Adding horizontal strip hit with dPhi = 0.199478, dR = 1.81181, dx = 4.96295, dy = 0.00632515
StFwdTrackMaker:INFO  - Adding vertical strip hit with dPhi = 0.059289, dR = 4.68523, dx = 0.578026, dy = 4.90507
StFwdTrackMaker:INFO  - Closest horizontal FTT strip to FST state: dR=1.811806, dPhi=0.199478, dx=4.962955, dy=0.006325 (tid=1) 
AAA FTT closest-H dPhi=0.1995(<0.1200) dR= 1.812(< 30.0) dx= 4.963 dy= 0.006(< 7.50) tid=1 -> ACCEPT
StFwdTrackMaker:INFO  - Closest vertical FTT strip to FST state: dR=4.685227, dPhi=0.059289, dx=0.578026, dy=4.905065 (tid=1) 
AAA FTT closest-V dPhi=0.0593(<0.1200) dR= 4.685(< 30.0) dx= 0.578 dy= 4.905(< 7.50) tid=1 -> ACCEPT
AAA FTT result: 2 hits added (H:ACCEPT V:ACCEPT)
StFwdTrackMaker:INFO  -  Found #FTT strips on plane #1 = [2]
StFwdTrackMaker:INFO  - Found 6 existing seed points
StFwdTrackMaker:INFO  - Adding 2 new FTT seed points
StFwdTrackMaker:INFO  - Looking for FTT strips near projected state on disk 2
StFwdTrackMaker:INFO  - There are 2 available FTT strips on this disk
AAA FTT proj z= 346.85  x=-11.409 y=-22.526  r= 25.251 phi=-2.0396  sigU= 0.351 sigV= 0.014
AAA FTT momentum at proj: pT= 0.341 eta= 3.348 phi=-2.0121  px= -0.146 py= -0.308 pz=  4.841
AAA FTT search thresholds: dPhi<0.1200 dR<30.00 dx<7.50 dy<7.50  nHits=2
findFttHitsNearProjectedState, msp = (-11.409373, -22.526229)
	 vs. hit@(-9.344719+/-4.330127, -22.573395+/-0.010000) => dx=2.064654, dy=0.047166, dR=0.819670, dPhi=0.076337 (tid=1), strip=horizontal
AAA FTT hit H pos=( -9.345+/-4.33, -22.573+/-0.01)  dx= 2.065 dy= 0.047 dR= 0.820 dPhi=0.0763 (tid=1)  dPhi:OK dR:OK XY:OK
	 vs. hit@(-12.060439+/-0.010000, -23.518124+/-4.330127) => dx=0.651066, dy=0.991895, dR=1.179379, dPhi=0.005018 (tid=1), strip=vertical
AAA FTT hit V pos=(-12.060+/-0.01, -23.518+/-4.33)  dx= 0.651 dy= 0.992 dR= 1.179 dPhi=0.0050 (tid=1)  dPhi:OK dR:OK XY:OK
StFwdTrackMaker:INFO  - Adding horizontal strip hit with dPhi = 0.0763368, dR = 0.81967, dx = 2.06465, dy = 0.0471663
StFwdTrackMaker:INFO  - Adding vertical strip hit with dPhi = 0.00501837, dR = 1.17938, dx = 0.651066, dy = 0.991895
StFwdTrackMaker:INFO  - Closest horizontal FTT strip to FST state: dR=0.819670, dPhi=0.076337, dx=2.064654, dy=0.047166 (tid=1) 
AAA FTT closest-H dPhi=0.0763(<0.1200) dR= 0.820(< 30.0) dx= 2.065 dy= 0.047(< 7.50) tid=1 -> ACCEPT
StFwdTrackMaker:INFO  - Closest vertical FTT strip to FST state: dR=1.179379, dPhi=0.005018, dx=0.651066, dy=0.991895 (tid=1) 
AAA FTT closest-V dPhi=0.0050(<0.1200) dR= 1.179(< 30.0) dx= 0.651 dy= 0.992(< 7.50) tid=1 -> ACCEPT
AAA FTT result: 2 hits added (H:ACCEPT V:ACCEPT)
StFwdTrackMaker:INFO  -  Found #FTT strips on plane #2 = [2]
StFwdTrackMaker:INFO  - Found 8 existing seed points
StFwdTrackMaker:INFO  - Adding 2 new FTT seed points
StFwdTrackMaker:INFO  - Looking for FTT strips near projected state on disk 3
StFwdTrackMaker:INFO  - There are 2 available FTT strips on this disk
AAA FTT proj z= 364.84  x=-11.953 y=-23.670  r= 26.517 phi=-2.0384  sigU= 0.351 sigV= 0.014
AAA FTT momentum at proj: pT= 0.341 eta= 3.348 phi=-2.0173  px= -0.147 py= -0.307 pz=  4.841
AAA FTT search thresholds: dPhi<0.1200 dR<30.00 dx<7.50 dy<7.50  nHits=2
findFttHitsNearProjectedState, msp = (-11.953228, -23.669605)
AAA FTT hit H pos=( -8.079+/-4.33, -23.718+/-0.01)  dx= 3.875 dy= 0.048 dR= 1.461 dPhi=0.1394 (tid=1)  dPhi:FAIL dR:OK XY:OK
	 vs. hit@(-12.689061+/-0.010000, -27.480450+/-4.330127) => dx=0.735833, dy=3.810845, dR=3.751991, dPhi=0.035061 (tid=1), strip=vertical
AAA FTT hit V pos=(-12.689+/-0.01, -27.480+/-4.33)  dx= 0.736 dy= 3.811 dR= 3.752 dPhi=0.0351 (tid=1)  dPhi:OK dR:OK XY:OK
StFwdTrackMaker:INFO  - Adding horizontal strip hit with dPhi = 0.139355, dR = 1.46083, dx = 3.87469, dy = 0.0480865
StFwdTrackMaker:INFO  - Adding vertical strip hit with dPhi = 0.0350612, dR = 3.75199, dx = 0.735833, dy = 3.81084
StFwdTrackMaker:INFO  - Closest horizontal FTT strip to FST state: dR=1.460825, dPhi=0.139355, dx=3.874691, dy=0.048086 (tid=1) 
AAA FTT closest-H dPhi=0.1394(<0.1200) dR= 1.461(< 30.0) dx= 3.875 dy= 0.048(< 7.50) tid=1 -> ACCEPT
StFwdTrackMaker:INFO  - Closest vertical FTT strip to FST state: dR=3.751991, dPhi=0.035061, dx=0.735833, dy=3.810845 (tid=1) 
AAA FTT closest-V dPhi=0.0351(<0.1200) dR= 3.752(< 30.0) dx= 0.736 dy= 3.811(< 7.50) tid=1 -> ACCEPT
AAA FTT result: 2 hits added (H:ACCEPT V:ACCEPT)
StFwdTrackMaker:INFO  -  Found #FTT strips on plane #3 = [2]
StFwdTrackMaker:INFO  - Found 10 existing seed points
StFwdTrackMaker:INFO  - Adding 2 new FTT seed points
StFwdTrackMaker:INFO  - Closest EPD hit to state: dR=1.136601, dPhi=-0.074424, dx=2.276783, dy=0.205582
StFwdTrackMaker:INFO  - GenFitTrackResult::mIdTruth = 1, QaTruth = 0.846154
The points are collinear, curvature is undefined.
p1 = 0, 0
p2 = -5.91499, -11.0119
p3 = -5.91499, -11.0119
The points are collinear, curvature is undefined.
p1 = -5.95999, -10.9877
p2 = -5.91499, -11.0119
p3 = -5.91499, -11.0119
The points are collinear, curvature is undefined.
p1 = -5.91499, -11.0119
p2 = -5.91499, -11.0119
p3 = -8.38262, -20.343
The points are collinear, curvature is undefined.
p1 = -5.91499, -11.0119
p2 = -5.91499, -11.0119
p3 = -10.9114, -13.4342
The points are collinear, curvature is undefined.
p1 = -5.91499, -11.0119
p2 = -5.91499, -11.0119
p3 = -5.96748, -21.5
The points are collinear, curvature is undefined.
p1 = -5.91499, -11.0119
p2 = -5.91499, -11.0119
p3 = -11.5085, -26.4114
The points are collinear, curvature is undefined.
p1 = -5.91499, -11.0119
p2 = -5.91499, -11.0119
p3 = -9.34472, -22.5734
The points are collinear, curvature is undefined.
p1 = -5.91499, -11.0119
p2 = -5.91499, -11.0119
p3 = -12.0604, -23.5181
The points are collinear, curvature is undefined.
p1 = -5.91499, -11.0119
p2 = -5.91499, -11.0119
p3 = -8.07854, -23.7177
The points are collinear, curvature is undefined.
p1 = -5.91499, -11.0119
p2 = -5.91499, -11.0119
p3 = -12.6891, -27.4804
The points are collinear, curvature is undefined.
p1 = -5.91499, -11.0119
p2 = -5.91499, -11.0119
p3 = -9.98612, -24.1086
StFwdTrackMaker:INFO  - GenericFitSeeder::makeSeed::Curvature: -0.00785612
StFwdTrackMaker:INFO  - GenericFitSeeder::makeSeed::pt = 0.1908
StFwdTrackMaker:INFO  - Note: Using externally provided seed momentum
StFwdTrackMaker:INFO  - Track Setup complete, track has 13 points
StFwdTrackMaker:INFO  -  sorting changed track points: 1
StFwdTrackMaker:INFO  - Fit status:  1
StFwdTrackMaker:INFO  - -Fit pvalue: 0.714784
StFwdTrackMaker:INFO  - -Fit Chi2:   16.9392
StFwdTrackMaker:INFO  - -Fit Chi2:   16.9392
StFwdTrackMaker:INFO  - Track fit charge: -1Fit momentum: -0.582011, -1.04602, 16.2811
StFwdTrackMaker:INFO  - 	Fit Pt: 1.19703, eta: 3.30466, phi: -2.07855
StFwdTrackMaker:INFO  - Track fit update complete!
StFwdTrackMaker:INFO  - Track Reps: 1
StFwdTrackMaker:INFO  - Track Rep 0 
genfit::AbsTrackRep, pdgCode = -211. PropDir = 0
fitStatus 
 track has been fitted, fit has converged fully, 0 TrackPoints could not be processed, fitted charge = -1, PruneFlags: 
 track has been fitted with reference track, numIterations = 3, track length = 367.812, fChi2 = 16.9393, bChi2 = 16.9392, fNdf = 21, bNdf = 21, fPVal = 0.714778, bPVal = 0.714784

StFwdTrackMaker:INFO  - GenFitTrackResult::mIdTruth = 1, QaTruth = 0.846154
StFwdTrackMaker:INFO  - GTR Setting momentum from track
StFwdTrackMaker:INFO  - --isFitConvergedPartially() = 1
StFwdTrackMaker:INFO  - --isFitConverged() = 1
StFwdTrackMaker:INFO  - --isFitConvergedFully() = 1
StFwdTrackMaker:INFO  - >>doPrimaryTrackFitting( #globals = 1 )
StFwdTrackMaker:INFO  - Refitting Track 0, McId=1 with Primary Vertex, seed already has: 3 hits
StFwdTrackMaker:INFO  - mEventVertexHit: 0, 0, 0
StFwdTrackMaker:INFO  - This fit is for a global that converged? = 1
StFwdTrackMaker:INFO  - GenFitTrackResult::mIdTruth = 1, QaTruth = 0.75
The points are collinear, curvature is undefined.
p1 = 0, 0
p2 = -5.91499, -11.0119
p3 = -5.91499, -11.0119
The points are collinear, curvature is undefined.
p1 = -5.95999, -10.9877
p2 = -5.91499, -11.0119
p3 = -5.91499, -11.0119
StFwdTrackMaker:INFO  - GenericFitSeeder::makeSeed::Curvature: -0.0799999
StFwdTrackMaker:INFO  - GenericFitSeeder::makeSeed::pt = 0.0187369
StFwdTrackMaker:INFO  - Note: Using externally provided seed momentum
StFwdTrackMaker:INFO  - Track Setup complete, track has 4 points
StFwdTrackMaker:INFO  -  sorting changed track points: 0
StFwdTrackMaker:INFO  - Fit status:  1
StFwdTrackMaker:INFO  - -Fit pvalue: 3.21473e-11
StFwdTrackMaker:INFO  - -Fit Chi2:   51.8558
StFwdTrackMaker:INFO  - -Fit Chi2:   51.8558
StFwdTrackMaker:INFO  - Track fit charge: -1Fit momentum: -4.7534e-05, 3.7374e-05, 0.00467019
StFwdTrackMaker:INFO  - 	Fit Pt: 6.04673e-05, eta: 5.04004, phi: 2.47529
StFwdTrackMaker:INFO  - Track fit update complete!
StFwdTrackMaker:INFO  - Track Reps: 1
StFwdTrackMaker:INFO  - Track Rep 0 
genfit::AbsTrackRep, pdgCode = -211. PropDir = 0
fitStatus 
 track has been fitted, fit has converged fully, 0 TrackPoints could not be processed, fitted charge = -1, PruneFlags: 
 track has been fitted with reference track, numIterations = 5, track length = 177.055, fChi2 = 51.8558, bChi2 = 51.8558, fNdf = 3, bNdf = 3, fPVal = 3.21473e-11, bPVal = 3.21473e-11

StFwdTrackMaker:INFO  - GenFitTrackResult::mIdTruth = 1, QaTruth = 0.75
StFwdTrackMaker:INFO  - GTR Setting momentum from track
StFwdTrackMaker:INFO  - --isFitConvergedPartially() = 1
StFwdTrackMaker:INFO  - --isFitConverged() = 1
StFwdTrackMaker:INFO  - --isFitConvergedFully() = 1
StFwdTrackMaker:INFO  - 	Initial fit complete, now refitting with additional points
StFwdTrackMaker:WARN  - addFttHits: skipping blown-up state pT=6.04673e-05
StFwdTrackMaker:WARN  - addFttHits: skipping blown-up state pT=6.04673e-05
StFwdTrackMaker:WARN  - addFttHits: skipping blown-up state pT=6.04673e-05
StFwdTrackMaker:WARN  - addFttHits: skipping blown-up state pT=6.04673e-05
StFwdTrackMaker:WARN  - addEpdHits: skipping blown-up state pT=6.04673e-05
StFwdTrackMaker:INFO  - GenFitTrackResult::mIdTruth = 1, QaTruth = 0.75
The points are collinear, curvature is undefined.
p1 = 0, 0
p2 = -5.91499, -11.0119
p3 = -5.91499, -11.0119
The points are collinear, curvature is undefined.
p1 = -5.95999, -10.9877
p2 = -5.91499, -11.0119
p3 = -5.91499, -11.0119
StFwdTrackMaker:INFO  - GenericFitSeeder::makeSeed::Curvature: -0.0799999
StFwdTrackMaker:INFO  - GenericFitSeeder::makeSeed::pt = 0.0187369
StFwdTrackMaker:INFO  - Note: Using externally provided seed momentum
StFwdTrackMaker:INFO  - Track Setup complete, track has 4 points
StFwdTrackMaker:INFO  -  sorting changed track points: 0
StFwdTrackMaker:INFO  - Fit status:  1
StFwdTrackMaker:INFO  - -Fit pvalue: 3.21473e-11
StFwdTrackMaker:INFO  - -Fit Chi2:   51.8558
StFwdTrackMaker:INFO  - -Fit Chi2:   51.8558
StFwdTrackMaker:INFO  - Track fit charge: -1Fit momentum: -4.75647e-05, 3.73247e-05, 0.00467028
StFwdTrackMaker:INFO  - 	Fit Pt: 6.0461e-05, eta: 5.04017, phi: 2.47624
StFwdTrackMaker:INFO  - Track fit update complete!
StFwdTrackMaker:INFO  - Track Reps: 1
StFwdTrackMaker:INFO  - Track Rep 0 
genfit::AbsTrackRep, pdgCode = -211. PropDir = 0
fitStatus 
 track has been fitted, fit has converged fully, 0 TrackPoints could not be processed, fitted charge = -1, PruneFlags: 
 track has been fitted with reference track, numIterations = 1, track length = 177.055, fChi2 = 51.8558, bChi2 = 51.8558, fNdf = 3, bNdf = 3, fPVal = 3.21473e-11, bPVal = 3.21473e-11

StFwdTrackMaker:INFO  - GenFitTrackResult::mIdTruth = 1, QaTruth = 0.75
StFwdTrackMaker:INFO  - GTR Setting momentum from track
StFwdTrackMaker:INFO  - --isFitConvergedPartially() = 1
StFwdTrackMaker:INFO  - --isFitConverged() = 1
StFwdTrackMaker:INFO  - --isFitConvergedFully() = 1
StFwdTrackMaker:INFO  - >>doSecondaryTrackFitting( #globals = 1 )
StFwdTrackMaker:INFO  - <<Fwd Tracking Fit :3 GenFit Tracks
StFwdTrackMaker:INFO  - TAttr::Found : fillevent = 1

StFwdTrackMaker:INFO  - Creating the StFwdTrackCollection
StFwdTrackMaker:INFO  - Processing GenfitTrackResult(type=0): 0 mIsFitConverged=1, mIsFitConvergedPartially=1, mNumFitPoints=3
AAA FCS StraightLine: det=0 xyzdet=(-17.399,-5.26,710.16) norm=(-0.0301896,0,0.999544)
AAA projectAsStraightLine: tv3A=(-41.4143,-62.426,573.749) tv3B=(-48.7144,-73.7236,623.529)
AAA   xyzf=(-17.399,-5.26,710.16) norm=(-0.0301896,0,0.999544)
AAA   tintersection=2.71371 result=(-61.2246,-93.0845,708.836)
AAA FCS StraightLine result: tv3=(-61.2246,-93.0845,708.836)
AAA FCS StraightLine: det=2 xyzdet=(-21.285,1.8,782.63) norm=(-0.0301896,0,0.999544)
AAA projectAsStraightLine: tv3A=(-41.4143,-62.426,573.749) tv3B=(-48.7144,-73.7236,623.529)
AAA   xyzf=(-21.285,1.8,782.63) norm=(-0.0301896,0,0.999544)
AAA   tintersection=4.16546 result=(-71.8225,-109.486,781.104)
AAA FCS StraightLine result: tv3=(-71.8225,-109.486,781.104)
StFwdTrackMaker:INFO  - Processing GenfitTrackResult(type=2): 1 mIsFitConverged=1, mIsFitConvergedPartially=1, mNumFitPoints=4
AAA FCS StraightLine: det=0 xyzdet=(-17.399,-5.26,710.16) norm=(-0.0301896,0,0.999544)
AAA projectAsStraightLine: tv3A=(-0.194658,0.135608,574.994) tv3B=(-0.245588,0.245784,624.993)
AAA   xyzf=(-17.399,-5.26,710.16) norm=(-0.0301896,0,0.999544)
AAA   tintersection=2.71371 result=(-0.332867,0.434595,710.675)
AAA FCS StraightLine result: tv3=(-0.332867,0.434595,710.675)
AAA FCS StraightLine: det=2 xyzdet=(-21.285,1.8,782.63) norm=(-0.0301896,0,0.999544)
AAA projectAsStraightLine: tv3A=(-0.194658,0.135608,574.994) tv3B=(-0.245588,0.245784,624.993)
AAA   xyzf=(-21.285,1.8,782.63) norm=(-0.0301896,0,0.999544)
AAA   tintersection=4.16546 result=(-0.406804,0.594544,783.261)
AAA FCS StraightLine result: tv3=(-0.406804,0.594544,783.261)
StFwdTrackMaker:INFO  - Processing GenfitTrackResult(type=1): 2 mIsFitConverged=1, mIsFitConvergedPartially=1, mNumFitPoints=13
AAA FCS StraightLine: det=0 xyzdet=(-17.399,-5.26,710.16) norm=(-0.0301896,0,0.999544)
AAA projectAsStraightLine: tv3A=(-19.8974,-37.3652,574.399) tv3B=(-21.6236,-40.6062,624.347)
AAA   xyzf=(-17.399,-5.26,710.16) norm=(-0.0301896,0,0.999544)
AAA   tintersection=2.71371 result=(-24.5817,-46.1604,709.943)
AAA FCS StraightLine result: tv3=(-24.5817,-46.1604,709.943)
AAA FCS StraightLine: det=2 xyzdet=(-21.285,1.8,782.63) norm=(-0.0301896,0,0.999544)
AAA projectAsStraightLine: tv3A=(-19.8974,-37.3652,574.399) tv3B=(-21.6236,-40.6062,624.347)
AAA   xyzf=(-21.285,1.8,782.63) norm=(-0.0301896,0,0.999544)
AAA   tintersection=4.16546 result=(-27.0877,-50.8655,782.455)
AAA FCS StraightLine result: tv3=(-27.0877,-50.8655,782.455)
StFwdTrackMaker:INFO  - StFwdTrackCollection has 3 tracks now
StFwdTrackMaker:INFO  - StFwdTrackCollection has 3 tracks now
StFwdTrackMaker:INFO  - *** StFwdTrackMaker::Make() == StOK(0) ***
StFcsTrackMatchMaker:INFO  - *** StFcsTrackMatchMaker::Make() == StOK(0) ***
StStrangeMuDstMaker:INFO  - StV0Controller: found 0 V0 candidates
StStrangeMuDstMaker:INFO  - StXiController: found 0 Xi candidates
StStrangeMuDstMaker:INFO  - StKinkController: found 0 Kink candidates
StStrangeMuDstMaker:INFO  - *** StStrangeMuDstMaker::Make() == StOK(0) ***
StMuDstMaker:INFO  - fillMuFtt
StMuDstMaker:INFO  - fillMuFttRawHits
StMuDstMaker:INFO  - fillMuFttPoints
StMuDstMaker:INFO  - fillMuFttClusters
StMuDstMaker:INFO  - StMuDstMaker::fillFwdTrack(StEvent* ev)
StMuDstMaker:INFO  - StMuDSTMaker filling StMuFwdTrackCollection from StEvent
StMuDstMaker:INFO  - Adding 3 StMuFwdTracks to MuDSt
StMuDstMaker:INFO  - *** StMuDstMaker::Make() == StOK(0) ***
StTreeMaker:INFO  - *** StTreeMaker::Make() == StOK(0) ***
StPicoDstMaker:WARN  - No trigger data bank available!
StPicoDstMaker:INFO  - StPicoDstMaker::fillFcsHits filled 30
StPicoDstMaker:INFO  - StPicoDstMaker::fillFcsClusters filled 4
StPicoDstMaker:INFO  - *** StPicoDstMaker::Make() == StOK(0) ***
MEM after Chain::Clear + Make	 total =794.402344 heap =208.689850 and   0.694229( -0.534485)
<---------- END EVENT
--------->START EVENT: 4
MEM before Chain::Clear + Make	 total =794.402344 heap =208.690048 and   0.694183( +0.000198)
St_geant_Maker:INFO  - *** St_geant_Maker::Make() == StOK(0) ***
St_db_Maker:INFO  - *** St_db_Maker::Make() == StOK(0) ***
StMagFMaker:INFO  - *** StMagFMaker::Make() == StOK(0) ***
StDetectorDbMaker:INFO  - *** StDetectorDbMaker::Make() == StOK(0) ***
StTpcDbMaker:INFO  - *** StTpcDbMaker::Make() == StOK(0) ***
StFcsDbMaker:INFO  - *** StFcsDbMaker::Make() == StOK(0) ***
StEventMaker:INFO  - get trigDetSums from Calibrations/rich/trigDetSums
StEventMaker:WARN  - StEventMaker: No StDAQReader found
StEventMaker:INFO  - *** StEventMaker::Make() == StOK(0) ***
StMcEventMaker:INFO  - StMcEventMaker:   g2t_tpc_hit Table Not found 
StMcEventMaker:INFO  - StMcEventMaker:   particle    Table Not found 
StMcEventMaker:INFO  - *** StMcEventMaker::Make() == StOK(0) ***
StFcsFastSimulatorMaker:DEBUG - StFcsFastSimulatorMaker::Make
StFcsFastSimulatorMaker:DEBUG - Creating StFcsCollection
StFcsFastSimulatorMaker:INFO  - TAttr::Found : fcsleakyhcal = 0

StFcsFastSimulatorMaker:INFO  - TAttr::Found : fcshcalzdepeff = 0

StFcsFastSimulatorMaker:INFO  - g2t_wca_hit table has 1 hit
StFcsFastSimulatorMaker:INFO  - ECAL det=1 id=110 volid=2111 e=0.000004
StFcsFastSimulatorMaker:INFO  - g2t_hca_hit table is empty
StFcsFastSimulatorMaker:INFO  - g2t_epd_hit table has 4 hit
StFcsFastSimulatorMaker:INFO  - Pres det=4 id= 17 volid=201030 e=  2.725189
StFcsFastSimulatorMaker:INFO  - Pres det=5 id= 18 volid=212040 e=  2.677972
StFcsFastSimulatorMaker:INFO  - Pres det=5 id= 18 volid=212040 e=  1.930911
StFcsFastSimulatorMaker:INFO  - Pres det=5 id= 18 volid=212040 e=  1.863437
StFcsFastSimulatorMaker:INFO  - Det=1 id=110 dE=   0.000 SF= 0.200 gain= 0.005 corr= 1.000 ADC=   0 ZS= 1 digiE=   0.000
StFcsFastSimulatorMaker:INFO  - Det=4 id= 17 dE=   2.725 SF= 2.000 gain= 0.010 corr= 0.500 ADC= 272 ZS= 1 digiE=   1.360
StFcsFastSimulatorMaker:INFO  - Det=5 id= 18 dE=   6.472 SF= 2.000 gain= 0.010 corr= 0.500 ADC= 647 ZS= 1 digiE=   3.235
StFcsFastSimulatorMaker:INFO  - wca Found 1 g2t hits in 0 cells, created 0 hits with ADC>ZS(1) and Etot=   0.000
StFcsFastSimulatorMaker:INFO  - hca Found 0 g2t hits in 0 cells, created 0 hits with ADC>ZS(1) and Etot=   0.000
StFcsFastSimulatorMaker:INFO  - pre Found 4 g2t hits in 2 cells, created 2 hits with ADC>ZS(1) and Etot=   4.595
StFcsFastSimulatorMaker:INFO  - *** StFcsFastSimulatorMaker::Make() == StOK(0) ***
StFcsWaveformFitMaker:INFO  - *** StFcsWaveformFitMaker::Make() == StOK(0) ***
StFcsClusterMaker:DEBUG - StFcsClusterMaker Make!!!
  *** Print FCS collection ***  RecFlag=0
  *** FCS Det=0 *** NHit=  0 NCluster=  0 NPoint=  0
  *** FCS Det=1 *** NHit=  0 NCluster=  0 NPoint=  0
  *** FCS Det=2 *** NHit=  0 NCluster=  0 NPoint=  0
  *** FCS Det=3 *** NHit=  0 NCluster=  0 NPoint=  0
  *** FCS Det=4 *** NHit=  1 NCluster=  0 NPoint=  0
StFcsHit: det= 4 id= 17 | ns=0 ehp=2 dep= 0 ch=17 | Ntb=  1 Sum=     0 Fit=  0.00   0.00 E=  1.36 |  272 (  0) 
  *** FCS Det=5 *** NHit=  1 NCluster=  0 NPoint=  0
StFcsHit: det= 5 id= 18 | ns=1 ehp=2 dep= 0 ch=18 | Ntb=  1 Sum=     0 Fit=  0.00   0.00 E=  3.23 |  647 (  0) 
  *** FCS Det=6 *** NHit=  0 NCluster=  0 NPoint=  0
StFcsClusterMaker:INFO  - *** StFcsClusterMaker::Make() == StOK(0) ***
StFttClusterPointMaker:INFO  - Creating FttCollection
StFttClusterPointMaker:INFO  - Making Geant points
Skipping hit on same track/vol 
Skipping hit on same track/vol 
Skipping hit on same track/vol 
Skipping hit on same track/vol 
Skipping hit on same track/vol 
Skipping hit on same track/vol 
Skipping hit on same track/vol 
StFttClusterPointMaker:INFO  - *** StFttClusterPointMaker::Make() == StOK(0) ***
StFwdTrackMaker:INFO  - Setting Event Vertex from geant/g2t_vertex[0]: 0xb1a9e80
StFwdTrackMaker:INFO  - TAttr::Found : useftt = 1

StFwdTrackMaker:INFO  - TAttr::Found : usefst = 1

StFwdTrackMaker:INFO  - TAttr::Found : useepd = 1

StFwdTrackMaker:INFO  - There are: 4 with 0 FST, 0 with 1 FST, 0 with 2 FST, 1 with 3 FST
StFwdTrackMaker:INFO  - There are: 0 with 0 FTT, 0 with 1 FTT, 0 with 2 FTT, 2 with 3 FTT, 0 with 4 FTT, 2 with 5 FTT, 0 with 6 FTT, 0 with 7 FTT, 1 with 8 FTT
StFwdTrackMaker:INFO  - There are 1 McTracks with > 2 FST hits (#of possible seeds)
StFwdTrackMaker:INFO  - 	Finding FWD Track Seeds
StFwdTrackMaker:INFO  - Hitmap Source: fst
StFwdTrackMaker:INFO  - Performing Fwd Seed finding with mode: fst = 
StFwdTrackMaker:INFO  - Found 1 seeds in 1 iterations
StFwdTrackMaker:INFO  - Total Hits removed: 0
StFwdTrackMaker:INFO  - Seed [0] with 3 hits : id=2@2id=1@1id=0@0
StFwdTrackMaker:INFO  - <<Fwd Tracking Found : 1 Track Seeds from 3 FST hits and 4 sTGC hits
StFwdTrackMaker:INFO  -     (vs. 1 McTracks with FST>2, eff = 1)
StFwdTrackMaker:INFO  - 	Fitting FWD Track Seeds
StFwdTrackMaker:INFO  - TrackFitter:refit = 1
StFwdTrackMaker:INFO  - Starting Track fitting loop with 1 track seeds
StFwdTrackMaker:INFO  - TrackFitter:refit = 1
StFwdTrackMaker:INFO  - 		Mc Match idTruth=1, quality = 1
StFwdTrackMaker:INFO  - GenFitTrackResult::mIdTruth = 1, QaTruth = 1
The points are collinear, curvature is undefined.
p1 = 2.07676, 6.15931
p2 = 2.10194, 6.15076
p3 = 2.10194, 6.15076
StFwdTrackMaker:INFO  - GenericFitSeeder::makeSeed::Curvature: -1e-07
StFwdTrackMaker:INFO  - GenericFitSeeder::makeSeed::pt = 14989.5
StFwdTrackMaker:WARN  - Seed momentum is too high, setting to (0,0,1)
StFwdTrackMaker:INFO  - Track Setup complete, track has 3 points
StFwdTrackMaker:INFO  -  sorting changed track points: 0
StFwdTrackMaker:INFO  - Fit status:  0
StFwdTrackMaker:INFO  - -Fit pvalue: 0
StFwdTrackMaker:INFO  - -Fit Chi2:   1.77811e-17
StFwdTrackMaker:INFO  - -Fit Chi2:   1.77811e-17
StFwdTrackMaker:INFO  - Track fit update complete!
StFwdTrackMaker:INFO  - Track Reps: 1
StFwdTrackMaker:INFO  - Track Rep 0 
genfit::AbsTrackRep, pdgCode = -211. PropDir = 0
fitStatus 
 track has been fitted, fit has NOT converged, 0 TrackPoints could not be processed, fitted charge = -1, PruneFlags: 
 track has been fitted with reference track, numIterations = 20, track length = 0, fChi2 = 1.78016e-17, bChi2 = 1.77811e-17, fNdf = -3, bNdf = -3, fPVal = 0, bPVal = 0

StFwdTrackMaker:ERROR - --FitTrack is nullptr or fit did not converge, setting seed only
StFwdTrackMaker:INFO  - GenFitTrackResult::mIdTruth = 1, QaTruth = 1
StFwdTrackMaker:WARN  - 	Initial global fitting failed for seed 0
StFwdTrackMaker:INFO  - Global track fitting completed, found 1 global tracks from 1 track seed candidates
StFwdTrackMaker:INFO  - >>doBeamlineTrackFitting( #globals = 1 )
StFwdTrackMaker:INFO  - doBeamlineTrackFitting>>0 McId=1 with Beamline, seed already has: 3 hits
StFwdTrackMaker:INFO  - mBeamlineHit: 0, 0, 0
StFwdTrackMaker:INFO  - This fit is for a global that converged? = 0
StFwdTrackMaker:INFO  - GenFitTrackResult::mIdTruth = 1, QaTruth = 0.75
The points are collinear, curvature is undefined.
p1 = 0, 0
p2 = 2.10194, 6.15076
p3 = 2.10194, 6.15076
The points are collinear, curvature is undefined.
p1 = 2.07676, 6.15931
p2 = 2.10194, 6.15076
p3 = 2.10194, 6.15076
StFwdTrackMaker:INFO  - GenericFitSeeder::makeSeed::Curvature: 0.153846
StFwdTrackMaker:INFO  - GenericFitSeeder::makeSeed::pt = 0.0097432
StFwdTrackMaker:INFO  - Track Setup complete, track has 4 points
StFwdTrackMaker:INFO  -  sorting changed track points: 0
StFwdTrackMaker:INFO  - Fit status:  1
StFwdTrackMaker:INFO  - -Fit pvalue: 0.98458
StFwdTrackMaker:INFO  - -Fit Chi2:   0.15448
StFwdTrackMaker:INFO  - -Fit Chi2:   0.15448
StFwdTrackMaker:INFO  - Track fit charge: 1Fit momentum: 0.0568446, 0.181466, 4.9801
StFwdTrackMaker:INFO  - 	Fit Pt: 0.190161, eta: 3.95884, phi: 1.26723
StFwdTrackMaker:INFO  - Track fit update complete!
StFwdTrackMaker:INFO  - Track Reps: 1
StFwdTrackMaker:INFO  - Track Rep 0 
genfit::AbsTrackRep, pdgCode = 211. PropDir = 0
fitStatus 
 track has been fitted, fit has converged fully, 0 TrackPoints could not be processed, fitted charge = 1, PruneFlags: 
 track has been fitted with reference track, numIterations = 4, track length = 181.288, fChi2 = 0.154481, bChi2 = 0.15448, fNdf = 3, bNdf = 3, fPVal = 0.98458, bPVal = 0.98458

StFwdTrackMaker:INFO  - GenFitTrackResult::mIdTruth = 1, QaTruth = 0.75
StFwdTrackMaker:INFO  - GTR Setting momentum from track
StFwdTrackMaker:INFO  - --isFitConvergedPartially() = 1
StFwdTrackMaker:INFO  - --isFitConverged() = 1
StFwdTrackMaker:INFO  - --isFitConvergedFully() = 1
StFwdTrackMaker:INFO  - SEED momentum:0, 0, 1
StFwdTrackMaker:INFO  - 	Initial Beamline fit completed, now refitting with additional hits
StFwdTrackMaker:INFO  - Looking for FTT strips near projected state on disk 0
StFwdTrackMaker:INFO  - There are 3 available FTT strips on this disk
AAA FTT proj z= 313.01  x=  4.143 y= 11.357  r= 12.089 phi= 1.2210  sigU= 0.494 sigV= 0.011
AAA FTT momentum at proj: pT= 0.190 eta= 3.959 phi= 1.1839  px=  0.072 py=  0.176 pz=  4.980
AAA FTT search thresholds: dPhi<0.1200 dR<30.00 dx<7.50 dy<7.50  nHits=3
findFttHitsNearProjectedState, msp = (4.143114, 11.356973)
	 vs. hit@(5.182172+/-4.330127, 11.910885+/-0.010000) => dx=1.039059, dy=0.553912, dR=0.900289, dPhi=0.060571 (tid=1), strip=horizontal
AAA FTT hit H pos=(  5.182+/-4.33,  11.911+/-0.01)  dx= 1.039 dy= 0.554 dR= 0.900 dPhi=0.0606 (tid=1)  dPhi:OK dR:OK XY:OK
AAA FTT hit V pos=(  4.061+/-0.01,  19.429+/-4.33)  dx= 0.082 dy= 8.072 dR= 7.760 dPhi=0.1438 (tid=1)  dPhi:FAIL dR:OK XY:OK
AAA FTT hit V pos=( 32.764+/-0.01,   1.233+/-4.33)  dx=28.621 dy=10.124 dR=20.698 dPhi=1.1834 (tid=2)  dPhi:FAIL dR:OK XY:FAIL
StFwdTrackMaker:INFO  - Adding horizontal strip hit with dPhi = 0.060571, dR = 0.900289, dx = 1.03906, dy = 0.553912
StFwdTrackMaker:INFO  - Adding vertical strip hit with dPhi = 0.143751, dR = 7.75973, dx = 0.0820632, dy = 8.07197
StFwdTrackMaker:INFO  - Closest horizontal FTT strip to FST state: dR=0.900289, dPhi=0.060571, dx=1.039059, dy=0.553912 (tid=1) 
AAA FTT closest-H dPhi=0.0606(<0.1200) dR= 0.900(< 30.0) dx= 1.039 dy= 0.554(< 7.50) tid=1 -> ACCEPT
StFwdTrackMaker:INFO  - Closest vertical FTT strip to FST state: dR=7.759733, dPhi=0.143751, dx=0.082063, dy=8.071971 (tid=1) 
AAA FTT closest-V dPhi=0.1438(<0.1200) dR= 7.760(< 30.0) dx= 0.082 dy= 8.072(< 7.50) tid=1 -> ACCEPT
AAA FTT result: 2 hits added (H:ACCEPT V:ACCEPT)
StFwdTrackMaker:INFO  -  Found #FTT strips on plane #0 = [2]
StFwdTrackMaker:INFO  - Found 4 existing seed points
StFwdTrackMaker:INFO  - Adding 2 new FTT seed points
StFwdTrackMaker:INFO  - Looking for FTT strips near projected state on disk 1
StFwdTrackMaker:INFO  - There are 6 available FTT strips on this disk
AAA FTT proj z= 331.01  x=  4.401 y= 11.993  r= 12.775 phi= 1.2191  sigU= 0.494 sigV= 0.011
AAA FTT momentum at proj: pT= 0.190 eta= 3.959 phi= 1.1871  px=  0.071 py=  0.176 pz=  4.980
AAA FTT search thresholds: dPhi<0.1200 dR<30.00 dx<7.50 dy<7.50  nHits=6
findFttHitsNearProjectedState, msp = (4.401362, 11.993357)
AAA FTT hit H pos=(  2.637+/-4.33,  12.622+/-0.01)  dx= 1.764 dy= 0.628 dR= 0.119 dPhi=0.1457 (tid=1)  dPhi:FAIL dR:OK XY:OK
AAA FTT hit H pos=( 33.058+/-4.33,  10.721+/-0.01)  dx=28.657 dy= 1.273 dR=21.977 dPhi=0.9055 (tid=2)  dPhi:FAIL dR:OK XY:OK
	 vs. hit@(4.316393+/-0.010000, 15.315194+/-4.330127) => dx=0.084969, dy=3.321837, dR=3.136364, dPhi=0.077012 (tid=1), strip=vertical
AAA FTT hit V pos=(  4.316+/-0.01,  15.315+/-4.33)  dx= 0.085 dy= 3.322 dR= 3.136 dPhi=0.0770 (tid=1)  dPhi:OK dR:OK XY:OK
AAA FTT hit V pos=( 36.548+/-0.01,  12.630+/-4.33)  dx=32.147 dy= 0.637 dR=25.894 dPhi=0.8864 (tid=2)  dPhi:FAIL dR:OK XY:OK
AAA FTT hit V pos=(  4.272+/-0.01,   6.962+/-4.33)  dx= 0.129 dy= 5.031 dR= 4.607 dPhi=0.1987 (tid=3)  dPhi:FAIL dR:OK XY:OK
	 vs. hit@(4.271584+/-0.010000, 12.229140+/-4.330127) => dx=0.129779, dy=0.235783, dR=0.178229, dPhi=0.015677 (tid=4), strip=vertical
AAA FTT hit V pos=(  4.272+/-0.01,  12.229+/-4.33)  dx= 0.130 dy= 0.236 dR= 0.178 dPhi=0.0157 (tid=4)  dPhi:OK dR:OK XY:OK
StFwdTrackMaker:INFO  - Adding horizontal strip hit with dPhi = 0.145738, dR = 0.118966, dx = 1.76404, dy = 0.628488
StFwdTrackMaker:INFO  - Adding vertical strip hit with dPhi = 0.0156769, dR = 0.178229, dx = 0.129779, dy = 0.235783
StFwdTrackMaker:INFO  - Closest horizontal FTT strip to FST state: dR=0.118966, dPhi=0.145738, dx=1.764040, dy=0.628488 (tid=1) 
AAA FTT closest-H dPhi=0.1457(<0.1200) dR= 0.119(< 30.0) dx= 1.764 dy= 0.628(< 7.50) tid=1 -> ACCEPT
StFwdTrackMaker:INFO  - Closest vertical FTT strip to FST state: dR=0.178229, dPhi=0.015677, dx=0.129779, dy=0.235783 (tid=4) 
AAA FTT closest-V dPhi=0.0157(<0.1200) dR= 0.178(< 30.0) dx= 0.130 dy= 0.236(< 7.50) tid=4 -> ACCEPT
AAA FTT result: 2 hits added (H:ACCEPT V:ACCEPT)
StFwdTrackMaker:INFO  -  Found #FTT strips on plane #1 = [2]
StFwdTrackMaker:INFO  - Found 6 existing seed points
StFwdTrackMaker:INFO  - Adding 2 new FTT seed points
StFwdTrackMaker:INFO  - Looking for FTT strips near projected state on disk 2
StFwdTrackMaker:INFO  - There are 7 available FTT strips on this disk
AAA FTT proj z= 346.93  x=  4.628 y= 12.557  r= 13.383 phi= 1.2177  sigU= 0.494 sigV= 0.011
AAA FTT momentum at proj: pT= 0.190 eta= 3.960 phi= 1.1912  px=  0.070 py=  0.176 pz=  4.980
AAA FTT search thresholds: dPhi<0.1200 dR<30.00 dx<7.50 dy<7.50  nHits=7
findFttHitsNearProjectedState, msp = (4.627607, 12.556985)
AAA FTT hit H pos=( 11.151+/-4.33,  13.239+/-0.01)  dx= 6.524 dy= 0.682 dR= 3.927 dPhi=0.3469 (tid=1)  dPhi:FAIL dR:OK XY:OK
AAA FTT hit H pos=(  1.959+/-4.33,  13.196+/-0.01)  dx= 2.669 dy= 0.639 dR= 0.042 dPhi=0.2057 (tid=3)  dPhi:FAIL dR:OK XY:OK
	 vs. hit@(6.712893+/-4.330127, 13.226198+/-0.010000) => dx=2.085285, dy=0.669213, dR=1.449687, dPhi=0.116580 (tid=4), strip=horizontal
AAA FTT hit H pos=(  6.713+/-4.33,  13.226+/-0.01)  dx= 2.085 dy= 0.669 dR= 1.450 dPhi=0.1166 (tid=4)  dPhi:OK dR:OK XY:OK
AAA FTT hit V pos=(  4.495+/-0.01,   7.259+/-4.33)  dx= 0.132 dy= 5.298 dR= 4.845 dPhi=0.2014 (tid=1)  dPhi:FAIL dR:OK XY:OK
	 vs. hit@(4.440587+/-0.010000, 16.793550+/-4.330127) => dx=0.187021, dy=4.236565, dR=3.988177, dPhi=0.094579 (tid=3), strip=vertical
AAA FTT hit V pos=(  4.441+/-0.01,  16.794+/-4.33)  dx= 0.187 dy= 4.237 dR= 3.988 dPhi=0.0946 (tid=3)  dPhi:OK dR:OK XY:OK
AAA FTT hit V pos=(  4.436+/-0.01,  20.203+/-4.33)  dx= 0.192 dy= 7.646 dR= 7.302 dPhi=0.1370 (tid=4)  dPhi:FAIL dR:OK XY:OK
AAA FTT hit V pos=(  4.271+/-0.01,   6.160+/-4.33)  dx= 0.357 dy= 6.397 dR= 5.887 dPhi=0.2531 (tid=5)  dPhi:FAIL dR:OK XY:OK
StFwdTrackMaker:INFO  - Adding horizontal strip hit with dPhi = 0.11658, dR = 1.44969, dx = 2.08529, dy = 0.669213
StFwdTrackMaker:INFO  - Adding vertical strip hit with dPhi = 0.0945793, dR = 3.98818, dx = 0.187021, dy = 4.23657
StFwdTrackMaker:INFO  - Closest horizontal FTT strip to FST state: dR=1.449687, dPhi=0.116580, dx=2.085285, dy=0.669213 (tid=4) 
AAA FTT closest-H dPhi=0.1166(<0.1200) dR= 1.450(< 30.0) dx= 2.085 dy= 0.669(< 7.50) tid=4 -> ACCEPT
StFwdTrackMaker:INFO  - Closest vertical FTT strip to FST state: dR=3.988177, dPhi=0.094579, dx=0.187021, dy=4.236565 (tid=3) 
AAA FTT closest-V dPhi=0.0946(<0.1200) dR= 3.988(< 30.0) dx= 0.187 dy= 4.237(< 7.50) tid=3 -> ACCEPT
AAA FTT result: 2 hits added (H:ACCEPT V:ACCEPT)
StFwdTrackMaker:INFO  -  Found #FTT strips on plane #2 = [2]
StFwdTrackMaker:INFO  - Found 8 existing seed points
StFwdTrackMaker:INFO  - Adding 2 new FTT seed points
StFwdTrackMaker:INFO  - Looking for FTT strips near projected state on disk 3
StFwdTrackMaker:INFO  - There are 8 available FTT strips on this disk
AAA FTT proj z= 364.83  x=  4.879 y= 13.192  r= 14.065 phi= 1.2165  sigU= 0.494 sigV= 0.011
AAA FTT momentum at proj: pT= 0.190 eta= 3.960 phi= 1.1960  px=  0.070 py=  0.177 pz=  4.980
AAA FTT search thresholds: dPhi<0.1200 dR<30.00 dx<7.50 dy<7.50  nHits=8
findFttHitsNearProjectedState, msp = (4.879110, 13.191868)
AAA FTT hit H pos=( 10.278+/-4.33,  13.881+/-0.01)  dx= 5.399 dy= 0.690 dR= 3.207 dPhi=0.2831 (tid=1)  dPhi:FAIL dR:OK XY:OK
AAA FTT hit H pos=( -0.358+/-4.33,  13.883+/-0.01)  dx= 5.238 dy= 0.691 dR= 0.178 dPhi=0.3801 (tid=3)  dPhi:FAIL dR:OK XY:OK
	 vs. hit@(6.189661+/-4.330127, 13.899536+/-0.010000) => dx=1.310551, dy=0.707668, dR=1.150176, dPhi=0.064696 (tid=4), strip=horizontal
AAA FTT hit H pos=(  6.190+/-4.33,  13.900+/-0.01)  dx= 1.311 dy= 0.708 dR= 1.150 dPhi=0.0647 (tid=4)  dPhi:OK dR:OK XY:OK
AAA FTT hit V pos=(  4.739+/-0.01,  20.948+/-4.33)  dx= 0.140 dy= 7.756 dR= 7.412 dPhi=0.1318 (tid=1)  dPhi:FAIL dR:OK XY:OK
	 vs. hit@(4.662242+/-0.010000, 17.126719+/-4.330127) => dx=0.216868, dy=3.934851, dR=3.684713, dPhi=0.088474 (tid=3), strip=vertical
AAA FTT hit V pos=(  4.662+/-0.01,  17.127+/-4.33)  dx= 0.217 dy= 3.935 dR= 3.685 dPhi=0.0885 (tid=3)  dPhi:OK dR:OK XY:OK
	 vs. hit@(4.615993+/-0.010000, 16.703770+/-4.330127) => dx=0.263117, dy=3.511902, dR=3.264595, dPhi=0.084639 (tid=4), strip=vertical
AAA FTT hit V pos=(  4.616+/-0.01,  16.704+/-4.33)  dx= 0.263 dy= 3.512 dR= 3.265 dPhi=0.0846 (tid=4)  dPhi:OK dR:OK XY:OK
AAA FTT hit H pos=(  0.110+/-4.33,  12.878+/-0.01)  dx= 4.769 dy= 0.314 dR= 1.187 dPhi=0.3457 (tid=5)  dPhi:FAIL dR:OK XY:OK
AAA FTT hit V pos=( -6.839+/-0.01,   9.304+/-4.33)  dx=11.718 dy= 3.888 dR= 2.518 dPhi=0.9881 (tid=5)  dPhi:FAIL dR:OK XY:OK
StFwdTrackMaker:INFO  - Adding horizontal strip hit with dPhi = 0.0646959, dR = 1.15018, dx = 1.31055, dy = 0.707668
StFwdTrackMaker:INFO  - Adding vertical strip hit with dPhi = 0.0846388, dR = 3.26459, dx = 0.263117, dy = 3.5119
StFwdTrackMaker:INFO  - Closest horizontal FTT strip to FST state: dR=1.150176, dPhi=0.064696, dx=1.310551, dy=0.707668 (tid=4) 
AAA FTT closest-H dPhi=0.0647(<0.1200) dR= 1.150(< 30.0) dx= 1.311 dy= 0.708(< 7.50) tid=4 -> ACCEPT
StFwdTrackMaker:INFO  - Closest vertical FTT strip to FST state: dR=3.264595, dPhi=0.084639, dx=0.263117, dy=3.511902 (tid=4) 
AAA FTT closest-V dPhi=0.0846(<0.1200) dR= 3.265(< 30.0) dx= 0.263 dy= 3.512(< 7.50) tid=4 -> ACCEPT
AAA FTT result: 2 hits added (H:ACCEPT V:ACCEPT)
StFwdTrackMaker:INFO  -  Found #FTT strips on plane #3 = [2]
StFwdTrackMaker:INFO  - Found 10 existing seed points
StFwdTrackMaker:INFO  - Adding 2 new FTT seed points
StFwdTrackMaker:INFO  - Closest EPD hit to state: dR=-1.146739, dPhi=0.037926, dx=0.949117, dy=0.859334
StFwdTrackMaker:INFO  - GenFitTrackResult::mIdTruth = 1, QaTruth = 0.461538
The points are collinear, curvature is undefined.
p1 = 0, 0
p2 = 2.10194, 6.15076
p3 = 2.10194, 6.15076
The points are collinear, curvature is undefined.
p1 = 2.07676, 6.15931
p2 = 2.10194, 6.15076
p3 = 2.10194, 6.15076
The points are collinear, curvature is undefined.
p1 = 2.10194, 6.15076
p2 = 2.10194, 6.15076
p3 = 5.18217, 11.9109
The points are collinear, curvature is undefined.
p1 = 2.10194, 6.15076
p2 = 2.10194, 6.15076
p3 = 4.06105, 19.4289
The points are collinear, curvature is undefined.
p1 = 2.10194, 6.15076
p2 = 2.10194, 6.15076
p3 = 2.63732, 12.6218
The points are collinear, curvature is undefined.
p1 = 2.10194, 6.15076
p2 = 2.10194, 6.15076
p3 = 4.27158, 12.2291
The points are collinear, curvature is undefined.
p1 = 2.10194, 6.15076
p2 = 2.10194, 6.15076
p3 = 6.71289, 13.2262
The points are collinear, curvature is undefined.
p1 = 2.10194, 6.15076
p2 = 2.10194, 6.15076
p3 = 4.44059, 16.7936
The points are collinear, curvature is undefined.
p1 = 2.10194, 6.15076
p2 = 2.10194, 6.15076
p3 = 6.18966, 13.8995
The points are collinear, curvature is undefined.
p1 = 2.10194, 6.15076
p2 = 2.10194, 6.15076
p3 = 4.61599, 16.7038
The points are collinear, curvature is undefined.
p1 = 2.10194, 6.15076
p2 = 2.10194, 6.15076
p3 = 5.96986, 14.4125
StFwdTrackMaker:INFO  - GenericFitSeeder::makeSeed::Curvature: 0.0200185
StFwdTrackMaker:INFO  - GenericFitSeeder::makeSeed::pt = 0.0748782
StFwdTrackMaker:INFO  - Note: Using externally provided seed momentum
StFwdTrackMaker:INFO  - Track Setup complete, track has 13 points
StFwdTrackMaker:INFO  -  sorting changed track points: 1
StFwdTrackMaker:INFO  - Fit status:  1
StFwdTrackMaker:INFO  - -Fit pvalue: 0.00447481
StFwdTrackMaker:INFO  - -Fit Chi2:   41.787
StFwdTrackMaker:INFO  - -Fit Chi2:   41.787
StFwdTrackMaker:INFO  - Track fit charge: -1Fit momentum: 0.0345206, 0.0604632, 1.75375
StFwdTrackMaker:INFO  - 	Fit Pt: 0.0696238, eta: 3.91995, phi: 1.05202
StFwdTrackMaker:INFO  - Track fit update complete!
StFwdTrackMaker:INFO  - Track Reps: 1
StFwdTrackMaker:INFO  - Track Rep 0 
genfit::AbsTrackRep, pdgCode = 211. PropDir = 0
fitStatus 
 track has been fitted, fit has converged fully, 0 TrackPoints could not be processed, fitted charge = -1, PruneFlags: 
 track has been fitted with reference track, numIterations = 4, track length = 368.465, fChi2 = 41.787, bChi2 = 41.787, fNdf = 21, bNdf = 21, fPVal = 0.00447477, bPVal = 0.00447481

StFwdTrackMaker:INFO  - GenFitTrackResult::mIdTruth = 1, QaTruth = 0.461538
StFwdTrackMaker:INFO  - GTR Setting momentum from track
StFwdTrackMaker:INFO  - --isFitConvergedPartially() = 1
StFwdTrackMaker:INFO  - --isFitConverged() = 1
StFwdTrackMaker:INFO  - --isFitConvergedFully() = 1
StFwdTrackMaker:INFO  - >>doPrimaryTrackFitting( #globals = 1 )
StFwdTrackMaker:INFO  - Refitting Track 0, McId=1 with Primary Vertex, seed already has: 3 hits
StFwdTrackMaker:INFO  - mEventVertexHit: 0, 0, 0
StFwdTrackMaker:INFO  - This fit is for a global that converged? = 0
StFwdTrackMaker:INFO  - GenFitTrackResult::mIdTruth = 1, QaTruth = 0.75
The points are collinear, curvature is undefined.
p1 = 0, 0
p2 = 2.10194, 6.15076
p3 = 2.10194, 6.15076
The points are collinear, curvature is undefined.
p1 = 2.07676, 6.15931
p2 = 2.10194, 6.15076
p3 = 2.10194, 6.15076
StFwdTrackMaker:INFO  - GenericFitSeeder::makeSeed::Curvature: 0.153846
StFwdTrackMaker:INFO  - GenericFitSeeder::makeSeed::pt = 0.0097432
StFwdTrackMaker:INFO  - Note: Using externally provided seed momentum
StFwdTrackMaker:INFO  - Track Setup complete, track has 4 points
StFwdTrackMaker:INFO  -  sorting changed track points: 0
StFwdTrackMaker:INFO  - Fit status:  1
StFwdTrackMaker:INFO  - -Fit pvalue: 0.984331
StFwdTrackMaker:INFO  - -Fit Chi2:   0.15619
StFwdTrackMaker:INFO  - -Fit Chi2:   0.15619
StFwdTrackMaker:INFO  - Track fit charge: 1Fit momentum: 0.056029, 0.179575, 4.81883
StFwdTrackMaker:INFO  - 	Fit Pt: 0.188113, eta: 3.93677, phi: 1.26836
StFwdTrackMaker:INFO  - Track fit update complete!
StFwdTrackMaker:INFO  - Track Reps: 1
StFwdTrackMaker:INFO  - Track Rep 0 
genfit::AbsTrackRep, pdgCode = 211. PropDir = 0
fitStatus 
 track has been fitted, fit has converged fully, 0 TrackPoints could not be processed, fitted charge = 1, PruneFlags: 
 track has been fitted with reference track, numIterations = 4, track length = 177.175, fChi2 = 0.15619, bChi2 = 0.15619, fNdf = 3, bNdf = 3, fPVal = 0.984331, bPVal = 0.984331

StFwdTrackMaker:INFO  - GenFitTrackResult::mIdTruth = 1, QaTruth = 0.75
StFwdTrackMaker:INFO  - GTR Setting momentum from track
StFwdTrackMaker:INFO  - --isFitConvergedPartially() = 1
StFwdTrackMaker:INFO  - --isFitConverged() = 1
StFwdTrackMaker:INFO  - --isFitConvergedFully() = 1
StFwdTrackMaker:INFO  - 	Initial fit complete, now refitting with additional points
StFwdTrackMaker:INFO  - Looking for FTT strips near projected state on disk 0
StFwdTrackMaker:INFO  - There are 3 available FTT strips on this disk
AAA FTT proj z= 313.01  x=  4.189 y= 11.474  r= 12.214 phi= 1.2207  sigU= 0.297 sigV= 0.005
AAA FTT momentum at proj: pT= 0.188 eta= 3.937 phi= 1.1835  px=  0.071 py=  0.174 pz=  4.819
AAA FTT search thresholds: dPhi<0.1200 dR<30.00 dx<7.50 dy<7.50  nHits=3
findFttHitsNearProjectedState, msp = (4.189090, 11.473577)
	 vs. hit@(5.182172+/-4.330127, 11.910885+/-0.010000) => dx=0.993082, dy=0.437308, dR=0.774989, dPhi=0.060307 (tid=1), strip=horizontal
AAA FTT hit H pos=(  5.182+/-4.33,  11.911+/-0.01)  dx= 0.993 dy= 0.437 dR= 0.775 dPhi=0.0603 (tid=1)  dPhi:OK dR:OK XY:OK
AAA FTT hit V pos=(  4.061+/-0.01,  19.429+/-4.33)  dx= 0.128 dy= 7.955 dR= 7.634 dPhi=0.1440 (tid=1)  dPhi:FAIL dR:OK XY:OK
AAA FTT hit V pos=( 32.764+/-0.01,   1.233+/-4.33)  dx=28.575 dy=10.241 dR=20.572 dPhi=1.1831 (tid=2)  dPhi:FAIL dR:OK XY:FAIL
StFwdTrackMaker:INFO  - Adding horizontal strip hit with dPhi = 0.0603065, dR = 0.774989, dx = 0.993082, dy = 0.437308
StFwdTrackMaker:INFO  - Adding vertical strip hit with dPhi = 0.144016, dR = 7.63443, dx = 0.12804, dy = 7.95537
StFwdTrackMaker:INFO  - Closest horizontal FTT strip to FST state: dR=0.774989, dPhi=0.060307, dx=0.993082, dy=0.437308 (tid=1) 
AAA FTT closest-H dPhi=0.0603(<0.1200) dR= 0.775(< 30.0) dx= 0.993 dy= 0.437(< 7.50) tid=1 -> ACCEPT
StFwdTrackMaker:INFO  - Closest vertical FTT strip to FST state: dR=7.634434, dPhi=0.144016, dx=0.128040, dy=7.955367 (tid=1) 
AAA FTT closest-V dPhi=0.1440(<0.1200) dR= 7.634(< 30.0) dx= 0.128 dy= 7.955(< 7.50) tid=1 -> ACCEPT
AAA FTT result: 2 hits added (H:ACCEPT V:ACCEPT)
StFwdTrackMaker:INFO  -  Found #FTT strips on plane #0 = [2]
StFwdTrackMaker:INFO  - Found 4 existing seed points
StFwdTrackMaker:INFO  - Adding 2 new FTT seed points
StFwdTrackMaker:INFO  - Looking for FTT strips near projected state on disk 1
StFwdTrackMaker:INFO  - There are 6 available FTT strips on this disk
AAA FTT proj z= 331.01  x=  4.453 y= 12.124  r= 12.916 phi= 1.2188  sigU= 0.297 sigV= 0.005
AAA FTT momentum at proj: pT= 0.188 eta= 3.937 phi= 1.1867  px=  0.070 py=  0.174 pz=  4.819
AAA FTT search thresholds: dPhi<0.1200 dR<30.00 dx<7.50 dy<7.50  nHits=6
findFttHitsNearProjectedState, msp = (4.453357, 12.124056)
AAA FTT hit H pos=(  2.637+/-4.33,  12.622+/-0.01)  dx= 1.816 dy= 0.498 dR= 0.022 dPhi=0.1460 (tid=1)  dPhi:FAIL dR:OK XY:OK
AAA FTT hit H pos=( 33.058+/-4.33,  10.721+/-0.01)  dx=28.605 dy= 1.403 dR=21.837 dPhi=0.9052 (tid=2)  dPhi:FAIL dR:OK XY:OK
	 vs. hit@(4.316393+/-0.010000, 15.315194+/-4.330127) => dx=0.136964, dy=3.191138, dR=2.995753, dPhi=0.077305 (tid=1), strip=vertical
AAA FTT hit V pos=(  4.316+/-0.01,  15.315+/-4.33)  dx= 0.137 dy= 3.191 dR= 2.996 dPhi=0.0773 (tid=1)  dPhi:OK dR:OK XY:OK
AAA FTT hit V pos=( 36.548+/-0.01,  12.630+/-4.33)  dx=32.095 dy= 0.506 dR=25.753 dPhi=0.8861 (tid=2)  dPhi:FAIL dR:OK XY:OK
AAA FTT hit V pos=(  4.272+/-0.01,   6.962+/-4.33)  dx= 0.181 dy= 5.162 dR= 4.748 dPhi=0.1984 (tid=3)  dPhi:FAIL dR:OK XY:OK
	 vs. hit@(4.271584+/-0.010000, 12.229140+/-4.330127) => dx=0.181773, dy=0.105084, dR=0.037618, dPhi=0.015970 (tid=4), strip=vertical
AAA FTT hit V pos=(  4.272+/-0.01,  12.229+/-4.33)  dx= 0.182 dy= 0.105 dR= 0.038 dPhi=0.0160 (tid=4)  dPhi:OK dR:OK XY:OK
StFwdTrackMaker:INFO  - Adding horizontal strip hit with dPhi = 0.146031, dR = 0.0216451, dx = 1.81603, dy = 0.497789
StFwdTrackMaker:INFO  - Adding vertical strip hit with dPhi = 0.0159698, dR = 0.0376184, dx = 0.181773, dy = 0.105084
StFwdTrackMaker:INFO  - Closest horizontal FTT strip to FST state: dR=0.021645, dPhi=0.146031, dx=1.816034, dy=0.497789 (tid=1) 
AAA FTT closest-H dPhi=0.1460(<0.1200) dR= 0.022(< 30.0) dx= 1.816 dy= 0.498(< 7.50) tid=1 -> ACCEPT
StFwdTrackMaker:INFO  - Closest vertical FTT strip to FST state: dR=0.037618, dPhi=0.015970, dx=0.181773, dy=0.105084 (tid=4) 
AAA FTT closest-V dPhi=0.0160(<0.1200) dR= 0.038(< 30.0) dx= 0.182 dy= 0.105(< 7.50) tid=4 -> ACCEPT
AAA FTT result: 2 hits added (H:ACCEPT V:ACCEPT)
StFwdTrackMaker:INFO  -  Found #FTT strips on plane #1 = [2]
StFwdTrackMaker:INFO  - Found 6 existing seed points
StFwdTrackMaker:INFO  - Adding 2 new FTT seed points
StFwdTrackMaker:INFO  - Looking for FTT strips near projected state on disk 2
StFwdTrackMaker:INFO  - There are 7 available FTT strips on this disk
AAA FTT proj z= 346.93  x=  4.685 y= 12.700  r= 13.537 phi= 1.2174  sigU= 0.297 sigV= 0.005
AAA FTT momentum at proj: pT= 0.188 eta= 3.938 phi= 1.1909  px=  0.070 py=  0.175 pz=  4.819
AAA FTT search thresholds: dPhi<0.1200 dR<30.00 dx<7.50 dy<7.50  nHits=7
findFttHitsNearProjectedState, msp = (4.684855, 12.700174)
AAA FTT hit H pos=( 11.151+/-4.33,  13.239+/-0.01)  dx= 6.466 dy= 0.538 dR= 3.773 dPhi=0.3466 (tid=1)  dPhi:FAIL dR:OK XY:OK
AAA FTT hit H pos=(  1.959+/-4.33,  13.196+/-0.01)  dx= 2.726 dy= 0.495 dR= 0.196 dPhi=0.2060 (tid=3)  dPhi:FAIL dR:OK XY:OK
	 vs. hit@(6.712893+/-4.330127, 13.226198+/-0.010000) => dx=2.028037, dy=0.526025, dR=1.295535, dPhi=0.116270 (tid=4), strip=horizontal
AAA FTT hit H pos=(  6.713+/-4.33,  13.226+/-0.01)  dx= 2.028 dy= 0.526 dR= 1.296 dPhi=0.1163 (tid=4)  dPhi:OK dR:OK XY:OK
AAA FTT hit V pos=(  4.495+/-0.01,   7.259+/-4.33)  dx= 0.190 dy= 5.441 dR= 4.999 dPhi=0.2011 (tid=1)  dPhi:FAIL dR:OK XY:OK
	 vs. hit@(4.440587+/-0.010000, 16.793550+/-4.330127) => dx=0.244269, dy=4.093377, dR=3.834026, dPhi=0.094890 (tid=3), strip=vertical
AAA FTT hit V pos=(  4.441+/-0.01,  16.794+/-4.33)  dx= 0.244 dy= 4.093 dR= 3.834 dPhi=0.0949 (tid=3)  dPhi:OK dR:OK XY:OK
AAA FTT hit V pos=(  4.436+/-0.01,  20.203+/-4.33)  dx= 0.249 dy= 7.503 dR= 7.148 dPhi=0.1373 (tid=4)  dPhi:FAIL dR:OK XY:OK
AAA FTT hit V pos=(  4.271+/-0.01,   6.160+/-4.33)  dx= 0.414 dy= 6.540 dR= 6.041 dPhi=0.2528 (tid=5)  dPhi:FAIL dR:OK XY:OK
StFwdTrackMaker:INFO  - Adding horizontal strip hit with dPhi = 0.11627, dR = 1.29554, dx = 2.02804, dy = 0.526025
StFwdTrackMaker:INFO  - Adding vertical strip hit with dPhi = 0.0948898, dR = 3.83403, dx = 0.244269, dy = 4.09338
StFwdTrackMaker:INFO  - Closest horizontal FTT strip to FST state: dR=1.295535, dPhi=0.116270, dx=2.028037, dy=0.526025 (tid=4) 
AAA FTT closest-H dPhi=0.1163(<0.1200) dR= 1.296(< 30.0) dx= 2.028 dy= 0.526(< 7.50) tid=4 -> ACCEPT
StFwdTrackMaker:INFO  - Closest vertical FTT strip to FST state: dR=3.834026, dPhi=0.094890, dx=0.244269, dy=4.093377 (tid=3) 
AAA FTT closest-V dPhi=0.0949(<0.1200) dR= 3.834(< 30.0) dx= 0.244 dy= 4.093(< 7.50) tid=3 -> ACCEPT
AAA FTT result: 2 hits added (H:ACCEPT V:ACCEPT)
StFwdTrackMaker:INFO  -  Found #FTT strips on plane #2 = [2]
StFwdTrackMaker:INFO  - Found 8 existing seed points
StFwdTrackMaker:INFO  - Adding 2 new FTT seed points
StFwdTrackMaker:INFO  - Looking for FTT strips near projected state on disk 3
StFwdTrackMaker:INFO  - There are 8 available FTT strips on this disk
AAA FTT proj z= 364.83  x=  4.942 y= 13.349  r= 14.235 phi= 1.2162  sigU= 0.297 sigV= 0.005
AAA FTT momentum at proj: pT= 0.188 eta= 3.938 phi= 1.1958  px=  0.069 py=  0.175 pz=  4.819
AAA FTT search thresholds: dPhi<0.1200 dR<30.00 dx<7.50 dy<7.50  nHits=8
findFttHitsNearProjectedState, msp = (4.942122, 13.349153)
AAA FTT hit H pos=( 10.278+/-4.33,  13.881+/-0.01)  dx= 5.336 dy= 0.532 dR= 3.038 dPhi=0.2828 (tid=1)  dPhi:FAIL dR:OK XY:OK
AAA FTT hit H pos=( -0.358+/-4.33,  13.883+/-0.01)  dx= 5.301 dy= 0.534 dR= 0.347 dPhi=0.3804 (tid=3)  dPhi:FAIL dR:OK XY:OK
	 vs. hit@(6.189661+/-4.330127, 13.899536+/-0.010000) => dx=1.247538, dy=0.550383, dR=0.980798, dPhi=0.064377 (tid=4), strip=horizontal
AAA FTT hit H pos=(  6.190+/-4.33,  13.900+/-0.01)  dx= 1.248 dy= 0.550 dR= 0.981 dPhi=0.0644 (tid=4)  dPhi:OK dR:OK XY:OK
AAA FTT hit V pos=(  4.739+/-0.01,  20.948+/-4.33)  dx= 0.203 dy= 7.599 dR= 7.243 dPhi=0.1321 (tid=1)  dPhi:FAIL dR:OK XY:OK
	 vs. hit@(4.662242+/-0.010000, 17.126719+/-4.330127) => dx=0.279880, dy=3.777565, dR=3.515335, dPhi=0.088793 (tid=3), strip=vertical
AAA FTT hit V pos=(  4.662+/-0.01,  17.127+/-4.33)  dx= 0.280 dy= 3.778 dR= 3.515 dPhi=0.0888 (tid=3)  dPhi:OK dR:OK XY:OK
	 vs. hit@(4.615993+/-0.010000, 16.703770+/-4.330127) => dx=0.326129, dy=3.354616, dR=3.095217, dPhi=0.084958 (tid=4), strip=vertical
AAA FTT hit V pos=(  4.616+/-0.01,  16.704+/-4.33)  dx= 0.326 dy= 3.355 dR= 3.095 dPhi=0.0850 (tid=4)  dPhi:OK dR:OK XY:OK
AAA FTT hit H pos=(  0.110+/-4.33,  12.878+/-0.01)  dx= 4.832 dy= 0.471 dR= 1.356 dPhi=0.3460 (tid=5)  dPhi:FAIL dR:OK XY:OK
AAA FTT hit V pos=( -6.839+/-0.01,   9.304+/-4.33)  dx=11.781 dy= 4.045 dR= 2.688 dPhi=0.9884 (tid=5)  dPhi:FAIL dR:OK XY:OK
StFwdTrackMaker:INFO  - Adding horizontal strip hit with dPhi = 0.064377, dR = 0.980798, dx = 1.24754, dy = 0.550383
StFwdTrackMaker:INFO  - Adding vertical strip hit with dPhi = 0.0849577, dR = 3.09522, dx = 0.326129, dy = 3.35462
StFwdTrackMaker:INFO  - Closest horizontal FTT strip to FST state: dR=0.980798, dPhi=0.064377, dx=1.247538, dy=0.550383 (tid=4) 
AAA FTT closest-H dPhi=0.0644(<0.1200) dR= 0.981(< 30.0) dx= 1.248 dy= 0.550(< 7.50) tid=4 -> ACCEPT
StFwdTrackMaker:INFO  - Closest vertical FTT strip to FST state: dR=3.095217, dPhi=0.084958, dx=0.326129, dy=3.354616 (tid=4) 
AAA FTT closest-V dPhi=0.0850(<0.1200) dR= 3.095(< 30.0) dx= 0.326 dy= 3.355(< 7.50) tid=4 -> ACCEPT
AAA FTT result: 2 hits added (H:ACCEPT V:ACCEPT)
StFwdTrackMaker:INFO  -  Found #FTT strips on plane #3 = [2]
StFwdTrackMaker:INFO  - Found 10 existing seed points
StFwdTrackMaker:INFO  - Adding 2 new FTT seed points
StFwdTrackMaker:INFO  - Closest EPD hit to state: dR=-0.968708, dPhi=0.037605, dx=0.882876, dy=0.694019
StFwdTrackMaker:INFO  - GenFitTrackResult::mIdTruth = 1, QaTruth = 0.461538
The points are collinear, curvature is undefined.
p1 = 0, 0
p2 = 2.10194, 6.15076
p3 = 2.10194, 6.15076
The points are collinear, curvature is undefined.
p1 = 2.07676, 6.15931
p2 = 2.10194, 6.15076
p3 = 2.10194, 6.15076
The points are collinear, curvature is undefined.
p1 = 2.10194, 6.15076
p2 = 2.10194, 6.15076
p3 = 5.18217, 11.9109
The points are collinear, curvature is undefined.
p1 = 2.10194, 6.15076
p2 = 2.10194, 6.15076
p3 = 4.06105, 19.4289
The points are collinear, curvature is undefined.
p1 = 2.10194, 6.15076
p2 = 2.10194, 6.15076
p3 = 2.63732, 12.6218
The points are collinear, curvature is undefined.
p1 = 2.10194, 6.15076
p2 = 2.10194, 6.15076
p3 = 4.27158, 12.2291
The points are collinear, curvature is undefined.
p1 = 2.10194, 6.15076
p2 = 2.10194, 6.15076
p3 = 6.71289, 13.2262
The points are collinear, curvature is undefined.
p1 = 2.10194, 6.15076
p2 = 2.10194, 6.15076
p3 = 4.44059, 16.7936
The points are collinear, curvature is undefined.
p1 = 2.10194, 6.15076
p2 = 2.10194, 6.15076
p3 = 6.18966, 13.8995
The points are collinear, curvature is undefined.
p1 = 2.10194, 6.15076
p2 = 2.10194, 6.15076
p3 = 4.61599, 16.7038
The points are collinear, curvature is undefined.
p1 = 2.10194, 6.15076
p2 = 2.10194, 6.15076
p3 = 5.96986, 14.4125
StFwdTrackMaker:INFO  - GenericFitSeeder::makeSeed::Curvature: 0.0200185
StFwdTrackMaker:INFO  - GenericFitSeeder::makeSeed::pt = 0.0748782
StFwdTrackMaker:INFO  - Note: Using externally provided seed momentum
StFwdTrackMaker:INFO  - Track Setup complete, track has 13 points
StFwdTrackMaker:INFO  -  sorting changed track points: 1
StFwdTrackMaker:INFO  - Fit status:  1
StFwdTrackMaker:INFO  - -Fit pvalue: 1.48573e-05
StFwdTrackMaker:INFO  - -Fit Chi2:   59.5653
StFwdTrackMaker:INFO  - -Fit Chi2:   59.5653
StFwdTrackMaker:INFO  - Track fit charge: -1Fit momentum: 0.136869, 0.37623, 9.95903
StFwdTrackMaker:INFO  - 	Fit Pt: 0.400352, eta: 3.90744, phi: 1.22189
StFwdTrackMaker:INFO  - Track fit update complete!
StFwdTrackMaker:INFO  - Track Reps: 1
StFwdTrackMaker:INFO  - Track Rep 0 
genfit::AbsTrackRep, pdgCode = 211. PropDir = 0
fitStatus 
 track has been fitted, fit has converged fully, 0 TrackPoints could not be processed, fitted charge = -1, PruneFlags: 
 track has been fitted with reference track, numIterations = 3, track length = 365.728, fChi2 = 59.5653, bChi2 = 59.5653, fNdf = 21, bNdf = 21, fPVal = 1.48573e-05, bPVal = 1.48573e-05

StFwdTrackMaker:INFO  - GenFitTrackResult::mIdTruth = 1, QaTruth = 0.461538
StFwdTrackMaker:INFO  - GTR Setting momentum from track
StFwdTrackMaker:INFO  - --isFitConvergedPartially() = 1
StFwdTrackMaker:INFO  - --isFitConverged() = 1
StFwdTrackMaker:INFO  - --isFitConvergedFully() = 1
StFwdTrackMaker:INFO  - >>doSecondaryTrackFitting( #globals = 1 )
StFwdTrackMaker:INFO  - <<Fwd Tracking Fit :3 GenFit Tracks
StFwdTrackMaker:INFO  - TAttr::Found : fillevent = 1

StFwdTrackMaker:INFO  - Creating the StFwdTrackCollection
StFwdTrackMaker:INFO  - Processing GenfitTrackResult(type=0): 0 mIsFitConverged=0, mIsFitConvergedPartially=0, mNumFitPoints=0
StFwdTrackMaker:INFO  - Processing GenfitTrackResult(type=2): 1 mIsFitConverged=1, mIsFitConvergedPartially=1, mNumFitPoints=13
AAA FCS StraightLine: det=1 xyzdet=(17.399,-5.26,710.16) norm=(0.0301896,0,0.999544)
AAA projectAsStraightLine: tv3A=(7.29751,21.946,574.78) tv3B=(7.92795,23.8532,624.761)
AAA   xyzf=(17.399,-5.26,710.16) norm=(0.0301896,0,0.999544)
AAA   tintersection=2.71371 result=(9.00833,27.1216,710.413)
AAA FCS StraightLine result: tv3=(9.00833,27.1216,710.413)
AAA FCS StraightLine: det=3 xyzdet=(21.285,1.8,782.63) norm=(0.0301896,0,0.999544)
AAA projectAsStraightLine: tv3A=(7.29751,21.946,574.78) tv3B=(7.92795,23.8532,624.761)
AAA   xyzf=(21.285,1.8,782.63) norm=(0.0301896,0,0.999544)
AAA   tintersection=4.16546 result=(9.92356,29.8904,782.973)
AAA FCS StraightLine result: tv3=(9.92356,29.8904,782.973)
StFwdTrackMaker:INFO  - Processing GenfitTrackResult(type=1): 2 mIsFitConverged=1, mIsFitConvergedPartially=1, mNumFitPoints=13
AAA FCS StraightLine: det=1 xyzdet=(17.399,-5.26,710.16) norm=(0.0301896,0,0.999544)
AAA projectAsStraightLine: tv3A=(7.45114,21.7479,574.775) tv3B=(8.12932,23.608,624.754)
AAA   xyzf=(17.399,-5.26,710.16) norm=(0.0301896,0,0.999544)
AAA   tintersection=2.71371 result=(9.29153,26.7957,710.405)
AAA FCS StraightLine result: tv3=(9.29153,26.7957,710.405)
AAA FCS StraightLine: det=3 xyzdet=(21.285,1.8,782.63) norm=(0.0301896,0,0.999544)
AAA projectAsStraightLine: tv3A=(7.45114,21.7479,574.775) tv3B=(8.12932,23.608,624.754)
AAA   xyzf=(21.285,1.8,782.63) norm=(0.0301896,0,0.999544)
AAA   tintersection=4.16546 result=(10.2761,29.4961,782.963)
AAA FCS StraightLine result: tv3=(10.2761,29.4961,782.963)
StFwdTrackMaker:INFO  - StFwdTrackCollection has 3 tracks now
StFwdTrackMaker:INFO  - StFwdTrackCollection has 3 tracks now
StFwdTrackMaker:INFO  - *** StFwdTrackMaker::Make() == StOK(0) ***
StFcsTrackMatchMaker:INFO  - *** StFcsTrackMatchMaker::Make() == StOK(0) ***
StStrangeMuDstMaker:INFO  - StV0Controller: found 0 V0 candidates
StStrangeMuDstMaker:INFO  - StXiController: found 0 Xi candidates
StStrangeMuDstMaker:INFO  - StKinkController: found 0 Kink candidates
StStrangeMuDstMaker:INFO  - *** StStrangeMuDstMaker::Make() == StOK(0) ***
StMuDstMaker:INFO  - fillMuFtt
StMuDstMaker:INFO  - fillMuFttRawHits
StMuDstMaker:INFO  - fillMuFttPoints
StMuDstMaker:INFO  - fillMuFttClusters
StMuDstMaker:INFO  - StMuDstMaker::fillFwdTrack(StEvent* ev)
StMuDstMaker:INFO  - StMuDSTMaker filling StMuFwdTrackCollection from StEvent
StMuDstMaker:INFO  - Adding 3 StMuFwdTracks to MuDSt
StMuDstMaker:INFO  - *** StMuDstMaker::Make() == StOK(0) ***
StTreeMaker:INFO  - *** StTreeMaker::Make() == StOK(0) ***
StPicoDstMaker:WARN  - No trigger data bank available!
StPicoDstMaker:INFO  - StPicoDstMaker::fillFcsHits filled 2
StPicoDstMaker:INFO  - StPicoDstMaker::fillFcsClusters filled 0
StPicoDstMaker:INFO  - *** StPicoDstMaker::Make() == StOK(0) ***
MEM after Chain::Clear + Make	 total =794.402344 heap =208.677567 and   0.706726( -0.012482)
<---------- END EVENT
--------->START EVENT: 5
MEM before Chain::Clear + Make	 total =794.402344 heap =208.677765 and   0.706558( +0.000198)
St_geant_Maker:INFO  - *** St_geant_Maker::Make() == StOK(0) ***
St_db_Maker:INFO  - *** St_db_Maker::Make() == StOK(0) ***
StMagFMaker:INFO  - *** StMagFMaker::Make() == StOK(0) ***
StDetectorDbMaker:INFO  - *** StDetectorDbMaker::Make() == StOK(0) ***
StTpcDbMaker:INFO  - *** StTpcDbMaker::Make() == StOK(0) ***
StFcsDbMaker:INFO  - *** StFcsDbMaker::Make() == StOK(0) ***
StEventMaker:INFO  - get trigDetSums from Calibrations/rich/trigDetSums
StEventMaker:WARN  - StEventMaker: No StDAQReader found
StEventMaker:INFO  - *** StEventMaker::Make() == StOK(0) ***
StMcEventMaker:INFO  - StMcEventMaker:   g2t_tpc_hit Table Not found 
StMcEventMaker:INFO  - StMcEventMaker:   particle    Table Not found 
StMcEventMaker:INFO  - *** StMcEventMaker::Make() == StOK(0) ***
StFcsFastSimulatorMaker:DEBUG - StFcsFastSimulatorMaker::Make
StFcsFastSimulatorMaker:DEBUG - Creating StFcsCollection
StFcsFastSimulatorMaker:INFO  - TAttr::Found : fcsleakyhcal = 0

StFcsFastSimulatorMaker:INFO  - TAttr::Found : fcshcalzdepeff = 0

StFcsFastSimulatorMaker:INFO  - g2t_wca_hit table has 35 hit
StFcsFastSimulatorMaker:INFO  - ECAL det=0 id=132 volid=1133 e=0.001412
StFcsFastSimulatorMaker:INFO  - ECAL det=0 id=463 volid=1464 e=0.000076
StFcsFastSimulatorMaker:INFO  - ECAL det=1 id=313 volid=2314 e=0.000345
StFcsFastSimulatorMaker:INFO  - ECAL det=1 id=396 volid=2397 e=0.000140
StFcsFastSimulatorMaker:INFO  - ECAL det=1 id=418 volid=2419 e=0.000318
StFcsFastSimulatorMaker:INFO  - ECAL det=1 id=421 volid=2422 e=0.001008
StFcsFastSimulatorMaker:INFO  - ECAL det=1 id=422 volid=2423 e=0.001494
StFcsFastSimulatorMaker:INFO  - ECAL det=1 id=442 volid=2443 e=0.001317
StFcsFastSimulatorMaker:INFO  - ECAL det=1 id=444 volid=2445 e=0.000016
StFcsFastSimulatorMaker:INFO  - ECAL det=1 id=445 volid=2446 e=0.000482
StFcsFastSimulatorMaker:INFO  - ECAL det=1 id=464 volid=2465 e=0.001203
StFcsFastSimulatorMaker:INFO  - ECAL det=1 id=465 volid=2466 e=0.006674
StFcsFastSimulatorMaker:INFO  - ECAL det=1 id=466 volid=2467 e=0.007277
StFcsFastSimulatorMaker:INFO  - ECAL det=1 id=467 volid=2468 e=0.001072
StFcsFastSimulatorMaker:INFO  - ECAL det=1 id=468 volid=2469 e=0.000854
StFcsFastSimulatorMaker:INFO  - ECAL det=1 id=486 volid=2487 e=0.005640
StFcsFastSimulatorMaker:INFO  - ECAL det=1 id=487 volid=2488 e=1.148935
StFcsFastSimulatorMaker:INFO  - ECAL det=1 id=488 volid=2489 e=0.492185
StFcsFastSimulatorMaker:INFO  - ECAL det=1 id=489 volid=2490 e=0.029858
StFcsFastSimulatorMaker:INFO  - ECAL det=1 id=490 volid=2491 e=0.003039
StFcsFastSimulatorMaker:INFO  - ECAL det=1 id=508 volid=2509 e=0.031067
StFcsFastSimulatorMaker:INFO  - ECAL det=1 id=509 volid=2510 e=1.255826
StFcsFastSimulatorMaker:INFO  - ECAL det=1 id=510 volid=2511 e=0.830724
StFcsFastSimulatorMaker:INFO  - ECAL det=1 id=511 volid=2512 e=0.009093
StFcsFastSimulatorMaker:INFO  - ECAL det=1 id=512 volid=2513 e=0.003286
StFcsFastSimulatorMaker:INFO  - ECAL det=1 id=529 volid=2530 e=0.000489
StFcsFastSimulatorMaker:INFO  - ECAL det=1 id=530 volid=2531 e=0.000048
StFcsFastSimulatorMaker:INFO  - ECAL det=1 id=531 volid=2532 e=0.007074
StFcsFastSimulatorMaker:INFO  - ECAL det=1 id=532 volid=2533 e=0.019538
StFcsFastSimulatorMaker:INFO  - ECAL det=1 id=533 volid=2534 e=0.008151
StFcsFastSimulatorMaker:INFO  - ECAL det=1 id=534 volid=2535 e=0.001054
StFcsFastSimulatorMaker:INFO  - ECAL det=1 id=552 volid=2553 e=0.000588
StFcsFastSimulatorMaker:INFO  - ECAL det=1 id=553 volid=2554 e=0.004433
StFcsFastSimulatorMaker:INFO  - ECAL det=1 id=556 volid=2557 e=0.000097
StFcsFastSimulatorMaker:INFO  - ECAL det=1 id=574 volid=2575 e=0.001847
StFcsFastSimulatorMaker:INFO  - g2t_hca_hit table has 19 hit
StFcsFastSimulatorMaker:INFO  - HCAL det=3 id=144 volid= 2145 e=0.000018
StFcsFastSimulatorMaker:INFO  - HCAL det=3 id=145 volid= 2146 e=0.000016
StFcsFastSimulatorMaker:INFO  - HCAL det=3 id=157 volid= 2158 e=0.000616
StFcsFastSimulatorMaker:INFO  - HCAL det=3 id=158 volid= 2159 e=0.001072
StFcsFastSimulatorMaker:INFO  - HCAL det=3 id=159 volid= 2160 e=0.000267
StFcsFastSimulatorMaker:INFO  - HCAL det=3 id=160 volid= 2161 e=0.002104
StFcsFastSimulatorMaker:INFO  - HCAL det=3 id=170 volid= 2171 e=0.004030
StFcsFastSimulatorMaker:INFO  - HCAL det=3 id=171 volid= 2172 e=0.000675
StFcsFastSimulatorMaker:INFO  - HCAL det=3 id=172 volid= 2173 e=0.000779
StFcsFastSimulatorMaker:INFO  - HCAL det=3 id=173 volid= 2174 e=0.000156
StFcsFastSimulatorMaker:INFO  - HCAL det=3 id=182 volid= 2183 e=0.000909
StFcsFastSimulatorMaker:INFO  - HCAL det=3 id=183 volid= 2184 e=0.000643
StFcsFastSimulatorMaker:INFO  - HCAL det=3 id=184 volid= 2185 e=0.004887
StFcsFastSimulatorMaker:INFO  - HCAL det=3 id=186 volid= 2187 e=0.000305
StFcsFastSimulatorMaker:INFO  - HCAL det=3 id=193 volid= 2194 e=0.000002
StFcsFastSimulatorMaker:INFO  - HCAL det=3 id=197 volid= 2198 e=0.001135
StFcsFastSimulatorMaker:INFO  - HCAL det=3 id=198 volid= 2199 e=0.000022
StFcsFastSimulatorMaker:INFO  - HCAL det=3 id=208 volid= 2209 e=0.001567
StFcsFastSimulatorMaker:INFO  - HCAL det=3 id=222 volid= 2223 e=0.000063
StFcsFastSimulatorMaker:INFO  - g2t_epd_hit table has 1 hit
StFcsFastSimulatorMaker:INFO  - Pres det=5 id=132 volid=208091 e=  1.724577
StFcsFastSimulatorMaker:INFO  - Det=0 id=132 dE=   0.001 SF= 0.200 gain= 0.005 corr= 1.000 ADC=   1 ZS= 1 digiE=   0.005
StFcsFastSimulatorMaker:INFO  - Det=0 id=463 dE=   0.000 SF= 0.200 gain= 0.005 corr= 1.000 ADC=   0 ZS= 1 digiE=   0.000
StFcsFastSimulatorMaker:INFO  - Det=1 id=313 dE=   0.000 SF= 0.200 gain= 0.005 corr= 1.000 ADC=   0 ZS= 1 digiE=   0.000
StFcsFastSimulatorMaker:INFO  - Det=1 id=396 dE=   0.000 SF= 0.200 gain= 0.005 corr= 1.000 ADC=   0 ZS= 1 digiE=   0.000
StFcsFastSimulatorMaker:INFO  - Det=1 id=418 dE=   0.000 SF= 0.200 gain= 0.005 corr= 1.000 ADC=   0 ZS= 1 digiE=   0.000
StFcsFastSimulatorMaker:INFO  - Det=1 id=421 dE=   0.001 SF= 0.200 gain= 0.005 corr= 1.000 ADC=   0 ZS= 1 digiE=   0.000
StFcsFastSimulatorMaker:INFO  - Det=1 id=422 dE=   0.001 SF= 0.200 gain= 0.005 corr= 1.000 ADC=   1 ZS= 1 digiE=   0.005
StFcsFastSimulatorMaker:INFO  - Det=1 id=442 dE=   0.001 SF= 0.200 gain= 0.005 corr= 1.000 ADC=   1 ZS= 1 digiE=   0.005
StFcsFastSimulatorMaker:INFO  - Det=1 id=444 dE=   0.000 SF= 0.200 gain= 0.005 corr= 1.000 ADC=   0 ZS= 1 digiE=   0.000
StFcsFastSimulatorMaker:INFO  - Det=1 id=445 dE=   0.000 SF= 0.200 gain= 0.005 corr= 1.000 ADC=   0 ZS= 1 digiE=   0.000
StFcsFastSimulatorMaker:INFO  - Det=1 id=464 dE=   0.001 SF= 0.200 gain= 0.005 corr= 1.000 ADC=   1 ZS= 1 digiE=   0.005
StFcsFastSimulatorMaker:INFO  - Det=1 id=465 dE=   0.007 SF= 0.200 gain= 0.005 corr= 1.000 ADC=   6 ZS= 1 digiE=   0.032
StFcsFastSimulatorMaker:INFO  - Det=1 id=466 dE=   0.007 SF= 0.200 gain= 0.005 corr= 1.000 ADC=   6 ZS= 1 digiE=   0.032
StFcsFastSimulatorMaker:INFO  - Det=1 id=467 dE=   0.001 SF= 0.200 gain= 0.005 corr= 1.000 ADC=   1 ZS= 1 digiE=   0.005
StFcsFastSimulatorMaker:INFO  - Det=1 id=468 dE=   0.001 SF= 0.200 gain= 0.005 corr= 1.000 ADC=   0 ZS= 1 digiE=   0.000
StFcsFastSimulatorMaker:INFO  - Det=1 id=486 dE=   0.006 SF= 0.200 gain= 0.005 corr= 1.000 ADC=   5 ZS= 1 digiE=   0.026
StFcsFastSimulatorMaker:INFO  - Det=1 id=487 dE=   1.149 SF= 0.200 gain= 0.005 corr= 1.000 ADC=1083 ZS= 1 digiE=   5.740
StFcsFastSimulatorMaker:INFO  - Det=1 id=488 dE=   0.492 SF= 0.200 gain= 0.005 corr= 1.000 ADC= 464 ZS= 1 digiE=   2.459
StFcsFastSimulatorMaker:INFO  - Det=1 id=489 dE=   0.030 SF= 0.200 gain= 0.005 corr= 1.000 ADC=  28 ZS= 1 digiE=   0.148
StFcsFastSimulatorMaker:INFO  - Det=1 id=490 dE=   0.003 SF= 0.200 gain= 0.005 corr= 1.000 ADC=   2 ZS= 1 digiE=   0.011
StFcsFastSimulatorMaker:INFO  - Det=1 id=508 dE=   0.031 SF= 0.200 gain= 0.005 corr= 1.000 ADC=  29 ZS= 1 digiE=   0.154
StFcsFastSimulatorMaker:INFO  - Det=1 id=509 dE=   1.256 SF= 0.200 gain= 0.005 corr= 1.000 ADC=1184 ZS= 1 digiE=   6.275
StFcsFastSimulatorMaker:INFO  - Det=1 id=510 dE=   0.831 SF= 0.200 gain= 0.005 corr= 1.000 ADC= 783 ZS= 1 digiE=   4.150
StFcsFastSimulatorMaker:INFO  - Det=1 id=511 dE=   0.009 SF= 0.200 gain= 0.005 corr= 1.000 ADC=   8 ZS= 1 digiE=   0.042
StFcsFastSimulatorMaker:INFO  - Det=1 id=512 dE=   0.003 SF= 0.200 gain= 0.005 corr= 1.000 ADC=   3 ZS= 1 digiE=   0.016
StFcsFastSimulatorMaker:INFO  - Det=1 id=529 dE=   0.000 SF= 0.200 gain= 0.005 corr= 1.000 ADC=   0 ZS= 1 digiE=   0.000
StFcsFastSimulatorMaker:INFO  - Det=1 id=530 dE=   0.000 SF= 0.200 gain= 0.005 corr= 1.000 ADC=   0 ZS= 1 digiE=   0.000
StFcsFastSimulatorMaker:INFO  - Det=1 id=531 dE=   0.007 SF= 0.200 gain= 0.005 corr= 1.000 ADC=   6 ZS= 1 digiE=   0.032
StFcsFastSimulatorMaker:INFO  - Det=1 id=532 dE=   0.020 SF= 0.200 gain= 0.005 corr= 1.000 ADC=  18 ZS= 1 digiE=   0.095
StFcsFastSimulatorMaker:INFO  - Det=1 id=533 dE=   0.008 SF= 0.200 gain= 0.005 corr= 1.000 ADC=   7 ZS= 1 digiE=   0.037
StFcsFastSimulatorMaker:INFO  - Det=1 id=534 dE=   0.001 SF= 0.200 gain= 0.005 corr= 1.000 ADC=   0 ZS= 1 digiE=   0.000
StFcsFastSimulatorMaker:INFO  - Det=1 id=552 dE=   0.001 SF= 0.200 gain= 0.005 corr= 1.000 ADC=   0 ZS= 1 digiE=   0.000
StFcsFastSimulatorMaker:INFO  - Det=1 id=553 dE=   0.004 SF= 0.200 gain= 0.005 corr= 1.000 ADC=   4 ZS= 1 digiE=   0.021
StFcsFastSimulatorMaker:INFO  - Det=1 id=556 dE=   0.000 SF= 0.200 gain= 0.005 corr= 1.000 ADC=   0 ZS= 1 digiE=   0.000
StFcsFastSimulatorMaker:INFO  - Det=1 id=574 dE=   0.002 SF= 0.200 gain= 0.005 corr= 1.000 ADC=   1 ZS= 1 digiE=   0.005
StFcsFastSimulatorMaker:INFO  - Det=3 id=144 dE=   0.000 SF= 0.014 gain= 0.005 corr= 1.000 ADC=   0 ZS= 1 digiE=   0.000
StFcsFastSimulatorMaker:INFO  - Det=3 id=145 dE=   0.000 SF= 0.014 gain= 0.005 corr= 1.000 ADC=   0 ZS= 1 digiE=   0.000
StFcsFastSimulatorMaker:INFO  - Det=3 id=157 dE=   0.001 SF= 0.014 gain= 0.005 corr= 1.000 ADC=   8 ZS= 1 digiE=   0.042
StFcsFastSimulatorMaker:INFO  - Det=3 id=158 dE=   0.001 SF= 0.014 gain= 0.005 corr= 1.000 ADC=  13 ZS= 1 digiE=   0.069
StFcsFastSimulatorMaker:INFO  - Det=3 id=159 dE=   0.000 SF= 0.014 gain= 0.005 corr= 1.000 ADC=   3 ZS= 1 digiE=   0.016
StFcsFastSimulatorMaker:INFO  - Det=3 id=160 dE=   0.002 SF= 0.014 gain= 0.005 corr= 1.000 ADC=  27 ZS= 1 digiE=   0.143
StFcsFastSimulatorMaker:INFO  - Det=3 id=170 dE=   0.004 SF= 0.014 gain= 0.005 corr= 1.000 ADC=  52 ZS= 1 digiE=   0.276
StFcsFastSimulatorMaker:INFO  - Det=3 id=171 dE=   0.001 SF= 0.014 gain= 0.005 corr= 1.000 ADC=   8 ZS= 1 digiE=   0.042
StFcsFastSimulatorMaker:INFO  - Det=3 id=172 dE=   0.001 SF= 0.014 gain= 0.005 corr= 1.000 ADC=  10 ZS= 1 digiE=   0.053
StFcsFastSimulatorMaker:INFO  - Det=3 id=173 dE=   0.000 SF= 0.014 gain= 0.005 corr= 1.000 ADC=   2 ZS= 1 digiE=   0.011
StFcsFastSimulatorMaker:INFO  - Det=3 id=182 dE=   0.001 SF= 0.014 gain= 0.005 corr= 1.000 ADC=  11 ZS= 1 digiE=   0.058
StFcsFastSimulatorMaker:INFO  - Det=3 id=183 dE=   0.001 SF= 0.014 gain= 0.005 corr= 1.000 ADC=   8 ZS= 1 digiE=   0.042
StFcsFastSimulatorMaker:INFO  - Det=3 id=184 dE=   0.005 SF= 0.014 gain= 0.005 corr= 1.000 ADC=  63 ZS= 1 digiE=   0.334
StFcsFastSimulatorMaker:INFO  - Det=3 id=186 dE=   0.000 SF= 0.014 gain= 0.005 corr= 1.000 ADC=   3 ZS= 1 digiE=   0.016
StFcsFastSimulatorMaker:INFO  - Det=3 id=193 dE=   0.000 SF= 0.014 gain= 0.005 corr= 1.000 ADC=   0 ZS= 1 digiE=   0.000
StFcsFastSimulatorMaker:INFO  - Det=3 id=197 dE=   0.001 SF= 0.014 gain= 0.005 corr= 1.000 ADC=  14 ZS= 1 digiE=   0.074
StFcsFastSimulatorMaker:INFO  - Det=3 id=198 dE=   0.000 SF= 0.014 gain= 0.005 corr= 1.000 ADC=   0 ZS= 1 digiE=   0.000
StFcsFastSimulatorMaker:INFO  - Det=3 id=208 dE=   0.002 SF= 0.014 gain= 0.005 corr= 1.000 ADC=  20 ZS= 1 digiE=   0.106
StFcsFastSimulatorMaker:INFO  - Det=3 id=222 dE=   0.000 SF= 0.014 gain= 0.005 corr= 1.000 ADC=   0 ZS= 1 digiE=   0.000
StFcsFastSimulatorMaker:INFO  - Det=5 id=132 dE=   1.725 SF= 2.000 gain= 0.010 corr= 0.500 ADC= 172 ZS= 1 digiE=   0.860
StFcsFastSimulatorMaker:INFO  - wca Found 35 g2t hits in 16 cells, created 16 hits with ADC>ZS(1) and Etot=  19.271
StFcsFastSimulatorMaker:INFO  - hca Found 19 g2t hits in 14 cells, created 14 hits with ADC>ZS(1) and Etot=   1.283
StFcsFastSimulatorMaker:INFO  - pre Found 1 g2t hits in 1 cells, created 1 hits with ADC>ZS(1) and Etot=   0.860
StFcsFastSimulatorMaker:INFO  - *** StFcsFastSimulatorMaker::Make() == StOK(0) ***
StFcsWaveformFitMaker:INFO  - *** StFcsWaveformFitMaker::Make() == StOK(0) ***
StFcsClusterMaker:DEBUG - StFcsClusterMaker Make!!!
  *** Print FCS collection ***  RecFlag=0
  *** FCS Det=0 *** NHit=  0 NCluster=  0 NPoint=  0
  *** FCS Det=1 *** NHit= 16 NCluster=  1 NPoint=  0
StFcsHit: det= 1 id=509 | ns=1 ehp=0 dep=10 ch=26 | Ntb=  1 Sum=     0 Fit=  0.00   0.00 E=  6.28 | 1184 (  0) 
StFcsHit: det= 1 id=487 | ns=1 ehp=0 dep=10 ch=22 | Ntb=  1 Sum=     0 Fit=  0.00   0.00 E=  5.74 | 1083 (  0) 
StFcsHit: det= 1 id=510 | ns=1 ehp=0 dep=10 ch=27 | Ntb=  1 Sum=     0 Fit=  0.00   0.00 E=  4.15 |  783 (  0) 
StFcsHit: det= 1 id=488 | ns=1 ehp=0 dep=10 ch=23 | Ntb=  1 Sum=     0 Fit=  0.00   0.00 E=  2.46 |  464 (  0) 
StFcsHit: det= 1 id=508 | ns=1 ehp=0 dep=10 ch=25 | Ntb=  1 Sum=     0 Fit=  0.00   0.00 E=  0.15 |   29 (  0) 
StFcsHit: det= 1 id=489 | ns=1 ehp=0 dep=11 ch=20 | Ntb=  1 Sum=     0 Fit=  0.00   0.00 E=  0.15 |   28 (  0) 
StFcsHit: det= 1 id=532 | ns=1 ehp=0 dep=10 ch=31 | Ntb=  1 Sum=     0 Fit=  0.00   0.00 E=  0.10 |   18 (  0) 
StFcsHit: det= 1 id=511 | ns=1 ehp=0 dep=11 ch=24 | Ntb=  1 Sum=     0 Fit=  0.00   0.00 E=  0.04 |    8 (  0) 
StFcsHit: det= 1 id=533 | ns=1 ehp=0 dep=11 ch=28 | Ntb=  1 Sum=     0 Fit=  0.00   0.00 E=  0.04 |    7 (  0) 
StFcsHit: det= 1 id=465 | ns=1 ehp=0 dep=10 ch=18 | Ntb=  1 Sum=     0 Fit=  0.00   0.00 E=  0.03 |    6 (  0) 
StFcsHit: det= 1 id=466 | ns=1 ehp=0 dep=10 ch=19 | Ntb=  1 Sum=     0 Fit=  0.00   0.00 E=  0.03 |    6 (  0) 
StFcsHit: det= 1 id=531 | ns=1 ehp=0 dep=10 ch=30 | Ntb=  1 Sum=     0 Fit=  0.00   0.00 E=  0.03 |    6 (  0) 
StFcsHit: det= 1 id=486 | ns=1 ehp=0 dep=10 ch=21 | Ntb=  1 Sum=     0 Fit=  0.00   0.00 E=  0.03 |    5 (  0) 
StFcsHit: det= 1 id=553 | ns=1 ehp=0 dep=15 ch= 2 | Ntb=  1 Sum=     0 Fit=  0.00   0.00 E=  0.02 |    4 (  0) 
StFcsHit: det= 1 id=512 | ns=1 ehp=0 dep=11 ch=25 | Ntb=  1 Sum=     0 Fit=  0.00   0.00 E=  0.02 |    3 (  0) 
StFcsHit: det= 1 id=490 | ns=1 ehp=0 dep=11 ch=21 | Ntb=  1 Sum=     0 Fit=  0.00   0.00 E=  0.01 |    2 (  0) 
StFcsCluster id=   0 ctg=1 n=16 nNeigh=0 nPoints=0 loc=   3.92   23.04 PXYZE=   1.05   -1.03   19.21   19.27 E=  19.27 sigMin/max=   0.50    0.52 Chi2=   0.00    0.00
  *** FCS Det=2 *** NHit=  0 NCluster=  0 NPoint=  0
  *** FCS Det=3 *** NHit= 14 NCluster=  3 NPoint=  0
StFcsHit: det= 3 id=184 | ns=1 ehp=1 dep= 3 ch=18 | Ntb=  1 Sum=     0 Fit=  0.00   0.00 E=  0.33 |   63 (  0) 
StFcsHit: det= 3 id=170 | ns=1 ehp=1 dep= 3 ch=13 | Ntb=  1 Sum=     0 Fit=  0.00   0.00 E=  0.28 |   52 (  0) 
StFcsHit: det= 3 id=160 | ns=1 ehp=1 dep= 4 ch= 8 | Ntb=  1 Sum=     0 Fit=  0.00   0.00 E=  0.14 |   27 (  0) 
StFcsHit: det= 3 id=208 | ns=1 ehp=1 dep= 3 ch=24 | Ntb=  1 Sum=     0 Fit=  0.00   0.00 E=  0.11 |   20 (  0) 
StFcsHit: det= 3 id=197 | ns=1 ehp=1 dep= 3 ch=22 | Ntb=  1 Sum=     0 Fit=  0.00   0.00 E=  0.07 |   14 (  0) 
StFcsHit: det= 3 id=158 | ns=1 ehp=1 dep= 3 ch=10 | Ntb=  1 Sum=     0 Fit=  0.00   0.00 E=  0.07 |   13 (  0) 
StFcsHit: det= 3 id=182 | ns=1 ehp=1 dep= 3 ch=16 | Ntb=  1 Sum=     0 Fit=  0.00   0.00 E=  0.06 |   11 (  0) 
StFcsHit: det= 3 id=172 | ns=1 ehp=1 dep= 3 ch=15 | Ntb=  1 Sum=     0 Fit=  0.00   0.00 E=  0.05 |   10 (  0) 
StFcsHit: det= 3 id=157 | ns=1 ehp=1 dep= 3 ch= 9 | Ntb=  1 Sum=     0 Fit=  0.00   0.00 E=  0.04 |    8 (  0) 
StFcsHit: det= 3 id=171 | ns=1 ehp=1 dep= 3 ch=14 | Ntb=  1 Sum=     0 Fit=  0.00   0.00 E=  0.04 |    8 (  0) 
StFcsHit: det= 3 id=183 | ns=1 ehp=1 dep= 3 ch=17 | Ntb=  1 Sum=     0 Fit=  0.00   0.00 E=  0.04 |    8 (  0) 
StFcsHit: det= 3 id=159 | ns=1 ehp=1 dep= 3 ch=11 | Ntb=  1 Sum=     0 Fit=  0.00   0.00 E=  0.02 |    3 (  0) 
StFcsHit: det= 3 id=186 | ns=1 ehp=1 dep= 4 ch=16 | Ntb=  1 Sum=     0 Fit=  0.00   0.00 E=  0.02 |    3 (  0) 
StFcsHit: det= 3 id=173 | ns=1 ehp=1 dep= 4 ch=12 | Ntb=  1 Sum=     0 Fit=  0.00   0.00 E=  0.01 |    2 (  0) 
StFcsCluster id=   0 ctg=1 n= 9 nNeigh=2 nPoints=0 loc=   2.07   14.07 PXYZE=   0.05   -0.05    0.99    0.99 E=   0.99 sigMin/max=   0.00    0.70 Chi2=   0.00    0.00
StFcsCluster id=   1 ctg=1 n= 4 nNeigh=1 nPoints=0 loc=   4.50   12.50 PXYZE=   0.02   -0.01    0.18    0.19 E=   0.19 sigMin/max=   0.00    0.00 Chi2=   0.00    0.00
StFcsCluster id=   2 ctg=1 n= 1 nNeigh=1 nPoints=0 loc=   0.50   16.50 PXYZE=   0.00   -0.01    0.11    0.11 E=   0.11 sigMin/max=   0.00    0.00 Chi2=   0.00    0.00
  *** FCS Det=4 *** NHit=  0 NCluster=  0 NPoint=  0
  *** FCS Det=5 *** NHit=  1 NCluster=  0 NPoint=  0
StFcsHit: det= 5 id=132 | ns=1 ehp=2 dep= 4 ch= 4 | Ntb=  1 Sum=     0 Fit=  0.00   0.00 E=  0.86 |  172 (  0) 
  *** FCS Det=6 *** NHit=  0 NCluster=  0 NPoint=  0
StFcsClusterMaker:INFO  - *** StFcsClusterMaker::Make() == StOK(0) ***
StFttClusterPointMaker:INFO  - Creating FttCollection
StFttClusterPointMaker:INFO  - Making Geant points
StFttClusterPointMaker:INFO  - *** StFttClusterPointMaker::Make() == StOK(0) ***
StFwdTrackMaker:INFO  - Setting Event Vertex from geant/g2t_vertex[0]: 0x8874140
StFwdTrackMaker:INFO  - TAttr::Found : useftt = 1

StFwdTrackMaker:INFO  - TAttr::Found : usefst = 1

StFwdTrackMaker:INFO  - TAttr::Found : useepd = 1

StFwdTrackMaker:INFO  - There are: 0 with 0 FST, 0 with 1 FST, 0 with 2 FST, 1 with 3 FST
StFwdTrackMaker:INFO  - There are: 0 with 0 FTT, 0 with 1 FTT, 0 with 2 FTT, 0 with 3 FTT, 0 with 4 FTT, 0 with 5 FTT, 0 with 6 FTT, 0 with 7 FTT, 1 with 8 FTT
StFwdTrackMaker:INFO  - There are 1 McTracks with > 2 FST hits (#of possible seeds)
StFwdTrackMaker:INFO  - 	Finding FWD Track Seeds
StFwdTrackMaker:INFO  - Hitmap Source: fst
StFwdTrackMaker:INFO  - Performing Fwd Seed finding with mode: fst = 
StFwdTrackMaker:INFO  - Found 1 seeds in 1 iterations
StFwdTrackMaker:INFO  - Total Hits removed: 0
StFwdTrackMaker:INFO  - Seed [0] with 3 hits : id=2@2id=1@1id=0@0
StFwdTrackMaker:INFO  - <<Fwd Tracking Found : 1 Track Seeds from 3 FST hits and 4 sTGC hits
StFwdTrackMaker:INFO  -     (vs. 1 McTracks with FST>2, eff = 1)
StFwdTrackMaker:INFO  - 	Fitting FWD Track Seeds
StFwdTrackMaker:INFO  - TrackFitter:refit = 1
StFwdTrackMaker:INFO  - Starting Track fitting loop with 1 track seeds
StFwdTrackMaker:INFO  - TrackFitter:refit = 1
StFwdTrackMaker:INFO  - 		Mc Match idTruth=1, quality = 1
StFwdTrackMaker:INFO  - GenFitTrackResult::mIdTruth = 1, QaTruth = 1
The points are collinear, curvature is undefined.
p1 = 8.96447, -8.71139
p2 = 8.96447, -8.71139
p3 = 8.96447, -8.71139
StFwdTrackMaker:INFO  - GenericFitSeeder::makeSeed::Curvature: -1e-07
StFwdTrackMaker:INFO  - GenericFitSeeder::makeSeed::pt = 14989.5
StFwdTrackMaker:WARN  - Seed momentum is too high, setting to (0,0,1)
StFwdTrackMaker:INFO  - Track Setup complete, track has 3 points
StFwdTrackMaker:INFO  -  sorting changed track points: 0
StFwdTrackMaker:INFO  - Fit status:  1
StFwdTrackMaker:INFO  - -Fit pvalue: 1
StFwdTrackMaker:INFO  - -Fit Chi2:   1.54368e-29
StFwdTrackMaker:INFO  - -Fit Chi2:   1.54368e-29
StFwdTrackMaker:INFO  - Track fit charge: -1Fit momentum: -1.51328e-16, 1.31733e-16, 1
StFwdTrackMaker:INFO  - TVector3::PseudoRapidity : transvers momentum = 0! return +/- 10e10
StFwdTrackMaker:INFO  - 	Fit Pt: 2.00633e-16, eta: 1e+11, phi: 2.42531
StFwdTrackMaker:INFO  - Track fit update complete!
StFwdTrackMaker:INFO  - Track Reps: 1
StFwdTrackMaker:INFO  - Track Rep 0 
genfit::AbsTrackRep, pdgCode = -211. PropDir = 0
fitStatus 
 track has been fitted, fit has converged fully, 0 TrackPoints could not be processed, fitted charge = -1, PruneFlags: 
 track has been fitted with reference track, numIterations = 2, track length = 27.031, fChi2 = 1.54368e-29, bChi2 = 1.54368e-29, fNdf = 1, bNdf = 1, fPVal = 1, bPVal = 1

StFwdTrackMaker:INFO  - GenFitTrackResult::mIdTruth = 1, QaTruth = 1
StFwdTrackMaker:INFO  - GTR Setting momentum from track
StFwdTrackMaker:INFO  - --isFitConvergedPartially() = 1
StFwdTrackMaker:INFO  - --isFitConverged() = 1
StFwdTrackMaker:INFO  - --isFitConvergedFully() = 1
StFwdTrackMaker:ERROR - CANNOT GET DCA : GenfitException: genfit::Exception thrown with excString:
RKTrackRep::RKutta ==> Total extrapolation length is longer than length limit : 3002.38 cm !
in line: 1883 in file: /cvmfs/star.sdcc.bnl.gov/star-spack/spack/var/spack/stage/smirnovd/spack-stage-genfit-b496504a-mlcdbxg7bmdsbfrppi7qmzppfw4lh52r/spack-src/trackReps/src/RKTrackRep.cc
with fatal flag 0

StFwdTrackMaker:WARN  - addFttHits: skipping blown-up state pT=2.00633e-16
StFwdTrackMaker:WARN  - addFttHits: skipping blown-up state pT=2.00633e-16
StFwdTrackMaker:WARN  - addFttHits: skipping blown-up state pT=2.00633e-16
StFwdTrackMaker:WARN  - addFttHits: skipping blown-up state pT=2.00633e-16
StFwdTrackMaker:WARN  - addEpdHits: skipping blown-up state pT=2.00633e-16
StFwdTrackMaker:INFO  - GenFitTrackResult::mIdTruth = 1, QaTruth = 1
The points are collinear, curvature is undefined.
p1 = 8.96447, -8.71139
p2 = 8.96447, -8.71139
p3 = 8.96447, -8.71139
StFwdTrackMaker:INFO  - GenericFitSeeder::makeSeed::Curvature: -1e-07
StFwdTrackMaker:INFO  - GenericFitSeeder::makeSeed::pt = 14989.5
StFwdTrackMaker:WARN  - Seed momentum is too high, setting to (0,0,1)
StFwdTrackMaker:INFO  - Note: Using externally provided seed momentum
StFwdTrackMaker:INFO  - Track Setup complete, track has 3 points
StFwdTrackMaker:INFO  -  sorting changed track points: 0
StFwdTrackMaker:INFO  - Fit status:  1
StFwdTrackMaker:INFO  - -Fit pvalue: 1
StFwdTrackMaker:INFO  - -Fit Chi2:   2.40787e-29
StFwdTrackMaker:INFO  - -Fit Chi2:   2.40787e-29
StFwdTrackMaker:INFO  - Track fit charge: -1Fit momentum: -1.46736e-16, 1.30742e-16, 1
StFwdTrackMaker:INFO  - TVector3::PseudoRapidity : transvers momentum = 0! return +/- 10e10
StFwdTrackMaker:INFO  - 	Fit Pt: 1.96532e-16, eta: 1e+11, phi: 2.41377
StFwdTrackMaker:INFO  - Track fit update complete!
StFwdTrackMaker:INFO  - Track Reps: 1
StFwdTrackMaker:INFO  - Track Rep 0 
genfit::AbsTrackRep, pdgCode = -211. PropDir = 0
fitStatus 
 track has been fitted, fit has converged fully, 0 TrackPoints could not be processed, fitted charge = -1, PruneFlags: 
 track has been fitted with reference track, numIterations = 2, track length = 27.031, fChi2 = 2.40787e-29, bChi2 = 2.40787e-29, fNdf = 1, bNdf = 1, fPVal = 1, bPVal = 1

StFwdTrackMaker:INFO  - GenFitTrackResult::mIdTruth = 1, QaTruth = 1
StFwdTrackMaker:INFO  - GTR Setting momentum from track
StFwdTrackMaker:INFO  - --isFitConvergedPartially() = 1
StFwdTrackMaker:INFO  - --isFitConverged() = 1
StFwdTrackMaker:INFO  - --isFitConvergedFully() = 1
StFwdTrackMaker:ERROR - CANNOT GET DCA : GenfitException: genfit::Exception thrown with excString:
RKTrackRep::RKutta ==> Total extrapolation length is longer than length limit : 3002.38 cm !
in line: 1883 in file: /cvmfs/star.sdcc.bnl.gov/star-spack/spack/var/spack/stage/smirnovd/spack-stage-genfit-b496504a-mlcdbxg7bmdsbfrppi7qmzppfw4lh52r/spack-src/trackReps/src/RKTrackRep.cc
with fatal flag 0

StFwdTrackMaker:INFO  - Global track fitting completed, found 1 global tracks from 1 track seed candidates
[0;33m[KalmanVertexUpdator] S matrix inversion failed. An invalid vertex will be returned.[;0m
[0;33m[KalmanVertexUpdator] S matrix inversion failed. An invalid vertex will be returned.[;0m
[0;33m[KalmanVertexUpdator] S matrix inversion failed. An invalid vertex will be returned.[;0m
[0;33m[KalmanVertexUpdator] S matrix inversion failed. An invalid vertex will be returned.[;0m
[0;33m[KalmanVertexUpdator] S matrix inversion failed. An invalid vertex will be returned.[;0m
[0;33m[KalmanVertexUpdator] S matrix inversion failed. An invalid vertex will be returned.[;0m
[0;33m[KalmanVertexUpdator] S matrix inversion failed. An invalid vertex will be returned.[;0m
[0;33m[KalmanVertexUpdator] S matrix inversion failed. An invalid vertex will be returned.[;0m
[0;33m[KalmanVertexUpdator] S matrix inversion failed. An invalid vertex will be returned.[;0m
[0;33m[KalmanVertexUpdator] S matrix inversion failed. An invalid vertex will be returned.[;0m
StFwdTrackMaker:INFO  - >>doBeamlineTrackFitting( #globals = 1 )
StFwdTrackMaker:INFO  - doBeamlineTrackFitting>>0 McId=1 with Beamline, seed already has: 3 hits
StFwdTrackMaker:INFO  - mBeamlineHit: 0, 0, 0
StFwdTrackMaker:INFO  - This fit is for a global that converged? = 1
StFwdTrackMaker:INFO  - GenFitTrackResult::mIdTruth = 1, QaTruth = 0.75
The points are collinear, curvature is undefined.
p1 = 0, 0
p2 = 8.96447, -8.71139
p3 = 8.96447, -8.71139
The points are collinear, curvature is undefined.
p1 = 0, 0
p2 = 8.96447, -8.71139
p3 = 8.96447, -8.71139
The points are collinear, curvature is undefined.
p1 = 0, 0
p2 = 8.96447, -8.71139
p3 = 8.96447, -8.71139
The points are collinear, curvature is undefined.
p1 = 8.96447, -8.71139
p2 = 8.96447, -8.71139
p3 = 8.96447, -8.71139
StFwdTrackMaker:INFO  - GenericFitSeeder::makeSeed::Curvature: -1e-07
StFwdTrackMaker:INFO  - GenericFitSeeder::makeSeed::pt = 14989.5
StFwdTrackMaker:WARN  - Seed momentum is too high, setting to (0,0,1)
StFwdTrackMaker:INFO  - Track Setup complete, track has 4 points
StFwdTrackMaker:INFO  -  sorting changed track points: 0
StFwdTrackMaker:INFO  - Fit status:  1
StFwdTrackMaker:INFO  - -Fit pvalue: 0.9741
StFwdTrackMaker:INFO  - -Fit Chi2:   0.22118
StFwdTrackMaker:INFO  - -Fit Chi2:   0.22118
StFwdTrackMaker:INFO  - Track fit charge: 1Fit momentum: 29757, -28917, 587850
StFwdTrackMaker:INFO  - 	Fit Pt: 41493, eta: 3.34534, phi: -0.771082
StFwdTrackMaker:INFO  - Track fit update complete!
StFwdTrackMaker:INFO  - Track Reps: 1
StFwdTrackMaker:INFO  - Track Rep 0 
genfit::AbsTrackRep, pdgCode = -211. PropDir = 0
fitStatus 
 track has been fitted, fit has converged fully, 0 TrackPoints could not be processed, fitted charge = 1, PruneFlags: 
 track has been fitted with reference track, numIterations = 4, track length = 189.504, fChi2 = 0.22118, bChi2 = 0.22118, fNdf = 3, bNdf = 3, fPVal = 0.9741, bPVal = 0.9741

StFwdTrackMaker:INFO  - GenFitTrackResult::mIdTruth = 1, QaTruth = 0.75
StFwdTrackMaker:INFO  - GTR Setting momentum from track
StFwdTrackMaker:INFO  - --isFitConvergedPartially() = 1
StFwdTrackMaker:INFO  - --isFitConverged() = 1
StFwdTrackMaker:INFO  - --isFitConvergedFully() = 1
StFwdTrackMaker:INFO  - SEED momentum:-1.46736e-16, 1.30742e-16, 1
StFwdTrackMaker:INFO  - 	Initial Beamline fit completed, now refitting with additional hits
StFwdTrackMaker:WARN  - addFttHits: skipping blown-up state pT=41493
StFwdTrackMaker:WARN  - addFttHits: skipping blown-up state pT=41493
StFwdTrackMaker:WARN  - addFttHits: skipping blown-up state pT=41493
StFwdTrackMaker:WARN  - addFttHits: skipping blown-up state pT=41493
StFwdTrackMaker:WARN  - addEpdHits: skipping blown-up state pT=41493
StFwdTrackMaker:INFO  - GenFitTrackResult::mIdTruth = 1, QaTruth = 0.75
The points are collinear, curvature is undefined.
p1 = 0, 0
p2 = 8.96447, -8.71139
p3 = 8.96447, -8.71139
The points are collinear, curvature is undefined.
p1 = 0, 0
p2 = 8.96447, -8.71139
p3 = 8.96447, -8.71139
The points are collinear, curvature is undefined.
p1 = 0, 0
p2 = 8.96447, -8.71139
p3 = 8.96447, -8.71139
The points are collinear, curvature is undefined.
p1 = 8.96447, -8.71139
p2 = 8.96447, -8.71139
p3 = 8.96447, -8.71139
StFwdTrackMaker:INFO  - GenericFitSeeder::makeSeed::Curvature: -1e-07
StFwdTrackMaker:INFO  - GenericFitSeeder::makeSeed::pt = 14989.5
StFwdTrackMaker:WARN  - Seed momentum is too high, setting to (0,0,1)
StFwdTrackMaker:INFO  - Note: Using externally provided seed momentum
StFwdTrackMaker:INFO  - Track Setup complete, track has 4 points
StFwdTrackMaker:INFO  -  sorting changed track points: 0
StFwdTrackMaker:INFO  - Fit status:  1
StFwdTrackMaker:INFO  - -Fit pvalue: 0.9741
StFwdTrackMaker:INFO  - -Fit Chi2:   0.221177
StFwdTrackMaker:INFO  - -Fit Chi2:   0.221177
StFwdTrackMaker:INFO  - Track fit charge: -1Fit momentum: 29760.8, -28920.6, 587849
StFwdTrackMaker:INFO  - 	Fit Pt: 41498.3, eta: 3.34521, phi: -0.771081
StFwdTrackMaker:INFO  - Track fit update complete!
StFwdTrackMaker:INFO  - Track Reps: 1
StFwdTrackMaker:INFO  - Track Rep 0 
genfit::AbsTrackRep, pdgCode = -211. PropDir = 0
fitStatus 
 track has been fitted, fit has converged fully, 0 TrackPoints could not be processed, fitted charge = -1, PruneFlags: 
 track has been fitted with reference track, numIterations = 2, track length = 189.687, fChi2 = 0.221177, bChi2 = 0.221177, fNdf = 3, bNdf = 3, fPVal = 0.9741, bPVal = 0.9741

StFwdTrackMaker:INFO  - GenFitTrackResult::mIdTruth = 1, QaTruth = 0.75
StFwdTrackMaker:INFO  - GTR Setting momentum from track
StFwdTrackMaker:INFO  - --isFitConvergedPartially() = 1
StFwdTrackMaker:INFO  - --isFitConverged() = 1
StFwdTrackMaker:INFO  - --isFitConvergedFully() = 1
StFwdTrackMaker:INFO  - >>doPrimaryTrackFitting( #globals = 1 )
StFwdTrackMaker:INFO  - Refitting Track 0, McId=1 with Primary Vertex, seed already has: 3 hits
StFwdTrackMaker:INFO  - mEventVertexHit: 0, 0, 0
StFwdTrackMaker:INFO  - This fit is for a global that converged? = 1
StFwdTrackMaker:INFO  - GenFitTrackResult::mIdTruth = 1, QaTruth = 0.75
The points are collinear, curvature is undefined.
p1 = 0, 0
p2 = 8.96447, -8.71139
p3 = 8.96447, -8.71139
The points are collinear, curvature is undefined.
p1 = 0, 0
p2 = 8.96447, -8.71139
p3 = 8.96447, -8.71139
The points are collinear, curvature is undefined.
p1 = 0, 0
p2 = 8.96447, -8.71139
p3 = 8.96447, -8.71139
The points are collinear, curvature is undefined.
p1 = 8.96447, -8.71139
p2 = 8.96447, -8.71139
p3 = 8.96447, -8.71139
StFwdTrackMaker:INFO  - GenericFitSeeder::makeSeed::Curvature: -1e-07
StFwdTrackMaker:INFO  - GenericFitSeeder::makeSeed::pt = 14989.5
StFwdTrackMaker:WARN  - Seed momentum is too high, setting to (0,0,1)
StFwdTrackMaker:INFO  - Note: Using externally provided seed momentum
StFwdTrackMaker:INFO  - Track Setup complete, track has 4 points
StFwdTrackMaker:INFO  -  sorting changed track points: 0
StFwdTrackMaker:INFO  - Fit status:  1
StFwdTrackMaker:INFO  - -Fit pvalue: 0.971248
StFwdTrackMaker:INFO  - -Fit Chi2:   0.237914
StFwdTrackMaker:INFO  - -Fit Chi2:   0.237914
StFwdTrackMaker:INFO  - Track fit charge: 1Fit momentum: 332330, -322948, 6.13302e+06
StFwdTrackMaker:INFO  - 	Fit Pt: 463399, eta: 3.27743, phi: -0.771081
StFwdTrackMaker:INFO  - Track fit update complete!
StFwdTrackMaker:INFO  - Track Reps: 1
StFwdTrackMaker:INFO  - Track Rep 0 
genfit::AbsTrackRep, pdgCode = -211. PropDir = 0
fitStatus 
 track has been fitted, fit has converged fully, 0 TrackPoints could not be processed, fitted charge = 1, PruneFlags: 
 track has been fitted with reference track, numIterations = 4, track length = 177.544, fChi2 = 0.237914, bChi2 = 0.237914, fNdf = 3, bNdf = 3, fPVal = 0.971248, bPVal = 0.971248

StFwdTrackMaker:INFO  - GenFitTrackResult::mIdTruth = 1, QaTruth = 0.75
StFwdTrackMaker:INFO  - GTR Setting momentum from track
StFwdTrackMaker:INFO  - --isFitConvergedPartially() = 1
StFwdTrackMaker:INFO  - --isFitConverged() = 1
StFwdTrackMaker:INFO  - --isFitConvergedFully() = 1
StFwdTrackMaker:INFO  - 	Initial fit complete, now refitting with additional points
StFwdTrackMaker:WARN  - addFttHits: skipping blown-up state pT=463399
StFwdTrackMaker:WARN  - addFttHits: skipping blown-up state pT=463399
StFwdTrackMaker:WARN  - addFttHits: skipping blown-up state pT=463399
StFwdTrackMaker:WARN  - addFttHits: skipping blown-up state pT=463399
StFwdTrackMaker:WARN  - addEpdHits: skipping blown-up state pT=463399
StFwdTrackMaker:INFO  - GenFitTrackResult::mIdTruth = 1, QaTruth = 0.75
The points are collinear, curvature is undefined.
p1 = 0, 0
p2 = 8.96447, -8.71139
p3 = 8.96447, -8.71139
The points are collinear, curvature is undefined.
p1 = 0, 0
p2 = 8.96447, -8.71139
p3 = 8.96447, -8.71139
The points are collinear, curvature is undefined.
p1 = 0, 0
p2 = 8.96447, -8.71139
p3 = 8.96447, -8.71139
The points are collinear, curvature is undefined.
p1 = 8.96447, -8.71139
p2 = 8.96447, -8.71139
p3 = 8.96447, -8.71139
StFwdTrackMaker:INFO  - GenericFitSeeder::makeSeed::Curvature: -1e-07
StFwdTrackMaker:INFO  - GenericFitSeeder::makeSeed::pt = 14989.5
StFwdTrackMaker:WARN  - Seed momentum is too high, setting to (0,0,1)
StFwdTrackMaker:INFO  - Note: Using externally provided seed momentum
StFwdTrackMaker:INFO  - Track Setup complete, track has 4 points
StFwdTrackMaker:INFO  -  sorting changed track points: 0
StFwdTrackMaker:INFO  - Fit status:  1
StFwdTrackMaker:INFO  - -Fit pvalue: 0.971248
StFwdTrackMaker:INFO  - -Fit Chi2:   0.237914
StFwdTrackMaker:INFO  - -Fit Chi2:   0.237914
StFwdTrackMaker:INFO  - Track fit charge: -1Fit momentum: 332330, -322948, 6.13302e+06
StFwdTrackMaker:INFO  - 	Fit Pt: 463399, eta: 3.27743, phi: -0.771081
StFwdTrackMaker:INFO  - Track fit update complete!
StFwdTrackMaker:INFO  - Track Reps: 1
StFwdTrackMaker:INFO  - Track Rep 0 
genfit::AbsTrackRep, pdgCode = -211. PropDir = 0
fitStatus 
 track has been fitted, fit has converged fully, 0 TrackPoints could not be processed, fitted charge = -1, PruneFlags: 
 track has been fitted with reference track, numIterations = 1, track length = 177.545, fChi2 = 0.237914, bChi2 = 0.237914, fNdf = 3, bNdf = 3, fPVal = 0.971248, bPVal = 0.971248

StFwdTrackMaker:INFO  - GenFitTrackResult::mIdTruth = 1, QaTruth = 0.75
StFwdTrackMaker:INFO  - GTR Setting momentum from track
StFwdTrackMaker:INFO  - --isFitConvergedPartially() = 1
StFwdTrackMaker:INFO  - --isFitConverged() = 1
StFwdTrackMaker:INFO  - --isFitConvergedFully() = 1
StFwdTrackMaker:INFO  - >>doSecondaryTrackFitting( #globals = 1 )
StFwdTrackMaker:INFO  - <<Fwd Tracking Fit :3 GenFit Tracks
StFwdTrackMaker:INFO  - TAttr::Found : fillevent = 1

StFwdTrackMaker:INFO  - Creating the StFwdTrackCollection
StFwdTrackMaker:INFO  - Processing GenfitTrackResult(type=0): 0 mIsFitConverged=1, mIsFitConvergedPartially=1, mNumFitPoints=3
AAA FCS StraightLine: det=0 xyzdet=(-17.399,-5.26,710.16) norm=(-0.0301896,0,0.999544)
AAA projectAsStraightLine: tv3A=(7.67118,-10.1252,575.232) tv3B=(7.39095,-10.4319,625.223)
AAA   xyzf=(-17.399,-5.26,710.16) norm=(-0.0301896,0,0.999544)
AAA   tintersection=2.71371 result=(6.91072,-10.9575,710.894)
AAA FCS StraightLine result: tv3=(6.91072,-10.9575,710.894)
AAA FCS StraightLine: det=2 xyzdet=(-21.285,1.8,782.63) norm=(-0.0301896,0,0.999544)
AAA projectAsStraightLine: tv3A=(7.67118,-10.1252,575.232) tv3B=(7.39095,-10.4319,625.223)
AAA   xyzf=(-21.285,1.8,782.63) norm=(-0.0301896,0,0.999544)
AAA   tintersection=4.16546 result=(6.50389,-11.4028,783.469)
AAA FCS StraightLine result: tv3=(6.50389,-11.4028,783.469)
StFwdTrackMaker:INFO  - Processing GenfitTrackResult(type=2): 1 mIsFitConverged=1, mIsFitConvergedPartially=1, mNumFitPoints=4
AAA FCS StraightLine: det=1 xyzdet=(17.399,-5.26,710.16) norm=(0.0301896,0,0.999544)
AAA projectAsStraightLine: tv3A=(31.1066,-30.2284,574.06) tv3B=(33.8115,-32.857,623.979)
AAA   xyzf=(17.399,-5.26,710.16) norm=(0.0301896,0,0.999544)
AAA   tintersection=2.71371 result=(38.447,-37.3615,709.524)
AAA FCS StraightLine result: tv3=(38.447,-37.3615,709.524)
AAA FCS StraightLine: det=3 xyzdet=(21.285,1.8,782.63) norm=(0.0301896,0,0.999544)
AAA projectAsStraightLine: tv3A=(31.1066,-30.2284,574.06) tv3B=(33.8115,-32.857,623.979)
AAA   xyzf=(21.285,1.8,782.63) norm=(0.0301896,0,0.999544)
AAA   tintersection=4.16546 result=(42.3739,-41.1776,781.993)
AAA FCS StraightLine result: tv3=(42.3739,-41.1776,781.993)
StFwdTrackMaker:INFO  - Processing GenfitTrackResult(type=1): 2 mIsFitConverged=1, mIsFitConvergedPartially=1, mNumFitPoints=4
AAA FCS StraightLine: det=1 xyzdet=(17.399,-5.26,710.16) norm=(0.0301896,0,0.999544)
AAA projectAsStraightLine: tv3A=(29.6566,-28.8193,574.104) tv3B=(32.1841,-31.2754,624.028)
AAA   xyzf=(17.399,-5.26,710.16) norm=(0.0301896,0,0.999544)
AAA   tintersection=2.71371 result=(36.5154,-35.4845,709.583)
AAA FCS StraightLine result: tv3=(36.5154,-35.4845,709.583)
AAA FCS StraightLine: det=3 xyzdet=(21.285,1.8,782.63) norm=(0.0301896,0,0.999544)
AAA projectAsStraightLine: tv3A=(29.6566,-28.8193,574.104) tv3B=(32.1841,-31.2754,624.028)
AAA   xyzf=(21.285,1.8,782.63) norm=(0.0301896,0,0.999544)
AAA   tintersection=4.16545 result=(40.1847,-39.0502,782.059)
AAA FCS StraightLine result: tv3=(40.1847,-39.0502,782.059)
StFwdTrackMaker:INFO  - StFwdTrackCollection has 3 tracks now
StFwdTrackMaker:INFO  - StFwdTrackCollection has 3 tracks now
StFwdTrackMaker:INFO  - *** StFwdTrackMaker::Make() == StOK(0) ***
StFcsTrackMatchMaker:INFO  - *** StFcsTrackMatchMaker::Make() == StOK(0) ***
StStrangeMuDstMaker:INFO  - StV0Controller: found 0 V0 candidates
StStrangeMuDstMaker:INFO  - StXiController: found 0 Xi candidates
StStrangeMuDstMaker:INFO  - StKinkController: found 0 Kink candidates
StStrangeMuDstMaker:INFO  - *** StStrangeMuDstMaker::Make() == StOK(0) ***
StMuDstMaker:INFO  - fillMuFtt
StMuDstMaker:INFO  - fillMuFttRawHits
StMuDstMaker:INFO  - fillMuFttPoints
StMuDstMaker:INFO  - fillMuFttClusters
StMuDstMaker:INFO  - StMuDstMaker::fillFwdTrack(StEvent* ev)
StMuDstMaker:INFO  - StMuDSTMaker filling StMuFwdTrackCollection from StEvent
StMuDstMaker:INFO  - Adding 3 StMuFwdTracks to MuDSt
StMuDstMaker:INFO  - *** StMuDstMaker::Make() == StOK(0) ***
StTreeMaker:INFO  - *** StTreeMaker::Make() == StOK(0) ***
StPicoDstMaker:WARN  - No trigger data bank available!
StPicoDstMaker:INFO  - StPicoDstMaker::fillFcsHits filled 31
StPicoDstMaker:INFO  - StPicoDstMaker::fillFcsClusters filled 4
StPicoDstMaker:INFO  - *** StPicoDstMaker::Make() == StOK(0) ***
MEM after Chain::Clear + Make	 total =794.402344 heap =208.586716 and   0.797607( -0.091049)
<---------- END EVENT
--------->START EVENT: 6
MEM before Chain::Clear + Make	 total =794.402344 heap =208.586914 and   0.797318( +0.000198)
St_geant_Maker:INFO  - *** St_geant_Maker::Make() == StOK(0) ***
St_db_Maker:INFO  - *** St_db_Maker::Make() == StOK(0) ***
StMagFMaker:INFO  - *** StMagFMaker::Make() == StOK(0) ***
StDetectorDbMaker:INFO  - *** StDetectorDbMaker::Make() == StOK(0) ***
StTpcDbMaker:INFO  - *** StTpcDbMaker::Make() == StOK(0) ***
StFcsDbMaker:INFO  - *** StFcsDbMaker::Make() == StOK(0) ***
StEventMaker:INFO  - get trigDetSums from Calibrations/rich/trigDetSums
StEventMaker:WARN  - StEventMaker: No StDAQReader found
StEventMaker:INFO  - *** StEventMaker::Make() == StOK(0) ***
StMcEventMaker:INFO  - StMcEventMaker:   g2t_tpc_hit Table Not found 
StMcEventMaker:INFO  - StMcEventMaker:   particle    Table Not found 
StMcEventMaker:INFO  - *** StMcEventMaker::Make() == StOK(0) ***
StFcsFastSimulatorMaker:DEBUG - StFcsFastSimulatorMaker::Make
StFcsFastSimulatorMaker:DEBUG - Creating StFcsCollection
StFcsFastSimulatorMaker:INFO  - TAttr::Found : fcsleakyhcal = 0

StFcsFastSimulatorMaker:INFO  - TAttr::Found : fcshcalzdepeff = 0

StFcsFastSimulatorMaker:INFO  - g2t_wca_hit table has 48 hit
StFcsFastSimulatorMaker:INFO  - ECAL det=0 id=418 volid=1419 e=0.000090
StFcsFastSimulatorMaker:INFO  - ECAL det=1 id=200 volid=2201 e=0.000678
StFcsFastSimulatorMaker:INFO  - ECAL det=1 id=245 volid=2246 e=0.000393
StFcsFastSimulatorMaker:INFO  - ECAL det=1 id=287 volid=2288 e=0.000145
StFcsFastSimulatorMaker:INFO  - ECAL det=1 id=288 volid=2289 e=0.001674
StFcsFastSimulatorMaker:INFO  - ECAL det=1 id=310 volid=2311 e=0.006015
StFcsFastSimulatorMaker:INFO  - ECAL det=1 id=311 volid=2312 e=0.000083
StFcsFastSimulatorMaker:INFO  - ECAL det=1 id=314 volid=2315 e=0.000062
StFcsFastSimulatorMaker:INFO  - ECAL det=1 id=330 volid=2331 e=0.000117
StFcsFastSimulatorMaker:INFO  - ECAL det=1 id=331 volid=2332 e=0.001548
StFcsFastSimulatorMaker:INFO  - ECAL det=1 id=334 volid=2335 e=0.001411
StFcsFastSimulatorMaker:INFO  - ECAL det=1 id=335 volid=2336 e=0.001450
StFcsFastSimulatorMaker:INFO  - ECAL det=1 id=336 volid=2337 e=0.000844
StFcsFastSimulatorMaker:INFO  - ECAL det=1 id=338 volid=2339 e=0.000661
StFcsFastSimulatorMaker:INFO  - ECAL det=1 id=355 volid=2356 e=0.018822
StFcsFastSimulatorMaker:INFO  - ECAL det=1 id=356 volid=2357 e=0.014671
StFcsFastSimulatorMaker:INFO  - ECAL det=1 id=357 volid=2358 e=0.006581
StFcsFastSimulatorMaker:INFO  - ECAL det=1 id=358 volid=2359 e=0.002770
StFcsFastSimulatorMaker:INFO  - ECAL det=1 id=359 volid=2360 e=0.001116
StFcsFastSimulatorMaker:INFO  - ECAL det=1 id=361 volid=2362 e=0.000464
StFcsFastSimulatorMaker:INFO  - ECAL det=1 id=375 volid=2376 e=0.000032
StFcsFastSimulatorMaker:INFO  - ECAL det=1 id=376 volid=2377 e=0.007019
StFcsFastSimulatorMaker:INFO  - ECAL det=1 id=377 volid=2378 e=0.060901
StFcsFastSimulatorMaker:INFO  - ECAL det=1 id=378 volid=2379 e=1.911484
StFcsFastSimulatorMaker:INFO  - ECAL det=1 id=379 volid=2380 e=0.059403
StFcsFastSimulatorMaker:INFO  - ECAL det=1 id=380 volid=2381 e=0.011007
StFcsFastSimulatorMaker:INFO  - ECAL det=1 id=383 volid=2384 e=0.000027
StFcsFastSimulatorMaker:INFO  - ECAL det=1 id=398 volid=2399 e=0.001623
StFcsFastSimulatorMaker:INFO  - ECAL det=1 id=399 volid=2400 e=0.070079
StFcsFastSimulatorMaker:INFO  - ECAL det=1 id=400 volid=2401 e=2.604123
StFcsFastSimulatorMaker:INFO  - ECAL det=1 id=401 volid=2402 e=0.069239
StFcsFastSimulatorMaker:INFO  - ECAL det=1 id=402 volid=2403 e=0.002572
StFcsFastSimulatorMaker:INFO  - ECAL det=1 id=403 volid=2404 e=0.000946
StFcsFastSimulatorMaker:INFO  - ECAL det=1 id=420 volid=2421 e=0.000495
StFcsFastSimulatorMaker:INFO  - ECAL det=1 id=421 volid=2422 e=0.003013
StFcsFastSimulatorMaker:INFO  - ECAL det=1 id=422 volid=2423 e=0.031701
StFcsFastSimulatorMaker:INFO  - ECAL det=1 id=423 volid=2424 e=0.010001
StFcsFastSimulatorMaker:INFO  - ECAL det=1 id=427 volid=2428 e=0.001725
StFcsFastSimulatorMaker:INFO  - ECAL det=1 id=442 volid=2443 e=0.000394
StFcsFastSimulatorMaker:INFO  - ECAL det=1 id=443 volid=2444 e=0.001082
StFcsFastSimulatorMaker:INFO  - ECAL det=1 id=444 volid=2445 e=0.002197
StFcsFastSimulatorMaker:INFO  - ECAL det=1 id=445 volid=2446 e=0.003348
StFcsFastSimulatorMaker:INFO  - ECAL det=1 id=447 volid=2448 e=0.000477
StFcsFastSimulatorMaker:INFO  - ECAL det=1 id=448 volid=2449 e=0.001164
StFcsFastSimulatorMaker:INFO  - ECAL det=1 id=465 volid=2466 e=0.000029
StFcsFastSimulatorMaker:INFO  - ECAL det=1 id=466 volid=2467 e=0.000748
StFcsFastSimulatorMaker:INFO  - ECAL det=1 id=487 volid=2488 e=0.000033
StFcsFastSimulatorMaker:INFO  - ECAL det=1 id=488 volid=2489 e=0.000068
StFcsFastSimulatorMaker:INFO  - g2t_hca_hit table has 14 hit
StFcsFastSimulatorMaker:INFO  - HCAL det=3 id=118 volid= 2119 e=0.000445
StFcsFastSimulatorMaker:INFO  - HCAL det=3 id=119 volid= 2120 e=0.000862
StFcsFastSimulatorMaker:INFO  - HCAL det=3 id=131 volid= 2132 e=0.000281
StFcsFastSimulatorMaker:INFO  - HCAL det=3 id=132 volid= 2133 e=0.006370
StFcsFastSimulatorMaker:INFO  - HCAL det=3 id=133 volid= 2134 e=0.000007
StFcsFastSimulatorMaker:INFO  - HCAL det=3 id=135 volid= 2136 e=0.000206
StFcsFastSimulatorMaker:INFO  - HCAL det=3 id=144 volid= 2145 e=0.001818
StFcsFastSimulatorMaker:INFO  - HCAL det=3 id=145 volid= 2146 e=0.012350
StFcsFastSimulatorMaker:INFO  - HCAL det=3 id=146 volid= 2147 e=0.004610
StFcsFastSimulatorMaker:INFO  - HCAL det=3 id=147 volid= 2148 e=0.002883
StFcsFastSimulatorMaker:INFO  - HCAL det=3 id=158 volid= 2159 e=0.000017
StFcsFastSimulatorMaker:INFO  - HCAL det=3 id=173 volid= 2174 e=0.000573
StFcsFastSimulatorMaker:INFO  - HCAL det=3 id=182 volid= 2183 e=0.000126
StFcsFastSimulatorMaker:INFO  - HCAL det=3 id=187 volid= 2188 e=0.000020
StFcsFastSimulatorMaker:INFO  - g2t_epd_hit table has 1 hit
StFcsFastSimulatorMaker:INFO  - Pres det=5 id= 99 volid=209071 e=  1.506694
StFcsFastSimulatorMaker:INFO  - Det=0 id=418 dE=   0.000 SF= 0.200 gain= 0.005 corr= 1.000 ADC=   0 ZS= 1 digiE=   0.000
StFcsFastSimulatorMaker:INFO  - Det=1 id=200 dE=   0.001 SF= 0.200 gain= 0.005 corr= 1.000 ADC=   0 ZS= 1 digiE=   0.000
StFcsFastSimulatorMaker:INFO  - Det=1 id=245 dE=   0.000 SF= 0.200 gain= 0.005 corr= 1.000 ADC=   0 ZS= 1 digiE=   0.000
StFcsFastSimulatorMaker:INFO  - Det=1 id=287 dE=   0.000 SF= 0.200 gain= 0.005 corr= 1.000 ADC=   0 ZS= 1 digiE=   0.000
StFcsFastSimulatorMaker:INFO  - Det=1 id=288 dE=   0.002 SF= 0.200 gain= 0.005 corr= 1.000 ADC=   1 ZS= 1 digiE=   0.005
StFcsFastSimulatorMaker:INFO  - Det=1 id=310 dE=   0.006 SF= 0.200 gain= 0.005 corr= 1.000 ADC=   5 ZS= 1 digiE=   0.026
StFcsFastSimulatorMaker:INFO  - Det=1 id=311 dE=   0.000 SF= 0.200 gain= 0.005 corr= 1.000 ADC=   0 ZS= 1 digiE=   0.000
StFcsFastSimulatorMaker:INFO  - Det=1 id=314 dE=   0.000 SF= 0.200 gain= 0.005 corr= 1.000 ADC=   0 ZS= 1 digiE=   0.000
StFcsFastSimulatorMaker:INFO  - Det=1 id=330 dE=   0.000 SF= 0.200 gain= 0.005 corr= 1.000 ADC=   0 ZS= 1 digiE=   0.000
StFcsFastSimulatorMaker:INFO  - Det=1 id=331 dE=   0.002 SF= 0.200 gain= 0.005 corr= 1.000 ADC=   1 ZS= 1 digiE=   0.005
StFcsFastSimulatorMaker:INFO  - Det=1 id=334 dE=   0.001 SF= 0.200 gain= 0.005 corr= 1.000 ADC=   1 ZS= 1 digiE=   0.005
StFcsFastSimulatorMaker:INFO  - Det=1 id=335 dE=   0.001 SF= 0.200 gain= 0.005 corr= 1.000 ADC=   1 ZS= 1 digiE=   0.005
StFcsFastSimulatorMaker:INFO  - Det=1 id=336 dE=   0.001 SF= 0.200 gain= 0.005 corr= 1.000 ADC=   0 ZS= 1 digiE=   0.000
StFcsFastSimulatorMaker:INFO  - Det=1 id=338 dE=   0.001 SF= 0.200 gain= 0.005 corr= 1.000 ADC=   0 ZS= 1 digiE=   0.000
StFcsFastSimulatorMaker:INFO  - Det=1 id=355 dE=   0.019 SF= 0.200 gain= 0.005 corr= 1.000 ADC=  17 ZS= 1 digiE=   0.090
StFcsFastSimulatorMaker:INFO  - Det=1 id=356 dE=   0.015 SF= 0.200 gain= 0.005 corr= 1.000 ADC=  13 ZS= 1 digiE=   0.069
StFcsFastSimulatorMaker:INFO  - Det=1 id=357 dE=   0.007 SF= 0.200 gain= 0.005 corr= 1.000 ADC=   6 ZS= 1 digiE=   0.032
StFcsFastSimulatorMaker:INFO  - Det=1 id=358 dE=   0.003 SF= 0.200 gain= 0.005 corr= 1.000 ADC=   2 ZS= 1 digiE=   0.011
StFcsFastSimulatorMaker:INFO  - Det=1 id=359 dE=   0.001 SF= 0.200 gain= 0.005 corr= 1.000 ADC=   1 ZS= 1 digiE=   0.005
StFcsFastSimulatorMaker:INFO  - Det=1 id=361 dE=   0.000 SF= 0.200 gain= 0.005 corr= 1.000 ADC=   0 ZS= 1 digiE=   0.000
StFcsFastSimulatorMaker:INFO  - Det=1 id=375 dE=   0.000 SF= 0.200 gain= 0.005 corr= 1.000 ADC=   0 ZS= 1 digiE=   0.000
StFcsFastSimulatorMaker:INFO  - Det=1 id=376 dE=   0.007 SF= 0.200 gain= 0.005 corr= 1.000 ADC=   6 ZS= 1 digiE=   0.032
StFcsFastSimulatorMaker:INFO  - Det=1 id=377 dE=   0.061 SF= 0.200 gain= 0.005 corr= 1.000 ADC=  57 ZS= 1 digiE=   0.302
StFcsFastSimulatorMaker:INFO  - Det=1 id=378 dE=   1.911 SF= 0.200 gain= 0.005 corr= 1.000 ADC=1803 ZS= 1 digiE=   9.556
StFcsFastSimulatorMaker:INFO  - Det=1 id=379 dE=   0.059 SF= 0.200 gain= 0.005 corr= 1.000 ADC=  56 ZS= 1 digiE=   0.297
StFcsFastSimulatorMaker:INFO  - Det=1 id=380 dE=   0.011 SF= 0.200 gain= 0.005 corr= 1.000 ADC=  10 ZS= 1 digiE=   0.053
StFcsFastSimulatorMaker:INFO  - Det=1 id=383 dE=   0.000 SF= 0.200 gain= 0.005 corr= 1.000 ADC=   0 ZS= 1 digiE=   0.000
StFcsFastSimulatorMaker:INFO  - Det=1 id=398 dE=   0.002 SF= 0.200 gain= 0.005 corr= 1.000 ADC=   1 ZS= 1 digiE=   0.005
StFcsFastSimulatorMaker:INFO  - Det=1 id=399 dE=   0.070 SF= 0.200 gain= 0.005 corr= 1.000 ADC=  66 ZS= 1 digiE=   0.350
StFcsFastSimulatorMaker:INFO  - Det=1 id=400 dE=   2.604 SF= 0.200 gain= 0.005 corr= 1.000 ADC=2456 ZS= 1 digiE=  13.017
StFcsFastSimulatorMaker:INFO  - Det=1 id=401 dE=   0.069 SF= 0.200 gain= 0.005 corr= 1.000 ADC=  65 ZS= 1 digiE=   0.344
StFcsFastSimulatorMaker:INFO  - Det=1 id=402 dE=   0.003 SF= 0.200 gain= 0.005 corr= 1.000 ADC=   2 ZS= 1 digiE=   0.011
StFcsFastSimulatorMaker:INFO  - Det=1 id=403 dE=   0.001 SF= 0.200 gain= 0.005 corr= 1.000 ADC=   0 ZS= 1 digiE=   0.000
StFcsFastSimulatorMaker:INFO  - Det=1 id=420 dE=   0.000 SF= 0.200 gain= 0.005 corr= 1.000 ADC=   0 ZS= 1 digiE=   0.000
StFcsFastSimulatorMaker:INFO  - Det=1 id=421 dE=   0.003 SF= 0.200 gain= 0.005 corr= 1.000 ADC=   2 ZS= 1 digiE=   0.011
StFcsFastSimulatorMaker:INFO  - Det=1 id=422 dE=   0.032 SF= 0.200 gain= 0.005 corr= 1.000 ADC=  29 ZS= 1 digiE=   0.154
StFcsFastSimulatorMaker:INFO  - Det=1 id=423 dE=   0.010 SF= 0.200 gain= 0.005 corr= 1.000 ADC=   9 ZS= 1 digiE=   0.048
StFcsFastSimulatorMaker:INFO  - Det=1 id=427 dE=   0.002 SF= 0.200 gain= 0.005 corr= 1.000 ADC=   1 ZS= 1 digiE=   0.005
StFcsFastSimulatorMaker:INFO  - Det=1 id=442 dE=   0.000 SF= 0.200 gain= 0.005 corr= 1.000 ADC=   0 ZS= 1 digiE=   0.000
StFcsFastSimulatorMaker:INFO  - Det=1 id=443 dE=   0.001 SF= 0.200 gain= 0.005 corr= 1.000 ADC=   1 ZS= 1 digiE=   0.005
StFcsFastSimulatorMaker:INFO  - Det=1 id=444 dE=   0.002 SF= 0.200 gain= 0.005 corr= 1.000 ADC=   2 ZS= 1 digiE=   0.011
StFcsFastSimulatorMaker:INFO  - Det=1 id=445 dE=   0.003 SF= 0.200 gain= 0.005 corr= 1.000 ADC=   3 ZS= 1 digiE=   0.016
StFcsFastSimulatorMaker:INFO  - Det=1 id=447 dE=   0.000 SF= 0.200 gain= 0.005 corr= 1.000 ADC=   0 ZS= 1 digiE=   0.000
StFcsFastSimulatorMaker:INFO  - Det=1 id=448 dE=   0.001 SF= 0.200 gain= 0.005 corr= 1.000 ADC=   1 ZS= 1 digiE=   0.005
StFcsFastSimulatorMaker:INFO  - Det=1 id=465 dE=   0.000 SF= 0.200 gain= 0.005 corr= 1.000 ADC=   0 ZS= 1 digiE=   0.000
StFcsFastSimulatorMaker:INFO  - Det=1 id=466 dE=   0.001 SF= 0.200 gain= 0.005 corr= 1.000 ADC=   0 ZS= 1 digiE=   0.000
StFcsFastSimulatorMaker:INFO  - Det=1 id=487 dE=   0.000 SF= 0.200 gain= 0.005 corr= 1.000 ADC=   0 ZS= 1 digiE=   0.000
StFcsFastSimulatorMaker:INFO  - Det=1 id=488 dE=   0.000 SF= 0.200 gain= 0.005 corr= 1.000 ADC=   0 ZS= 1 digiE=   0.000
StFcsFastSimulatorMaker:INFO  - Det=3 id=118 dE=   0.000 SF= 0.014 gain= 0.005 corr= 1.000 ADC=   5 ZS= 1 digiE=   0.026
StFcsFastSimulatorMaker:INFO  - Det=3 id=119 dE=   0.001 SF= 0.014 gain= 0.005 corr= 1.000 ADC=  11 ZS= 1 digiE=   0.058
StFcsFastSimulatorMaker:INFO  - Det=3 id=131 dE=   0.000 SF= 0.014 gain= 0.005 corr= 1.000 ADC=   3 ZS= 1 digiE=   0.016
StFcsFastSimulatorMaker:INFO  - Det=3 id=132 dE=   0.006 SF= 0.014 gain= 0.005 corr= 1.000 ADC=  82 ZS= 1 digiE=   0.435
StFcsFastSimulatorMaker:INFO  - Det=3 id=133 dE=   0.000 SF= 0.014 gain= 0.005 corr= 1.000 ADC=   0 ZS= 1 digiE=   0.000
StFcsFastSimulatorMaker:INFO  - Det=3 id=135 dE=   0.000 SF= 0.014 gain= 0.005 corr= 1.000 ADC=   2 ZS= 1 digiE=   0.011
StFcsFastSimulatorMaker:INFO  - Det=3 id=144 dE=   0.002 SF= 0.014 gain= 0.005 corr= 1.000 ADC=  23 ZS= 1 digiE=   0.122
StFcsFastSimulatorMaker:INFO  - Det=3 id=145 dE=   0.012 SF= 0.014 gain= 0.005 corr= 1.000 ADC= 160 ZS= 1 digiE=   0.848
StFcsFastSimulatorMaker:INFO  - Det=3 id=146 dE=   0.005 SF= 0.014 gain= 0.005 corr= 1.000 ADC=  59 ZS= 1 digiE=   0.313
StFcsFastSimulatorMaker:INFO  - Det=3 id=147 dE=   0.003 SF= 0.014 gain= 0.005 corr= 1.000 ADC=  37 ZS= 1 digiE=   0.196
StFcsFastSimulatorMaker:INFO  - Det=3 id=158 dE=   0.000 SF= 0.014 gain= 0.005 corr= 1.000 ADC=   0 ZS= 1 digiE=   0.000
StFcsFastSimulatorMaker:INFO  - Det=3 id=173 dE=   0.001 SF= 0.014 gain= 0.005 corr= 1.000 ADC=   7 ZS= 1 digiE=   0.037
StFcsFastSimulatorMaker:INFO  - Det=3 id=182 dE=   0.000 SF= 0.014 gain= 0.005 corr= 1.000 ADC=   1 ZS= 1 digiE=   0.005
StFcsFastSimulatorMaker:INFO  - Det=3 id=187 dE=   0.000 SF= 0.014 gain= 0.005 corr= 1.000 ADC=   0 ZS= 1 digiE=   0.000
StFcsFastSimulatorMaker:INFO  - Det=5 id= 99 dE=   1.507 SF= 2.000 gain= 0.010 corr= 0.500 ADC= 150 ZS= 1 digiE=   0.750
StFcsFastSimulatorMaker:INFO  - wca Found 48 g2t hits in 19 cells, created 19 hits with ADC>ZS(1) and Etot=  24.428
StFcsFastSimulatorMaker:INFO  - hca Found 14 g2t hits in 10 cells, created 10 hits with ADC>ZS(1) and Etot=   2.062
StFcsFastSimulatorMaker:INFO  - pre Found 1 g2t hits in 1 cells, created 1 hits with ADC>ZS(1) and Etot=   0.750
StFcsFastSimulatorMaker:INFO  - *** StFcsFastSimulatorMaker::Make() == StOK(0) ***
StFcsWaveformFitMaker:INFO  - *** StFcsWaveformFitMaker::Make() == StOK(0) ***
StFcsClusterMaker:DEBUG - StFcsClusterMaker Make!!!
  *** Print FCS collection ***  RecFlag=0
  *** FCS Det=0 *** NHit=  0 NCluster=  0 NPoint=  0
  *** FCS Det=1 *** NHit= 19 NCluster=  1 NPoint=  0
StFcsHit: det= 1 id=400 | ns=1 ehp=0 dep=10 ch= 7 | Ntb=  1 Sum=     0 Fit=  0.00   0.00 E= 13.02 | 2456 (  0) 
StFcsHit: det= 1 id=378 | ns=1 ehp=0 dep=10 ch= 3 | Ntb=  1 Sum=     0 Fit=  0.00   0.00 E=  9.56 | 1803 (  0) 
StFcsHit: det= 1 id=399 | ns=1 ehp=0 dep=10 ch= 6 | Ntb=  1 Sum=     0 Fit=  0.00   0.00 E=  0.35 |   66 (  0) 
StFcsHit: det= 1 id=401 | ns=1 ehp=0 dep=11 ch= 4 | Ntb=  1 Sum=     0 Fit=  0.00   0.00 E=  0.34 |   65 (  0) 
StFcsHit: det= 1 id=377 | ns=1 ehp=0 dep=10 ch= 2 | Ntb=  1 Sum=     0 Fit=  0.00   0.00 E=  0.30 |   57 (  0) 
StFcsHit: det= 1 id=379 | ns=1 ehp=0 dep=11 ch= 0 | Ntb=  1 Sum=     0 Fit=  0.00   0.00 E=  0.30 |   56 (  0) 
StFcsHit: det= 1 id=422 | ns=1 ehp=0 dep=10 ch=11 | Ntb=  1 Sum=     0 Fit=  0.00   0.00 E=  0.15 |   29 (  0) 
StFcsHit: det= 1 id=355 | ns=1 ehp=0 dep= 5 ch=30 | Ntb=  1 Sum=     0 Fit=  0.00   0.00 E=  0.09 |   17 (  0) 
StFcsHit: det= 1 id=356 | ns=1 ehp=0 dep= 5 ch=31 | Ntb=  1 Sum=     0 Fit=  0.00   0.00 E=  0.07 |   13 (  0) 
StFcsHit: det= 1 id=380 | ns=1 ehp=0 dep=11 ch= 1 | Ntb=  1 Sum=     0 Fit=  0.00   0.00 E=  0.05 |   10 (  0) 
StFcsHit: det= 1 id=423 | ns=1 ehp=0 dep=11 ch= 8 | Ntb=  1 Sum=     0 Fit=  0.00   0.00 E=  0.05 |    9 (  0) 
StFcsHit: det= 1 id=376 | ns=1 ehp=0 dep=10 ch= 1 | Ntb=  1 Sum=     0 Fit=  0.00   0.00 E=  0.03 |    6 (  0) 
StFcsHit: det= 1 id=357 | ns=1 ehp=0 dep= 6 ch=28 | Ntb=  1 Sum=     0 Fit=  0.00   0.00 E=  0.03 |    6 (  0) 
StFcsHit: det= 1 id=310 | ns=1 ehp=0 dep= 5 ch=21 | Ntb=  1 Sum=     0 Fit=  0.00   0.00 E=  0.03 |    5 (  0) 
StFcsHit: det= 1 id=445 | ns=1 ehp=0 dep=11 ch=12 | Ntb=  1 Sum=     0 Fit=  0.00   0.00 E=  0.02 |    3 (  0) 
StFcsHit: det= 1 id=358 | ns=1 ehp=0 dep= 6 ch=29 | Ntb=  1 Sum=     0 Fit=  0.00   0.00 E=  0.01 |    2 (  0) 
StFcsHit: det= 1 id=402 | ns=1 ehp=0 dep=11 ch= 5 | Ntb=  1 Sum=     0 Fit=  0.00   0.00 E=  0.01 |    2 (  0) 
StFcsHit: det= 1 id=421 | ns=1 ehp=0 dep=10 ch=10 | Ntb=  1 Sum=     0 Fit=  0.00   0.00 E=  0.01 |    2 (  0) 
StFcsHit: det= 1 id=444 | ns=1 ehp=0 dep=10 ch=15 | Ntb=  1 Sum=     0 Fit=  0.00   0.00 E=  0.01 |    2 (  0) 
StFcsCluster id=   0 ctg=1 n=18 nNeigh=0 nPoints=0 loc=   4.50   18.04 PXYZE=   1.44   -0.37   24.36   24.40 E=  24.40 sigMin/max=   0.37    0.52 Chi2=   0.00    0.00
  *** FCS Det=2 *** NHit=  0 NCluster=  0 NPoint=  0
  *** FCS Det=3 *** NHit= 10 NCluster=  1 NPoint=  0
StFcsHit: det= 3 id=145 | ns=1 ehp=1 dep= 3 ch= 6 | Ntb=  1 Sum=     0 Fit=  0.00   0.00 E=  0.85 |  160 (  0) 
StFcsHit: det= 3 id=132 | ns=1 ehp=1 dep= 3 ch= 2 | Ntb=  1 Sum=     0 Fit=  0.00   0.00 E=  0.43 |   82 (  0) 
StFcsHit: det= 3 id=146 | ns=1 ehp=1 dep= 3 ch= 7 | Ntb=  1 Sum=     0 Fit=  0.00   0.00 E=  0.31 |   59 (  0) 
StFcsHit: det= 3 id=147 | ns=1 ehp=1 dep= 4 ch= 4 | Ntb=  1 Sum=     0 Fit=  0.00   0.00 E=  0.20 |   37 (  0) 
StFcsHit: det= 3 id=144 | ns=1 ehp=1 dep= 3 ch= 5 | Ntb=  1 Sum=     0 Fit=  0.00   0.00 E=  0.12 |   23 (  0) 
StFcsHit: det= 3 id=119 | ns=1 ehp=1 dep= 0 ch=30 | Ntb=  1 Sum=     0 Fit=  0.00   0.00 E=  0.06 |   11 (  0) 
StFcsHit: det= 3 id=173 | ns=1 ehp=1 dep= 4 ch=12 | Ntb=  1 Sum=     0 Fit=  0.00   0.00 E=  0.04 |    7 (  0) 
StFcsHit: det= 3 id=118 | ns=1 ehp=1 dep= 0 ch=29 | Ntb=  1 Sum=     0 Fit=  0.00   0.00 E=  0.03 |    5 (  0) 
StFcsHit: det= 3 id=131 | ns=1 ehp=1 dep= 3 ch= 1 | Ntb=  1 Sum=     0 Fit=  0.00   0.00 E=  0.02 |    3 (  0) 
StFcsHit: det= 3 id=135 | ns=1 ehp=1 dep= 4 ch= 1 | Ntb=  1 Sum=     0 Fit=  0.00   0.00 E=  0.01 |    2 (  0) 
StFcsCluster id=   0 ctg=1 n=10 nNeigh=0 nPoints=0 loc=   2.81   11.25 PXYZE=   0.13   -0.03    2.06    2.06 E=   2.06 sigMin/max=   0.40    0.66 Chi2=   0.00    0.00
  *** FCS Det=4 *** NHit=  0 NCluster=  0 NPoint=  0
  *** FCS Det=5 *** NHit=  1 NCluster=  0 NPoint=  0
StFcsHit: det= 5 id= 99 | ns=1 ehp=2 dep= 3 ch= 3 | Ntb=  1 Sum=     0 Fit=  0.00   0.00 E=  0.75 |  150 (  0) 
  *** FCS Det=6 *** NHit=  0 NCluster=  0 NPoint=  0
StFcsClusterMaker:INFO  - *** StFcsClusterMaker::Make() == StOK(0) ***
StFttClusterPointMaker:INFO  - Creating FttCollection
StFttClusterPointMaker:INFO  - Making Geant points
StFttClusterPointMaker:INFO  - *** StFttClusterPointMaker::Make() == StOK(0) ***
StFwdTrackMaker:INFO  - Setting Event Vertex from geant/g2t_vertex[0]: 0xb8bc140
StFwdTrackMaker:INFO  - TAttr::Found : useftt = 1

StFwdTrackMaker:INFO  - TAttr::Found : usefst = 1

StFwdTrackMaker:INFO  - TAttr::Found : useepd = 1

StFwdTrackMaker:INFO  - There are: 0 with 0 FST, 0 with 1 FST, 0 with 2 FST, 1 with 3 FST
StFwdTrackMaker:INFO  - There are: 0 with 0 FTT, 0 with 1 FTT, 0 with 2 FTT, 0 with 3 FTT, 0 with 4 FTT, 0 with 5 FTT, 0 with 6 FTT, 0 with 7 FTT, 1 with 8 FTT
StFwdTrackMaker:INFO  - There are 1 McTracks with > 2 FST hits (#of possible seeds)
StFwdTrackMaker:INFO  - 	Finding FWD Track Seeds
StFwdTrackMaker:INFO  - Hitmap Source: fst
StFwdTrackMaker:INFO  - Performing Fwd Seed finding with mode: fst = 
StFwdTrackMaker:INFO  - Found 1 seeds in 1 iterations
StFwdTrackMaker:INFO  - Total Hits removed: 0
StFwdTrackMaker:INFO  - Seed [0] with 3 hits : id=2@2id=1@1id=0@0
StFwdTrackMaker:INFO  - <<Fwd Tracking Found : 1 Track Seeds from 3 FST hits and 4 sTGC hits
StFwdTrackMaker:INFO  -     (vs. 1 McTracks with FST>2, eff = 1)
StFwdTrackMaker:INFO  - 	Fitting FWD Track Seeds
StFwdTrackMaker:INFO  - TrackFitter:refit = 1
StFwdTrackMaker:INFO  - Starting Track fitting loop with 1 track seeds
StFwdTrackMaker:INFO  - TrackFitter:refit = 1
StFwdTrackMaker:INFO  - 		Mc Match idTruth=1, quality = 1
StFwdTrackMaker:INFO  - GenFitTrackResult::mIdTruth = 1, QaTruth = 1
The points are collinear, curvature is undefined.
p1 = 9.1813, -2.44001
p2 = 9.1813, -2.44001
p3 = 9.1813, -2.44001
StFwdTrackMaker:INFO  - GenericFitSeeder::makeSeed::Curvature: -1e-07
StFwdTrackMaker:INFO  - GenericFitSeeder::makeSeed::pt = 14989.5
StFwdTrackMaker:WARN  - Seed momentum is too high, setting to (0,0,1)
StFwdTrackMaker:INFO  - Track Setup complete, track has 3 points
StFwdTrackMaker:INFO  -  sorting changed track points: 0
StFwdTrackMaker:INFO  - Fit status:  1
StFwdTrackMaker:INFO  - -Fit pvalue: 1
StFwdTrackMaker:INFO  - -Fit Chi2:   3.92021e-30
StFwdTrackMaker:INFO  - -Fit Chi2:   3.92021e-30
StFwdTrackMaker:INFO  - Track fit charge: -1Fit momentum: 1.11846e-16, -3.98952e-17, 1
StFwdTrackMaker:INFO  - TVector3::PseudoRapidity : transvers momentum = 0! return +/- 10e10
StFwdTrackMaker:INFO  - 	Fit Pt: 1.18748e-16, eta: 1e+11, phi: -0.34263
StFwdTrackMaker:INFO  - Track fit update complete!
StFwdTrackMaker:INFO  - Track Reps: 1
StFwdTrackMaker:INFO  - Track Rep 0 
genfit::AbsTrackRep, pdgCode = -211. PropDir = 0
fitStatus 
 track has been fitted, fit has converged fully, 0 TrackPoints could not be processed, fitted charge = -1, PruneFlags: 
 track has been fitted with reference track, numIterations = 2, track length = 27.031, fChi2 = 3.92021e-30, bChi2 = 3.92021e-30, fNdf = 1, bNdf = 1, fPVal = 1, bPVal = 1

StFwdTrackMaker:INFO  - GenFitTrackResult::mIdTruth = 1, QaTruth = 1
StFwdTrackMaker:INFO  - GTR Setting momentum from track
StFwdTrackMaker:INFO  - --isFitConvergedPartially() = 1
StFwdTrackMaker:INFO  - --isFitConverged() = 1
StFwdTrackMaker:INFO  - --isFitConvergedFully() = 1
StFwdTrackMaker:ERROR - CANNOT GET DCA : GenfitException: genfit::Exception thrown with excString:
RKTrackRep::RKutta ==> Total extrapolation length is longer than length limit : 3003 cm !
in line: 1883 in file: /cvmfs/star.sdcc.bnl.gov/star-spack/spack/var/spack/stage/smirnovd/spack-stage-genfit-b496504a-mlcdbxg7bmdsbfrppi7qmzppfw4lh52r/spack-src/trackReps/src/RKTrackRep.cc
with fatal flag 0

StFwdTrackMaker:WARN  - addFttHits: skipping blown-up state pT=1.18748e-16
StFwdTrackMaker:WARN  - addFttHits: skipping blown-up state pT=1.18748e-16
StFwdTrackMaker:WARN  - addFttHits: skipping blown-up state pT=1.18748e-16
StFwdTrackMaker:WARN  - addFttHits: skipping blown-up state pT=1.18748e-16
StFwdTrackMaker:WARN  - addEpdHits: skipping blown-up state pT=1.18748e-16
StFwdTrackMaker:INFO  - GenFitTrackResult::mIdTruth = 1, QaTruth = 1
The points are collinear, curvature is undefined.
p1 = 9.1813, -2.44001
p2 = 9.1813, -2.44001
p3 = 9.1813, -2.44001
StFwdTrackMaker:INFO  - GenericFitSeeder::makeSeed::Curvature: -1e-07
StFwdTrackMaker:INFO  - GenericFitSeeder::makeSeed::pt = 14989.5
StFwdTrackMaker:WARN  - Seed momentum is too high, setting to (0,0,1)
StFwdTrackMaker:INFO  - Note: Using externally provided seed momentum
StFwdTrackMaker:INFO  - Track Setup complete, track has 3 points
StFwdTrackMaker:INFO  -  sorting changed track points: 0
StFwdTrackMaker:INFO  - Fit status:  1
StFwdTrackMaker:INFO  - -Fit pvalue: 1
StFwdTrackMaker:INFO  - -Fit Chi2:   2.46772e-30
StFwdTrackMaker:INFO  - -Fit Chi2:   2.46772e-30
StFwdTrackMaker:INFO  - Track fit charge: -1Fit momentum: -6.62469e-17, 2.3171e-17, 1
StFwdTrackMaker:INFO  - TVector3::PseudoRapidity : transvers momentum = 0! return +/- 10e10
StFwdTrackMaker:INFO  - 	Fit Pt: 7.01822e-17, eta: 1e+11, phi: 2.80513
StFwdTrackMaker:INFO  - Track fit update complete!
StFwdTrackMaker:INFO  - Track Reps: 1
StFwdTrackMaker:INFO  - Track Rep 0 
genfit::AbsTrackRep, pdgCode = -211. PropDir = 0
fitStatus 
 track has been fitted, fit has converged fully, 0 TrackPoints could not be processed, fitted charge = -1, PruneFlags: 
 track has been fitted with reference track, numIterations = 2, track length = 27.031, fChi2 = 2.46772e-30, bChi2 = 2.46772e-30, fNdf = 1, bNdf = 1, fPVal = 1, bPVal = 1

StFwdTrackMaker:INFO  - GenFitTrackResult::mIdTruth = 1, QaTruth = 1
StFwdTrackMaker:INFO  - GTR Setting momentum from track
StFwdTrackMaker:INFO  - --isFitConvergedPartially() = 1
StFwdTrackMaker:INFO  - --isFitConverged() = 1
StFwdTrackMaker:INFO  - --isFitConvergedFully() = 1
StFwdTrackMaker:ERROR - CANNOT GET DCA : GenfitException: genfit::Exception thrown with excString:
RKTrackRep::RKutta ==> Total extrapolation length is longer than length limit : 3003 cm !
in line: 1883 in file: /cvmfs/star.sdcc.bnl.gov/star-spack/spack/var/spack/stage/smirnovd/spack-stage-genfit-b496504a-mlcdbxg7bmdsbfrppi7qmzppfw4lh52r/spack-src/trackReps/src/RKTrackRep.cc
with fatal flag 0

StFwdTrackMaker:INFO  - Global track fitting completed, found 1 global tracks from 1 track seed candidates
[0;33m[TSCPBuilderNoMaterial] Propagation to perigee plane failed![;0m
[0;33m[TSCPBuilderNoMaterial] Propagation to perigee plane failed![;0m
[0;33m[TSCPBuilderNoMaterial] Propagation to perigee plane failed![;0m
[0;33m[ReconstructorFromFitter] cms::Exception caught: ---- TrajectoryStateClosestToPoint is invalid and cannot return any parameters BEGIN
---- TrajectoryStateClosestToPoint is invalid and cannot return any parameters END
[;0m
StFwdTrackMaker:INFO  - >>doBeamlineTrackFitting( #globals = 1 )
StFwdTrackMaker:INFO  - doBeamlineTrackFitting>>0 McId=1 with Beamline, seed already has: 3 hits
StFwdTrackMaker:INFO  - mBeamlineHit: 0, 0, 0
StFwdTrackMaker:INFO  - This fit is for a global that converged? = 1
StFwdTrackMaker:INFO  - GenFitTrackResult::mIdTruth = 1, QaTruth = 0.75
The points are collinear, curvature is undefined.
p1 = 0, 0
p2 = 9.1813, -2.44001
p3 = 9.1813, -2.44001
The points are collinear, curvature is undefined.
p1 = 0, 0
p2 = 9.1813, -2.44001
p3 = 9.1813, -2.44001
The points are collinear, curvature is undefined.
p1 = 0, 0
p2 = 9.1813, -2.44001
p3 = 9.1813, -2.44001
The points are collinear, curvature is undefined.
p1 = 9.1813, -2.44001
p2 = 9.1813, -2.44001
p3 = 9.1813, -2.44001
StFwdTrackMaker:INFO  - GenericFitSeeder::makeSeed::Curvature: -1e-07
StFwdTrackMaker:INFO  - GenericFitSeeder::makeSeed::pt = 14989.5
StFwdTrackMaker:WARN  - Seed momentum is too high, setting to (0,0,1)
StFwdTrackMaker:INFO  - Track Setup complete, track has 4 points
StFwdTrackMaker:INFO  -  sorting changed track points: 0
StFwdTrackMaker:INFO  - Fit status:  1
StFwdTrackMaker:INFO  - -Fit pvalue: 0.988045
StFwdTrackMaker:INFO  - -Fit Chi2:   0.129736
StFwdTrackMaker:INFO  - -Fit Chi2:   0.129736
StFwdTrackMaker:INFO  - Track fit charge: 1Fit momentum: 1002.15, -266.327, 18964.2
StFwdTrackMaker:INFO  - 	Fit Pt: 1036.94, eta: 3.60017, phi: -0.25975
StFwdTrackMaker:INFO  - Track fit update complete!
StFwdTrackMaker:INFO  - Track Reps: 1
StFwdTrackMaker:INFO  - Track Rep 0 
genfit::AbsTrackRep, pdgCode = -211. PropDir = 0
fitStatus 
 track has been fitted, fit has converged fully, 0 TrackPoints could not be processed, fitted charge = 1, PruneFlags: 
 track has been fitted with reference track, numIterations = 4, track length = 188.471, fChi2 = 0.129736, bChi2 = 0.129736, fNdf = 3, bNdf = 3, fPVal = 0.988045, bPVal = 0.988045

StFwdTrackMaker:INFO  - GenFitTrackResult::mIdTruth = 1, QaTruth = 0.75
StFwdTrackMaker:INFO  - GTR Setting momentum from track
StFwdTrackMaker:INFO  - --isFitConvergedPartially() = 1
StFwdTrackMaker:INFO  - --isFitConverged() = 1
StFwdTrackMaker:INFO  - --isFitConvergedFully() = 1
StFwdTrackMaker:INFO  - SEED momentum:-6.62469e-17, 2.3171e-17, 1
StFwdTrackMaker:INFO  - 	Initial Beamline fit completed, now refitting with additional hits
StFwdTrackMaker:WARN  - addFttHits: skipping blown-up state pT=1036.94
StFwdTrackMaker:WARN  - addFttHits: skipping blown-up state pT=1036.94
StFwdTrackMaker:WARN  - addFttHits: skipping blown-up state pT=1036.94
StFwdTrackMaker:WARN  - addFttHits: skipping blown-up state pT=1036.94
StFwdTrackMaker:WARN  - addEpdHits: skipping blown-up state pT=1036.94
StFwdTrackMaker:INFO  - GenFitTrackResult::mIdTruth = 1, QaTruth = 0.75
The points are collinear, curvature is undefined.
p1 = 0, 0
p2 = 9.1813, -2.44001
p3 = 9.1813, -2.44001
The points are collinear, curvature is undefined.
p1 = 0, 0
p2 = 9.1813, -2.44001
p3 = 9.1813, -2.44001
The points are collinear, curvature is undefined.
p1 = 0, 0
p2 = 9.1813, -2.44001
p3 = 9.1813, -2.44001
The points are collinear, curvature is undefined.
p1 = 9.1813, -2.44001
p2 = 9.1813, -2.44001
p3 = 9.1813, -2.44001
StFwdTrackMaker:INFO  - GenericFitSeeder::makeSeed::Curvature: -1e-07
StFwdTrackMaker:INFO  - GenericFitSeeder::makeSeed::pt = 14989.5
StFwdTrackMaker:WARN  - Seed momentum is too high, setting to (0,0,1)
StFwdTrackMaker:INFO  - Note: Using externally provided seed momentum
StFwdTrackMaker:INFO  - Track Setup complete, track has 4 points
StFwdTrackMaker:INFO  -  sorting changed track points: 0
StFwdTrackMaker:INFO  - Fit status:  1
StFwdTrackMaker:INFO  - -Fit pvalue: 0.988046
StFwdTrackMaker:INFO  - -Fit Chi2:   0.129724
StFwdTrackMaker:INFO  - -Fit Chi2:   0.129724
StFwdTrackMaker:INFO  - Track fit charge: -1Fit momentum: 1000.11, -265.798, 18964.3
StFwdTrackMaker:INFO  - 	Fit Pt: 1034.83, eta: 3.60222, phi: -0.259764
StFwdTrackMaker:INFO  - Track fit update complete!
StFwdTrackMaker:INFO  - Track Reps: 1
StFwdTrackMaker:INFO  - Track Rep 0 
genfit::AbsTrackRep, pdgCode = -211. PropDir = 0
fitStatus 
 track has been fitted, fit has converged fully, 0 TrackPoints could not be processed, fitted charge = -1, PruneFlags: 
 track has been fitted with reference track, numIterations = 1, track length = 180.794, fChi2 = 0.129724, bChi2 = 0.129724, fNdf = 3, bNdf = 3, fPVal = 0.988046, bPVal = 0.988046

StFwdTrackMaker:INFO  - GenFitTrackResult::mIdTruth = 1, QaTruth = 0.75
StFwdTrackMaker:INFO  - GTR Setting momentum from track
StFwdTrackMaker:INFO  - --isFitConvergedPartially() = 1
StFwdTrackMaker:INFO  - --isFitConverged() = 1
StFwdTrackMaker:INFO  - --isFitConvergedFully() = 1
StFwdTrackMaker:INFO  - >>doPrimaryTrackFitting( #globals = 1 )
StFwdTrackMaker:INFO  - Refitting Track 0, McId=1 with Primary Vertex, seed already has: 3 hits
StFwdTrackMaker:INFO  - mEventVertexHit: 0, 0, 0
StFwdTrackMaker:INFO  - This fit is for a global that converged? = 1
StFwdTrackMaker:INFO  - GenFitTrackResult::mIdTruth = 1, QaTruth = 0.75
The points are collinear, curvature is undefined.
p1 = 0, 0
p2 = 9.1813, -2.44001
p3 = 9.1813, -2.44001
The points are collinear, curvature is undefined.
p1 = 0, 0
p2 = 9.1813, -2.44001
p3 = 9.1813, -2.44001
The points are collinear, curvature is undefined.
p1 = 0, 0
p2 = 9.1813, -2.44001
p3 = 9.1813, -2.44001
The points are collinear, curvature is undefined.
p1 = 9.1813, -2.44001
p2 = 9.1813, -2.44001
p3 = 9.1813, -2.44001
StFwdTrackMaker:INFO  - GenericFitSeeder::makeSeed::Curvature: -1e-07
StFwdTrackMaker:INFO  - GenericFitSeeder::makeSeed::pt = 14989.5
StFwdTrackMaker:WARN  - Seed momentum is too high, setting to (0,0,1)
StFwdTrackMaker:INFO  - Note: Using externally provided seed momentum
StFwdTrackMaker:INFO  - Track Setup complete, track has 4 points
StFwdTrackMaker:INFO  -  sorting changed track points: 0
StFwdTrackMaker:INFO  - Fit status:  1
StFwdTrackMaker:INFO  - -Fit pvalue: 0.987251
StFwdTrackMaker:INFO  - -Fit Chi2:   0.135569
StFwdTrackMaker:INFO  - -Fit Chi2:   0.135569
StFwdTrackMaker:INFO  - Track fit charge: -1Fit momentum: 76850.3, -20423.6, 1.39443e+06
StFwdTrackMaker:INFO  - 	Fit Pt: 79517.9, eta: 3.55822, phi: -0.259754
StFwdTrackMaker:INFO  - Track fit update complete!
StFwdTrackMaker:INFO  - Track Reps: 1
StFwdTrackMaker:INFO  - Track Rep 0 
genfit::AbsTrackRep, pdgCode = -211. PropDir = 0
fitStatus 
 track has been fitted, fit has converged fully, 0 TrackPoints could not be processed, fitted charge = -1, PruneFlags: 
 track has been fitted with reference track, numIterations = 4, track length = 180.817, fChi2 = 0.135569, bChi2 = 0.135569, fNdf = 3, bNdf = 3, fPVal = 0.987251, bPVal = 0.987251

StFwdTrackMaker:INFO  - GenFitTrackResult::mIdTruth = 1, QaTruth = 0.75
StFwdTrackMaker:INFO  - GTR Setting momentum from track
StFwdTrackMaker:INFO  - --isFitConvergedPartially() = 1
StFwdTrackMaker:INFO  - --isFitConverged() = 1
StFwdTrackMaker:INFO  - --isFitConvergedFully() = 1
StFwdTrackMaker:INFO  - 	Initial fit complete, now refitting with additional points
StFwdTrackMaker:WARN  - addFttHits: skipping blown-up state pT=79517.9
StFwdTrackMaker:WARN  - addFttHits: skipping blown-up state pT=79517.9
StFwdTrackMaker:WARN  - addFttHits: skipping blown-up state pT=79517.9
StFwdTrackMaker:WARN  - addFttHits: skipping blown-up state pT=79517.9
StFwdTrackMaker:WARN  - addEpdHits: skipping blown-up state pT=79517.9
StFwdTrackMaker:INFO  - GenFitTrackResult::mIdTruth = 1, QaTruth = 0.75
The points are collinear, curvature is undefined.
p1 = 0, 0
p2 = 9.1813, -2.44001
p3 = 9.1813, -2.44001
The points are collinear, curvature is undefined.
p1 = 0, 0
p2 = 9.1813, -2.44001
p3 = 9.1813, -2.44001
The points are collinear, curvature is undefined.
p1 = 0, 0
p2 = 9.1813, -2.44001
p3 = 9.1813, -2.44001
The points are collinear, curvature is undefined.
p1 = 9.1813, -2.44001
p2 = 9.1813, -2.44001
p3 = 9.1813, -2.44001
StFwdTrackMaker:INFO  - GenericFitSeeder::makeSeed::Curvature: -1e-07
StFwdTrackMaker:INFO  - GenericFitSeeder::makeSeed::pt = 14989.5
StFwdTrackMaker:WARN  - Seed momentum is too high, setting to (0,0,1)
StFwdTrackMaker:INFO  - Note: Using externally provided seed momentum
StFwdTrackMaker:INFO  - Track Setup complete, track has 4 points
StFwdTrackMaker:INFO  -  sorting changed track points: 0
StFwdTrackMaker:INFO  - Fit status:  1
StFwdTrackMaker:INFO  - -Fit pvalue: 0.987251
StFwdTrackMaker:INFO  - -Fit Chi2:   0.135569
StFwdTrackMaker:INFO  - -Fit Chi2:   0.135569
StFwdTrackMaker:INFO  - Track fit charge: -1Fit momentum: 76850.3, -20423.6, 1.39443e+06
StFwdTrackMaker:INFO  - 	Fit Pt: 79517.9, eta: 3.55822, phi: -0.259754
StFwdTrackMaker:INFO  - Track fit update complete!
StFwdTrackMaker:INFO  - Track Reps: 1
StFwdTrackMaker:INFO  - Track Rep 0 
genfit::AbsTrackRep, pdgCode = -211. PropDir = 0
fitStatus 
 track has been fitted, fit has converged fully, 0 TrackPoints could not be processed, fitted charge = -1, PruneFlags: 
 track has been fitted with reference track, numIterations = 1, track length = 180.817, fChi2 = 0.135569, bChi2 = 0.135569, fNdf = 3, bNdf = 3, fPVal = 0.987251, bPVal = 0.987251

StFwdTrackMaker:INFO  - GenFitTrackResult::mIdTruth = 1, QaTruth = 0.75
StFwdTrackMaker:INFO  - GTR Setting momentum from track
StFwdTrackMaker:INFO  - --isFitConvergedPartially() = 1
StFwdTrackMaker:INFO  - --isFitConverged() = 1
StFwdTrackMaker:INFO  - --isFitConvergedFully() = 1
StFwdTrackMaker:INFO  - >>doSecondaryTrackFitting( #globals = 1 )
StFwdTrackMaker:INFO  - <<Fwd Tracking Fit :3 GenFit Tracks
StFwdTrackMaker:INFO  - TAttr::Found : fillevent = 1

StFwdTrackMaker:INFO  - Creating the StFwdTrackCollection
StFwdTrackMaker:INFO  - Processing GenfitTrackResult(type=0): 0 mIsFitConverged=1, mIsFitConvergedPartially=1, mNumFitPoints=3
AAA FCS StraightLine: det=0 xyzdet=(-17.399,-5.26,710.16) norm=(-0.0301896,0,0.999544)
AAA projectAsStraightLine: tv3A=(8.84633,-3.87703,575.267) tv3B=(8.77429,-4.18686,625.265)
AAA   xyzf=(-17.399,-5.26,710.16) norm=(-0.0301896,0,0.999544)
AAA   tintersection=2.71371 result=(8.65084,-4.71784,710.947)
AAA FCS StraightLine result: tv3=(8.65084,-4.71784,710.947)
AAA FCS StraightLine: det=2 xyzdet=(-21.285,1.8,782.63) norm=(-0.0301896,0,0.999544)
AAA projectAsStraightLine: tv3A=(8.84633,-3.87703,575.267) tv3B=(8.77429,-4.18686,625.265)
AAA   xyzf=(-21.285,1.8,782.63) norm=(-0.0301896,0,0.999544)
AAA   tintersection=4.16546 result=(8.54625,-5.16765,783.531)
AAA FCS StraightLine result: tv3=(8.54625,-5.16765,783.531)
StFwdTrackMaker:INFO  - Processing GenfitTrackResult(type=2): 1 mIsFitConverged=1, mIsFitConvergedPartially=1, mNumFitPoints=4
AAA FCS StraightLine: det=1 xyzdet=(17.399,-5.26,710.16) norm=(0.0301896,0,0.999544)
AAA projectAsStraightLine: tv3A=(31.637,-8.40779,574.044) tv3B=(34.388,-9.1389,623.961)
AAA   xyzf=(17.399,-5.26,710.16) norm=(0.0301896,0,0.999544)
AAA   tintersection=2.71371 result=(39.1025,-10.3918,709.504)
AAA FCS StraightLine result: tv3=(39.1025,-10.3918,709.504)
AAA FCS StraightLine: det=3 xyzdet=(21.285,1.8,782.63) norm=(0.0301896,0,0.999544)
AAA projectAsStraightLine: tv3A=(31.637,-8.40779,574.044) tv3B=(34.388,-9.1389,623.961)
AAA   xyzf=(21.285,1.8,782.63) norm=(0.0301896,0,0.999544)
AAA   tintersection=4.16546 result=(43.0963,-11.4532,781.971)
AAA FCS StraightLine result: tv3=(43.0963,-11.4532,781.971)
StFwdTrackMaker:INFO  - Processing GenfitTrackResult(type=1): 2 mIsFitConverged=1, mIsFitConvergedPartially=1, mNumFitPoints=4
AAA FCS StraightLine: det=1 xyzdet=(17.399,-5.26,710.16) norm=(0.0301896,0,0.999544)
AAA projectAsStraightLine: tv3A=(30.6697,-8.15056,574.074) tv3B=(33.3023,-8.85019,623.994)
AAA   xyzf=(17.399,-5.26,710.16) norm=(0.0301896,0,0.999544)
AAA   tintersection=2.71371 result=(37.8139,-10.0492,709.543)
AAA FCS StraightLine result: tv3=(37.8139,-10.0492,709.543)
AAA FCS StraightLine: det=3 xyzdet=(21.285,1.8,782.63) norm=(0.0301896,0,0.999544)
AAA projectAsStraightLine: tv3A=(30.6697,-8.15056,574.074) tv3B=(33.3023,-8.85019,623.994)
AAA   xyzf=(21.285,1.8,782.63) norm=(0.0301896,0,0.999544)
AAA   tintersection=4.16546 result=(41.6358,-11.0648,782.015)
AAA FCS StraightLine result: tv3=(41.6358,-11.0648,782.015)
StFwdTrackMaker:INFO  - StFwdTrackCollection has 3 tracks now
StFwdTrackMaker:INFO  - StFwdTrackCollection has 3 tracks now
StFwdTrackMaker:INFO  - *** StFwdTrackMaker::Make() == StOK(0) ***
StFcsTrackMatchMaker:INFO  - *** StFcsTrackMatchMaker::Make() == StOK(0) ***
StStrangeMuDstMaker:INFO  - StV0Controller: found 0 V0 candidates
StStrangeMuDstMaker:INFO  - StXiController: found 0 Xi candidates
StStrangeMuDstMaker:INFO  - StKinkController: found 0 Kink candidates
StStrangeMuDstMaker:INFO  - *** StStrangeMuDstMaker::Make() == StOK(0) ***
StMuDstMaker:INFO  - fillMuFtt
StMuDstMaker:INFO  - fillMuFttRawHits
StMuDstMaker:INFO  - fillMuFttPoints
StMuDstMaker:INFO  - fillMuFttClusters
StMuDstMaker:INFO  - StMuDstMaker::fillFwdTrack(StEvent* ev)
StMuDstMaker:INFO  - StMuDSTMaker filling StMuFwdTrackCollection from StEvent
StMuDstMaker:INFO  - Adding 3 StMuFwdTracks to MuDSt
StMuDstMaker:INFO  - *** StMuDstMaker::Make() == StOK(0) ***
StTreeMaker:INFO  - *** StTreeMaker::Make() == StOK(0) ***
StPicoDstMaker:WARN  - No trigger data bank available!
StPicoDstMaker:INFO  - StPicoDstMaker::fillFcsHits filled 30
StPicoDstMaker:INFO  - StPicoDstMaker::fillFcsClusters filled 2
StPicoDstMaker:INFO  - *** StPicoDstMaker::Make() == StOK(0) ***
MEM after Chain::Clear + Make	 total =794.402344 heap =208.596832 and   0.787689( +0.009918)
<---------- END EVENT
--------->START EVENT: 7
MEM before Chain::Clear + Make	 total =794.402344 heap =208.597031 and   0.787415( +0.000198)
St_geant_Maker:INFO  - *** St_geant_Maker::Make() == StOK(0) ***
St_db_Maker:INFO  - *** St_db_Maker::Make() == StOK(0) ***
StMagFMaker:INFO  - *** StMagFMaker::Make() == StOK(0) ***
StDetectorDbMaker:INFO  - *** StDetectorDbMaker::Make() == StOK(0) ***
StTpcDbMaker:INFO  - *** StTpcDbMaker::Make() == StOK(0) ***
StFcsDbMaker:INFO  - *** StFcsDbMaker::Make() == StOK(0) ***
StEventMaker:INFO  - get trigDetSums from Calibrations/rich/trigDetSums
StEventMaker:WARN  - StEventMaker: No StDAQReader found
StEventMaker:INFO  - *** StEventMaker::Make() == StOK(0) ***
StMcEventMaker:INFO  - StMcEventMaker:   g2t_tpc_hit Table Not found 
StMcEventMaker:INFO  - StMcEventMaker:   particle    Table Not found 
StMcEventMaker:INFO  - *** StMcEventMaker::Make() == StOK(0) ***
StFcsFastSimulatorMaker:DEBUG - StFcsFastSimulatorMaker::Make
StFcsFastSimulatorMaker:DEBUG - Creating StFcsCollection
StFcsFastSimulatorMaker:INFO  - TAttr::Found : fcsleakyhcal = 0

StFcsFastSimulatorMaker:INFO  - TAttr::Found : fcshcalzdepeff = 0

StFcsFastSimulatorMaker:INFO  - g2t_wca_hit table has 23 hit
StFcsFastSimulatorMaker:INFO  - ECAL det=0 id=596 volid=1597 e=0.002710
StFcsFastSimulatorMaker:INFO  - ECAL det=0 id=639 volid=1640 e=0.000971
StFcsFastSimulatorMaker:INFO  - ECAL det=0 id=643 volid=1644 e=0.000002
StFcsFastSimulatorMaker:INFO  - ECAL det=0 id=662 volid=1663 e=0.003770
StFcsFastSimulatorMaker:INFO  - ECAL det=0 id=663 volid=1664 e=0.003297
StFcsFastSimulatorMaker:INFO  - ECAL det=0 id=683 volid=1684 e=0.001760
StFcsFastSimulatorMaker:INFO  - ECAL det=0 id=684 volid=1685 e=0.027296
StFcsFastSimulatorMaker:INFO  - ECAL det=0 id=685 volid=1686 e=0.055499
StFcsFastSimulatorMaker:INFO  - ECAL det=0 id=686 volid=1687 e=0.001271
StFcsFastSimulatorMaker:INFO  - ECAL det=0 id=687 volid=1688 e=0.000284
StFcsFastSimulatorMaker:INFO  - ECAL det=0 id=704 volid=1705 e=0.000357
StFcsFastSimulatorMaker:INFO  - ECAL det=0 id=705 volid=1706 e=0.005928
StFcsFastSimulatorMaker:INFO  - ECAL det=0 id=706 volid=1707 e=0.319460
StFcsFastSimulatorMaker:INFO  - ECAL det=0 id=707 volid=1708 e=1.710830
StFcsFastSimulatorMaker:INFO  - ECAL det=0 id=708 volid=1709 e=0.009545
StFcsFastSimulatorMaker:INFO  - ECAL det=0 id=709 volid=1710 e=0.004060
StFcsFastSimulatorMaker:INFO  - ECAL det=0 id=726 volid=1727 e=0.000127
StFcsFastSimulatorMaker:INFO  - ECAL det=0 id=727 volid=1728 e=0.002131
StFcsFastSimulatorMaker:INFO  - ECAL det=0 id=728 volid=1729 e=0.096246
StFcsFastSimulatorMaker:INFO  - ECAL det=0 id=729 volid=1730 e=0.070710
StFcsFastSimulatorMaker:INFO  - ECAL det=0 id=730 volid=1731 e=0.009535
StFcsFastSimulatorMaker:INFO  - ECAL det=0 id=731 volid=1732 e=0.002338
StFcsFastSimulatorMaker:INFO  - ECAL det=1 id=660 volid=2661 e=0.000921
StFcsFastSimulatorMaker:INFO  - g2t_hca_hit table has 3 hit
StFcsFastSimulatorMaker:INFO  - HCAL det=2 id=221 volid= 1222 e=0.000581
StFcsFastSimulatorMaker:INFO  - HCAL det=2 id=234 volid= 1235 e=0.000004
StFcsFastSimulatorMaker:INFO  - HCAL det=2 id=247 volid= 1248 e=0.000167
StFcsFastSimulatorMaker:INFO  - g2t_epd_hit table has 1 hit
StFcsFastSimulatorMaker:INFO  - Pres det=4 id=168 volid=206160 e=  2.145581
StFcsFastSimulatorMaker:INFO  - Det=0 id=596 dE=   0.003 SF= 0.200 gain= 0.005 corr= 1.000 ADC=   2 ZS= 1 digiE=   0.011
StFcsFastSimulatorMaker:INFO  - Det=0 id=639 dE=   0.001 SF= 0.200 gain= 0.005 corr= 1.000 ADC=   0 ZS= 1 digiE=   0.000
StFcsFastSimulatorMaker:INFO  - Det=0 id=643 dE=   0.000 SF= 0.200 gain= 0.005 corr= 1.000 ADC=   0 ZS= 1 digiE=   0.000
StFcsFastSimulatorMaker:INFO  - Det=0 id=662 dE=   0.004 SF= 0.200 gain= 0.005 corr= 1.000 ADC=   3 ZS= 1 digiE=   0.016
StFcsFastSimulatorMaker:INFO  - Det=0 id=663 dE=   0.003 SF= 0.200 gain= 0.005 corr= 1.000 ADC=   3 ZS= 1 digiE=   0.016
StFcsFastSimulatorMaker:INFO  - Det=0 id=683 dE=   0.002 SF= 0.200 gain= 0.005 corr= 1.000 ADC=   1 ZS= 1 digiE=   0.005
StFcsFastSimulatorMaker:INFO  - Det=0 id=684 dE=   0.027 SF= 0.200 gain= 0.005 corr= 1.000 ADC=  25 ZS= 1 digiE=   0.132
StFcsFastSimulatorMaker:INFO  - Det=0 id=685 dE=   0.055 SF= 0.200 gain= 0.005 corr= 1.000 ADC=  52 ZS= 1 digiE=   0.276
StFcsFastSimulatorMaker:INFO  - Det=0 id=686 dE=   0.001 SF= 0.200 gain= 0.005 corr= 1.000 ADC=   1 ZS= 1 digiE=   0.005
StFcsFastSimulatorMaker:INFO  - Det=0 id=687 dE=   0.000 SF= 0.200 gain= 0.005 corr= 1.000 ADC=   0 ZS= 1 digiE=   0.000
StFcsFastSimulatorMaker:INFO  - Det=0 id=704 dE=   0.000 SF= 0.200 gain= 0.005 corr= 1.000 ADC=   0 ZS= 1 digiE=   0.000
StFcsFastSimulatorMaker:INFO  - Det=0 id=705 dE=   0.006 SF= 0.200 gain= 0.005 corr= 1.000 ADC=   5 ZS= 1 digiE=   0.026
StFcsFastSimulatorMaker:INFO  - Det=0 id=706 dE=   0.319 SF= 0.200 gain= 0.005 corr= 1.000 ADC= 301 ZS= 1 digiE=   1.595
StFcsFastSimulatorMaker:INFO  - Det=0 id=707 dE=   1.711 SF= 0.200 gain= 0.005 corr= 1.000 ADC=1613 ZS= 1 digiE=   8.549
StFcsFastSimulatorMaker:INFO  - Det=0 id=708 dE=   0.010 SF= 0.200 gain= 0.005 corr= 1.000 ADC=   9 ZS= 1 digiE=   0.048
StFcsFastSimulatorMaker:INFO  - Det=0 id=709 dE=   0.004 SF= 0.200 gain= 0.005 corr= 1.000 ADC=   3 ZS= 1 digiE=   0.016
StFcsFastSimulatorMaker:INFO  - Det=0 id=726 dE=   0.000 SF= 0.200 gain= 0.005 corr= 1.000 ADC=   0 ZS= 1 digiE=   0.000
StFcsFastSimulatorMaker:INFO  - Det=0 id=727 dE=   0.002 SF= 0.200 gain= 0.005 corr= 1.000 ADC=   2 ZS= 1 digiE=   0.011
StFcsFastSimulatorMaker:INFO  - Det=0 id=728 dE=   0.096 SF= 0.200 gain= 0.005 corr= 1.000 ADC=  90 ZS= 1 digiE=   0.477
StFcsFastSimulatorMaker:INFO  - Det=0 id=729 dE=   0.071 SF= 0.200 gain= 0.005 corr= 1.000 ADC=  66 ZS= 1 digiE=   0.350
StFcsFastSimulatorMaker:INFO  - Det=0 id=730 dE=   0.010 SF= 0.200 gain= 0.005 corr= 1.000 ADC=   8 ZS= 1 digiE=   0.042
StFcsFastSimulatorMaker:INFO  - Det=0 id=731 dE=   0.002 SF= 0.200 gain= 0.005 corr= 1.000 ADC=   2 ZS= 1 digiE=   0.011
StFcsFastSimulatorMaker:INFO  - Det=1 id=660 dE=   0.001 SF= 0.200 gain= 0.005 corr= 1.000 ADC=   0 ZS= 1 digiE=   0.000
StFcsFastSimulatorMaker:INFO  - Det=2 id=221 dE=   0.001 SF= 0.014 gain= 0.005 corr= 1.000 ADC=   7 ZS= 1 digiE=   0.037
StFcsFastSimulatorMaker:INFO  - Det=2 id=234 dE=   0.000 SF= 0.014 gain= 0.005 corr= 1.000 ADC=   0 ZS= 1 digiE=   0.000
StFcsFastSimulatorMaker:INFO  - Det=2 id=247 dE=   0.000 SF= 0.014 gain= 0.005 corr= 1.000 ADC=   2 ZS= 1 digiE=   0.011
StFcsFastSimulatorMaker:INFO  - Det=4 id=168 dE=   2.146 SF= 2.000 gain= 0.010 corr= 0.500 ADC= 214 ZS= 1 digiE=   1.070
StFcsFastSimulatorMaker:INFO  - wca Found 23 g2t hits in 15 cells, created 15 hits with ADC>ZS(1) and Etot=  11.575
StFcsFastSimulatorMaker:INFO  - hca Found 3 g2t hits in 2 cells, created 2 hits with ADC>ZS(1) and Etot=   0.048
StFcsFastSimulatorMaker:INFO  - pre Found 1 g2t hits in 1 cells, created 1 hits with ADC>ZS(1) and Etot=   1.070
StFcsFastSimulatorMaker:INFO  - *** StFcsFastSimulatorMaker::Make() == StOK(0) ***
StFcsWaveformFitMaker:INFO  - *** StFcsWaveformFitMaker::Make() == StOK(0) ***
StFcsClusterMaker:DEBUG - StFcsClusterMaker Make!!!
  *** Print FCS collection ***  RecFlag=0
  *** FCS Det=0 *** NHit= 15 NCluster=  1 NPoint=  0
StFcsHit: det= 0 id=707 | ns=0 ehp=0 dep=15 ch=30 | Ntb=  1 Sum=     0 Fit=  0.00   0.00 E=  8.55 | 1613 (  0) 
StFcsHit: det= 0 id=706 | ns=0 ehp=0 dep=15 ch=29 | Ntb=  1 Sum=     0 Fit=  0.00   0.00 E=  1.60 |  301 (  0) 
StFcsHit: det= 0 id=728 | ns=0 ehp=0 dep=21 ch= 2 | Ntb=  1 Sum=     0 Fit=  0.00   0.00 E=  0.48 |   90 (  0) 
StFcsHit: det= 0 id=729 | ns=0 ehp=0 dep=21 ch= 3 | Ntb=  1 Sum=     0 Fit=  0.00   0.00 E=  0.35 |   66 (  0) 
StFcsHit: det= 0 id=685 | ns=0 ehp=0 dep=15 ch=26 | Ntb=  1 Sum=     0 Fit=  0.00   0.00 E=  0.28 |   52 (  0) 
StFcsHit: det= 0 id=684 | ns=0 ehp=0 dep=15 ch=25 | Ntb=  1 Sum=     0 Fit=  0.00   0.00 E=  0.13 |   25 (  0) 
StFcsHit: det= 0 id=708 | ns=0 ehp=0 dep=15 ch=31 | Ntb=  1 Sum=     0 Fit=  0.00   0.00 E=  0.05 |    9 (  0) 
StFcsHit: det= 0 id=730 | ns=0 ehp=0 dep=21 ch= 4 | Ntb=  1 Sum=     0 Fit=  0.00   0.00 E=  0.04 |    8 (  0) 
StFcsHit: det= 0 id=705 | ns=0 ehp=0 dep=15 ch=28 | Ntb=  1 Sum=     0 Fit=  0.00   0.00 E=  0.03 |    5 (  0) 
StFcsHit: det= 0 id=662 | ns=0 ehp=0 dep=15 ch=21 | Ntb=  1 Sum=     0 Fit=  0.00   0.00 E=  0.02 |    3 (  0) 
StFcsHit: det= 0 id=663 | ns=0 ehp=0 dep=15 ch=22 | Ntb=  1 Sum=     0 Fit=  0.00   0.00 E=  0.02 |    3 (  0) 
StFcsHit: det= 0 id=709 | ns=0 ehp=0 dep=16 ch=28 | Ntb=  1 Sum=     0 Fit=  0.00   0.00 E=  0.02 |    3 (  0) 
StFcsHit: det= 0 id=596 | ns=0 ehp=0 dep=15 ch= 9 | Ntb=  1 Sum=     0 Fit=  0.00   0.00 E=  0.01 |    2 (  0) 
StFcsHit: det= 0 id=727 | ns=0 ehp=0 dep=21 ch= 1 | Ntb=  1 Sum=     0 Fit=  0.00   0.00 E=  0.01 |    2 (  0) 
StFcsHit: det= 0 id=731 | ns=0 ehp=0 dep=21 ch= 5 | Ntb=  1 Sum=     0 Fit=  0.00   0.00 E=  0.01 |    2 (  0) 
StFcsCluster id=   0 ctg=1 n=14 nNeigh=0 nPoints=0 loc=   3.18   32.59 PXYZE=  -0.56   -1.46   11.46   11.56 E=  11.56 sigMin/max=   0.39    0.50 Chi2=   0.00    0.00
  *** FCS Det=1 *** NHit=  0 NCluster=  0 NPoint=  0
  *** FCS Det=2 *** NHit=  2 NCluster=  0 NPoint=  0
StFcsHit: det= 2 id=221 | ns=0 ehp=1 dep= 3 ch=28 | Ntb=  1 Sum=     0 Fit=  0.00   0.00 E=  0.04 |    7 (  0) 
StFcsHit: det= 2 id=247 | ns=0 ehp=1 dep= 7 ch= 4 | Ntb=  1 Sum=     0 Fit=  0.00   0.00 E=  0.01 |    2 (  0) 
  *** FCS Det=3 *** NHit=  0 NCluster=  0 NPoint=  0
  *** FCS Det=4 *** NHit=  1 NCluster=  0 NPoint=  0
StFcsHit: det= 4 id=168 | ns=0 ehp=2 dep= 5 ch= 8 | Ntb=  1 Sum=     0 Fit=  0.00   0.00 E=  1.07 |  214 (  0) 
  *** FCS Det=5 *** NHit=  0 NCluster=  0 NPoint=  0
  *** FCS Det=6 *** NHit=  0 NCluster=  1 NPoint=  0
StFcsClusterMaker:INFO  - *** StFcsClusterMaker::Make() == StOK(0) ***
StFttClusterPointMaker:INFO  - Creating FttCollection
StFttClusterPointMaker:INFO  - Making Geant points
StFttClusterPointMaker:INFO  - *** StFttClusterPointMaker::Make() == StOK(0) ***
StFwdTrackMaker:INFO  - Setting Event Vertex from geant/g2t_vertex[0]: 0xb8bdf90
StFwdTrackMaker:INFO  - TAttr::Found : useftt = 1

StFwdTrackMaker:INFO  - TAttr::Found : usefst = 1

StFwdTrackMaker:INFO  - TAttr::Found : useepd = 1

StFwdTrackMaker:INFO  - There are: 0 with 0 FST, 0 with 1 FST, 0 with 2 FST, 1 with 3 FST
StFwdTrackMaker:INFO  - There are: 0 with 0 FTT, 0 with 1 FTT, 0 with 2 FTT, 0 with 3 FTT, 0 with 4 FTT, 0 with 5 FTT, 0 with 6 FTT, 0 with 7 FTT, 1 with 8 FTT
StFwdTrackMaker:INFO  - There are 1 McTracks with > 2 FST hits (#of possible seeds)
StFwdTrackMaker:INFO  - 	Finding FWD Track Seeds
StFwdTrackMaker:INFO  - Hitmap Source: fst
StFwdTrackMaker:INFO  - Performing Fwd Seed finding with mode: fst = 
StFwdTrackMaker:INFO  - Found 1 seeds in 1 iterations
StFwdTrackMaker:INFO  - Total Hits removed: 0
StFwdTrackMaker:INFO  - Seed [0] with 3 hits : id=2@2id=1@1id=0@0
StFwdTrackMaker:INFO  - <<Fwd Tracking Found : 1 Track Seeds from 3 FST hits and 4 sTGC hits
StFwdTrackMaker:INFO  -     (vs. 1 McTracks with FST>2, eff = 1)
StFwdTrackMaker:INFO  - 	Fitting FWD Track Seeds
StFwdTrackMaker:INFO  - TrackFitter:refit = 1
StFwdTrackMaker:INFO  - Starting Track fitting loop with 1 track seeds
StFwdTrackMaker:INFO  - TrackFitter:refit = 1
StFwdTrackMaker:INFO  - 		Mc Match idTruth=1, quality = 1
StFwdTrackMaker:INFO  - GenFitTrackResult::mIdTruth = 1, QaTruth = 1
The points are collinear, curvature is undefined.
p1 = -8.10566, -19.9135
p2 = -8.10566, -19.9135
p3 = -9.23668, -22.6922
StFwdTrackMaker:INFO  - GenericFitSeeder::makeSeed::Curvature: -1e-07
StFwdTrackMaker:INFO  - GenericFitSeeder::makeSeed::pt = 14989.5
StFwdTrackMaker:WARN  - Seed momentum is too high, setting to (0,0,1)
StFwdTrackMaker:INFO  - Track Setup complete, track has 3 points
StFwdTrackMaker:INFO  -  sorting changed track points: 0
StFwdTrackMaker:INFO  - Fit status:  1
StFwdTrackMaker:INFO  - -Fit pvalue: 0.66829
StFwdTrackMaker:INFO  - -Fit Chi2:   0.183609
StFwdTrackMaker:INFO  - -Fit Chi2:   0.183609
StFwdTrackMaker:INFO  - Track fit charge: 1Fit momentum: -1.0825, -2.65941, 26.3288
StFwdTrackMaker:INFO  - 	Fit Pt: 2.87128, eta: 2.91201, phi: -1.95736
StFwdTrackMaker:INFO  - Track fit update complete!
StFwdTrackMaker:INFO  - Track Reps: 1
StFwdTrackMaker:INFO  - Track Rep 0 
genfit::AbsTrackRep, pdgCode = -211. PropDir = 0
fitStatus 
 track has been fitted, fit has converged fully, 0 TrackPoints could not be processed, fitted charge = 1, PruneFlags: 
 track has been fitted with reference track, numIterations = 2, track length = 27.18, fChi2 = 0.183609, bChi2 = 0.183609, fNdf = 1, bNdf = 1, fPVal = 0.66829, bPVal = 0.66829

StFwdTrackMaker:INFO  - GenFitTrackResult::mIdTruth = 1, QaTruth = 1
StFwdTrackMaker:INFO  - GTR Setting momentum from track
StFwdTrackMaker:INFO  - --isFitConvergedPartially() = 1
StFwdTrackMaker:INFO  - --isFitConverged() = 1
StFwdTrackMaker:INFO  - --isFitConvergedFully() = 1
StFwdTrackMaker:INFO  - Looking for FTT strips near projected state on disk 0
StFwdTrackMaker:INFO  - There are 2 available FTT strips on this disk
AAA FTT proj z= 312.84  x=-14.625 y=-35.729  r= 38.606 phi=-1.9593  sigU= 7.843 sigV= 0.154
AAA FTT momentum at proj: pT= 2.871 eta= 2.912 phi=-1.9643  px= -1.101 py= -2.652 pz= 26.329
AAA FTT search thresholds: dPhi<0.1200 dR<30.00 dx<7.50 dy<7.50  nHits=2
findFttHitsNearProjectedState, msp = (-14.624805, -35.729125)
	 vs. hit@(-12.678972+/-4.330127, -38.658005+/-0.010000) => dx=1.945832, dy=2.928880, dR=2.077706, dPhi=0.071596 (tid=1), strip=horizontal
AAA FTT hit H pos=(-12.679+/-4.33, -38.658+/-0.01)  dx= 1.946 dy= 2.929 dR= 2.078 dPhi=0.0716 (tid=1)  dPhi:OK dR:OK XY:OK
	 vs. hit@(-15.296567+/-0.010000, -43.828793+/-4.330127) => dx=0.671762, dy=8.099668, dR=7.815003, dPhi=0.052729 (tid=1), strip=vertical
AAA FTT hit V pos=(-15.297+/-0.01, -43.829+/-4.33)  dx= 0.672 dy= 8.100 dR= 7.815 dPhi=0.0527 (tid=1)  dPhi:OK dR:OK XY:OK
StFwdTrackMaker:INFO  - Adding horizontal strip hit with dPhi = 0.0715958, dR = 2.07771, dx = 1.94583, dy = 2.92888
StFwdTrackMaker:INFO  - Adding vertical strip hit with dPhi = 0.0527286, dR = 7.815, dx = 0.671762, dy = 8.09967
StFwdTrackMaker:INFO  - Closest horizontal FTT strip to FST state: dR=2.077706, dPhi=0.071596, dx=1.945832, dy=2.928880 (tid=1) 
AAA FTT closest-H dPhi=0.0716(<0.1200) dR= 2.078(< 30.0) dx= 1.946 dy= 2.929(< 7.50) tid=1 -> ACCEPT
StFwdTrackMaker:INFO  - Closest vertical FTT strip to FST state: dR=7.815003, dPhi=0.052729, dx=0.671762, dy=8.099668 (tid=1) 
AAA FTT closest-V dPhi=0.0527(<0.1200) dR= 7.815(< 30.0) dx= 0.672 dy= 8.100(< 7.50) tid=1 -> ACCEPT
AAA FTT result: 2 hits added (H:ACCEPT V:ACCEPT)
StFwdTrackMaker:INFO  -  Found #FTT strips on plane #0 = [2]
StFwdTrackMaker:INFO  - Found 3 existing seed points
StFwdTrackMaker:INFO  - Adding 2 new FTT seed points
StFwdTrackMaker:INFO  - Looking for FTT strips near projected state on disk 1
StFwdTrackMaker:INFO  - There are 2 available FTT strips on this disk
AAA FTT proj z= 330.84  x=-15.377 y=-37.543  r= 40.570 phi=-1.9595  sigU= 7.843 sigV= 0.138
AAA FTT momentum at proj: pT= 2.871 eta= 2.912 phi=-1.9634  px= -1.098 py= -2.653 pz= 26.329
AAA FTT search thresholds: dPhi<0.1200 dR<30.00 dx<7.50 dy<7.50  nHits=2
findFttHitsNearProjectedState, msp = (-15.376879, -37.542933)
	 vs. hit@(-18.541712+/-4.330127, -40.870346+/-0.010000) => dx=3.164833, dy=3.327413, dR=4.309677, dPhi=0.037164 (tid=1), strip=horizontal
AAA FTT hit H pos=(-18.542+/-4.33, -40.870+/-0.01)  dx= 3.165 dy= 3.327 dR= 4.310 dPhi=0.0372 (tid=1)  dPhi:OK dR:OK XY:OK
	 vs. hit@(-16.126215+/-0.010000, -34.178692+/-4.330127) => dx=0.749336, dy=3.364241, dR=2.777909, dPhi=0.052112 (tid=1), strip=vertical
AAA FTT hit V pos=(-16.126+/-0.01, -34.179+/-4.33)  dx= 0.749 dy= 3.364 dR= 2.778 dPhi=0.0521 (tid=1)  dPhi:OK dR:OK XY:OK
StFwdTrackMaker:INFO  - Adding horizontal strip hit with dPhi = 0.0371643, dR = 4.30968, dx = 3.16483, dy = 3.32741
StFwdTrackMaker:INFO  - Adding vertical strip hit with dPhi = 0.0521125, dR = 2.77791, dx = 0.749336, dy = 3.36424
StFwdTrackMaker:INFO  - Closest horizontal FTT strip to FST state: dR=4.309677, dPhi=0.037164, dx=3.164833, dy=3.327413 (tid=1) 
AAA FTT closest-H dPhi=0.0372(<0.1200) dR= 4.310(< 30.0) dx= 3.165 dy= 3.327(< 7.50) tid=1 -> ACCEPT
StFwdTrackMaker:INFO  - Closest vertical FTT strip to FST state: dR=2.777909, dPhi=0.052112, dx=0.749336, dy=3.364241 (tid=1) 
AAA FTT closest-V dPhi=0.0521(<0.1200) dR= 2.778(< 30.0) dx= 0.749 dy= 3.364(< 7.50) tid=1 -> ACCEPT
AAA FTT result: 2 hits added (H:ACCEPT V:ACCEPT)
StFwdTrackMaker:INFO  -  Found #FTT strips on plane #1 = [2]
StFwdTrackMaker:INFO  - Found 5 existing seed points
StFwdTrackMaker:INFO  - Adding 2 new FTT seed points
StFwdTrackMaker:INFO  - Looking for FTT strips near projected state on disk 2
StFwdTrackMaker:INFO  - There are 2 available FTT strips on this disk
AAA FTT proj z= 346.85  x=-16.044 y=-39.156  r= 42.315 phi=-1.9597  sigU= 7.843 sigV= 0.117
AAA FTT momentum at proj: pT= 2.871 eta= 2.912 phi=-1.9622  px= -1.095 py= -2.654 pz= 26.329
AAA FTT search thresholds: dPhi<0.1200 dR<30.00 dx<7.50 dy<7.50  nHits=2
findFttHitsNearProjectedState, msp = (-16.043765, -39.156067)
AAA FTT hit H pos=( -9.552+/-4.33, -42.849+/-0.01)  dx= 6.492 dy= 3.693 dR= 1.585 dPhi=0.1695 (tid=1)  dPhi:FAIL dR:OK XY:OK
	 vs. hit@(-16.914162+/-0.010000, -41.709503+/-4.330127) => dx=0.870396, dy=2.553436, dR=2.693090, dPhi=0.003615 (tid=1), strip=vertical
AAA FTT hit V pos=(-16.914+/-0.01, -41.710+/-4.33)  dx= 0.870 dy= 2.553 dR= 2.693 dPhi=0.0036 (tid=1)  dPhi:OK dR:OK XY:OK
StFwdTrackMaker:INFO  - Adding horizontal strip hit with dPhi = 0.16954, dR = 1.58515, dx = 6.49191, dy = 3.69283
StFwdTrackMaker:INFO  - Adding vertical strip hit with dPhi = 0.00361525, dR = 2.69309, dx = 0.870396, dy = 2.55344
StFwdTrackMaker:INFO  - Closest horizontal FTT strip to FST state: dR=1.585155, dPhi=0.169540, dx=6.491907, dy=3.692829 (tid=1) 
AAA FTT closest-H dPhi=0.1695(<0.1200) dR= 1.585(< 30.0) dx= 6.492 dy= 3.693(< 7.50) tid=1 -> ACCEPT
StFwdTrackMaker:INFO  - Closest vertical FTT strip to FST state: dR=2.693090, dPhi=0.003615, dx=0.870396, dy=2.553436 (tid=1) 
AAA FTT closest-V dPhi=0.0036(<0.1200) dR= 2.693(< 30.0) dx= 0.870 dy= 2.553(< 7.50) tid=1 -> ACCEPT
AAA FTT result: 2 hits added (H:ACCEPT V:ACCEPT)
StFwdTrackMaker:INFO  -  Found #FTT strips on plane #2 = [2]
StFwdTrackMaker:INFO  - Found 7 existing seed points
StFwdTrackMaker:INFO  - Adding 2 new FTT seed points
StFwdTrackMaker:INFO  - Looking for FTT strips near projected state on disk 3
StFwdTrackMaker:INFO  - There are 2 available FTT strips on this disk
AAA FTT proj z= 364.84  x=-16.791 y=-40.970  r= 44.277 phi=-1.9598  sigU= 7.843 sigV= 0.097
AAA FTT momentum at proj: pT= 2.871 eta= 2.912 phi=-1.9610  px= -1.092 py= -2.655 pz= 26.329
AAA FTT search thresholds: dPhi<0.1200 dR<30.00 dx<7.50 dy<7.50  nHits=2
findFttHitsNearProjectedState, msp = (-16.791124, -40.970001)
	 vs. hit@(-14.810689+/-4.330127, -45.101784+/-0.010000) => dx=1.980435, dy=4.131783, dR=3.193993, dPhi=0.071671 (tid=1), strip=horizontal
AAA FTT hit H pos=(-14.811+/-4.33, -45.102+/-0.01)  dx= 1.980 dy= 4.132 dR= 3.194 dPhi=0.0717 (tid=1)  dPhi:OK dR:OK XY:OK
	 vs. hit@(-17.702015+/-0.010000, -43.168373+/-4.330127) => dx=0.910891, dy=2.198372, dR=2.379597, dPhi=0.000197 (tid=1), strip=vertical
AAA FTT hit V pos=(-17.702+/-0.01, -43.168+/-4.33)  dx= 0.911 dy= 2.198 dR= 2.380 dPhi=0.0002 (tid=1)  dPhi:OK dR:OK XY:OK
StFwdTrackMaker:INFO  - Adding horizontal strip hit with dPhi = 0.0716705, dR = 3.19399, dx = 1.98043, dy = 4.13178
StFwdTrackMaker:INFO  - Adding vertical strip hit with dPhi = 0.00019657, dR = 2.3796, dx = 0.910891, dy = 2.19837
StFwdTrackMaker:INFO  - Closest horizontal FTT strip to FST state: dR=3.193993, dPhi=0.071671, dx=1.980435, dy=4.131783 (tid=1) 
AAA FTT closest-H dPhi=0.0717(<0.1200) dR= 3.194(< 30.0) dx= 1.980 dy= 4.132(< 7.50) tid=1 -> ACCEPT
StFwdTrackMaker:INFO  - Closest vertical FTT strip to FST state: dR=2.379597, dPhi=0.000197, dx=0.910891, dy=2.198372 (tid=1) 
AAA FTT closest-V dPhi=0.0002(<0.1200) dR= 2.380(< 30.0) dx= 0.911 dy= 2.198(< 7.50) tid=1 -> ACCEPT
AAA FTT result: 2 hits added (H:ACCEPT V:ACCEPT)
StFwdTrackMaker:INFO  -  Found #FTT strips on plane #3 = [2]
StFwdTrackMaker:INFO  - Found 9 existing seed points
StFwdTrackMaker:INFO  - Adding 2 new FTT seed points
StFwdTrackMaker:INFO  - Closest EPD hit to state: dR=-2.829424, dPhi=0.003715, dx=-1.238649, dy=-2.549820
StFwdTrackMaker:INFO  - GenFitTrackResult::mIdTruth = 1, QaTruth = 0.916667
The points are collinear, curvature is undefined.
p1 = -8.10566, -19.9135
p2 = -8.10566, -19.9135
p3 = -9.23668, -22.6922
The points are collinear, curvature is undefined.
p1 = -8.10566, -19.9135
p2 = -8.10566, -19.9135
p3 = -12.679, -38.658
The points are collinear, curvature is undefined.
p1 = -8.10566, -19.9135
p2 = -8.10566, -19.9135
p3 = -15.2966, -43.8288
The points are collinear, curvature is undefined.
p1 = -8.10566, -19.9135
p2 = -8.10566, -19.9135
p3 = -18.5417, -40.8703
The points are collinear, curvature is undefined.
p1 = -8.10566, -19.9135
p2 = -8.10566, -19.9135
p3 = -16.1262, -34.1787
The points are collinear, curvature is undefined.
p1 = -8.10566, -19.9135
p2 = -8.10566, -19.9135
p3 = -9.55186, -42.8489
The points are collinear, curvature is undefined.
p1 = -8.10566, -19.9135
p2 = -8.10566, -19.9135
p3 = -16.9142, -41.7095
The points are collinear, curvature is undefined.
p1 = -8.10566, -19.9135
p2 = -8.10566, -19.9135
p3 = -14.8107, -45.1018
The points are collinear, curvature is undefined.
p1 = -8.10566, -19.9135
p2 = -8.10566, -19.9135
p3 = -17.702, -43.1684
The points are collinear, curvature is undefined.
p1 = -8.10566, -19.9135
p2 = -8.10566, -19.9135
p3 = -18.4511, -44.5449
StFwdTrackMaker:INFO  - GenericFitSeeder::makeSeed::Curvature: 0.0211135
StFwdTrackMaker:INFO  - GenericFitSeeder::makeSeed::pt = 0.0709947
StFwdTrackMaker:INFO  - Note: Using externally provided seed momentum
StFwdTrackMaker:INFO  - Track Setup complete, track has 12 points
StFwdTrackMaker:INFO  -  sorting changed track points: 1
StFwdTrackMaker:INFO  - Fit status:  1
StFwdTrackMaker:INFO  - -Fit pvalue: 0.0481832
StFwdTrackMaker:INFO  - -Fit Chi2:   30.2932
StFwdTrackMaker:INFO  - -Fit Chi2:   30.2932
StFwdTrackMaker:INFO  - Track fit charge: 1Fit momentum: -1.24604, -3.31696, 26.7785
StFwdTrackMaker:INFO  - 	Fit Pt: 3.54328, eta: 2.72004, phi: -1.93014
StFwdTrackMaker:INFO  - Track fit update complete!
StFwdTrackMaker:INFO  - Track Reps: 1
StFwdTrackMaker:INFO  - Track Rep 0 
genfit::AbsTrackRep, pdgCode = 211. PropDir = 0
fitStatus 
 track has been fitted, fit has converged fully, 0 TrackPoints could not be processed, fitted charge = 1, PruneFlags: 
 track has been fitted with reference track, numIterations = 3, track length = -9.63797, fChi2 = 30.2933, bChi2 = 30.2932, fNdf = 19, bNdf = 19, fPVal = 0.0481828, bPVal = 0.0481832

StFwdTrackMaker:INFO  - GenFitTrackResult::mIdTruth = 1, QaTruth = 0.916667
StFwdTrackMaker:INFO  - GTR Setting momentum from track
StFwdTrackMaker:INFO  - --isFitConvergedPartially() = 1
StFwdTrackMaker:INFO  - --isFitConverged() = 1
StFwdTrackMaker:INFO  - --isFitConvergedFully() = 1
StFwdTrackMaker:INFO  - Global track fitting completed, found 1 global tracks from 1 track seed candidates
StFwdTrackMaker:INFO  - >>doBeamlineTrackFitting( #globals = 1 )
StFwdTrackMaker:INFO  - doBeamlineTrackFitting>>0 McId=1 with Beamline, seed already has: 12 hits
StFwdTrackMaker:INFO  - mBeamlineHit: 0, 0, 0
StFwdTrackMaker:INFO  - This fit is for a global that converged? = 1
StFwdTrackMaker:INFO  - GenFitTrackResult::mIdTruth = 1, QaTruth = 0.846154
The points are collinear, curvature is undefined.
p1 = 0, 0
p2 = -8.10566, -19.9135
p3 = -8.10566, -19.9135
The points are collinear, curvature is undefined.
p1 = -8.10566, -19.9135
p2 = -8.10566, -19.9135
p3 = -9.23668, -22.6922
The points are collinear, curvature is undefined.
p1 = -8.10566, -19.9135
p2 = -8.10566, -19.9135
p3 = -12.679, -38.658
The points are collinear, curvature is undefined.
p1 = -8.10566, -19.9135
p2 = -8.10566, -19.9135
p3 = -15.2966, -43.8288
The points are collinear, curvature is undefined.
p1 = -8.10566, -19.9135
p2 = -8.10566, -19.9135
p3 = -18.5417, -40.8703
The points are collinear, curvature is undefined.
p1 = -8.10566, -19.9135
p2 = -8.10566, -19.9135
p3 = -16.1262, -34.1787
The points are collinear, curvature is undefined.
p1 = -8.10566, -19.9135
p2 = -8.10566, -19.9135
p3 = -9.55186, -42.8489
The points are collinear, curvature is undefined.
p1 = -8.10566, -19.9135
p2 = -8.10566, -19.9135
p3 = -16.9142, -41.7095
The points are collinear, curvature is undefined.
p1 = -8.10566, -19.9135
p2 = -8.10566, -19.9135
p3 = -14.8107, -45.1018
The points are collinear, curvature is undefined.
p1 = -8.10566, -19.9135
p2 = -8.10566, -19.9135
p3 = -17.702, -43.1684
The points are collinear, curvature is undefined.
p1 = -8.10566, -19.9135
p2 = -8.10566, -19.9135
p3 = -18.4511, -44.5449
StFwdTrackMaker:INFO  - GenericFitSeeder::makeSeed::Curvature: 0.0105431
StFwdTrackMaker:INFO  - GenericFitSeeder::makeSeed::pt = 0.142174
StFwdTrackMaker:INFO  - Track Setup complete, track has 13 points
StFwdTrackMaker:INFO  -  sorting changed track points: 1
StFwdTrackMaker:INFO  - Fit status:  1
StFwdTrackMaker:INFO  - -Fit pvalue: 0.0572525
StFwdTrackMaker:INFO  - -Fit Chi2:   32.096
StFwdTrackMaker:INFO  - -Fit Chi2:   32.096
StFwdTrackMaker:INFO  - Track fit charge: -1Fit momentum: -0.749846, -1.84623, 15.0584
StFwdTrackMaker:INFO  - 	Fit Pt: 1.9927, eta: 2.71995, phi: -1.95659
StFwdTrackMaker:INFO  - Track fit update complete!
StFwdTrackMaker:INFO  - Track Reps: 1
StFwdTrackMaker:INFO  - Track Rep 0 
genfit::AbsTrackRep, pdgCode = 211. PropDir = 0
fitStatus 
 track has been fitted, fit has converged fully, 0 TrackPoints could not be processed, fitted charge = -1, PruneFlags: 
 track has been fitted with reference track, numIterations = 5, track length = 370.379, fChi2 = 32.096, bChi2 = 32.096, fNdf = 21, bNdf = 21, fPVal = 0.0572525, bPVal = 0.0572525

StFwdTrackMaker:INFO  - GenFitTrackResult::mIdTruth = 1, QaTruth = 0.846154
StFwdTrackMaker:INFO  - GTR Setting momentum from track
StFwdTrackMaker:INFO  - --isFitConvergedPartially() = 1
StFwdTrackMaker:INFO  - --isFitConverged() = 1
StFwdTrackMaker:INFO  - --isFitConvergedFully() = 1
StFwdTrackMaker:INFO  - SEED momentum:-1.24604, -3.31696, 26.7785
StFwdTrackMaker:INFO  - 	Initial Beamline fit completed, now refitting with additional hits
StFwdTrackMaker:INFO  - Looking for FTT strips near projected state on disk 0
StFwdTrackMaker:INFO  - There are 2 available FTT strips on this disk
AAA FTT proj z= 312.84  x=-15.271 y=-38.722  r= 41.625 phi=-1.9464  sigU= 0.047 sigV= 0.000
AAA FTT momentum at proj: pT= 1.993 eta= 2.720 phi=-1.9288  px= -0.698 py= -1.866 pz= 15.058
AAA FTT search thresholds: dPhi<0.1200 dR<30.00 dx<7.50 dy<7.50  nHits=2
findFttHitsNearProjectedState, msp = (-15.270771, -38.722379)
	 vs. hit@(-12.678972+/-4.330127, -38.658005+/-0.010000) => dx=2.591799, dy=0.064374, dR=0.940621, dPhi=0.058717 (tid=1), strip=horizontal
AAA FTT hit H pos=(-12.679+/-4.33, -38.658+/-0.01)  dx= 2.592 dy= 0.064 dR= 0.941 dPhi=0.0587 (tid=1)  dPhi:OK dR:OK XY:OK
	 vs. hit@(-15.296567+/-0.010000, -43.828793+/-4.330127) => dx=0.025796, dy=5.106413, dR=4.796676, dPhi=0.039849 (tid=1), strip=vertical
AAA FTT hit V pos=(-15.297+/-0.01, -43.829+/-4.33)  dx= 0.026 dy= 5.106 dR= 4.797 dPhi=0.0398 (tid=1)  dPhi:OK dR:OK XY:OK
StFwdTrackMaker:INFO  - Adding horizontal strip hit with dPhi = 0.0587167, dR = 0.940621, dx = 2.5918, dy = 0.0643744
StFwdTrackMaker:INFO  - Adding vertical strip hit with dPhi = 0.0398495, dR = 4.79668, dx = 0.0257962, dy = 5.10641
StFwdTrackMaker:INFO  - Closest horizontal FTT strip to FST state: dR=0.940621, dPhi=0.058717, dx=2.591799, dy=0.064374 (tid=1) 
AAA FTT closest-H dPhi=0.0587(<0.1200) dR= 0.941(< 30.0) dx= 2.592 dy= 0.064(< 7.50) tid=1 -> ACCEPT
StFwdTrackMaker:INFO  - Closest vertical FTT strip to FST state: dR=4.796676, dPhi=0.039849, dx=0.025796, dy=5.106413 (tid=1) 
AAA FTT closest-V dPhi=0.0398(<0.1200) dR= 4.797(< 30.0) dx= 0.026 dy= 5.106(< 7.50) tid=1 -> ACCEPT
AAA FTT result: 2 hits added (H:ACCEPT V:ACCEPT)
StFwdTrackMaker:INFO  -  Found #FTT strips on plane #0 = [2]
StFwdTrackMaker:INFO  - Found 13 existing seed points
StFwdTrackMaker:INFO  - Adding 2 new FTT seed points
StFwdTrackMaker:INFO  - Hit already in seed, skipping
StFwdTrackMaker:INFO  - Hit already in seed, skipping
StFwdTrackMaker:INFO  - Looking for FTT strips near projected state on disk 1
StFwdTrackMaker:INFO  - There are 2 available FTT strips on this disk
AAA FTT proj z= 330.84  x=-16.107 y=-40.953  r= 44.007 phi=-1.9455  sigU= 0.047 sigV= 0.000
AAA FTT momentum at proj: pT= 1.993 eta= 2.720 phi=-1.9301  px= -0.701 py= -1.865 pz= 15.058
AAA FTT search thresholds: dPhi<0.1200 dR<30.00 dx<7.50 dy<7.50  nHits=2
findFttHitsNearProjectedState, msp = (-16.106921, -40.953315)
	 vs. hit@(-18.541712+/-4.330127, -40.870346+/-0.010000) => dx=2.434791, dy=0.082969, dR=0.872724, dPhi=0.051186 (tid=1), strip=horizontal
AAA FTT hit H pos=(-18.542+/-4.33, -40.870+/-0.01)  dx= 2.435 dy= 0.083 dR= 0.873 dPhi=0.0512 (tid=1)  dPhi:OK dR:OK XY:OK
	 vs. hit@(-16.126215+/-0.010000, -34.178692+/-4.330127) => dx=0.019294, dy=6.774623, dR=6.214863, dPhi=0.066134 (tid=1), strip=vertical
AAA FTT hit V pos=(-16.126+/-0.01, -34.179+/-4.33)  dx= 0.019 dy= 6.775 dR= 6.215 dPhi=0.0661 (tid=1)  dPhi:OK dR:OK XY:OK
StFwdTrackMaker:INFO  - Adding horizontal strip hit with dPhi = 0.0511861, dR = 0.872724, dx = 2.43479, dy = 0.0829691
StFwdTrackMaker:INFO  - Adding vertical strip hit with dPhi = 0.0661343, dR = 6.21486, dx = 0.0192944, dy = 6.77462
StFwdTrackMaker:INFO  - Closest horizontal FTT strip to FST state: dR=0.872724, dPhi=0.051186, dx=2.434791, dy=0.082969 (tid=1) 
AAA FTT closest-H dPhi=0.0512(<0.1200) dR= 0.873(< 30.0) dx= 2.435 dy= 0.083(< 7.50) tid=1 -> ACCEPT
StFwdTrackMaker:INFO  - Closest vertical FTT strip to FST state: dR=6.214863, dPhi=0.066134, dx=0.019294, dy=6.774623 (tid=1) 
AAA FTT closest-V dPhi=0.0661(<0.1200) dR= 6.215(< 30.0) dx= 0.019 dy= 6.775(< 7.50) tid=1 -> ACCEPT
AAA FTT result: 2 hits added (H:ACCEPT V:ACCEPT)
StFwdTrackMaker:INFO  -  Found #FTT strips on plane #1 = [2]
StFwdTrackMaker:INFO  - Found 13 existing seed points
StFwdTrackMaker:INFO  - Adding 2 new FTT seed points
StFwdTrackMaker:INFO  - Hit already in seed, skipping
StFwdTrackMaker:INFO  - Hit already in seed, skipping
StFwdTrackMaker:INFO  - Looking for FTT strips near projected state on disk 2
StFwdTrackMaker:INFO  - There are 2 available FTT strips on this disk
AAA FTT proj z= 346.85  x=-16.853 y=-42.935  r= 46.125 phi=-1.9448  sigU= 0.047 sigV= 0.000
AAA FTT momentum at proj: pT= 1.992 eta= 2.720 phi=-1.9318  px= -0.704 py= -1.864 pz= 15.058
AAA FTT search thresholds: dPhi<0.1200 dR<30.00 dx<7.50 dy<7.50  nHits=2
findFttHitsNearProjectedState, msp = (-16.853334, -42.935324)
AAA FTT hit H pos=( -9.552+/-4.33, -42.849+/-0.01)  dx= 7.301 dy= 0.086 dR= 2.224 dPhi=0.1547 (tid=1)  dPhi:FAIL dR:OK XY:OK
	 vs. hit@(-16.914162+/-0.010000, -41.709503+/-4.330127) => dx=0.060828, dy=1.225821, dR=1.116009, dPhi=0.011210 (tid=1), strip=vertical
AAA FTT hit V pos=(-16.914+/-0.01, -41.710+/-4.33)  dx= 0.061 dy= 1.226 dR= 1.116 dPhi=0.0112 (tid=1)  dPhi:OK dR:OK XY:OK
StFwdTrackMaker:INFO  - Adding horizontal strip hit with dPhi = 0.154715, dR = 2.22394, dx = 7.30148, dy = 0.0864285
StFwdTrackMaker:INFO  - Adding vertical strip hit with dPhi = 0.0112097, dR = 1.11601, dx = 0.0608278, dy = 1.22582
StFwdTrackMaker:INFO  - Closest horizontal FTT strip to FST state: dR=2.223944, dPhi=0.154715, dx=7.301475, dy=0.086428 (tid=1) 
AAA FTT closest-H dPhi=0.1547(<0.1200) dR= 2.224(< 30.0) dx= 7.301 dy= 0.086(< 7.50) tid=1 -> ACCEPT
StFwdTrackMaker:INFO  - Closest vertical FTT strip to FST state: dR=1.116009, dPhi=0.011210, dx=0.060828, dy=1.225821 (tid=1) 
AAA FTT closest-V dPhi=0.0112(<0.1200) dR= 1.116(< 30.0) dx= 0.061 dy= 1.226(< 7.50) tid=1 -> ACCEPT
AAA FTT result: 2 hits added (H:ACCEPT V:ACCEPT)
StFwdTrackMaker:INFO  -  Found #FTT strips on plane #2 = [2]
StFwdTrackMaker:INFO  - Found 13 existing seed points
StFwdTrackMaker:INFO  - Adding 2 new FTT seed points
StFwdTrackMaker:INFO  - Hit already in seed, skipping
StFwdTrackMaker:INFO  - Hit already in seed, skipping
StFwdTrackMaker:INFO  - Looking for FTT strips near projected state on disk 3
StFwdTrackMaker:INFO  - There are 2 available FTT strips on this disk
AAA FTT proj z= 364.84  x=-17.696 y=-45.161  r= 48.505 phi=-1.9443  sigU= 0.047 sigV= 0.000
AAA FTT momentum at proj: pT= 1.992 eta= 2.720 phi=-1.9337  px= -0.707 py= -1.863 pz= 15.058
AAA FTT search thresholds: dPhi<0.1200 dR<30.00 dx<7.50 dy<7.50  nHits=2
findFttHitsNearProjectedState, msp = (-17.696268, -45.161355)
	 vs. hit@(-14.810689+/-4.330127, -45.101784+/-0.010000) => dx=2.885579, dy=0.059571, dR=1.033367, dPhi=0.056168 (tid=1), strip=horizontal
AAA FTT hit H pos=(-14.811+/-4.33, -45.102+/-0.01)  dx= 2.886 dy= 0.060 dR= 1.033 dPhi=0.0562 (tid=1)  dPhi:OK dR:OK XY:OK
	 vs. hit@(-17.702015+/-0.010000, -43.168373+/-4.330127) => dx=0.005747, dy=1.992982, dR=1.847763, dPhi=0.015700 (tid=1), strip=vertical
AAA FTT hit V pos=(-17.702+/-0.01, -43.168+/-4.33)  dx= 0.006 dy= 1.993 dR= 1.848 dPhi=0.0157 (tid=1)  dPhi:OK dR:OK XY:OK
StFwdTrackMaker:INFO  - Adding horizontal strip hit with dPhi = 0.0561676, dR = 1.03337, dx = 2.88558, dy = 0.0595713
StFwdTrackMaker:INFO  - Adding vertical strip hit with dPhi = 0.0156995, dR = 1.84776, dx = 0.00574712, dy = 1.99298
StFwdTrackMaker:INFO  - Closest horizontal FTT strip to FST state: dR=1.033367, dPhi=0.056168, dx=2.885579, dy=0.059571 (tid=1) 
AAA FTT closest-H dPhi=0.0562(<0.1200) dR= 1.033(< 30.0) dx= 2.886 dy= 0.060(< 7.50) tid=1 -> ACCEPT
StFwdTrackMaker:INFO  - Closest vertical FTT strip to FST state: dR=1.847763, dPhi=0.015700, dx=0.005747, dy=1.992982 (tid=1) 
AAA FTT closest-V dPhi=0.0157(<0.1200) dR= 1.848(< 30.0) dx= 0.006 dy= 1.993(< 7.50) tid=1 -> ACCEPT
AAA FTT result: 2 hits added (H:ACCEPT V:ACCEPT)
StFwdTrackMaker:INFO  -  Found #FTT strips on plane #3 = [2]
StFwdTrackMaker:INFO  - Found 13 existing seed points
StFwdTrackMaker:INFO  - Adding 2 new FTT seed points
StFwdTrackMaker:INFO  - Hit already in seed, skipping
StFwdTrackMaker:INFO  - Hit already in seed, skipping
StFwdTrackMaker:INFO  - Closest EPD hit to state: dR=1.634208, dPhi=0.019516, dx=-0.277012, dy=1.873321
StFwdTrackMaker:INFO  - GenFitTrackResult::mIdTruth = 1, QaTruth = 0.846154
The points are collinear, curvature is undefined.
p1 = 0, 0
p2 = -8.10566, -19.9135
p3 = -8.10566, -19.9135
The points are collinear, curvature is undefined.
p1 = -8.10566, -19.9135
p2 = -8.10566, -19.9135
p3 = -9.23668, -22.6922
The points are collinear, curvature is undefined.
p1 = -8.10566, -19.9135
p2 = -8.10566, -19.9135
p3 = -12.679, -38.658
The points are collinear, curvature is undefined.
p1 = -8.10566, -19.9135
p2 = -8.10566, -19.9135
p3 = -15.2966, -43.8288
The points are collinear, curvature is undefined.
p1 = -8.10566, -19.9135
p2 = -8.10566, -19.9135
p3 = -18.5417, -40.8703
The points are collinear, curvature is undefined.
p1 = -8.10566, -19.9135
p2 = -8.10566, -19.9135
p3 = -16.1262, -34.1787
The points are collinear, curvature is undefined.
p1 = -8.10566, -19.9135
p2 = -8.10566, -19.9135
p3 = -9.55186, -42.8489
The points are collinear, curvature is undefined.
p1 = -8.10566, -19.9135
p2 = -8.10566, -19.9135
p3 = -16.9142, -41.7095
The points are collinear, curvature is undefined.
p1 = -8.10566, -19.9135
p2 = -8.10566, -19.9135
p3 = -14.8107, -45.1018
The points are collinear, curvature is undefined.
p1 = -8.10566, -19.9135
p2 = -8.10566, -19.9135
p3 = -17.702, -43.1684
The points are collinear, curvature is undefined.
p1 = -8.10566, -19.9135
p2 = -8.10566, -19.9135
p3 = -18.4511, -44.5449
StFwdTrackMaker:INFO  - GenericFitSeeder::makeSeed::Curvature: 0.0105431
StFwdTrackMaker:INFO  - GenericFitSeeder::makeSeed::pt = 0.142174
StFwdTrackMaker:INFO  - Note: Using externally provided seed momentum
StFwdTrackMaker:INFO  - Track Setup complete, track has 13 points
StFwdTrackMaker:INFO  -  sorting changed track points: 1
StFwdTrackMaker:INFO  - Fit status:  1
StFwdTrackMaker:INFO  - -Fit pvalue: 0.057253
StFwdTrackMaker:INFO  - -Fit Chi2:   32.096
StFwdTrackMaker:INFO  - -Fit Chi2:   32.096
StFwdTrackMaker:INFO  - Track fit charge: -1Fit momentum: -0.749831, -1.84619, 15.0581
StFwdTrackMaker:INFO  - 	Fit Pt: 1.99266, eta: 2.71994, phi: -1.95659
StFwdTrackMaker:INFO  - Track fit update complete!
StFwdTrackMaker:INFO  - Track Reps: 1
StFwdTrackMaker:INFO  - Track Rep 0 
genfit::AbsTrackRep, pdgCode = 211. PropDir = 0
fitStatus 
 track has been fitted, fit has converged fully, 0 TrackPoints could not be processed, fitted charge = -1, PruneFlags: 
 track has been fitted with reference track, numIterations = 3, track length = 370.38, fChi2 = 32.096, bChi2 = 32.096, fNdf = 21, bNdf = 21, fPVal = 0.0572531, bPVal = 0.057253

StFwdTrackMaker:INFO  - GenFitTrackResult::mIdTruth = 1, QaTruth = 0.846154
StFwdTrackMaker:INFO  - GTR Setting momentum from track
StFwdTrackMaker:INFO  - --isFitConvergedPartially() = 1
StFwdTrackMaker:INFO  - --isFitConverged() = 1
StFwdTrackMaker:INFO  - --isFitConvergedFully() = 1
StFwdTrackMaker:INFO  - >>doPrimaryTrackFitting( #globals = 1 )
StFwdTrackMaker:INFO  - Refitting Track 0, McId=1 with Primary Vertex, seed already has: 12 hits
StFwdTrackMaker:INFO  - mEventVertexHit: 0, 0, 0
StFwdTrackMaker:INFO  - This fit is for a global that converged? = 1
StFwdTrackMaker:INFO  - GenFitTrackResult::mIdTruth = 1, QaTruth = 0.846154
The points are collinear, curvature is undefined.
p1 = 0, 0
p2 = -8.10566, -19.9135
p3 = -8.10566, -19.9135
The points are collinear, curvature is undefined.
p1 = -8.10566, -19.9135
p2 = -8.10566, -19.9135
p3 = -9.23668, -22.6922
The points are collinear, curvature is undefined.
p1 = -8.10566, -19.9135
p2 = -8.10566, -19.9135
p3 = -12.679, -38.658
The points are collinear, curvature is undefined.
p1 = -8.10566, -19.9135
p2 = -8.10566, -19.9135
p3 = -15.2966, -43.8288
The points are collinear, curvature is undefined.
p1 = -8.10566, -19.9135
p2 = -8.10566, -19.9135
p3 = -18.5417, -40.8703
The points are collinear, curvature is undefined.
p1 = -8.10566, -19.9135
p2 = -8.10566, -19.9135
p3 = -16.1262, -34.1787
The points are collinear, curvature is undefined.
p1 = -8.10566, -19.9135
p2 = -8.10566, -19.9135
p3 = -9.55186, -42.8489
The points are collinear, curvature is undefined.
p1 = -8.10566, -19.9135
p2 = -8.10566, -19.9135
p3 = -16.9142, -41.7095
The points are collinear, curvature is undefined.
p1 = -8.10566, -19.9135
p2 = -8.10566, -19.9135
p3 = -14.8107, -45.1018
The points are collinear, curvature is undefined.
p1 = -8.10566, -19.9135
p2 = -8.10566, -19.9135
p3 = -17.702, -43.1684
The points are collinear, curvature is undefined.
p1 = -8.10566, -19.9135
p2 = -8.10566, -19.9135
p3 = -18.4511, -44.5449
StFwdTrackMaker:INFO  - GenericFitSeeder::makeSeed::Curvature: 0.0105431
StFwdTrackMaker:INFO  - GenericFitSeeder::makeSeed::pt = 0.142174
StFwdTrackMaker:INFO  - Note: Using externally provided seed momentum
StFwdTrackMaker:INFO  - Track Setup complete, track has 13 points
StFwdTrackMaker:INFO  -  sorting changed track points: 1
StFwdTrackMaker:INFO  - Fit status:  1
StFwdTrackMaker:INFO  - -Fit pvalue: 0.0110931
StFwdTrackMaker:INFO  - -Fit Chi2:   38.5531
StFwdTrackMaker:INFO  - -Fit Chi2:   38.5531
StFwdTrackMaker:INFO  - Track fit charge: -1Fit momentum: -0.500913, -1.18674, 9.68985
StFwdTrackMaker:INFO  - 	Fit Pt: 1.28813, eta: 2.71543, phi: -1.9702
StFwdTrackMaker:INFO  - Track fit update complete!
StFwdTrackMaker:INFO  - Track Reps: 1
StFwdTrackMaker:INFO  - Track Rep 0 
genfit::AbsTrackRep, pdgCode = 211. PropDir = 0
fitStatus 
 track has been fitted, fit has converged fully, 0 TrackPoints could not be processed, fitted charge = -1, PruneFlags: 
 track has been fitted with reference track, numIterations = 3, track length = 368.649, fChi2 = 38.5531, bChi2 = 38.5531, fNdf = 21, bNdf = 21, fPVal = 0.0110931, bPVal = 0.0110931

StFwdTrackMaker:INFO  - GenFitTrackResult::mIdTruth = 1, QaTruth = 0.846154
StFwdTrackMaker:INFO  - GTR Setting momentum from track
StFwdTrackMaker:INFO  - --isFitConvergedPartially() = 1
StFwdTrackMaker:INFO  - --isFitConverged() = 1
StFwdTrackMaker:INFO  - --isFitConvergedFully() = 1
StFwdTrackMaker:INFO  - 	Initial fit complete, now refitting with additional points
StFwdTrackMaker:INFO  - Looking for FTT strips near projected state on disk 0
StFwdTrackMaker:INFO  - There are 2 available FTT strips on this disk
AAA FTT proj z= 312.84  x=-15.267 y=-38.707  r= 41.609 phi=-1.9465  sigU= 0.013 sigV= 0.000
AAA FTT momentum at proj: pT= 1.288 eta= 2.716 phi=-1.9273  px= -0.449 py= -1.207 pz=  9.690
AAA FTT search thresholds: dPhi<0.1200 dR<30.00 dx<7.50 dy<7.50  nHits=2
findFttHitsNearProjectedState, msp = (-15.267318, -38.706734)
	 vs. hit@(-12.678972+/-4.330127, -38.658005+/-0.010000) => dx=2.588346, dy=0.048729, dR=0.924800, dPhi=0.058777 (tid=1), strip=horizontal
AAA FTT hit H pos=(-12.679+/-4.33, -38.658+/-0.01)  dx= 2.588 dy= 0.049 dR= 0.925 dPhi=0.0588 (tid=1)  dPhi:OK dR:OK XY:OK
	 vs. hit@(-15.296567+/-0.010000, -43.828793+/-4.330127) => dx=0.029249, dy=5.122058, dR=4.812497, dPhi=0.039910 (tid=1), strip=vertical
AAA FTT hit V pos=(-15.297+/-0.01, -43.829+/-4.33)  dx= 0.029 dy= 5.122 dR= 4.812 dPhi=0.0399 (tid=1)  dPhi:OK dR:OK XY:OK
StFwdTrackMaker:INFO  - Adding horizontal strip hit with dPhi = 0.0587774, dR = 0.9248, dx = 2.58835, dy = 0.0487294
StFwdTrackMaker:INFO  - Adding vertical strip hit with dPhi = 0.0399102, dR = 4.8125, dx = 0.0292489, dy = 5.12206
StFwdTrackMaker:INFO  - Closest horizontal FTT strip to FST state: dR=0.924800, dPhi=0.058777, dx=2.588346, dy=0.048729 (tid=1) 
AAA FTT closest-H dPhi=0.0588(<0.1200) dR= 0.925(< 30.0) dx= 2.588 dy= 0.049(< 7.50) tid=1 -> ACCEPT
StFwdTrackMaker:INFO  - Closest vertical FTT strip to FST state: dR=4.812497, dPhi=0.039910, dx=0.029249, dy=5.122058 (tid=1) 
AAA FTT closest-V dPhi=0.0399(<0.1200) dR= 4.812(< 30.0) dx= 0.029 dy= 5.122(< 7.50) tid=1 -> ACCEPT
AAA FTT result: 2 hits added (H:ACCEPT V:ACCEPT)
StFwdTrackMaker:INFO  -  Found #FTT strips on plane #0 = [2]
StFwdTrackMaker:INFO  - Found 13 existing seed points
StFwdTrackMaker:INFO  - Adding 2 new FTT seed points
StFwdTrackMaker:INFO  - Hit already in seed, skipping
StFwdTrackMaker:INFO  - Hit already in seed, skipping
StFwdTrackMaker:INFO  - Looking for FTT strips near projected state on disk 1
StFwdTrackMaker:INFO  - There are 2 available FTT strips on this disk
AAA FTT proj z= 330.84  x=-16.104 y=-40.949  r= 44.002 phi=-1.9455  sigU= 0.013 sigV= 0.000
AAA FTT momentum at proj: pT= 1.288 eta= 2.716 phi=-1.9292  px= -0.452 py= -1.206 pz=  9.690
AAA FTT search thresholds: dPhi<0.1200 dR<30.00 dx<7.50 dy<7.50  nHits=2
findFttHitsNearProjectedState, msp = (-16.104374, -40.948821)
	 vs. hit@(-18.541712+/-4.330127, -40.870346+/-0.010000) => dx=2.437338, dy=0.078475, dR=0.877837, dPhi=0.051203 (tid=1), strip=horizontal
AAA FTT hit H pos=(-18.542+/-4.33, -40.870+/-0.01)  dx= 2.437 dy= 0.078 dR= 0.878 dPhi=0.0512 (tid=1)  dPhi:OK dR:OK XY:OK
	 vs. hit@(-16.126215+/-0.010000, -34.178692+/-4.330127) => dx=0.021841, dy=6.770129, dR=6.209749, dPhi=0.066151 (tid=1), strip=vertical
AAA FTT hit V pos=(-16.126+/-0.01, -34.179+/-4.33)  dx= 0.022 dy= 6.770 dR= 6.210 dPhi=0.0662 (tid=1)  dPhi:OK dR:OK XY:OK
StFwdTrackMaker:INFO  - Adding horizontal strip hit with dPhi = 0.0512026, dR = 0.877837, dx = 2.43734, dy = 0.0784753
StFwdTrackMaker:INFO  - Adding vertical strip hit with dPhi = 0.0661508, dR = 6.20975, dx = 0.0218407, dy = 6.77013
StFwdTrackMaker:INFO  - Closest horizontal FTT strip to FST state: dR=0.877837, dPhi=0.051203, dx=2.437338, dy=0.078475 (tid=1) 
AAA FTT closest-H dPhi=0.0512(<0.1200) dR= 0.878(< 30.0) dx= 2.437 dy= 0.078(< 7.50) tid=1 -> ACCEPT
StFwdTrackMaker:INFO  - Closest vertical FTT strip to FST state: dR=6.209749, dPhi=0.066151, dx=0.021841, dy=6.770129 (tid=1) 
AAA FTT closest-V dPhi=0.0662(<0.1200) dR= 6.210(< 30.0) dx= 0.022 dy= 6.770(< 7.50) tid=1 -> ACCEPT
AAA FTT result: 2 hits added (H:ACCEPT V:ACCEPT)
StFwdTrackMaker:INFO  -  Found #FTT strips on plane #1 = [2]
StFwdTrackMaker:INFO  - Found 13 existing seed points
StFwdTrackMaker:INFO  - Adding 2 new FTT seed points
StFwdTrackMaker:INFO  - Hit already in seed, skipping
StFwdTrackMaker:INFO  - Hit already in seed, skipping
StFwdTrackMaker:INFO  - Looking for FTT strips near projected state on disk 2
StFwdTrackMaker:INFO  - There are 2 available FTT strips on this disk
AAA FTT proj z= 346.85  x=-16.853 y=-42.940  r= 46.129 phi=-1.9448  sigU= 0.013 sigV= 0.000
AAA FTT momentum at proj: pT= 1.288 eta= 2.716 phi=-1.9319  px= -0.455 py= -1.205 pz=  9.690
AAA FTT search thresholds: dPhi<0.1200 dR<30.00 dx<7.50 dy<7.50  nHits=2
findFttHitsNearProjectedState, msp = (-16.853256, -42.940064)
AAA FTT hit H pos=( -9.552+/-4.33, -42.849+/-0.01)  dx= 7.301 dy= 0.091 dR= 2.228 dPhi=0.1547 (tid=1)  dPhi:FAIL dR:OK XY:OK
	 vs. hit@(-16.914162+/-0.010000, -41.709503+/-4.330127) => dx=0.060905, dy=1.230561, dR=1.120393, dPhi=0.011249 (tid=1), strip=vertical
AAA FTT hit V pos=(-16.914+/-0.01, -41.710+/-4.33)  dx= 0.061 dy= 1.231 dR= 1.120 dPhi=0.0112 (tid=1)  dPhi:OK dR:OK XY:OK
StFwdTrackMaker:INFO  - Adding horizontal strip hit with dPhi = 0.154676, dR = 2.22833, dx = 7.3014, dy = 0.0911681
StFwdTrackMaker:INFO  - Adding vertical strip hit with dPhi = 0.0112488, dR = 1.12039, dx = 0.0609053, dy = 1.23056
StFwdTrackMaker:INFO  - Closest horizontal FTT strip to FST state: dR=2.228328, dPhi=0.154676, dx=7.301398, dy=0.091168 (tid=1) 
AAA FTT closest-H dPhi=0.1547(<0.1200) dR= 2.228(< 30.0) dx= 7.301 dy= 0.091(< 7.50) tid=1 -> ACCEPT
StFwdTrackMaker:INFO  - Closest vertical FTT strip to FST state: dR=1.120393, dPhi=0.011249, dx=0.060905, dy=1.230561 (tid=1) 
AAA FTT closest-V dPhi=0.0112(<0.1200) dR= 1.120(< 30.0) dx= 0.061 dy= 1.231(< 7.50) tid=1 -> ACCEPT
AAA FTT result: 2 hits added (H:ACCEPT V:ACCEPT)
StFwdTrackMaker:INFO  -  Found #FTT strips on plane #2 = [2]
StFwdTrackMaker:INFO  - Found 13 existing seed points
StFwdTrackMaker:INFO  - Adding 2 new FTT seed points
StFwdTrackMaker:INFO  - Hit already in seed, skipping
StFwdTrackMaker:INFO  - Hit already in seed, skipping
StFwdTrackMaker:INFO  - Looking for FTT strips near projected state on disk 3
StFwdTrackMaker:INFO  - There are 2 available FTT strips on this disk
AAA FTT proj z= 364.84  x=-17.701 y=-45.176  r= 48.520 phi=-1.9442  sigU= 0.013 sigV= 0.000
AAA FTT momentum at proj: pT= 1.288 eta= 2.716 phi=-1.9347  px= -0.458 py= -1.203 pz=  9.690
AAA FTT search thresholds: dPhi<0.1200 dR<30.00 dx<7.50 dy<7.50  nHits=2
findFttHitsNearProjectedState, msp = (-17.701192, -45.175584)
	 vs. hit@(-14.810689+/-4.330127, -45.101784+/-0.010000) => dx=2.890503, dy=0.073800, dR=1.048411, dPhi=0.056155 (tid=1), strip=horizontal
AAA FTT hit H pos=(-14.811+/-4.33, -45.102+/-0.01)  dx= 2.891 dy= 0.074 dR= 1.048 dPhi=0.0562 (tid=1)  dPhi:OK dR:OK XY:OK
	 vs. hit@(-17.702015+/-0.010000, -43.168373+/-4.330127) => dx=0.000823, dy=2.007210, dR=1.862807, dPhi=0.015712 (tid=1), strip=vertical
AAA FTT hit V pos=(-17.702+/-0.01, -43.168+/-4.33)  dx= 0.001 dy= 2.007 dR= 1.863 dPhi=0.0157 (tid=1)  dPhi:OK dR:OK XY:OK
StFwdTrackMaker:INFO  - Adding horizontal strip hit with dPhi = 0.0561551, dR = 1.04841, dx = 2.8905, dy = 0.0737998
StFwdTrackMaker:INFO  - Adding vertical strip hit with dPhi = 0.015712, dR = 1.86281, dx = 0.000822809, dy = 2.00721
StFwdTrackMaker:INFO  - Closest horizontal FTT strip to FST state: dR=1.048411, dPhi=0.056155, dx=2.890503, dy=0.073800 (tid=1) 
AAA FTT closest-H dPhi=0.0562(<0.1200) dR= 1.048(< 30.0) dx= 2.891 dy= 0.074(< 7.50) tid=1 -> ACCEPT
StFwdTrackMaker:INFO  - Closest vertical FTT strip to FST state: dR=1.862807, dPhi=0.015712, dx=0.000823, dy=2.007210 (tid=1) 
AAA FTT closest-V dPhi=0.0157(<0.1200) dR= 1.863(< 30.0) dx= 0.001 dy= 2.007(< 7.50) tid=1 -> ACCEPT
AAA FTT result: 2 hits added (H:ACCEPT V:ACCEPT)
StFwdTrackMaker:INFO  -  Found #FTT strips on plane #3 = [2]
StFwdTrackMaker:INFO  - Found 13 existing seed points
StFwdTrackMaker:INFO  - Adding 2 new FTT seed points
StFwdTrackMaker:INFO  - Hit already in seed, skipping
StFwdTrackMaker:INFO  - Hit already in seed, skipping
StFwdTrackMaker:INFO  - Closest EPD hit to state: dR=1.655271, dPhi=0.019495, dx=-0.268349, dy=1.892548
StFwdTrackMaker:INFO  - GenFitTrackResult::mIdTruth = 1, QaTruth = 0.846154
The points are collinear, curvature is undefined.
p1 = 0, 0
p2 = -8.10566, -19.9135
p3 = -8.10566, -19.9135
The points are collinear, curvature is undefined.
p1 = -8.10566, -19.9135
p2 = -8.10566, -19.9135
p3 = -9.23668, -22.6922
The points are collinear, curvature is undefined.
p1 = -8.10566, -19.9135
p2 = -8.10566, -19.9135
p3 = -12.679, -38.658
The points are collinear, curvature is undefined.
p1 = -8.10566, -19.9135
p2 = -8.10566, -19.9135
p3 = -15.2966, -43.8288
The points are collinear, curvature is undefined.
p1 = -8.10566, -19.9135
p2 = -8.10566, -19.9135
p3 = -18.5417, -40.8703
The points are collinear, curvature is undefined.
p1 = -8.10566, -19.9135
p2 = -8.10566, -19.9135
p3 = -16.1262, -34.1787
The points are collinear, curvature is undefined.
p1 = -8.10566, -19.9135
p2 = -8.10566, -19.9135
p3 = -9.55186, -42.8489
The points are collinear, curvature is undefined.
p1 = -8.10566, -19.9135
p2 = -8.10566, -19.9135
p3 = -16.9142, -41.7095
The points are collinear, curvature is undefined.
p1 = -8.10566, -19.9135
p2 = -8.10566, -19.9135
p3 = -14.8107, -45.1018
The points are collinear, curvature is undefined.
p1 = -8.10566, -19.9135
p2 = -8.10566, -19.9135
p3 = -17.702, -43.1684
The points are collinear, curvature is undefined.
p1 = -8.10566, -19.9135
p2 = -8.10566, -19.9135
p3 = -18.4511, -44.5449
StFwdTrackMaker:INFO  - GenericFitSeeder::makeSeed::Curvature: 0.0105431
StFwdTrackMaker:INFO  - GenericFitSeeder::makeSeed::pt = 0.142174
StFwdTrackMaker:INFO  - Note: Using externally provided seed momentum
StFwdTrackMaker:INFO  - Track Setup complete, track has 13 points
StFwdTrackMaker:INFO  -  sorting changed track points: 1
StFwdTrackMaker:INFO  - Fit status:  1
StFwdTrackMaker:INFO  - -Fit pvalue: 0.0110926
StFwdTrackMaker:INFO  - -Fit Chi2:   38.5533
StFwdTrackMaker:INFO  - -Fit Chi2:   38.5533
StFwdTrackMaker:INFO  - Track fit charge: -1Fit momentum: -0.500921, -1.18676, 9.69001
StFwdTrackMaker:INFO  - 	Fit Pt: 1.28815, eta: 2.71543, phi: -1.9702
StFwdTrackMaker:INFO  - Track fit update complete!
StFwdTrackMaker:INFO  - Track Reps: 1
StFwdTrackMaker:INFO  - Track Rep 0 
genfit::AbsTrackRep, pdgCode = 211. PropDir = 0
fitStatus 
 track has been fitted, fit has converged fully, 0 TrackPoints could not be processed, fitted charge = -1, PruneFlags: 
 track has been fitted with reference track, numIterations = 3, track length = 368.649, fChi2 = 38.5533, bChi2 = 38.5533, fNdf = 21, bNdf = 21, fPVal = 0.0110926, bPVal = 0.0110926

StFwdTrackMaker:INFO  - GenFitTrackResult::mIdTruth = 1, QaTruth = 0.846154
StFwdTrackMaker:INFO  - GTR Setting momentum from track
StFwdTrackMaker:INFO  - --isFitConvergedPartially() = 1
StFwdTrackMaker:INFO  - --isFitConverged() = 1
StFwdTrackMaker:INFO  - --isFitConvergedFully() = 1
StFwdTrackMaker:INFO  - >>doSecondaryTrackFitting( #globals = 1 )
StFwdTrackMaker:INFO  - FwdVertex: 10, -0.833049, 0.0751805, -0.0329781
StFwdTrackMaker:INFO  - 	nTracks: 1
StFwdTrackMaker:INFO  - 	Chi2: -1
StFwdTrackMaker:INFO  - 	Ndf: -1
StFwdTrackMaker:ERROR - TDecompChol::Decompose() : matrix not positive definite
StFwdTrackMaker:WARN  - FwdVertex: 10, covariance matrix is not valid
StFwdTrackMaker:INFO  - <<Fwd Tracking Fit :3 GenFit Tracks
StFwdTrackMaker:INFO  - TAttr::Found : fillevent = 1

StFwdTrackMaker:INFO  - Creating the StFwdTrackCollection
StFwdTrackMaker:INFO  - Processing GenfitTrackResult(type=0): 0 mIsFitConverged=1, mIsFitConvergedPartially=1, mNumFitPoints=12
AAA FCS StraightLine: det=0 xyzdet=(-17.399,-5.26,710.16) norm=(-0.0301896,0,0.999544)
AAA projectAsStraightLine: tv3A=(-27.4064,-71.1031,574.172) tv3B=(-29.7206,-77.2913,624.102)
AAA   xyzf=(-17.399,-5.26,710.16) norm=(-0.0301896,0,0.999544)
AAA   tintersection=2.71371 result=(-33.6866,-87.8963,709.668)
AAA FCS StraightLine result: tv3=(-33.6866,-87.8963,709.668)
AAA FCS StraightLine: det=2 xyzdet=(-21.285,1.8,782.63) norm=(-0.0301896,0,0.999544)
AAA projectAsStraightLine: tv3A=(-27.4064,-71.1031,574.172) tv3B=(-29.7206,-77.2913,624.102)
AAA   xyzf=(-21.285,1.8,782.63) norm=(-0.0301896,0,0.999544)
AAA   tintersection=4.16546 result=(-37.0463,-96.8801,782.154)
AAA FCS StraightLine result: tv3=(-37.0463,-96.8801,782.154)
StFwdTrackMaker:INFO  - Processing GenfitTrackResult(type=2): 1 mIsFitConverged=1, mIsFitConvergedPartially=1, mNumFitPoints=13
AAA FCS StraightLine: det=0 xyzdet=(-17.399,-5.26,710.16) norm=(-0.0301896,0,0.999544)
AAA projectAsStraightLine: tv3A=(-27.7203,-71.1268,574.163) tv3B=(-30.1147,-77.3148,624.09)
AAA   xyzf=(-17.399,-5.26,710.16) norm=(-0.0301896,0,0.999544)
AAA   tintersection=2.71371 result=(-34.218,-87.9191,709.652)
AAA FCS StraightLine result: tv3=(-34.218,-87.9191,709.652)
AAA FCS StraightLine: det=2 xyzdet=(-21.285,1.8,782.63) norm=(-0.0301896,0,0.999544)
AAA projectAsStraightLine: tv3A=(-27.7203,-71.1268,574.163) tv3B=(-30.1147,-77.3148,624.09)
AAA   xyzf=(-21.285,1.8,782.63) norm=(-0.0301896,0,0.999544)
AAA   tintersection=4.16546 result=(-37.6941,-96.9025,782.134)
AAA FCS StraightLine result: tv3=(-37.6941,-96.9025,782.134)
StFwdTrackMaker:INFO  - Processing GenfitTrackResult(type=1): 2 mIsFitConverged=1, mIsFitConvergedPartially=1, mNumFitPoints=13
AAA FCS StraightLine: det=0 xyzdet=(-17.399,-5.26,710.16) norm=(-0.0301896,0,0.999544)
AAA projectAsStraightLine: tv3A=(-27.6025,-71.0242,574.166) tv3B=(-29.9683,-77.1917,624.095)
AAA   xyzf=(-17.399,-5.26,710.16) norm=(-0.0301896,0,0.999544)
AAA   tintersection=2.71371 result=(-34.0226,-87.7612,709.658)
AAA FCS StraightLine result: tv3=(-34.0226,-87.7612,709.658)
AAA FCS StraightLine: det=2 xyzdet=(-21.285,1.8,782.63) norm=(-0.0301896,0,0.999544)
AAA projectAsStraightLine: tv3A=(-27.6025,-71.0242,574.166) tv3B=(-29.9683,-77.1917,624.095)
AAA   xyzf=(-21.285,1.8,782.63) norm=(-0.0301896,0,0.999544)
AAA   tintersection=4.16546 result=(-37.4571,-96.7149,782.142)
AAA FCS StraightLine result: tv3=(-37.4571,-96.7149,782.142)
StFwdTrackMaker:INFO  - StFwdTrackCollection has 3 tracks now
StFwdTrackMaker:INFO  - StFwdTrackCollection has 3 tracks now
StFwdTrackMaker:INFO  - *** StFwdTrackMaker::Make() == StOK(0) ***
StFcsTrackMatchMaker:INFO  - *** StFcsTrackMatchMaker::Make() == StOK(0) ***
StStrangeMuDstMaker:INFO  - StV0Controller: found 0 V0 candidates
StStrangeMuDstMaker:INFO  - StXiController: found 0 Xi candidates
StStrangeMuDstMaker:INFO  - StKinkController: found 0 Kink candidates
StStrangeMuDstMaker:INFO  - *** StStrangeMuDstMaker::Make() == StOK(0) ***
StMuDstMaker:INFO  - fillMuFtt
StMuDstMaker:INFO  - fillMuFttRawHits
StMuDstMaker:INFO  - fillMuFttPoints
StMuDstMaker:INFO  - fillMuFttClusters
StMuDstMaker:INFO  - StMuDstMaker::fillFwdTrack(StEvent* ev)
StMuDstMaker:INFO  - StMuDSTMaker filling StMuFwdTrackCollection from StEvent
StMuDstMaker:INFO  - Adding 3 StMuFwdTracks to MuDSt
StMuDstMaker:INFO  - *** StMuDstMaker::Make() == StOK(0) ***
StTreeMaker:INFO  - *** StTreeMaker::Make() == StOK(0) ***
StPicoDstMaker:WARN  - No trigger data bank available!
StPicoDstMaker:INFO  - StPicoDstMaker::fillFcsHits filled 18
StPicoDstMaker:INFO  - StPicoDstMaker::fillFcsClusters filled 1
StPicoDstMaker:INFO  - *** StPicoDstMaker::Make() == StOK(0) ***
MEM after Chain::Clear + Make	 total =794.402344 heap =208.608597 and   0.776154( +0.011566)
<---------- END EVENT
--------->START EVENT: 8
MEM before Chain::Clear + Make	 total =794.402344 heap =208.608795 and   0.775986( +0.000198)
St_geant_Maker:INFO  - *** St_geant_Maker::Make() == StOK(0) ***
St_db_Maker:INFO  - *** St_db_Maker::Make() == StOK(0) ***
StMagFMaker:INFO  - *** StMagFMaker::Make() == StOK(0) ***
StDetectorDbMaker:INFO  - *** StDetectorDbMaker::Make() == StOK(0) ***
StTpcDbMaker:INFO  - *** StTpcDbMaker::Make() == StOK(0) ***
StFcsDbMaker:INFO  - *** StFcsDbMaker::Make() == StOK(0) ***
StEventMaker:INFO  - get trigDetSums from Calibrations/rich/trigDetSums
StEventMaker:WARN  - StEventMaker: No StDAQReader found
StEventMaker:INFO  - *** StEventMaker::Make() == StOK(0) ***
StMcEventMaker:INFO  - StMcEventMaker:   g2t_tpc_hit Table Not found 
StMcEventMaker:INFO  - StMcEventMaker:   particle    Table Not found 
StMcEventMaker:INFO  - *** StMcEventMaker::Make() == StOK(0) ***
StFcsFastSimulatorMaker:DEBUG - StFcsFastSimulatorMaker::Make
StFcsFastSimulatorMaker:DEBUG - Creating StFcsCollection
StFcsFastSimulatorMaker:INFO  - TAttr::Found : fcsleakyhcal = 0

StFcsFastSimulatorMaker:INFO  - TAttr::Found : fcshcalzdepeff = 0

StFcsFastSimulatorMaker:INFO  - g2t_wca_hit table has 309 hit
StFcsFastSimulatorMaker:INFO  - ECAL det=0 id=  1 volid=1002 e=0.000158
StFcsFastSimulatorMaker:INFO  - ECAL det=0 id= 12 volid=1013 e=0.003644
StFcsFastSimulatorMaker:INFO  - ECAL det=0 id= 30 volid=1031 e=0.001274
StFcsFastSimulatorMaker:INFO  - ECAL det=0 id= 33 volid=1034 e=0.001484
StFcsFastSimulatorMaker:INFO  - ECAL det=0 id= 48 volid=1049 e=0.004028
StFcsFastSimulatorMaker:INFO  - ECAL det=0 id= 94 volid=1095 e=0.000868
StFcsFastSimulatorMaker:INFO  - ECAL det=0 id=130 volid=1131 e=0.001540
StFcsFastSimulatorMaker:INFO  - ECAL det=0 id=134 volid=1135 e=0.002522
StFcsFastSimulatorMaker:INFO  - ECAL det=0 id=143 volid=1144 e=0.001089
StFcsFastSimulatorMaker:INFO  - ECAL det=0 id=159 volid=1160 e=0.005885
StFcsFastSimulatorMaker:INFO  - ECAL det=0 id=166 volid=1167 e=0.000415
StFcsFastSimulatorMaker:INFO  - ECAL det=0 id=168 volid=1169 e=0.000817
StFcsFastSimulatorMaker:INFO  - ECAL det=0 id=182 volid=1183 e=0.000681
StFcsFastSimulatorMaker:INFO  - ECAL det=0 id=197 volid=1198 e=0.001457
StFcsFastSimulatorMaker:INFO  - ECAL det=0 id=203 volid=1204 e=0.000119
StFcsFastSimulatorMaker:INFO  - ECAL det=0 id=205 volid=1206 e=0.000178
StFcsFastSimulatorMaker:INFO  - ECAL det=0 id=222 volid=1223 e=0.001157
StFcsFastSimulatorMaker:INFO  - ECAL det=0 id=226 volid=1227 e=0.000174
StFcsFastSimulatorMaker:INFO  - ECAL det=0 id=239 volid=1240 e=0.000931
StFcsFastSimulatorMaker:INFO  - ECAL det=0 id=248 volid=1249 e=0.002600
StFcsFastSimulatorMaker:INFO  - ECAL det=0 id=255 volid=1256 e=0.001042
StFcsFastSimulatorMaker:INFO  - ECAL det=0 id=261 volid=1262 e=0.002043
StFcsFastSimulatorMaker:INFO  - ECAL det=0 id=263 volid=1264 e=0.008215
StFcsFastSimulatorMaker:INFO  - ECAL det=0 id=274 volid=1275 e=0.001085
StFcsFastSimulatorMaker:INFO  - ECAL det=0 id=286 volid=1287 e=0.000816
StFcsFastSimulatorMaker:INFO  - ECAL det=0 id=294 volid=1295 e=0.008539
StFcsFastSimulatorMaker:INFO  - ECAL det=0 id=315 volid=1316 e=0.000877
StFcsFastSimulatorMaker:INFO  - ECAL det=0 id=316 volid=1317 e=0.000309
StFcsFastSimulatorMaker:INFO  - ECAL det=0 id=317 volid=1318 e=0.002244
StFcsFastSimulatorMaker:INFO  - ECAL det=0 id=325 volid=1326 e=0.001456
StFcsFastSimulatorMaker:INFO  - ECAL det=0 id=329 volid=1330 e=0.000678
StFcsFastSimulatorMaker:INFO  - ECAL det=0 id=331 volid=1332 e=0.000741
StFcsFastSimulatorMaker:INFO  - ECAL det=0 id=334 volid=1335 e=0.000312
StFcsFastSimulatorMaker:INFO  - ECAL det=0 id=352 volid=1353 e=0.004378
StFcsFastSimulatorMaker:INFO  - ECAL det=0 id=353 volid=1354 e=0.013431
StFcsFastSimulatorMaker:INFO  - ECAL det=0 id=354 volid=1355 e=0.000407
StFcsFastSimulatorMaker:INFO  - ECAL det=0 id=355 volid=1356 e=0.000955
StFcsFastSimulatorMaker:INFO  - ECAL det=0 id=357 volid=1358 e=0.000445
StFcsFastSimulatorMaker:INFO  - ECAL det=0 id=364 volid=1365 e=0.000818
StFcsFastSimulatorMaker:INFO  - ECAL det=0 id=371 volid=1372 e=0.008122
StFcsFastSimulatorMaker:INFO  - ECAL det=0 id=377 volid=1378 e=0.009424
StFcsFastSimulatorMaker:INFO  - ECAL det=0 id=384 volid=1385 e=0.008314
StFcsFastSimulatorMaker:INFO  - ECAL det=0 id=385 volid=1386 e=0.001579
StFcsFastSimulatorMaker:INFO  - ECAL det=0 id=396 volid=1397 e=0.020192
StFcsFastSimulatorMaker:INFO  - ECAL det=0 id=397 volid=1398 e=0.007452
StFcsFastSimulatorMaker:INFO  - ECAL det=0 id=399 volid=1400 e=0.001493
StFcsFastSimulatorMaker:INFO  - ECAL det=0 id=402 volid=1403 e=0.000274
StFcsFastSimulatorMaker:INFO  - ECAL det=0 id=403 volid=1404 e=0.008348
StFcsFastSimulatorMaker:INFO  - ECAL det=0 id=418 volid=1419 e=0.002247
StFcsFastSimulatorMaker:INFO  - ECAL det=0 id=419 volid=1420 e=0.002906
StFcsFastSimulatorMaker:INFO  - ECAL det=0 id=420 volid=1421 e=0.007067
StFcsFastSimulatorMaker:INFO  - ECAL det=0 id=421 volid=1422 e=0.009193
StFcsFastSimulatorMaker:INFO  - ECAL det=0 id=426 volid=1427 e=0.003301
StFcsFastSimulatorMaker:INFO  - ECAL det=0 id=427 volid=1428 e=0.000257
StFcsFastSimulatorMaker:INFO  - ECAL det=0 id=440 volid=1441 e=0.007603
StFcsFastSimulatorMaker:INFO  - ECAL det=0 id=443 volid=1444 e=0.006931
StFcsFastSimulatorMaker:INFO  - ECAL det=0 id=444 volid=1445 e=0.002875
StFcsFastSimulatorMaker:INFO  - ECAL det=0 id=446 volid=1447 e=0.000468
StFcsFastSimulatorMaker:INFO  - ECAL det=0 id=447 volid=1448 e=0.000137
StFcsFastSimulatorMaker:INFO  - ECAL det=0 id=448 volid=1449 e=0.003598
StFcsFastSimulatorMaker:INFO  - ECAL det=0 id=458 volid=1459 e=0.000341
StFcsFastSimulatorMaker:INFO  - ECAL det=0 id=462 volid=1463 e=0.022748
StFcsFastSimulatorMaker:INFO  - ECAL det=0 id=465 volid=1466 e=0.009632
StFcsFastSimulatorMaker:INFO  - ECAL det=0 id=466 volid=1467 e=0.003850
StFcsFastSimulatorMaker:INFO  - ECAL det=0 id=467 volid=1468 e=0.001283
StFcsFastSimulatorMaker:INFO  - ECAL det=0 id=468 volid=1469 e=0.000759
StFcsFastSimulatorMaker:INFO  - ECAL det=0 id=470 volid=1471 e=0.000185
StFcsFastSimulatorMaker:INFO  - ECAL det=0 id=480 volid=1481 e=0.000720
StFcsFastSimulatorMaker:INFO  - ECAL det=0 id=481 volid=1482 e=0.001668
StFcsFastSimulatorMaker:INFO  - ECAL det=0 id=484 volid=1485 e=0.018285
StFcsFastSimulatorMaker:INFO  - ECAL det=0 id=485 volid=1486 e=0.002776
StFcsFastSimulatorMaker:INFO  - ECAL det=0 id=486 volid=1487 e=0.001619
StFcsFastSimulatorMaker:INFO  - ECAL det=0 id=490 volid=1491 e=0.002135
StFcsFastSimulatorMaker:INFO  - ECAL det=0 id=491 volid=1492 e=0.003284
StFcsFastSimulatorMaker:INFO  - ECAL det=0 id=492 volid=1493 e=0.010552
StFcsFastSimulatorMaker:INFO  - ECAL det=0 id=493 volid=1494 e=0.000531
StFcsFastSimulatorMaker:INFO  - ECAL det=0 id=494 volid=1495 e=0.016564
StFcsFastSimulatorMaker:INFO  - ECAL det=0 id=506 volid=1507 e=0.005469
StFcsFastSimulatorMaker:INFO  - ECAL det=0 id=508 volid=1509 e=0.007478
StFcsFastSimulatorMaker:INFO  - ECAL det=0 id=509 volid=1510 e=0.006225
StFcsFastSimulatorMaker:INFO  - ECAL det=0 id=511 volid=1512 e=0.004970
StFcsFastSimulatorMaker:INFO  - ECAL det=0 id=512 volid=1513 e=0.001579
StFcsFastSimulatorMaker:INFO  - ECAL det=0 id=513 volid=1514 e=0.004092
StFcsFastSimulatorMaker:INFO  - ECAL det=0 id=514 volid=1515 e=0.007962
StFcsFastSimulatorMaker:INFO  - ECAL det=0 id=516 volid=1517 e=0.000137
StFcsFastSimulatorMaker:INFO  - ECAL det=0 id=527 volid=1528 e=0.002947
StFcsFastSimulatorMaker:INFO  - ECAL det=0 id=528 volid=1529 e=0.015922
StFcsFastSimulatorMaker:INFO  - ECAL det=0 id=529 volid=1530 e=0.004374
StFcsFastSimulatorMaker:INFO  - ECAL det=0 id=530 volid=1531 e=0.023474
StFcsFastSimulatorMaker:INFO  - ECAL det=0 id=532 volid=1533 e=0.001757
StFcsFastSimulatorMaker:INFO  - ECAL det=0 id=533 volid=1534 e=0.009278
StFcsFastSimulatorMaker:INFO  - ECAL det=0 id=534 volid=1535 e=0.006701
StFcsFastSimulatorMaker:INFO  - ECAL det=0 id=536 volid=1537 e=0.002911
StFcsFastSimulatorMaker:INFO  - ECAL det=0 id=550 volid=1551 e=0.001348
StFcsFastSimulatorMaker:INFO  - ECAL det=0 id=552 volid=1553 e=0.012867
StFcsFastSimulatorMaker:INFO  - ECAL det=0 id=554 volid=1555 e=0.000417
StFcsFastSimulatorMaker:INFO  - ECAL det=0 id=555 volid=1556 e=0.012754
StFcsFastSimulatorMaker:INFO  - ECAL det=0 id=556 volid=1557 e=0.001058
StFcsFastSimulatorMaker:INFO  - ECAL det=0 id=557 volid=1558 e=0.000290
StFcsFastSimulatorMaker:INFO  - ECAL det=0 id=560 volid=1561 e=0.001229
StFcsFastSimulatorMaker:INFO  - ECAL det=0 id=562 volid=1563 e=0.000961
StFcsFastSimulatorMaker:INFO  - ECAL det=0 id=564 volid=1565 e=0.001597
StFcsFastSimulatorMaker:INFO  - ECAL det=0 id=572 volid=1573 e=0.001198
StFcsFastSimulatorMaker:INFO  - ECAL det=0 id=575 volid=1576 e=0.006320
StFcsFastSimulatorMaker:INFO  - ECAL det=0 id=576 volid=1577 e=0.000004
StFcsFastSimulatorMaker:INFO  - ECAL det=0 id=577 volid=1578 e=0.006514
StFcsFastSimulatorMaker:INFO  - ECAL det=0 id=583 volid=1584 e=0.000557
StFcsFastSimulatorMaker:INFO  - ECAL det=0 id=594 volid=1595 e=0.006660
StFcsFastSimulatorMaker:INFO  - ECAL det=0 id=595 volid=1596 e=0.002125
StFcsFastSimulatorMaker:INFO  - ECAL det=0 id=597 volid=1598 e=0.001287
StFcsFastSimulatorMaker:INFO  - ECAL det=0 id=599 volid=1600 e=0.004891
StFcsFastSimulatorMaker:INFO  - ECAL det=0 id=601 volid=1602 e=0.007871
StFcsFastSimulatorMaker:INFO  - ECAL det=0 id=602 volid=1603 e=0.004333
StFcsFastSimulatorMaker:INFO  - ECAL det=0 id=603 volid=1604 e=0.002240
StFcsFastSimulatorMaker:INFO  - ECAL det=0 id=613 volid=1614 e=0.000811
StFcsFastSimulatorMaker:INFO  - ECAL det=0 id=616 volid=1617 e=0.005406
StFcsFastSimulatorMaker:INFO  - ECAL det=0 id=618 volid=1619 e=0.003972
StFcsFastSimulatorMaker:INFO  - ECAL det=0 id=619 volid=1620 e=0.007375
StFcsFastSimulatorMaker:INFO  - ECAL det=0 id=624 volid=1625 e=0.000014
StFcsFastSimulatorMaker:INFO  - ECAL det=0 id=628 volid=1629 e=0.000819
StFcsFastSimulatorMaker:INFO  - ECAL det=0 id=639 volid=1640 e=0.001563
StFcsFastSimulatorMaker:INFO  - ECAL det=0 id=640 volid=1641 e=0.006350
StFcsFastSimulatorMaker:INFO  - ECAL det=0 id=643 volid=1644 e=0.004563
StFcsFastSimulatorMaker:INFO  - ECAL det=0 id=649 volid=1650 e=0.000148
StFcsFastSimulatorMaker:INFO  - ECAL det=0 id=661 volid=1662 e=0.001698
StFcsFastSimulatorMaker:INFO  - ECAL det=0 id=662 volid=1663 e=0.001960
StFcsFastSimulatorMaker:INFO  - ECAL det=0 id=664 volid=1665 e=0.006386
StFcsFastSimulatorMaker:INFO  - ECAL det=0 id=665 volid=1666 e=0.005875
StFcsFastSimulatorMaker:INFO  - ECAL det=0 id=671 volid=1672 e=0.000095
StFcsFastSimulatorMaker:INFO  - ECAL det=0 id=683 volid=1684 e=0.005055
StFcsFastSimulatorMaker:INFO  - ECAL det=0 id=704 volid=1705 e=0.000810
StFcsFastSimulatorMaker:INFO  - ECAL det=0 id=709 volid=1710 e=0.000700
StFcsFastSimulatorMaker:INFO  - ECAL det=0 id=711 volid=1712 e=0.000799
StFcsFastSimulatorMaker:INFO  - ECAL det=0 id=713 volid=1714 e=0.002704
StFcsFastSimulatorMaker:INFO  - ECAL det=0 id=714 volid=1715 e=0.000494
StFcsFastSimulatorMaker:INFO  - ECAL det=0 id=715 volid=1716 e=0.000860
StFcsFastSimulatorMaker:INFO  - ECAL det=0 id=716 volid=1717 e=0.001460
StFcsFastSimulatorMaker:INFO  - ECAL det=0 id=718 volid=1719 e=0.001493
StFcsFastSimulatorMaker:INFO  - ECAL det=0 id=726 volid=1727 e=0.000272
StFcsFastSimulatorMaker:INFO  - ECAL det=0 id=729 volid=1730 e=0.000767
StFcsFastSimulatorMaker:INFO  - ECAL det=0 id=731 volid=1732 e=0.001178
StFcsFastSimulatorMaker:INFO  - ECAL det=0 id=739 volid=1740 e=0.004886
StFcsFastSimulatorMaker:INFO  - ECAL det=1 id=  4 volid=2005 e=0.008038
StFcsFastSimulatorMaker:INFO  - ECAL det=1 id= 10 volid=2011 e=0.005708
StFcsFastSimulatorMaker:INFO  - ECAL det=1 id= 28 volid=2029 e=0.000914
StFcsFastSimulatorMaker:INFO  - ECAL det=1 id= 31 volid=2032 e=0.004445
StFcsFastSimulatorMaker:INFO  - ECAL det=1 id= 32 volid=2033 e=0.001279
StFcsFastSimulatorMaker:INFO  - ECAL det=1 id= 33 volid=2034 e=0.000925
StFcsFastSimulatorMaker:INFO  - ECAL det=1 id= 63 volid=2064 e=0.000189
StFcsFastSimulatorMaker:INFO  - ECAL det=1 id= 69 volid=2070 e=0.000625
StFcsFastSimulatorMaker:INFO  - ECAL det=1 id= 89 volid=2090 e=0.004668
StFcsFastSimulatorMaker:INFO  - ECAL det=1 id= 94 volid=2095 e=0.000012
StFcsFastSimulatorMaker:INFO  - ECAL det=1 id=111 volid=2112 e=0.001577
StFcsFastSimulatorMaker:INFO  - ECAL det=1 id=112 volid=2113 e=0.001333
StFcsFastSimulatorMaker:INFO  - ECAL det=1 id=129 volid=2130 e=0.001326
StFcsFastSimulatorMaker:INFO  - ECAL det=1 id=130 volid=2131 e=0.004833
StFcsFastSimulatorMaker:INFO  - ECAL det=1 id=133 volid=2134 e=0.007456
StFcsFastSimulatorMaker:INFO  - ECAL det=1 id=140 volid=2141 e=0.000797
StFcsFastSimulatorMaker:INFO  - ECAL det=1 id=143 volid=2144 e=0.000389
StFcsFastSimulatorMaker:INFO  - ECAL det=1 id=151 volid=2152 e=0.000946
StFcsFastSimulatorMaker:INFO  - ECAL det=1 id=159 volid=2160 e=0.001033
StFcsFastSimulatorMaker:INFO  - ECAL det=1 id=162 volid=2163 e=0.005725
StFcsFastSimulatorMaker:INFO  - ECAL det=1 id=165 volid=2166 e=0.001145
StFcsFastSimulatorMaker:INFO  - ECAL det=1 id=180 volid=2181 e=0.000217
StFcsFastSimulatorMaker:INFO  - ECAL det=1 id=181 volid=2182 e=0.004083
StFcsFastSimulatorMaker:INFO  - ECAL det=1 id=183 volid=2184 e=0.000801
StFcsFastSimulatorMaker:INFO  - ECAL det=1 id=196 volid=2197 e=0.000978
StFcsFastSimulatorMaker:INFO  - ECAL det=1 id=197 volid=2198 e=0.002987
StFcsFastSimulatorMaker:INFO  - ECAL det=1 id=210 volid=2211 e=0.000764
StFcsFastSimulatorMaker:INFO  - ECAL det=1 id=243 volid=2244 e=0.000034
StFcsFastSimulatorMaker:INFO  - ECAL det=1 id=244 volid=2245 e=0.001974
StFcsFastSimulatorMaker:INFO  - ECAL det=1 id=266 volid=2267 e=0.004749
StFcsFastSimulatorMaker:INFO  - ECAL det=1 id=270 volid=2271 e=0.005550
StFcsFastSimulatorMaker:INFO  - ECAL det=1 id=272 volid=2273 e=0.001931
StFcsFastSimulatorMaker:INFO  - ECAL det=1 id=286 volid=2287 e=0.001216
StFcsFastSimulatorMaker:INFO  - ECAL det=1 id=289 volid=2290 e=0.005800
StFcsFastSimulatorMaker:INFO  - ECAL det=1 id=294 volid=2295 e=0.008402
StFcsFastSimulatorMaker:INFO  - ECAL det=1 id=295 volid=2296 e=0.001052
StFcsFastSimulatorMaker:INFO  - ECAL det=1 id=301 volid=2302 e=0.001017
StFcsFastSimulatorMaker:INFO  - ECAL det=1 id=302 volid=2303 e=0.001403
StFcsFastSimulatorMaker:INFO  - ECAL det=1 id=309 volid=2310 e=0.003598
StFcsFastSimulatorMaker:INFO  - ECAL det=1 id=313 volid=2314 e=0.001398
StFcsFastSimulatorMaker:INFO  - ECAL det=1 id=314 volid=2315 e=0.008197
StFcsFastSimulatorMaker:INFO  - ECAL det=1 id=317 volid=2318 e=0.000161
StFcsFastSimulatorMaker:INFO  - ECAL det=1 id=323 volid=2324 e=0.002486
StFcsFastSimulatorMaker:INFO  - ECAL det=1 id=333 volid=2334 e=0.000122
StFcsFastSimulatorMaker:INFO  - ECAL det=1 id=334 volid=2335 e=0.007294
StFcsFastSimulatorMaker:INFO  - ECAL det=1 id=335 volid=2336 e=0.004716
StFcsFastSimulatorMaker:INFO  - ECAL det=1 id=336 volid=2337 e=0.005610
StFcsFastSimulatorMaker:INFO  - ECAL det=1 id=339 volid=2340 e=0.007693
StFcsFastSimulatorMaker:INFO  - ECAL det=1 id=340 volid=2341 e=0.002286
StFcsFastSimulatorMaker:INFO  - ECAL det=1 id=353 volid=2354 e=0.001964
StFcsFastSimulatorMaker:INFO  - ECAL det=1 id=354 volid=2355 e=0.001692
StFcsFastSimulatorMaker:INFO  - ECAL det=1 id=355 volid=2356 e=0.000377
StFcsFastSimulatorMaker:INFO  - ECAL det=1 id=356 volid=2357 e=0.001724
StFcsFastSimulatorMaker:INFO  - ECAL det=1 id=357 volid=2358 e=0.001719
StFcsFastSimulatorMaker:INFO  - ECAL det=1 id=358 volid=2359 e=0.005474
StFcsFastSimulatorMaker:INFO  - ECAL det=1 id=361 volid=2362 e=0.000747
StFcsFastSimulatorMaker:INFO  - ECAL det=1 id=362 volid=2363 e=0.001345
StFcsFastSimulatorMaker:INFO  - ECAL det=1 id=375 volid=2376 e=0.000185
StFcsFastSimulatorMaker:INFO  - ECAL det=1 id=377 volid=2378 e=0.001356
StFcsFastSimulatorMaker:INFO  - ECAL det=1 id=381 volid=2382 e=0.002094
StFcsFastSimulatorMaker:INFO  - ECAL det=1 id=382 volid=2383 e=0.013065
StFcsFastSimulatorMaker:INFO  - ECAL det=1 id=392 volid=2393 e=0.000253
StFcsFastSimulatorMaker:INFO  - ECAL det=1 id=402 volid=2403 e=0.000668
StFcsFastSimulatorMaker:INFO  - ECAL det=1 id=404 volid=2405 e=0.001112
StFcsFastSimulatorMaker:INFO  - ECAL det=1 id=407 volid=2408 e=0.017347
StFcsFastSimulatorMaker:INFO  - ECAL det=1 id=410 volid=2411 e=0.000411
StFcsFastSimulatorMaker:INFO  - ECAL det=1 id=412 volid=2413 e=0.002400
StFcsFastSimulatorMaker:INFO  - ECAL det=1 id=418 volid=2419 e=0.001887
StFcsFastSimulatorMaker:INFO  - ECAL det=1 id=419 volid=2420 e=0.004539
StFcsFastSimulatorMaker:INFO  - ECAL det=1 id=432 volid=2433 e=0.005623
StFcsFastSimulatorMaker:INFO  - ECAL det=1 id=440 volid=2441 e=0.002316
StFcsFastSimulatorMaker:INFO  - ECAL det=1 id=441 volid=2442 e=0.008514
StFcsFastSimulatorMaker:INFO  - ECAL det=1 id=442 volid=2443 e=0.023893
StFcsFastSimulatorMaker:INFO  - ECAL det=1 id=444 volid=2445 e=0.002380
StFcsFastSimulatorMaker:INFO  - ECAL det=1 id=445 volid=2446 e=0.002729
StFcsFastSimulatorMaker:INFO  - ECAL det=1 id=462 volid=2463 e=0.002191
StFcsFastSimulatorMaker:INFO  - ECAL det=1 id=463 volid=2464 e=0.002486
StFcsFastSimulatorMaker:INFO  - ECAL det=1 id=464 volid=2465 e=0.000716
StFcsFastSimulatorMaker:INFO  - ECAL det=1 id=466 volid=2467 e=0.000781
StFcsFastSimulatorMaker:INFO  - ECAL det=1 id=467 volid=2468 e=0.004509
StFcsFastSimulatorMaker:INFO  - ECAL det=1 id=468 volid=2469 e=0.004791
StFcsFastSimulatorMaker:INFO  - ECAL det=1 id=470 volid=2471 e=0.000989
StFcsFastSimulatorMaker:INFO  - ECAL det=1 id=484 volid=2485 e=0.014048
StFcsFastSimulatorMaker:INFO  - ECAL det=1 id=486 volid=2487 e=0.000196
StFcsFastSimulatorMaker:INFO  - ECAL det=1 id=487 volid=2488 e=0.001590
StFcsFastSimulatorMaker:INFO  - ECAL det=1 id=489 volid=2490 e=0.021085
StFcsFastSimulatorMaker:INFO  - ECAL det=1 id=491 volid=2492 e=0.000523
StFcsFastSimulatorMaker:INFO  - ECAL det=1 id=494 volid=2495 e=0.002043
StFcsFastSimulatorMaker:INFO  - ECAL det=1 id=503 volid=2504 e=0.003767
StFcsFastSimulatorMaker:INFO  - ECAL det=1 id=506 volid=2507 e=0.035154
StFcsFastSimulatorMaker:INFO  - ECAL det=1 id=507 volid=2508 e=0.005294
StFcsFastSimulatorMaker:INFO  - ECAL det=1 id=508 volid=2509 e=0.000723
StFcsFastSimulatorMaker:INFO  - ECAL det=1 id=509 volid=2510 e=0.008138
StFcsFastSimulatorMaker:INFO  - ECAL det=1 id=510 volid=2511 e=0.000533
StFcsFastSimulatorMaker:INFO  - ECAL det=1 id=512 volid=2513 e=0.000558
StFcsFastSimulatorMaker:INFO  - ECAL det=1 id=516 volid=2517 e=0.000781
StFcsFastSimulatorMaker:INFO  - ECAL det=1 id=520 volid=2521 e=0.000232
StFcsFastSimulatorMaker:INFO  - ECAL det=1 id=528 volid=2529 e=0.006275
StFcsFastSimulatorMaker:INFO  - ECAL det=1 id=531 volid=2532 e=0.001664
StFcsFastSimulatorMaker:INFO  - ECAL det=1 id=532 volid=2533 e=0.012938
StFcsFastSimulatorMaker:INFO  - ECAL det=1 id=533 volid=2534 e=0.014297
StFcsFastSimulatorMaker:INFO  - ECAL det=1 id=534 volid=2535 e=0.000663
StFcsFastSimulatorMaker:INFO  - ECAL det=1 id=537 volid=2538 e=0.001457
StFcsFastSimulatorMaker:INFO  - ECAL det=1 id=540 volid=2541 e=0.001910
StFcsFastSimulatorMaker:INFO  - ECAL det=1 id=550 volid=2551 e=0.004637
StFcsFastSimulatorMaker:INFO  - ECAL det=1 id=551 volid=2552 e=0.007017
StFcsFastSimulatorMaker:INFO  - ECAL det=1 id=552 volid=2553 e=0.002452
StFcsFastSimulatorMaker:INFO  - ECAL det=1 id=554 volid=2555 e=0.005507
StFcsFastSimulatorMaker:INFO  - ECAL det=1 id=555 volid=2556 e=0.000609
StFcsFastSimulatorMaker:INFO  - ECAL det=1 id=559 volid=2560 e=0.002490
StFcsFastSimulatorMaker:INFO  - ECAL det=1 id=566 volid=2567 e=0.000450
StFcsFastSimulatorMaker:INFO  - ECAL det=1 id=572 volid=2573 e=0.006608
StFcsFastSimulatorMaker:INFO  - ECAL det=1 id=574 volid=2575 e=0.000550
StFcsFastSimulatorMaker:INFO  - ECAL det=1 id=575 volid=2576 e=0.000519
StFcsFastSimulatorMaker:INFO  - ECAL det=1 id=577 volid=2578 e=0.003482
StFcsFastSimulatorMaker:INFO  - ECAL det=1 id=581 volid=2582 e=0.009563
StFcsFastSimulatorMaker:INFO  - ECAL det=1 id=587 volid=2588 e=0.002525
StFcsFastSimulatorMaker:INFO  - ECAL det=1 id=594 volid=2595 e=0.007903
StFcsFastSimulatorMaker:INFO  - ECAL det=1 id=595 volid=2596 e=0.014202
StFcsFastSimulatorMaker:INFO  - ECAL det=1 id=596 volid=2597 e=0.004294
StFcsFastSimulatorMaker:INFO  - ECAL det=1 id=597 volid=2598 e=0.013127
StFcsFastSimulatorMaker:INFO  - ECAL det=1 id=598 volid=2599 e=0.000382
StFcsFastSimulatorMaker:INFO  - ECAL det=1 id=599 volid=2600 e=0.002683
StFcsFastSimulatorMaker:INFO  - ECAL det=1 id=604 volid=2605 e=0.004792
StFcsFastSimulatorMaker:INFO  - ECAL det=1 id=605 volid=2606 e=0.000096
StFcsFastSimulatorMaker:INFO  - ECAL det=1 id=610 volid=2611 e=0.000176
StFcsFastSimulatorMaker:INFO  - ECAL det=1 id=616 volid=2617 e=0.006148
StFcsFastSimulatorMaker:INFO  - ECAL det=1 id=617 volid=2618 e=0.020047
StFcsFastSimulatorMaker:INFO  - ECAL det=1 id=620 volid=2621 e=0.003413
StFcsFastSimulatorMaker:INFO  - ECAL det=1 id=621 volid=2622 e=0.000868
StFcsFastSimulatorMaker:INFO  - ECAL det=1 id=622 volid=2623 e=0.002667
StFcsFastSimulatorMaker:INFO  - ECAL det=1 id=623 volid=2624 e=0.000097
StFcsFastSimulatorMaker:INFO  - ECAL det=1 id=624 volid=2625 e=0.001230
StFcsFastSimulatorMaker:INFO  - ECAL det=1 id=626 volid=2627 e=0.001715
StFcsFastSimulatorMaker:INFO  - ECAL det=1 id=627 volid=2628 e=0.004375
StFcsFastSimulatorMaker:INFO  - ECAL det=1 id=628 volid=2629 e=0.003231
StFcsFastSimulatorMaker:INFO  - ECAL det=1 id=629 volid=2630 e=0.006050
StFcsFastSimulatorMaker:INFO  - ECAL det=1 id=638 volid=2639 e=0.001596
StFcsFastSimulatorMaker:INFO  - ECAL det=1 id=639 volid=2640 e=0.002521
StFcsFastSimulatorMaker:INFO  - ECAL det=1 id=641 volid=2642 e=0.004791
StFcsFastSimulatorMaker:INFO  - ECAL det=1 id=642 volid=2643 e=0.004857
StFcsFastSimulatorMaker:INFO  - ECAL det=1 id=650 volid=2651 e=0.000102
StFcsFastSimulatorMaker:INFO  - ECAL det=1 id=653 volid=2654 e=0.001596
StFcsFastSimulatorMaker:INFO  - ECAL det=1 id=659 volid=2660 e=0.003745
StFcsFastSimulatorMaker:INFO  - ECAL det=1 id=660 volid=2661 e=0.000948
StFcsFastSimulatorMaker:INFO  - ECAL det=1 id=661 volid=2662 e=0.011918
StFcsFastSimulatorMaker:INFO  - ECAL det=1 id=667 volid=2668 e=0.001929
StFcsFastSimulatorMaker:INFO  - ECAL det=1 id=670 volid=2671 e=0.000135
StFcsFastSimulatorMaker:INFO  - ECAL det=1 id=681 volid=2682 e=0.007658
StFcsFastSimulatorMaker:INFO  - ECAL det=1 id=682 volid=2683 e=0.001664
StFcsFastSimulatorMaker:INFO  - ECAL det=1 id=683 volid=2684 e=0.001115
StFcsFastSimulatorMaker:INFO  - ECAL det=1 id=684 volid=2685 e=0.007291
StFcsFastSimulatorMaker:INFO  - ECAL det=1 id=686 volid=2687 e=0.000183
StFcsFastSimulatorMaker:INFO  - ECAL det=1 id=689 volid=2690 e=0.000075
StFcsFastSimulatorMaker:INFO  - ECAL det=1 id=695 volid=2696 e=0.000721
StFcsFastSimulatorMaker:INFO  - ECAL det=1 id=702 volid=2703 e=0.004999
StFcsFastSimulatorMaker:INFO  - ECAL det=1 id=704 volid=2705 e=0.000593
StFcsFastSimulatorMaker:INFO  - ECAL det=1 id=708 volid=2709 e=0.002002
StFcsFastSimulatorMaker:INFO  - ECAL det=1 id=711 volid=2712 e=0.001387
StFcsFastSimulatorMaker:INFO  - ECAL det=1 id=715 volid=2716 e=0.000530
StFcsFastSimulatorMaker:INFO  - ECAL det=1 id=717 volid=2718 e=0.000424
StFcsFastSimulatorMaker:INFO  - ECAL det=1 id=726 volid=2727 e=0.000821
StFcsFastSimulatorMaker:INFO  - ECAL det=1 id=727 volid=2728 e=0.000027
StFcsFastSimulatorMaker:INFO  - ECAL det=1 id=728 volid=2729 e=0.000629
StFcsFastSimulatorMaker:INFO  - ECAL det=1 id=729 volid=2730 e=0.000006
StFcsFastSimulatorMaker:INFO  - ECAL det=1 id=733 volid=2734 e=0.002775
StFcsFastSimulatorMaker:INFO  - ECAL det=1 id=740 volid=2741 e=0.003640
StFcsFastSimulatorMaker:INFO  - g2t_hca_hit table has 10 hit
StFcsFastSimulatorMaker:INFO  - HCAL det=2 id=97 volid= 1098 e=0.000890
StFcsFastSimulatorMaker:INFO  - HCAL det=2 id=104 volid= 1105 e=0.000002
StFcsFastSimulatorMaker:INFO  - HCAL det=2 id=117 volid= 1118 e=0.000086
StFcsFastSimulatorMaker:INFO  - HCAL det=2 id=143 volid= 1144 e=0.000059
StFcsFastSimulatorMaker:INFO  - HCAL det=2 id=156 volid= 1157 e=0.003367
StFcsFastSimulatorMaker:INFO  - HCAL det=2 id=221 volid= 1222 e=0.000804
StFcsFastSimulatorMaker:INFO  - HCAL det=3 id=182 volid= 2183 e=0.000595
StFcsFastSimulatorMaker:INFO  - HCAL det=3 id=195 volid= 2196 e=0.001577
StFcsFastSimulatorMaker:INFO  - HCAL det=3 id=208 volid= 2209 e=0.001269
StFcsFastSimulatorMaker:INFO  - HCAL det=3 id=234 volid= 2235 e=0.001045
StFcsFastSimulatorMaker:INFO  - g2t_epd_hit table is empty
StFcsFastSimulatorMaker:INFO  - Det=0 id=  1 dE=   0.000 SF= 0.200 gain= 0.005 corr= 1.000 ADC=   0 ZS= 1 digiE=   0.000
StFcsFastSimulatorMaker:INFO  - Det=0 id= 12 dE=   0.004 SF= 0.200 gain= 0.005 corr= 1.000 ADC=   3 ZS= 1 digiE=   0.016
StFcsFastSimulatorMaker:INFO  - Det=0 id= 30 dE=   0.001 SF= 0.200 gain= 0.005 corr= 1.000 ADC=   1 ZS= 1 digiE=   0.005
StFcsFastSimulatorMaker:INFO  - Det=0 id= 33 dE=   0.001 SF= 0.200 gain= 0.005 corr= 1.000 ADC=   1 ZS= 1 digiE=   0.005
StFcsFastSimulatorMaker:INFO  - Det=0 id= 48 dE=   0.004 SF= 0.200 gain= 0.005 corr= 1.000 ADC=   3 ZS= 1 digiE=   0.016
StFcsFastSimulatorMaker:INFO  - Det=0 id= 94 dE=   0.001 SF= 0.200 gain= 0.005 corr= 1.000 ADC=   0 ZS= 1 digiE=   0.000
StFcsFastSimulatorMaker:INFO  - Det=0 id=130 dE=   0.002 SF= 0.200 gain= 0.005 corr= 1.000 ADC=   1 ZS= 1 digiE=   0.005
StFcsFastSimulatorMaker:INFO  - Det=0 id=134 dE=   0.003 SF= 0.200 gain= 0.005 corr= 1.000 ADC=   2 ZS= 1 digiE=   0.011
StFcsFastSimulatorMaker:INFO  - Det=0 id=143 dE=   0.001 SF= 0.200 gain= 0.005 corr= 1.000 ADC=   1 ZS= 1 digiE=   0.005
StFcsFastSimulatorMaker:INFO  - Det=0 id=159 dE=   0.006 SF= 0.200 gain= 0.005 corr= 1.000 ADC=   5 ZS= 1 digiE=   0.026
StFcsFastSimulatorMaker:INFO  - Det=0 id=166 dE=   0.000 SF= 0.200 gain= 0.005 corr= 1.000 ADC=   0 ZS= 1 digiE=   0.000
StFcsFastSimulatorMaker:INFO  - Det=0 id=168 dE=   0.001 SF= 0.200 gain= 0.005 corr= 1.000 ADC=   0 ZS= 1 digiE=   0.000
StFcsFastSimulatorMaker:INFO  - Det=0 id=182 dE=   0.001 SF= 0.200 gain= 0.005 corr= 1.000 ADC=   0 ZS= 1 digiE=   0.000
StFcsFastSimulatorMaker:INFO  - Det=0 id=197 dE=   0.001 SF= 0.200 gain= 0.005 corr= 1.000 ADC=   1 ZS= 1 digiE=   0.005
StFcsFastSimulatorMaker:INFO  - Det=0 id=203 dE=   0.000 SF= 0.200 gain= 0.005 corr= 1.000 ADC=   0 ZS= 1 digiE=   0.000
StFcsFastSimulatorMaker:INFO  - Det=0 id=205 dE=   0.000 SF= 0.200 gain= 0.005 corr= 1.000 ADC=   0 ZS= 1 digiE=   0.000
StFcsFastSimulatorMaker:INFO  - Det=0 id=222 dE=   0.001 SF= 0.200 gain= 0.005 corr= 1.000 ADC=   1 ZS= 1 digiE=   0.005
StFcsFastSimulatorMaker:INFO  - Det=0 id=226 dE=   0.000 SF= 0.200 gain= 0.005 corr= 1.000 ADC=   0 ZS= 1 digiE=   0.000
StFcsFastSimulatorMaker:INFO  - Det=0 id=239 dE=   0.001 SF= 0.200 gain= 0.005 corr= 1.000 ADC=   0 ZS= 1 digiE=   0.000
StFcsFastSimulatorMaker:INFO  - Det=0 id=248 dE=   0.003 SF= 0.200 gain= 0.005 corr= 1.000 ADC=   2 ZS= 1 digiE=   0.011
StFcsFastSimulatorMaker:INFO  - Det=0 id=255 dE=   0.001 SF= 0.200 gain= 0.005 corr= 1.000 ADC=   0 ZS= 1 digiE=   0.000
StFcsFastSimulatorMaker:INFO  - Det=0 id=261 dE=   0.002 SF= 0.200 gain= 0.005 corr= 1.000 ADC=   1 ZS= 1 digiE=   0.005
StFcsFastSimulatorMaker:INFO  - Det=0 id=263 dE=   0.008 SF= 0.200 gain= 0.005 corr= 1.000 ADC=   7 ZS= 1 digiE=   0.037
StFcsFastSimulatorMaker:INFO  - Det=0 id=274 dE=   0.001 SF= 0.200 gain= 0.005 corr= 1.000 ADC=   1 ZS= 1 digiE=   0.005
StFcsFastSimulatorMaker:INFO  - Det=0 id=286 dE=   0.001 SF= 0.200 gain= 0.005 corr= 1.000 ADC=   0 ZS= 1 digiE=   0.000
StFcsFastSimulatorMaker:INFO  - Det=0 id=294 dE=   0.009 SF= 0.200 gain= 0.005 corr= 1.000 ADC=   8 ZS= 1 digiE=   0.042
StFcsFastSimulatorMaker:INFO  - Det=0 id=315 dE=   0.001 SF= 0.200 gain= 0.005 corr= 1.000 ADC=   0 ZS= 1 digiE=   0.000
StFcsFastSimulatorMaker:INFO  - Det=0 id=316 dE=   0.000 SF= 0.200 gain= 0.005 corr= 1.000 ADC=   0 ZS= 1 digiE=   0.000
StFcsFastSimulatorMaker:INFO  - Det=0 id=317 dE=   0.002 SF= 0.200 gain= 0.005 corr= 1.000 ADC=   2 ZS= 1 digiE=   0.011
StFcsFastSimulatorMaker:INFO  - Det=0 id=325 dE=   0.001 SF= 0.200 gain= 0.005 corr= 1.000 ADC=   1 ZS= 1 digiE=   0.005
StFcsFastSimulatorMaker:INFO  - Det=0 id=329 dE=   0.001 SF= 0.200 gain= 0.005 corr= 1.000 ADC=   0 ZS= 1 digiE=   0.000
StFcsFastSimulatorMaker:INFO  - Det=0 id=331 dE=   0.001 SF= 0.200 gain= 0.005 corr= 1.000 ADC=   0 ZS= 1 digiE=   0.000
StFcsFastSimulatorMaker:INFO  - Det=0 id=334 dE=   0.000 SF= 0.200 gain= 0.005 corr= 1.000 ADC=   0 ZS= 1 digiE=   0.000
StFcsFastSimulatorMaker:INFO  - Det=0 id=352 dE=   0.004 SF= 0.200 gain= 0.005 corr= 1.000 ADC=   4 ZS= 1 digiE=   0.021
StFcsFastSimulatorMaker:INFO  - Det=0 id=353 dE=   0.013 SF= 0.200 gain= 0.005 corr= 1.000 ADC=  12 ZS= 1 digiE=   0.064
StFcsFastSimulatorMaker:INFO  - Det=0 id=354 dE=   0.000 SF= 0.200 gain= 0.005 corr= 1.000 ADC=   0 ZS= 1 digiE=   0.000
StFcsFastSimulatorMaker:INFO  - Det=0 id=355 dE=   0.001 SF= 0.200 gain= 0.005 corr= 1.000 ADC=   0 ZS= 1 digiE=   0.000
StFcsFastSimulatorMaker:INFO  - Det=0 id=357 dE=   0.000 SF= 0.200 gain= 0.005 corr= 1.000 ADC=   0 ZS= 1 digiE=   0.000
StFcsFastSimulatorMaker:INFO  - Det=0 id=364 dE=   0.001 SF= 0.200 gain= 0.005 corr= 1.000 ADC=   0 ZS= 1 digiE=   0.000
StFcsFastSimulatorMaker:INFO  - Det=0 id=371 dE=   0.008 SF= 0.200 gain= 0.005 corr= 1.000 ADC=   7 ZS= 1 digiE=   0.037
StFcsFastSimulatorMaker:INFO  - Det=0 id=377 dE=   0.009 SF= 0.200 gain= 0.005 corr= 1.000 ADC=   8 ZS= 1 digiE=   0.042
StFcsFastSimulatorMaker:INFO  - Det=0 id=384 dE=   0.008 SF= 0.200 gain= 0.005 corr= 1.000 ADC=   7 ZS= 1 digiE=   0.037
StFcsFastSimulatorMaker:INFO  - Det=0 id=385 dE=   0.002 SF= 0.200 gain= 0.005 corr= 1.000 ADC=   1 ZS= 1 digiE=   0.005
StFcsFastSimulatorMaker:INFO  - Det=0 id=396 dE=   0.020 SF= 0.200 gain= 0.005 corr= 1.000 ADC=  19 ZS= 1 digiE=   0.101
StFcsFastSimulatorMaker:INFO  - Det=0 id=397 dE=   0.007 SF= 0.200 gain= 0.005 corr= 1.000 ADC=   7 ZS= 1 digiE=   0.037
StFcsFastSimulatorMaker:INFO  - Det=0 id=399 dE=   0.001 SF= 0.200 gain= 0.005 corr= 1.000 ADC=   1 ZS= 1 digiE=   0.005
StFcsFastSimulatorMaker:INFO  - Det=0 id=402 dE=   0.000 SF= 0.200 gain= 0.005 corr= 1.000 ADC=   0 ZS= 1 digiE=   0.000
StFcsFastSimulatorMaker:INFO  - Det=0 id=403 dE=   0.008 SF= 0.200 gain= 0.005 corr= 1.000 ADC=   7 ZS= 1 digiE=   0.037
StFcsFastSimulatorMaker:INFO  - Det=0 id=418 dE=   0.002 SF= 0.200 gain= 0.005 corr= 1.000 ADC=   2 ZS= 1 digiE=   0.011
StFcsFastSimulatorMaker:INFO  - Det=0 id=419 dE=   0.003 SF= 0.200 gain= 0.005 corr= 1.000 ADC=   2 ZS= 1 digiE=   0.011
StFcsFastSimulatorMaker:INFO  - Det=0 id=420 dE=   0.007 SF= 0.200 gain= 0.005 corr= 1.000 ADC=   6 ZS= 1 digiE=   0.032
StFcsFastSimulatorMaker:INFO  - Det=0 id=421 dE=   0.009 SF= 0.200 gain= 0.005 corr= 1.000 ADC=   8 ZS= 1 digiE=   0.042
StFcsFastSimulatorMaker:INFO  - Det=0 id=426 dE=   0.003 SF= 0.200 gain= 0.005 corr= 1.000 ADC=   3 ZS= 1 digiE=   0.016
StFcsFastSimulatorMaker:INFO  - Det=0 id=427 dE=   0.000 SF= 0.200 gain= 0.005 corr= 1.000 ADC=   0 ZS= 1 digiE=   0.000
StFcsFastSimulatorMaker:INFO  - Det=0 id=440 dE=   0.008 SF= 0.200 gain= 0.005 corr= 1.000 ADC=   7 ZS= 1 digiE=   0.037
StFcsFastSimulatorMaker:INFO  - Det=0 id=443 dE=   0.007 SF= 0.200 gain= 0.005 corr= 1.000 ADC=   6 ZS= 1 digiE=   0.032
StFcsFastSimulatorMaker:INFO  - Det=0 id=444 dE=   0.003 SF= 0.200 gain= 0.005 corr= 1.000 ADC=   2 ZS= 1 digiE=   0.011
StFcsFastSimulatorMaker:INFO  - Det=0 id=446 dE=   0.000 SF= 0.200 gain= 0.005 corr= 1.000 ADC=   0 ZS= 1 digiE=   0.000
StFcsFastSimulatorMaker:INFO  - Det=0 id=447 dE=   0.000 SF= 0.200 gain= 0.005 corr= 1.000 ADC=   0 ZS= 1 digiE=   0.000
StFcsFastSimulatorMaker:INFO  - Det=0 id=448 dE=   0.004 SF= 0.200 gain= 0.005 corr= 1.000 ADC=   3 ZS= 1 digiE=   0.016
StFcsFastSimulatorMaker:INFO  - Det=0 id=458 dE=   0.000 SF= 0.200 gain= 0.005 corr= 1.000 ADC=   0 ZS= 1 digiE=   0.000
StFcsFastSimulatorMaker:INFO  - Det=0 id=462 dE=   0.023 SF= 0.200 gain= 0.005 corr= 1.000 ADC=  21 ZS= 1 digiE=   0.111
StFcsFastSimulatorMaker:INFO  - Det=0 id=465 dE=   0.010 SF= 0.200 gain= 0.005 corr= 1.000 ADC=   9 ZS= 1 digiE=   0.048
StFcsFastSimulatorMaker:INFO  - Det=0 id=466 dE=   0.004 SF= 0.200 gain= 0.005 corr= 1.000 ADC=   3 ZS= 1 digiE=   0.016
StFcsFastSimulatorMaker:INFO  - Det=0 id=467 dE=   0.001 SF= 0.200 gain= 0.005 corr= 1.000 ADC=   1 ZS= 1 digiE=   0.005
StFcsFastSimulatorMaker:INFO  - Det=0 id=468 dE=   0.001 SF= 0.200 gain= 0.005 corr= 1.000 ADC=   0 ZS= 1 digiE=   0.000
StFcsFastSimulatorMaker:INFO  - Det=0 id=470 dE=   0.000 SF= 0.200 gain= 0.005 corr= 1.000 ADC=   0 ZS= 1 digiE=   0.000
StFcsFastSimulatorMaker:INFO  - Det=0 id=480 dE=   0.001 SF= 0.200 gain= 0.005 corr= 1.000 ADC=   0 ZS= 1 digiE=   0.000
StFcsFastSimulatorMaker:INFO  - Det=0 id=481 dE=   0.002 SF= 0.200 gain= 0.005 corr= 1.000 ADC=   1 ZS= 1 digiE=   0.005
StFcsFastSimulatorMaker:INFO  - Det=0 id=484 dE=   0.018 SF= 0.200 gain= 0.005 corr= 1.000 ADC=  17 ZS= 1 digiE=   0.090
StFcsFastSimulatorMaker:INFO  - Det=0 id=485 dE=   0.003 SF= 0.200 gain= 0.005 corr= 1.000 ADC=   2 ZS= 1 digiE=   0.011
StFcsFastSimulatorMaker:INFO  - Det=0 id=486 dE=   0.002 SF= 0.200 gain= 0.005 corr= 1.000 ADC=   1 ZS= 1 digiE=   0.005
StFcsFastSimulatorMaker:INFO  - Det=0 id=490 dE=   0.002 SF= 0.200 gain= 0.005 corr= 1.000 ADC=   2 ZS= 1 digiE=   0.011
StFcsFastSimulatorMaker:INFO  - Det=0 id=491 dE=   0.003 SF= 0.200 gain= 0.005 corr= 1.000 ADC=   3 ZS= 1 digiE=   0.016
StFcsFastSimulatorMaker:INFO  - Det=0 id=492 dE=   0.011 SF= 0.200 gain= 0.005 corr= 1.000 ADC=   9 ZS= 1 digiE=   0.048
StFcsFastSimulatorMaker:INFO  - Det=0 id=493 dE=   0.001 SF= 0.200 gain= 0.005 corr= 1.000 ADC=   0 ZS= 1 digiE=   0.000
StFcsFastSimulatorMaker:INFO  - Det=0 id=494 dE=   0.017 SF= 0.200 gain= 0.005 corr= 1.000 ADC=  15 ZS= 1 digiE=   0.079
StFcsFastSimulatorMaker:INFO  - Det=0 id=506 dE=   0.005 SF= 0.200 gain= 0.005 corr= 1.000 ADC=   5 ZS= 1 digiE=   0.026
StFcsFastSimulatorMaker:INFO  - Det=0 id=508 dE=   0.007 SF= 0.200 gain= 0.005 corr= 1.000 ADC=   7 ZS= 1 digiE=   0.037
StFcsFastSimulatorMaker:INFO  - Det=0 id=509 dE=   0.006 SF= 0.200 gain= 0.005 corr= 1.000 ADC=   5 ZS= 1 digiE=   0.026
StFcsFastSimulatorMaker:INFO  - Det=0 id=511 dE=   0.005 SF= 0.200 gain= 0.005 corr= 1.000 ADC=   4 ZS= 1 digiE=   0.021
StFcsFastSimulatorMaker:INFO  - Det=0 id=512 dE=   0.002 SF= 0.200 gain= 0.005 corr= 1.000 ADC=   1 ZS= 1 digiE=   0.005
StFcsFastSimulatorMaker:INFO  - Det=0 id=513 dE=   0.004 SF= 0.200 gain= 0.005 corr= 1.000 ADC=   3 ZS= 1 digiE=   0.016
StFcsFastSimulatorMaker:INFO  - Det=0 id=514 dE=   0.008 SF= 0.200 gain= 0.005 corr= 1.000 ADC=   7 ZS= 1 digiE=   0.037
StFcsFastSimulatorMaker:INFO  - Det=0 id=516 dE=   0.000 SF= 0.200 gain= 0.005 corr= 1.000 ADC=   0 ZS= 1 digiE=   0.000
StFcsFastSimulatorMaker:INFO  - Det=0 id=527 dE=   0.003 SF= 0.200 gain= 0.005 corr= 1.000 ADC=   2 ZS= 1 digiE=   0.011
StFcsFastSimulatorMaker:INFO  - Det=0 id=528 dE=   0.016 SF= 0.200 gain= 0.005 corr= 1.000 ADC=  15 ZS= 1 digiE=   0.079
StFcsFastSimulatorMaker:INFO  - Det=0 id=529 dE=   0.004 SF= 0.200 gain= 0.005 corr= 1.000 ADC=   4 ZS= 1 digiE=   0.021
StFcsFastSimulatorMaker:INFO  - Det=0 id=530 dE=   0.023 SF= 0.200 gain= 0.005 corr= 1.000 ADC=  22 ZS= 1 digiE=   0.117
StFcsFastSimulatorMaker:INFO  - Det=0 id=532 dE=   0.002 SF= 0.200 gain= 0.005 corr= 1.000 ADC=   1 ZS= 1 digiE=   0.005
StFcsFastSimulatorMaker:INFO  - Det=0 id=533 dE=   0.009 SF= 0.200 gain= 0.005 corr= 1.000 ADC=   8 ZS= 1 digiE=   0.042
StFcsFastSimulatorMaker:INFO  - Det=0 id=534 dE=   0.007 SF= 0.200 gain= 0.005 corr= 1.000 ADC=   6 ZS= 1 digiE=   0.032
StFcsFastSimulatorMaker:INFO  - Det=0 id=536 dE=   0.003 SF= 0.200 gain= 0.005 corr= 1.000 ADC=   2 ZS= 1 digiE=   0.011
StFcsFastSimulatorMaker:INFO  - Det=0 id=550 dE=   0.001 SF= 0.200 gain= 0.005 corr= 1.000 ADC=   1 ZS= 1 digiE=   0.005
StFcsFastSimulatorMaker:INFO  - Det=0 id=552 dE=   0.013 SF= 0.200 gain= 0.005 corr= 1.000 ADC=  12 ZS= 1 digiE=   0.064
StFcsFastSimulatorMaker:INFO  - Det=0 id=554 dE=   0.000 SF= 0.200 gain= 0.005 corr= 1.000 ADC=   0 ZS= 1 digiE=   0.000
StFcsFastSimulatorMaker:INFO  - Det=0 id=555 dE=   0.013 SF= 0.200 gain= 0.005 corr= 1.000 ADC=  12 ZS= 1 digiE=   0.064
StFcsFastSimulatorMaker:INFO  - Det=0 id=556 dE=   0.001 SF= 0.200 gain= 0.005 corr= 1.000 ADC=   0 ZS= 1 digiE=   0.000
StFcsFastSimulatorMaker:INFO  - Det=0 id=557 dE=   0.000 SF= 0.200 gain= 0.005 corr= 1.000 ADC=   0 ZS= 1 digiE=   0.000
StFcsFastSimulatorMaker:INFO  - Det=0 id=560 dE=   0.001 SF= 0.200 gain= 0.005 corr= 1.000 ADC=   1 ZS= 1 digiE=   0.005
StFcsFastSimulatorMaker:INFO  - Det=0 id=562 dE=   0.001 SF= 0.200 gain= 0.005 corr= 1.000 ADC=   0 ZS= 1 digiE=   0.000
StFcsFastSimulatorMaker:INFO  - Det=0 id=564 dE=   0.002 SF= 0.200 gain= 0.005 corr= 1.000 ADC=   1 ZS= 1 digiE=   0.005
StFcsFastSimulatorMaker:INFO  - Det=0 id=572 dE=   0.001 SF= 0.200 gain= 0.005 corr= 1.000 ADC=   1 ZS= 1 digiE=   0.005
StFcsFastSimulatorMaker:INFO  - Det=0 id=575 dE=   0.006 SF= 0.200 gain= 0.005 corr= 1.000 ADC=   5 ZS= 1 digiE=   0.026
StFcsFastSimulatorMaker:INFO  - Det=0 id=576 dE=   0.000 SF= 0.200 gain= 0.005 corr= 1.000 ADC=   0 ZS= 1 digiE=   0.000
StFcsFastSimulatorMaker:INFO  - Det=0 id=577 dE=   0.007 SF= 0.200 gain= 0.005 corr= 1.000 ADC=   6 ZS= 1 digiE=   0.032
StFcsFastSimulatorMaker:INFO  - Det=0 id=583 dE=   0.001 SF= 0.200 gain= 0.005 corr= 1.000 ADC=   0 ZS= 1 digiE=   0.000
StFcsFastSimulatorMaker:INFO  - Det=0 id=594 dE=   0.007 SF= 0.200 gain= 0.005 corr= 1.000 ADC=   6 ZS= 1 digiE=   0.032
StFcsFastSimulatorMaker:INFO  - Det=0 id=595 dE=   0.002 SF= 0.200 gain= 0.005 corr= 1.000 ADC=   2 ZS= 1 digiE=   0.011
StFcsFastSimulatorMaker:INFO  - Det=0 id=597 dE=   0.001 SF= 0.200 gain= 0.005 corr= 1.000 ADC=   1 ZS= 1 digiE=   0.005
StFcsFastSimulatorMaker:INFO  - Det=0 id=599 dE=   0.005 SF= 0.200 gain= 0.005 corr= 1.000 ADC=   4 ZS= 1 digiE=   0.021
StFcsFastSimulatorMaker:INFO  - Det=0 id=601 dE=   0.008 SF= 0.200 gain= 0.005 corr= 1.000 ADC=   7 ZS= 1 digiE=   0.037
StFcsFastSimulatorMaker:INFO  - Det=0 id=602 dE=   0.004 SF= 0.200 gain= 0.005 corr= 1.000 ADC=   4 ZS= 1 digiE=   0.021
StFcsFastSimulatorMaker:INFO  - Det=0 id=603 dE=   0.002 SF= 0.200 gain= 0.005 corr= 1.000 ADC=   2 ZS= 1 digiE=   0.011
StFcsFastSimulatorMaker:INFO  - Det=0 id=613 dE=   0.001 SF= 0.200 gain= 0.005 corr= 1.000 ADC=   0 ZS= 1 digiE=   0.000
StFcsFastSimulatorMaker:INFO  - Det=0 id=616 dE=   0.005 SF= 0.200 gain= 0.005 corr= 1.000 ADC=   5 ZS= 1 digiE=   0.026
StFcsFastSimulatorMaker:INFO  - Det=0 id=618 dE=   0.004 SF= 0.200 gain= 0.005 corr= 1.000 ADC=   3 ZS= 1 digiE=   0.016
StFcsFastSimulatorMaker:INFO  - Det=0 id=619 dE=   0.007 SF= 0.200 gain= 0.005 corr= 1.000 ADC=   6 ZS= 1 digiE=   0.032
StFcsFastSimulatorMaker:INFO  - Det=0 id=624 dE=   0.000 SF= 0.200 gain= 0.005 corr= 1.000 ADC=   0 ZS= 1 digiE=   0.000
StFcsFastSimulatorMaker:INFO  - Det=0 id=628 dE=   0.001 SF= 0.200 gain= 0.005 corr= 1.000 ADC=   0 ZS= 1 digiE=   0.000
StFcsFastSimulatorMaker:INFO  - Det=0 id=639 dE=   0.002 SF= 0.200 gain= 0.005 corr= 1.000 ADC=   1 ZS= 1 digiE=   0.005
StFcsFastSimulatorMaker:INFO  - Det=0 id=640 dE=   0.006 SF= 0.200 gain= 0.005 corr= 1.000 ADC=   5 ZS= 1 digiE=   0.026
StFcsFastSimulatorMaker:INFO  - Det=0 id=643 dE=   0.005 SF= 0.200 gain= 0.005 corr= 1.000 ADC=   4 ZS= 1 digiE=   0.021
StFcsFastSimulatorMaker:INFO  - Det=0 id=649 dE=   0.000 SF= 0.200 gain= 0.005 corr= 1.000 ADC=   0 ZS= 1 digiE=   0.000
StFcsFastSimulatorMaker:INFO  - Det=0 id=661 dE=   0.002 SF= 0.200 gain= 0.005 corr= 1.000 ADC=   1 ZS= 1 digiE=   0.005
StFcsFastSimulatorMaker:INFO  - Det=0 id=662 dE=   0.002 SF= 0.200 gain= 0.005 corr= 1.000 ADC=   1 ZS= 1 digiE=   0.005
StFcsFastSimulatorMaker:INFO  - Det=0 id=664 dE=   0.006 SF= 0.200 gain= 0.005 corr= 1.000 ADC=   6 ZS= 1 digiE=   0.032
StFcsFastSimulatorMaker:INFO  - Det=0 id=665 dE=   0.006 SF= 0.200 gain= 0.005 corr= 1.000 ADC=   5 ZS= 1 digiE=   0.026
StFcsFastSimulatorMaker:INFO  - Det=0 id=671 dE=   0.000 SF= 0.200 gain= 0.005 corr= 1.000 ADC=   0 ZS= 1 digiE=   0.000
StFcsFastSimulatorMaker:INFO  - Det=0 id=683 dE=   0.005 SF= 0.200 gain= 0.005 corr= 1.000 ADC=   4 ZS= 1 digiE=   0.021
StFcsFastSimulatorMaker:INFO  - Det=0 id=704 dE=   0.001 SF= 0.200 gain= 0.005 corr= 1.000 ADC=   0 ZS= 1 digiE=   0.000
StFcsFastSimulatorMaker:INFO  - Det=0 id=709 dE=   0.001 SF= 0.200 gain= 0.005 corr= 1.000 ADC=   0 ZS= 1 digiE=   0.000
StFcsFastSimulatorMaker:INFO  - Det=0 id=711 dE=   0.001 SF= 0.200 gain= 0.005 corr= 1.000 ADC=   0 ZS= 1 digiE=   0.000
StFcsFastSimulatorMaker:INFO  - Det=0 id=713 dE=   0.003 SF= 0.200 gain= 0.005 corr= 1.000 ADC=   2 ZS= 1 digiE=   0.011
StFcsFastSimulatorMaker:INFO  - Det=0 id=714 dE=   0.000 SF= 0.200 gain= 0.005 corr= 1.000 ADC=   0 ZS= 1 digiE=   0.000
StFcsFastSimulatorMaker:INFO  - Det=0 id=715 dE=   0.001 SF= 0.200 gain= 0.005 corr= 1.000 ADC=   0 ZS= 1 digiE=   0.000
StFcsFastSimulatorMaker:INFO  - Det=0 id=716 dE=   0.001 SF= 0.200 gain= 0.005 corr= 1.000 ADC=   1 ZS= 1 digiE=   0.005
StFcsFastSimulatorMaker:INFO  - Det=0 id=718 dE=   0.001 SF= 0.200 gain= 0.005 corr= 1.000 ADC=   1 ZS= 1 digiE=   0.005
StFcsFastSimulatorMaker:INFO  - Det=0 id=726 dE=   0.000 SF= 0.200 gain= 0.005 corr= 1.000 ADC=   0 ZS= 1 digiE=   0.000
StFcsFastSimulatorMaker:INFO  - Det=0 id=729 dE=   0.001 SF= 0.200 gain= 0.005 corr= 1.000 ADC=   0 ZS= 1 digiE=   0.000
StFcsFastSimulatorMaker:INFO  - Det=0 id=731 dE=   0.001 SF= 0.200 gain= 0.005 corr= 1.000 ADC=   1 ZS= 1 digiE=   0.005
StFcsFastSimulatorMaker:INFO  - Det=0 id=739 dE=   0.005 SF= 0.200 gain= 0.005 corr= 1.000 ADC=   4 ZS= 1 digiE=   0.021
StFcsFastSimulatorMaker:INFO  - Det=1 id=  4 dE=   0.008 SF= 0.200 gain= 0.005 corr= 1.000 ADC=   7 ZS= 1 digiE=   0.037
StFcsFastSimulatorMaker:INFO  - Det=1 id= 10 dE=   0.006 SF= 0.200 gain= 0.005 corr= 1.000 ADC=   5 ZS= 1 digiE=   0.026
StFcsFastSimulatorMaker:INFO  - Det=1 id= 28 dE=   0.001 SF= 0.200 gain= 0.005 corr= 1.000 ADC=   0 ZS= 1 digiE=   0.000
StFcsFastSimulatorMaker:INFO  - Det=1 id= 31 dE=   0.004 SF= 0.200 gain= 0.005 corr= 1.000 ADC=   4 ZS= 1 digiE=   0.021
StFcsFastSimulatorMaker:INFO  - Det=1 id= 32 dE=   0.001 SF= 0.200 gain= 0.005 corr= 1.000 ADC=   1 ZS= 1 digiE=   0.005
StFcsFastSimulatorMaker:INFO  - Det=1 id= 33 dE=   0.001 SF= 0.200 gain= 0.005 corr= 1.000 ADC=   0 ZS= 1 digiE=   0.000
StFcsFastSimulatorMaker:INFO  - Det=1 id= 63 dE=   0.000 SF= 0.200 gain= 0.005 corr= 1.000 ADC=   0 ZS= 1 digiE=   0.000
StFcsFastSimulatorMaker:INFO  - Det=1 id= 69 dE=   0.001 SF= 0.200 gain= 0.005 corr= 1.000 ADC=   0 ZS= 1 digiE=   0.000
StFcsFastSimulatorMaker:INFO  - Det=1 id= 89 dE=   0.005 SF= 0.200 gain= 0.005 corr= 1.000 ADC=   4 ZS= 1 digiE=   0.021
StFcsFastSimulatorMaker:INFO  - Det=1 id= 94 dE=   0.000 SF= 0.200 gain= 0.005 corr= 1.000 ADC=   0 ZS= 1 digiE=   0.000
StFcsFastSimulatorMaker:INFO  - Det=1 id=111 dE=   0.002 SF= 0.200 gain= 0.005 corr= 1.000 ADC=   1 ZS= 1 digiE=   0.005
StFcsFastSimulatorMaker:INFO  - Det=1 id=112 dE=   0.001 SF= 0.200 gain= 0.005 corr= 1.000 ADC=   1 ZS= 1 digiE=   0.005
StFcsFastSimulatorMaker:INFO  - Det=1 id=129 dE=   0.001 SF= 0.200 gain= 0.005 corr= 1.000 ADC=   1 ZS= 1 digiE=   0.005
StFcsFastSimulatorMaker:INFO  - Det=1 id=130 dE=   0.005 SF= 0.200 gain= 0.005 corr= 1.000 ADC=   4 ZS= 1 digiE=   0.021
StFcsFastSimulatorMaker:INFO  - Det=1 id=133 dE=   0.007 SF= 0.200 gain= 0.005 corr= 1.000 ADC=   7 ZS= 1 digiE=   0.037
StFcsFastSimulatorMaker:INFO  - Det=1 id=140 dE=   0.001 SF= 0.200 gain= 0.005 corr= 1.000 ADC=   0 ZS= 1 digiE=   0.000
StFcsFastSimulatorMaker:INFO  - Det=1 id=143 dE=   0.000 SF= 0.200 gain= 0.005 corr= 1.000 ADC=   0 ZS= 1 digiE=   0.000
StFcsFastSimulatorMaker:INFO  - Det=1 id=151 dE=   0.001 SF= 0.200 gain= 0.005 corr= 1.000 ADC=   0 ZS= 1 digiE=   0.000
StFcsFastSimulatorMaker:INFO  - Det=1 id=159 dE=   0.001 SF= 0.200 gain= 0.005 corr= 1.000 ADC=   0 ZS= 1 digiE=   0.000
StFcsFastSimulatorMaker:INFO  - Det=1 id=162 dE=   0.006 SF= 0.200 gain= 0.005 corr= 1.000 ADC=   5 ZS= 1 digiE=   0.026
StFcsFastSimulatorMaker:INFO  - Det=1 id=165 dE=   0.001 SF= 0.200 gain= 0.005 corr= 1.000 ADC=   1 ZS= 1 digiE=   0.005
StFcsFastSimulatorMaker:INFO  - Det=1 id=180 dE=   0.000 SF= 0.200 gain= 0.005 corr= 1.000 ADC=   0 ZS= 1 digiE=   0.000
StFcsFastSimulatorMaker:INFO  - Det=1 id=181 dE=   0.004 SF= 0.200 gain= 0.005 corr= 1.000 ADC=   3 ZS= 1 digiE=   0.016
StFcsFastSimulatorMaker:INFO  - Det=1 id=183 dE=   0.001 SF= 0.200 gain= 0.005 corr= 1.000 ADC=   0 ZS= 1 digiE=   0.000
StFcsFastSimulatorMaker:INFO  - Det=1 id=196 dE=   0.001 SF= 0.200 gain= 0.005 corr= 1.000 ADC=   0 ZS= 1 digiE=   0.000
StFcsFastSimulatorMaker:INFO  - Det=1 id=197 dE=   0.003 SF= 0.200 gain= 0.005 corr= 1.000 ADC=   2 ZS= 1 digiE=   0.011
StFcsFastSimulatorMaker:INFO  - Det=1 id=210 dE=   0.001 SF= 0.200 gain= 0.005 corr= 1.000 ADC=   0 ZS= 1 digiE=   0.000
StFcsFastSimulatorMaker:INFO  - Det=1 id=243 dE=   0.000 SF= 0.200 gain= 0.005 corr= 1.000 ADC=   0 ZS= 1 digiE=   0.000
StFcsFastSimulatorMaker:INFO  - Det=1 id=244 dE=   0.002 SF= 0.200 gain= 0.005 corr= 1.000 ADC=   1 ZS= 1 digiE=   0.005
StFcsFastSimulatorMaker:INFO  - Det=1 id=266 dE=   0.005 SF= 0.200 gain= 0.005 corr= 1.000 ADC=   4 ZS= 1 digiE=   0.021
StFcsFastSimulatorMaker:INFO  - Det=1 id=270 dE=   0.006 SF= 0.200 gain= 0.005 corr= 1.000 ADC=   5 ZS= 1 digiE=   0.026
StFcsFastSimulatorMaker:INFO  - Det=1 id=272 dE=   0.002 SF= 0.200 gain= 0.005 corr= 1.000 ADC=   1 ZS= 1 digiE=   0.005
StFcsFastSimulatorMaker:INFO  - Det=1 id=286 dE=   0.001 SF= 0.200 gain= 0.005 corr= 1.000 ADC=   1 ZS= 1 digiE=   0.005
StFcsFastSimulatorMaker:INFO  - Det=1 id=289 dE=   0.006 SF= 0.200 gain= 0.005 corr= 1.000 ADC=   5 ZS= 1 digiE=   0.026
StFcsFastSimulatorMaker:INFO  - Det=1 id=294 dE=   0.008 SF= 0.200 gain= 0.005 corr= 1.000 ADC=   7 ZS= 1 digiE=   0.037
StFcsFastSimulatorMaker:INFO  - Det=1 id=295 dE=   0.001 SF= 0.200 gain= 0.005 corr= 1.000 ADC=   0 ZS= 1 digiE=   0.000
StFcsFastSimulatorMaker:INFO  - Det=1 id=301 dE=   0.001 SF= 0.200 gain= 0.005 corr= 1.000 ADC=   0 ZS= 1 digiE=   0.000
StFcsFastSimulatorMaker:INFO  - Det=1 id=302 dE=   0.001 SF= 0.200 gain= 0.005 corr= 1.000 ADC=   1 ZS= 1 digiE=   0.005
StFcsFastSimulatorMaker:INFO  - Det=1 id=309 dE=   0.004 SF= 0.200 gain= 0.005 corr= 1.000 ADC=   3 ZS= 1 digiE=   0.016
StFcsFastSimulatorMaker:INFO  - Det=1 id=313 dE=   0.001 SF= 0.200 gain= 0.005 corr= 1.000 ADC=   1 ZS= 1 digiE=   0.005
StFcsFastSimulatorMaker:INFO  - Det=1 id=314 dE=   0.008 SF= 0.200 gain= 0.005 corr= 1.000 ADC=   7 ZS= 1 digiE=   0.037
StFcsFastSimulatorMaker:INFO  - Det=1 id=317 dE=   0.000 SF= 0.200 gain= 0.005 corr= 1.000 ADC=   0 ZS= 1 digiE=   0.000
StFcsFastSimulatorMaker:INFO  - Det=1 id=323 dE=   0.002 SF= 0.200 gain= 0.005 corr= 1.000 ADC=   2 ZS= 1 digiE=   0.011
StFcsFastSimulatorMaker:INFO  - Det=1 id=333 dE=   0.000 SF= 0.200 gain= 0.005 corr= 1.000 ADC=   0 ZS= 1 digiE=   0.000
StFcsFastSimulatorMaker:INFO  - Det=1 id=334 dE=   0.007 SF= 0.200 gain= 0.005 corr= 1.000 ADC=   6 ZS= 1 digiE=   0.032
StFcsFastSimulatorMaker:INFO  - Det=1 id=335 dE=   0.005 SF= 0.200 gain= 0.005 corr= 1.000 ADC=   4 ZS= 1 digiE=   0.021
StFcsFastSimulatorMaker:INFO  - Det=1 id=336 dE=   0.006 SF= 0.200 gain= 0.005 corr= 1.000 ADC=   5 ZS= 1 digiE=   0.026
StFcsFastSimulatorMaker:INFO  - Det=1 id=339 dE=   0.008 SF= 0.200 gain= 0.005 corr= 1.000 ADC=   7 ZS= 1 digiE=   0.037
StFcsFastSimulatorMaker:INFO  - Det=1 id=340 dE=   0.002 SF= 0.200 gain= 0.005 corr= 1.000 ADC=   2 ZS= 1 digiE=   0.011
StFcsFastSimulatorMaker:INFO  - Det=1 id=353 dE=   0.002 SF= 0.200 gain= 0.005 corr= 1.000 ADC=   1 ZS= 1 digiE=   0.005
StFcsFastSimulatorMaker:INFO  - Det=1 id=354 dE=   0.002 SF= 0.200 gain= 0.005 corr= 1.000 ADC=   1 ZS= 1 digiE=   0.005
StFcsFastSimulatorMaker:INFO  - Det=1 id=355 dE=   0.000 SF= 0.200 gain= 0.005 corr= 1.000 ADC=   0 ZS= 1 digiE=   0.000
StFcsFastSimulatorMaker:INFO  - Det=1 id=356 dE=   0.002 SF= 0.200 gain= 0.005 corr= 1.000 ADC=   1 ZS= 1 digiE=   0.005
StFcsFastSimulatorMaker:INFO  - Det=1 id=357 dE=   0.002 SF= 0.200 gain= 0.005 corr= 1.000 ADC=   1 ZS= 1 digiE=   0.005
StFcsFastSimulatorMaker:INFO  - Det=1 id=358 dE=   0.005 SF= 0.200 gain= 0.005 corr= 1.000 ADC=   5 ZS= 1 digiE=   0.026
StFcsFastSimulatorMaker:INFO  - Det=1 id=361 dE=   0.001 SF= 0.200 gain= 0.005 corr= 1.000 ADC=   0 ZS= 1 digiE=   0.000
StFcsFastSimulatorMaker:INFO  - Det=1 id=362 dE=   0.001 SF= 0.200 gain= 0.005 corr= 1.000 ADC=   1 ZS= 1 digiE=   0.005
StFcsFastSimulatorMaker:INFO  - Det=1 id=375 dE=   0.000 SF= 0.200 gain= 0.005 corr= 1.000 ADC=   0 ZS= 1 digiE=   0.000
StFcsFastSimulatorMaker:INFO  - Det=1 id=377 dE=   0.001 SF= 0.200 gain= 0.005 corr= 1.000 ADC=   1 ZS= 1 digiE=   0.005
StFcsFastSimulatorMaker:INFO  - Det=1 id=381 dE=   0.002 SF= 0.200 gain= 0.005 corr= 1.000 ADC=   1 ZS= 1 digiE=   0.005
StFcsFastSimulatorMaker:INFO  - Det=1 id=382 dE=   0.013 SF= 0.200 gain= 0.005 corr= 1.000 ADC=  12 ZS= 1 digiE=   0.064
StFcsFastSimulatorMaker:INFO  - Det=1 id=392 dE=   0.000 SF= 0.200 gain= 0.005 corr= 1.000 ADC=   0 ZS= 1 digiE=   0.000
StFcsFastSimulatorMaker:INFO  - Det=1 id=402 dE=   0.001 SF= 0.200 gain= 0.005 corr= 1.000 ADC=   0 ZS= 1 digiE=   0.000
StFcsFastSimulatorMaker:INFO  - Det=1 id=404 dE=   0.001 SF= 0.200 gain= 0.005 corr= 1.000 ADC=   1 ZS= 1 digiE=   0.005
StFcsFastSimulatorMaker:INFO  - Det=1 id=407 dE=   0.017 SF= 0.200 gain= 0.005 corr= 1.000 ADC=  16 ZS= 1 digiE=   0.085
StFcsFastSimulatorMaker:INFO  - Det=1 id=410 dE=   0.000 SF= 0.200 gain= 0.005 corr= 1.000 ADC=   0 ZS= 1 digiE=   0.000
StFcsFastSimulatorMaker:INFO  - Det=1 id=412 dE=   0.002 SF= 0.200 gain= 0.005 corr= 1.000 ADC=   2 ZS= 1 digiE=   0.011
StFcsFastSimulatorMaker:INFO  - Det=1 id=418 dE=   0.002 SF= 0.200 gain= 0.005 corr= 1.000 ADC=   1 ZS= 1 digiE=   0.005
StFcsFastSimulatorMaker:INFO  - Det=1 id=419 dE=   0.005 SF= 0.200 gain= 0.005 corr= 1.000 ADC=   4 ZS= 1 digiE=   0.021
StFcsFastSimulatorMaker:INFO  - Det=1 id=432 dE=   0.006 SF= 0.200 gain= 0.005 corr= 1.000 ADC=   5 ZS= 1 digiE=   0.026
StFcsFastSimulatorMaker:INFO  - Det=1 id=440 dE=   0.002 SF= 0.200 gain= 0.005 corr= 1.000 ADC=   2 ZS= 1 digiE=   0.011
StFcsFastSimulatorMaker:INFO  - Det=1 id=441 dE=   0.009 SF= 0.200 gain= 0.005 corr= 1.000 ADC=   8 ZS= 1 digiE=   0.042
StFcsFastSimulatorMaker:INFO  - Det=1 id=442 dE=   0.024 SF= 0.200 gain= 0.005 corr= 1.000 ADC=  22 ZS= 1 digiE=   0.117
StFcsFastSimulatorMaker:INFO  - Det=1 id=444 dE=   0.002 SF= 0.200 gain= 0.005 corr= 1.000 ADC=   2 ZS= 1 digiE=   0.011
StFcsFastSimulatorMaker:INFO  - Det=1 id=445 dE=   0.003 SF= 0.200 gain= 0.005 corr= 1.000 ADC=   2 ZS= 1 digiE=   0.011
StFcsFastSimulatorMaker:INFO  - Det=1 id=462 dE=   0.002 SF= 0.200 gain= 0.005 corr= 1.000 ADC=   2 ZS= 1 digiE=   0.011
StFcsFastSimulatorMaker:INFO  - Det=1 id=463 dE=   0.002 SF= 0.200 gain= 0.005 corr= 1.000 ADC=   2 ZS= 1 digiE=   0.011
StFcsFastSimulatorMaker:INFO  - Det=1 id=464 dE=   0.001 SF= 0.200 gain= 0.005 corr= 1.000 ADC=   0 ZS= 1 digiE=   0.000
StFcsFastSimulatorMaker:INFO  - Det=1 id=466 dE=   0.001 SF= 0.200 gain= 0.005 corr= 1.000 ADC=   0 ZS= 1 digiE=   0.000
StFcsFastSimulatorMaker:INFO  - Det=1 id=467 dE=   0.005 SF= 0.200 gain= 0.005 corr= 1.000 ADC=   4 ZS= 1 digiE=   0.021
StFcsFastSimulatorMaker:INFO  - Det=1 id=468 dE=   0.005 SF= 0.200 gain= 0.005 corr= 1.000 ADC=   4 ZS= 1 digiE=   0.021
StFcsFastSimulatorMaker:INFO  - Det=1 id=470 dE=   0.001 SF= 0.200 gain= 0.005 corr= 1.000 ADC=   0 ZS= 1 digiE=   0.000
StFcsFastSimulatorMaker:INFO  - Det=1 id=484 dE=   0.014 SF= 0.200 gain= 0.005 corr= 1.000 ADC=  13 ZS= 1 digiE=   0.069
StFcsFastSimulatorMaker:INFO  - Det=1 id=486 dE=   0.000 SF= 0.200 gain= 0.005 corr= 1.000 ADC=   0 ZS= 1 digiE=   0.000
StFcsFastSimulatorMaker:INFO  - Det=1 id=487 dE=   0.002 SF= 0.200 gain= 0.005 corr= 1.000 ADC=   1 ZS= 1 digiE=   0.005
StFcsFastSimulatorMaker:INFO  - Det=1 id=489 dE=   0.021 SF= 0.200 gain= 0.005 corr= 1.000 ADC=  19 ZS= 1 digiE=   0.101
StFcsFastSimulatorMaker:INFO  - Det=1 id=491 dE=   0.001 SF= 0.200 gain= 0.005 corr= 1.000 ADC=   0 ZS= 1 digiE=   0.000
StFcsFastSimulatorMaker:INFO  - Det=1 id=494 dE=   0.002 SF= 0.200 gain= 0.005 corr= 1.000 ADC=   1 ZS= 1 digiE=   0.005
StFcsFastSimulatorMaker:INFO  - Det=1 id=503 dE=   0.004 SF= 0.200 gain= 0.005 corr= 1.000 ADC=   3 ZS= 1 digiE=   0.016
StFcsFastSimulatorMaker:INFO  - Det=1 id=506 dE=   0.035 SF= 0.200 gain= 0.005 corr= 1.000 ADC=  33 ZS= 1 digiE=   0.175
StFcsFastSimulatorMaker:INFO  - Det=1 id=507 dE=   0.005 SF= 0.200 gain= 0.005 corr= 1.000 ADC=   4 ZS= 1 digiE=   0.021
StFcsFastSimulatorMaker:INFO  - Det=1 id=508 dE=   0.001 SF= 0.200 gain= 0.005 corr= 1.000 ADC=   0 ZS= 1 digiE=   0.000
StFcsFastSimulatorMaker:INFO  - Det=1 id=509 dE=   0.008 SF= 0.200 gain= 0.005 corr= 1.000 ADC=   7 ZS= 1 digiE=   0.037
StFcsFastSimulatorMaker:INFO  - Det=1 id=510 dE=   0.001 SF= 0.200 gain= 0.005 corr= 1.000 ADC=   0 ZS= 1 digiE=   0.000
StFcsFastSimulatorMaker:INFO  - Det=1 id=512 dE=   0.001 SF= 0.200 gain= 0.005 corr= 1.000 ADC=   0 ZS= 1 digiE=   0.000
StFcsFastSimulatorMaker:INFO  - Det=1 id=516 dE=   0.001 SF= 0.200 gain= 0.005 corr= 1.000 ADC=   0 ZS= 1 digiE=   0.000
StFcsFastSimulatorMaker:INFO  - Det=1 id=520 dE=   0.000 SF= 0.200 gain= 0.005 corr= 1.000 ADC=   0 ZS= 1 digiE=   0.000
StFcsFastSimulatorMaker:INFO  - Det=1 id=528 dE=   0.006 SF= 0.200 gain= 0.005 corr= 1.000 ADC=   5 ZS= 1 digiE=   0.026
StFcsFastSimulatorMaker:INFO  - Det=1 id=531 dE=   0.002 SF= 0.200 gain= 0.005 corr= 1.000 ADC=   1 ZS= 1 digiE=   0.005
StFcsFastSimulatorMaker:INFO  - Det=1 id=532 dE=   0.013 SF= 0.200 gain= 0.005 corr= 1.000 ADC=  12 ZS= 1 digiE=   0.064
StFcsFastSimulatorMaker:INFO  - Det=1 id=533 dE=   0.014 SF= 0.200 gain= 0.005 corr= 1.000 ADC=  13 ZS= 1 digiE=   0.069
StFcsFastSimulatorMaker:INFO  - Det=1 id=534 dE=   0.001 SF= 0.200 gain= 0.005 corr= 1.000 ADC=   0 ZS= 1 digiE=   0.000
StFcsFastSimulatorMaker:INFO  - Det=1 id=537 dE=   0.001 SF= 0.200 gain= 0.005 corr= 1.000 ADC=   1 ZS= 1 digiE=   0.005
StFcsFastSimulatorMaker:INFO  - Det=1 id=540 dE=   0.002 SF= 0.200 gain= 0.005 corr= 1.000 ADC=   1 ZS= 1 digiE=   0.005
StFcsFastSimulatorMaker:INFO  - Det=1 id=550 dE=   0.005 SF= 0.200 gain= 0.005 corr= 1.000 ADC=   4 ZS= 1 digiE=   0.021
StFcsFastSimulatorMaker:INFO  - Det=1 id=551 dE=   0.007 SF= 0.200 gain= 0.005 corr= 1.000 ADC=   6 ZS= 1 digiE=   0.032
StFcsFastSimulatorMaker:INFO  - Det=1 id=552 dE=   0.002 SF= 0.200 gain= 0.005 corr= 1.000 ADC=   2 ZS= 1 digiE=   0.011
StFcsFastSimulatorMaker:INFO  - Det=1 id=554 dE=   0.006 SF= 0.200 gain= 0.005 corr= 1.000 ADC=   5 ZS= 1 digiE=   0.026
StFcsFastSimulatorMaker:INFO  - Det=1 id=555 dE=   0.001 SF= 0.200 gain= 0.005 corr= 1.000 ADC=   0 ZS= 1 digiE=   0.000
StFcsFastSimulatorMaker:INFO  - Det=1 id=559 dE=   0.002 SF= 0.200 gain= 0.005 corr= 1.000 ADC=   2 ZS= 1 digiE=   0.011
StFcsFastSimulatorMaker:INFO  - Det=1 id=566 dE=   0.000 SF= 0.200 gain= 0.005 corr= 1.000 ADC=   0 ZS= 1 digiE=   0.000
StFcsFastSimulatorMaker:INFO  - Det=1 id=572 dE=   0.007 SF= 0.200 gain= 0.005 corr= 1.000 ADC=   6 ZS= 1 digiE=   0.032
StFcsFastSimulatorMaker:INFO  - Det=1 id=574 dE=   0.001 SF= 0.200 gain= 0.005 corr= 1.000 ADC=   0 ZS= 1 digiE=   0.000
StFcsFastSimulatorMaker:INFO  - Det=1 id=575 dE=   0.001 SF= 0.200 gain= 0.005 corr= 1.000 ADC=   0 ZS= 1 digiE=   0.000
StFcsFastSimulatorMaker:INFO  - Det=1 id=577 dE=   0.003 SF= 0.200 gain= 0.005 corr= 1.000 ADC=   3 ZS= 1 digiE=   0.016
StFcsFastSimulatorMaker:INFO  - Det=1 id=581 dE=   0.010 SF= 0.200 gain= 0.005 corr= 1.000 ADC=   9 ZS= 1 digiE=   0.048
StFcsFastSimulatorMaker:INFO  - Det=1 id=587 dE=   0.003 SF= 0.200 gain= 0.005 corr= 1.000 ADC=   2 ZS= 1 digiE=   0.011
StFcsFastSimulatorMaker:INFO  - Det=1 id=594 dE=   0.008 SF= 0.200 gain= 0.005 corr= 1.000 ADC=   7 ZS= 1 digiE=   0.037
StFcsFastSimulatorMaker:INFO  - Det=1 id=595 dE=   0.014 SF= 0.200 gain= 0.005 corr= 1.000 ADC=  13 ZS= 1 digiE=   0.069
StFcsFastSimulatorMaker:INFO  - Det=1 id=596 dE=   0.004 SF= 0.200 gain= 0.005 corr= 1.000 ADC=   4 ZS= 1 digiE=   0.021
StFcsFastSimulatorMaker:INFO  - Det=1 id=597 dE=   0.013 SF= 0.200 gain= 0.005 corr= 1.000 ADC=  12 ZS= 1 digiE=   0.064
StFcsFastSimulatorMaker:INFO  - Det=1 id=598 dE=   0.000 SF= 0.200 gain= 0.005 corr= 1.000 ADC=   0 ZS= 1 digiE=   0.000
StFcsFastSimulatorMaker:INFO  - Det=1 id=599 dE=   0.003 SF= 0.200 gain= 0.005 corr= 1.000 ADC=   2 ZS= 1 digiE=   0.011
StFcsFastSimulatorMaker:INFO  - Det=1 id=604 dE=   0.005 SF= 0.200 gain= 0.005 corr= 1.000 ADC=   4 ZS= 1 digiE=   0.021
StFcsFastSimulatorMaker:INFO  - Det=1 id=605 dE=   0.000 SF= 0.200 gain= 0.005 corr= 1.000 ADC=   0 ZS= 1 digiE=   0.000
StFcsFastSimulatorMaker:INFO  - Det=1 id=610 dE=   0.000 SF= 0.200 gain= 0.005 corr= 1.000 ADC=   0 ZS= 1 digiE=   0.000
StFcsFastSimulatorMaker:INFO  - Det=1 id=616 dE=   0.006 SF= 0.200 gain= 0.005 corr= 1.000 ADC=   5 ZS= 1 digiE=   0.026
StFcsFastSimulatorMaker:INFO  - Det=1 id=617 dE=   0.020 SF= 0.200 gain= 0.005 corr= 1.000 ADC=  18 ZS= 1 digiE=   0.095
StFcsFastSimulatorMaker:INFO  - Det=1 id=620 dE=   0.003 SF= 0.200 gain= 0.005 corr= 1.000 ADC=   3 ZS= 1 digiE=   0.016
StFcsFastSimulatorMaker:INFO  - Det=1 id=621 dE=   0.001 SF= 0.200 gain= 0.005 corr= 1.000 ADC=   0 ZS= 1 digiE=   0.000
StFcsFastSimulatorMaker:INFO  - Det=1 id=622 dE=   0.003 SF= 0.200 gain= 0.005 corr= 1.000 ADC=   2 ZS= 1 digiE=   0.011
StFcsFastSimulatorMaker:INFO  - Det=1 id=623 dE=   0.000 SF= 0.200 gain= 0.005 corr= 1.000 ADC=   0 ZS= 1 digiE=   0.000
StFcsFastSimulatorMaker:INFO  - Det=1 id=624 dE=   0.001 SF= 0.200 gain= 0.005 corr= 1.000 ADC=   1 ZS= 1 digiE=   0.005
StFcsFastSimulatorMaker:INFO  - Det=1 id=626 dE=   0.002 SF= 0.200 gain= 0.005 corr= 1.000 ADC=   1 ZS= 1 digiE=   0.005
StFcsFastSimulatorMaker:INFO  - Det=1 id=627 dE=   0.004 SF= 0.200 gain= 0.005 corr= 1.000 ADC=   4 ZS= 1 digiE=   0.021
StFcsFastSimulatorMaker:INFO  - Det=1 id=628 dE=   0.003 SF= 0.200 gain= 0.005 corr= 1.000 ADC=   3 ZS= 1 digiE=   0.016
StFcsFastSimulatorMaker:INFO  - Det=1 id=629 dE=   0.006 SF= 0.200 gain= 0.005 corr= 1.000 ADC=   5 ZS= 1 digiE=   0.026
StFcsFastSimulatorMaker:INFO  - Det=1 id=638 dE=   0.002 SF= 0.200 gain= 0.005 corr= 1.000 ADC=   1 ZS= 1 digiE=   0.005
StFcsFastSimulatorMaker:INFO  - Det=1 id=639 dE=   0.003 SF= 0.200 gain= 0.005 corr= 1.000 ADC=   2 ZS= 1 digiE=   0.011
StFcsFastSimulatorMaker:INFO  - Det=1 id=641 dE=   0.005 SF= 0.200 gain= 0.005 corr= 1.000 ADC=   4 ZS= 1 digiE=   0.021
StFcsFastSimulatorMaker:INFO  - Det=1 id=642 dE=   0.005 SF= 0.200 gain= 0.005 corr= 1.000 ADC=   4 ZS= 1 digiE=   0.021
StFcsFastSimulatorMaker:INFO  - Det=1 id=650 dE=   0.000 SF= 0.200 gain= 0.005 corr= 1.000 ADC=   0 ZS= 1 digiE=   0.000
StFcsFastSimulatorMaker:INFO  - Det=1 id=653 dE=   0.002 SF= 0.200 gain= 0.005 corr= 1.000 ADC=   1 ZS= 1 digiE=   0.005
StFcsFastSimulatorMaker:INFO  - Det=1 id=659 dE=   0.004 SF= 0.200 gain= 0.005 corr= 1.000 ADC=   3 ZS= 1 digiE=   0.016
StFcsFastSimulatorMaker:INFO  - Det=1 id=660 dE=   0.001 SF= 0.200 gain= 0.005 corr= 1.000 ADC=   0 ZS= 1 digiE=   0.000
StFcsFastSimulatorMaker:INFO  - Det=1 id=661 dE=   0.012 SF= 0.200 gain= 0.005 corr= 1.000 ADC=  11 ZS= 1 digiE=   0.058
StFcsFastSimulatorMaker:INFO  - Det=1 id=667 dE=   0.002 SF= 0.200 gain= 0.005 corr= 1.000 ADC=   1 ZS= 1 digiE=   0.005
StFcsFastSimulatorMaker:INFO  - Det=1 id=670 dE=   0.000 SF= 0.200 gain= 0.005 corr= 1.000 ADC=   0 ZS= 1 digiE=   0.000
StFcsFastSimulatorMaker:INFO  - Det=1 id=681 dE=   0.008 SF= 0.200 gain= 0.005 corr= 1.000 ADC=   7 ZS= 1 digiE=   0.037
StFcsFastSimulatorMaker:INFO  - Det=1 id=682 dE=   0.002 SF= 0.200 gain= 0.005 corr= 1.000 ADC=   1 ZS= 1 digiE=   0.005
StFcsFastSimulatorMaker:INFO  - Det=1 id=683 dE=   0.001 SF= 0.200 gain= 0.005 corr= 1.000 ADC=   1 ZS= 1 digiE=   0.005
StFcsFastSimulatorMaker:INFO  - Det=1 id=684 dE=   0.007 SF= 0.200 gain= 0.005 corr= 1.000 ADC=   6 ZS= 1 digiE=   0.032
StFcsFastSimulatorMaker:INFO  - Det=1 id=686 dE=   0.000 SF= 0.200 gain= 0.005 corr= 1.000 ADC=   0 ZS= 1 digiE=   0.000
StFcsFastSimulatorMaker:INFO  - Det=1 id=689 dE=   0.000 SF= 0.200 gain= 0.005 corr= 1.000 ADC=   0 ZS= 1 digiE=   0.000
StFcsFastSimulatorMaker:INFO  - Det=1 id=695 dE=   0.001 SF= 0.200 gain= 0.005 corr= 1.000 ADC=   0 ZS= 1 digiE=   0.000
StFcsFastSimulatorMaker:INFO  - Det=1 id=702 dE=   0.005 SF= 0.200 gain= 0.005 corr= 1.000 ADC=   4 ZS= 1 digiE=   0.021
StFcsFastSimulatorMaker:INFO  - Det=1 id=704 dE=   0.001 SF= 0.200 gain= 0.005 corr= 1.000 ADC=   0 ZS= 1 digiE=   0.000
StFcsFastSimulatorMaker:INFO  - Det=1 id=708 dE=   0.002 SF= 0.200 gain= 0.005 corr= 1.000 ADC=   1 ZS= 1 digiE=   0.005
StFcsFastSimulatorMaker:INFO  - Det=1 id=711 dE=   0.001 SF= 0.200 gain= 0.005 corr= 1.000 ADC=   1 ZS= 1 digiE=   0.005
StFcsFastSimulatorMaker:INFO  - Det=1 id=715 dE=   0.001 SF= 0.200 gain= 0.005 corr= 1.000 ADC=   0 ZS= 1 digiE=   0.000
StFcsFastSimulatorMaker:INFO  - Det=1 id=717 dE=   0.000 SF= 0.200 gain= 0.005 corr= 1.000 ADC=   0 ZS= 1 digiE=   0.000
StFcsFastSimulatorMaker:INFO  - Det=1 id=726 dE=   0.001 SF= 0.200 gain= 0.005 corr= 1.000 ADC=   0 ZS= 1 digiE=   0.000
StFcsFastSimulatorMaker:INFO  - Det=1 id=727 dE=   0.000 SF= 0.200 gain= 0.005 corr= 1.000 ADC=   0 ZS= 1 digiE=   0.000
StFcsFastSimulatorMaker:INFO  - Det=1 id=728 dE=   0.001 SF= 0.200 gain= 0.005 corr= 1.000 ADC=   0 ZS= 1 digiE=   0.000
StFcsFastSimulatorMaker:INFO  - Det=1 id=729 dE=   0.000 SF= 0.200 gain= 0.005 corr= 1.000 ADC=   0 ZS= 1 digiE=   0.000
StFcsFastSimulatorMaker:INFO  - Det=1 id=733 dE=   0.003 SF= 0.200 gain= 0.005 corr= 1.000 ADC=   2 ZS= 1 digiE=   0.011
StFcsFastSimulatorMaker:INFO  - Det=1 id=740 dE=   0.004 SF= 0.200 gain= 0.005 corr= 1.000 ADC=   3 ZS= 1 digiE=   0.016
StFcsFastSimulatorMaker:INFO  - Det=2 id= 97 dE=   0.001 SF= 0.014 gain= 0.005 corr= 1.000 ADC=  11 ZS= 1 digiE=   0.058
StFcsFastSimulatorMaker:INFO  - Det=2 id=104 dE=   0.000 SF= 0.014 gain= 0.005 corr= 1.000 ADC=   0 ZS= 1 digiE=   0.000
StFcsFastSimulatorMaker:INFO  - Det=2 id=117 dE=   0.000 SF= 0.014 gain= 0.005 corr= 1.000 ADC=   1 ZS= 1 digiE=   0.005
StFcsFastSimulatorMaker:INFO  - Det=2 id=143 dE=   0.000 SF= 0.014 gain= 0.005 corr= 1.000 ADC=   0 ZS= 1 digiE=   0.000
StFcsFastSimulatorMaker:INFO  - Det=2 id=156 dE=   0.003 SF= 0.014 gain= 0.005 corr= 1.000 ADC=  43 ZS= 1 digiE=   0.228
StFcsFastSimulatorMaker:INFO  - Det=2 id=221 dE=   0.001 SF= 0.014 gain= 0.005 corr= 1.000 ADC=  10 ZS= 1 digiE=   0.053
StFcsFastSimulatorMaker:INFO  - Det=3 id=182 dE=   0.001 SF= 0.014 gain= 0.005 corr= 1.000 ADC=   7 ZS= 1 digiE=   0.037
StFcsFastSimulatorMaker:INFO  - Det=3 id=195 dE=   0.002 SF= 0.014 gain= 0.005 corr= 1.000 ADC=  20 ZS= 1 digiE=   0.106
StFcsFastSimulatorMaker:INFO  - Det=3 id=208 dE=   0.001 SF= 0.014 gain= 0.005 corr= 1.000 ADC=  16 ZS= 1 digiE=   0.085
StFcsFastSimulatorMaker:INFO  - Det=3 id=234 dE=   0.001 SF= 0.014 gain= 0.005 corr= 1.000 ADC=  13 ZS= 1 digiE=   0.069
StFcsFastSimulatorMaker:INFO  - wca Found 309 g2t hits in 144 cells, created 144 hits with ADC>ZS(1) and Etot=   4.680
StFcsFastSimulatorMaker:INFO  - hca Found 10 g2t hits in 7 cells, created 7 hits with ADC>ZS(1) and Etot=   0.636
StFcsFastSimulatorMaker:INFO  - pre Found 0 g2t hits in 0 cells, created 0 hits with ADC>ZS(1) and Etot=   0.000
StFcsFastSimulatorMaker:INFO  - *** StFcsFastSimulatorMaker::Make() == StOK(0) ***
StFcsWaveformFitMaker:INFO  - *** StFcsWaveformFitMaker::Make() == StOK(0) ***
StFcsClusterMaker:DEBUG - StFcsClusterMaker Make!!!
  *** Print FCS collection ***  RecFlag=0
  *** FCS Det=0 *** NHit= 67 NCluster=  7 NPoint=  0
StFcsHit: det= 0 id=530 | ns=0 ehp=0 dep=10 ch=29 | Ntb=  1 Sum=     0 Fit=  0.00   0.00 E=  0.12 |   22 (  0) 
StFcsHit: det= 0 id=462 | ns=0 ehp=0 dep=22 ch=20 | Ntb=  1 Sum=     0 Fit=  0.00   0.00 E=  0.11 |   21 (  0) 
StFcsHit: det= 0 id=396 | ns=0 ehp=0 dep=22 ch=17 | Ntb=  1 Sum=     0 Fit=  0.00   0.00 E=  0.10 |   19 (  0) 
StFcsHit: det= 0 id=484 | ns=0 ehp=0 dep=22 ch=21 | Ntb=  1 Sum=     0 Fit=  0.00   0.00 E=  0.09 |   17 (  0) 
StFcsHit: det= 0 id=528 | ns=0 ehp=0 dep=22 ch=23 | Ntb=  1 Sum=     0 Fit=  0.00   0.00 E=  0.08 |   15 (  0) 
StFcsHit: det= 0 id=494 | ns=0 ehp=0 dep=12 ch=21 | Ntb=  1 Sum=     0 Fit=  0.00   0.00 E=  0.08 |   15 (  0) 
StFcsHit: det= 0 id=353 | ns=0 ehp=0 dep= 5 ch=28 | Ntb=  1 Sum=     0 Fit=  0.00   0.00 E=  0.06 |   12 (  0) 
StFcsHit: det= 0 id=555 | ns=0 ehp=0 dep=16 ch= 0 | Ntb=  1 Sum=     0 Fit=  0.00   0.00 E=  0.06 |   12 (  0) 
StFcsHit: det= 0 id=552 | ns=0 ehp=0 dep=15 ch= 1 | Ntb=  1 Sum=     0 Fit=  0.00   0.00 E=  0.06 |   12 (  0) 
StFcsHit: det= 0 id=492 | ns=0 ehp=0 dep=11 ch=23 | Ntb=  1 Sum=     0 Fit=  0.00   0.00 E=  0.05 |    9 (  0) 
StFcsHit: det= 0 id=465 | ns=0 ehp=0 dep=10 ch=18 | Ntb=  1 Sum=     0 Fit=  0.00   0.00 E=  0.05 |    9 (  0) 
StFcsHit: det= 0 id=377 | ns=0 ehp=0 dep=10 ch= 2 | Ntb=  1 Sum=     0 Fit=  0.00   0.00 E=  0.04 |    8 (  0) 
StFcsHit: det= 0 id=294 | ns=0 ehp=0 dep= 6 ch=19 | Ntb=  1 Sum=     0 Fit=  0.00   0.00 E=  0.04 |    8 (  0) 
StFcsHit: det= 0 id=533 | ns=0 ehp=0 dep=11 ch=28 | Ntb=  1 Sum=     0 Fit=  0.00   0.00 E=  0.04 |    8 (  0) 
StFcsHit: det= 0 id=421 | ns=0 ehp=0 dep=10 ch=10 | Ntb=  1 Sum=     0 Fit=  0.00   0.00 E=  0.04 |    8 (  0) 
StFcsHit: det= 0 id=508 | ns=0 ehp=0 dep=10 ch=25 | Ntb=  1 Sum=     0 Fit=  0.00   0.00 E=  0.04 |    7 (  0) 
StFcsHit: det= 0 id=440 | ns=0 ehp=0 dep=22 ch=19 | Ntb=  1 Sum=     0 Fit=  0.00   0.00 E=  0.04 |    7 (  0) 
StFcsHit: det= 0 id=514 | ns=0 ehp=0 dep=11 ch=27 | Ntb=  1 Sum=     0 Fit=  0.00   0.00 E=  0.04 |    7 (  0) 
StFcsHit: det= 0 id=601 | ns=0 ehp=0 dep=16 ch=10 | Ntb=  1 Sum=     0 Fit=  0.00   0.00 E=  0.04 |    7 (  0) 
StFcsHit: det= 0 id=263 | ns=0 ehp=0 dep=23 ch=10 | Ntb=  1 Sum=     0 Fit=  0.00   0.00 E=  0.04 |    7 (  0) 
StFcsHit: det= 0 id=371 | ns=0 ehp=0 dep= 9 ch=30 | Ntb=  1 Sum=     0 Fit=  0.00   0.00 E=  0.04 |    7 (  0) 
StFcsHit: det= 0 id=384 | ns=0 ehp=0 dep=12 ch= 1 | Ntb=  1 Sum=     0 Fit=  0.00   0.00 E=  0.04 |    7 (  0) 
StFcsHit: det= 0 id=397 | ns=0 ehp=0 dep=10 ch= 4 | Ntb=  1 Sum=     0 Fit=  0.00   0.00 E=  0.04 |    7 (  0) 
StFcsHit: det= 0 id=403 | ns=0 ehp=0 dep=11 ch= 6 | Ntb=  1 Sum=     0 Fit=  0.00   0.00 E=  0.04 |    7 (  0) 
StFcsHit: det= 0 id=577 | ns=0 ehp=0 dep=16 ch= 4 | Ntb=  1 Sum=     0 Fit=  0.00   0.00 E=  0.03 |    6 (  0) 
StFcsHit: det= 0 id=534 | ns=0 ehp=0 dep=11 ch=29 | Ntb=  1 Sum=     0 Fit=  0.00   0.00 E=  0.03 |    6 (  0) 
StFcsHit: det= 0 id=664 | ns=0 ehp=0 dep=15 ch=23 | Ntb=  1 Sum=     0 Fit=  0.00   0.00 E=  0.03 |    6 (  0) 
StFcsHit: det= 0 id=594 | ns=0 ehp=0 dep=22 ch=26 | Ntb=  1 Sum=     0 Fit=  0.00   0.00 E=  0.03 |    6 (  0) 
StFcsHit: det= 0 id=619 | ns=0 ehp=0 dep=15 ch=14 | Ntb=  1 Sum=     0 Fit=  0.00   0.00 E=  0.03 |    6 (  0) 
StFcsHit: det= 0 id=443 | ns=0 ehp=0 dep=10 ch=14 | Ntb=  1 Sum=     0 Fit=  0.00   0.00 E=  0.03 |    6 (  0) 
StFcsHit: det= 0 id=420 | ns=0 ehp=0 dep=10 ch= 9 | Ntb=  1 Sum=     0 Fit=  0.00   0.00 E=  0.03 |    6 (  0) 
StFcsHit: det= 0 id=575 | ns=0 ehp=0 dep=15 ch= 6 | Ntb=  1 Sum=     0 Fit=  0.00   0.00 E=  0.03 |    5 (  0) 
StFcsHit: det= 0 id=159 | ns=0 ehp=0 dep= 1 ch=24 | Ntb=  1 Sum=     0 Fit=  0.00   0.00 E=  0.03 |    5 (  0) 
StFcsHit: det= 0 id=616 | ns=0 ehp=0 dep=22 ch=27 | Ntb=  1 Sum=     0 Fit=  0.00   0.00 E=  0.03 |    5 (  0) 
StFcsHit: det= 0 id=640 | ns=0 ehp=0 dep=15 ch=17 | Ntb=  1 Sum=     0 Fit=  0.00   0.00 E=  0.03 |    5 (  0) 
StFcsHit: det= 0 id=506 | ns=0 ehp=0 dep=22 ch=22 | Ntb=  1 Sum=     0 Fit=  0.00   0.00 E=  0.03 |    5 (  0) 
StFcsHit: det= 0 id=509 | ns=0 ehp=0 dep=10 ch=26 | Ntb=  1 Sum=     0 Fit=  0.00   0.00 E=  0.03 |    5 (  0) 
StFcsHit: det= 0 id=665 | ns=0 ehp=0 dep=16 ch=20 | Ntb=  1 Sum=     0 Fit=  0.00   0.00 E=  0.03 |    5 (  0) 
StFcsHit: det= 0 id=683 | ns=0 ehp=0 dep=15 ch=24 | Ntb=  1 Sum=     0 Fit=  0.00   0.00 E=  0.02 |    4 (  0) 
StFcsHit: det= 0 id=643 | ns=0 ehp=0 dep=16 ch=16 | Ntb=  1 Sum=     0 Fit=  0.00   0.00 E=  0.02 |    4 (  0) 
StFcsHit: det= 0 id=599 | ns=0 ehp=0 dep=16 ch= 8 | Ntb=  1 Sum=     0 Fit=  0.00   0.00 E=  0.02 |    4 (  0) 
StFcsHit: det= 0 id=739 | ns=0 ehp=0 dep=21 ch=13 | Ntb=  1 Sum=     0 Fit=  0.00   0.00 E=  0.02 |    4 (  0) 
StFcsHit: det= 0 id=602 | ns=0 ehp=0 dep=16 ch=11 | Ntb=  1 Sum=     0 Fit=  0.00   0.00 E=  0.02 |    4 (  0) 
StFcsHit: det= 0 id=352 | ns=0 ehp=0 dep=22 ch=15 | Ntb=  1 Sum=     0 Fit=  0.00   0.00 E=  0.02 |    4 (  0) 
StFcsHit: det= 0 id=511 | ns=0 ehp=0 dep=11 ch=24 | Ntb=  1 Sum=     0 Fit=  0.00   0.00 E=  0.02 |    4 (  0) 
StFcsHit: det= 0 id=529 | ns=0 ehp=0 dep=10 ch=28 | Ntb=  1 Sum=     0 Fit=  0.00   0.00 E=  0.02 |    4 (  0) 
StFcsHit: det= 0 id=426 | ns=0 ehp=0 dep=11 ch=11 | Ntb=  1 Sum=     0 Fit=  0.00   0.00 E=  0.02 |    3 (  0) 
StFcsHit: det= 0 id= 12 | ns=0 ehp=0 dep=20 ch=12 | Ntb=  1 Sum=     0 Fit=  0.00   0.00 E=  0.02 |    3 (  0) 
StFcsHit: det= 0 id= 48 | ns=0 ehp=0 dep= 0 ch= 7 | Ntb=  1 Sum=     0 Fit=  0.00   0.00 E=  0.02 |    3 (  0) 
StFcsHit: det= 0 id=618 | ns=0 ehp=0 dep=15 ch=13 | Ntb=  1 Sum=     0 Fit=  0.00   0.00 E=  0.02 |    3 (  0) 
StFcsHit: det= 0 id=448 | ns=0 ehp=0 dep=11 ch=15 | Ntb=  1 Sum=     0 Fit=  0.00   0.00 E=  0.02 |    3 (  0) 
StFcsHit: det= 0 id=466 | ns=0 ehp=0 dep=10 ch=19 | Ntb=  1 Sum=     0 Fit=  0.00   0.00 E=  0.02 |    3 (  0) 
StFcsHit: det= 0 id=491 | ns=0 ehp=0 dep=11 ch=22 | Ntb=  1 Sum=     0 Fit=  0.00   0.00 E=  0.02 |    3 (  0) 
StFcsHit: det= 0 id=513 | ns=0 ehp=0 dep=11 ch=26 | Ntb=  1 Sum=     0 Fit=  0.00   0.00 E=  0.02 |    3 (  0) 
StFcsHit: det= 0 id=595 | ns=0 ehp=0 dep=15 ch= 8 | Ntb=  1 Sum=     0 Fit=  0.00   0.00 E=  0.01 |    2 (  0) 
StFcsHit: det= 0 id=485 | ns=0 ehp=0 dep=10 ch=20 | Ntb=  1 Sum=     0 Fit=  0.00   0.00 E=  0.01 |    2 (  0) 
StFcsHit: det= 0 id=444 | ns=0 ehp=0 dep=10 ch=15 | Ntb=  1 Sum=     0 Fit=  0.00   0.00 E=  0.01 |    2 (  0) 
StFcsHit: det= 0 id=490 | ns=0 ehp=0 dep=11 ch=21 | Ntb=  1 Sum=     0 Fit=  0.00   0.00 E=  0.01 |    2 (  0) 
StFcsHit: det= 0 id=603 | ns=0 ehp=0 dep=17 ch= 8 | Ntb=  1 Sum=     0 Fit=  0.00   0.00 E=  0.01 |    2 (  0) 
StFcsHit: det= 0 id=419 | ns=0 ehp=0 dep=10 ch= 8 | Ntb=  1 Sum=     0 Fit=  0.00   0.00 E=  0.01 |    2 (  0) 
StFcsHit: det= 0 id=418 | ns=0 ehp=0 dep=22 ch=18 | Ntb=  1 Sum=     0 Fit=  0.00   0.00 E=  0.01 |    2 (  0) 
StFcsHit: det= 0 id=536 | ns=0 ehp=0 dep=11 ch=31 | Ntb=  1 Sum=     0 Fit=  0.00   0.00 E=  0.01 |    2 (  0) 
StFcsHit: det= 0 id=317 | ns=0 ehp=0 dep= 7 ch=20 | Ntb=  1 Sum=     0 Fit=  0.00   0.00 E=  0.01 |    2 (  0) 
StFcsHit: det= 0 id=248 | ns=0 ehp=0 dep= 6 ch= 9 | Ntb=  1 Sum=     0 Fit=  0.00   0.00 E=  0.01 |    2 (  0) 
StFcsHit: det= 0 id=134 | ns=0 ehp=0 dep= 0 ch=21 | Ntb=  1 Sum=     0 Fit=  0.00   0.00 E=  0.01 |    2 (  0) 
StFcsHit: det= 0 id=713 | ns=0 ehp=0 dep=17 ch=28 | Ntb=  1 Sum=     0 Fit=  0.00   0.00 E=  0.01 |    2 (  0) 
StFcsHit: det= 0 id=527 | ns=0 ehp=0 dep=23 ch=22 | Ntb=  1 Sum=     0 Fit=  0.00   0.00 E=  0.01 |    2 (  0) 
StFcsCluster id=   0 ctg=1 n= 5 nNeigh=1 nPoints=0 loc=   2.50   24.50 PXYZE=  -0.01   -0.02    0.26    0.26 E=   0.26 sigMin/max=   0.00    0.00 Chi2=   0.00    0.00
StFcsCluster id=   1 ctg=1 n= 4 nNeigh=2 nPoints=0 loc=   0.50   21.50 PXYZE=  -0.01   -0.01    0.25    0.25 E=   0.25 sigMin/max=   0.00    0.00 Chi2=   0.00    0.00
StFcsCluster id=   2 ctg=1 n= 4 nNeigh=1 nPoints=0 loc=   0.50   18.50 PXYZE=  -0.00   -0.00    0.16    0.16 E=   0.16 sigMin/max=   0.00    0.00 Chi2=   0.00    0.00
StFcsCluster id=   3 ctg=1 n= 2 nNeigh=2 nPoints=0 loc=   0.50   24.25 PXYZE=  -0.00   -0.01    0.11    0.11 E=   0.11 sigMin/max=   0.00    0.44 Chi2=   0.00    0.00
StFcsCluster id=   4 ctg=1 n= 1 nNeigh=0 nPoints=0 loc=  10.50   22.50 PXYZE=  -0.01   -0.00    0.08    0.08 E=   0.08 sigMin/max=   0.00    0.00 Chi2=   0.00    0.00
StFcsCluster id=   5 ctg=1 n= 2 nNeigh=0 nPoints=0 loc=   1.25   16.50 PXYZE=  -0.00   -0.00    0.08    0.08 E=   0.08 sigMin/max=   0.00    0.44 Chi2=   0.00    0.00
StFcsCluster id=   6 ctg=1 n= 6 nNeigh=0 nPoints=0 loc=   5.65   25.30 PXYZE=  -0.01   -0.02    0.21    0.21 E=   0.21 sigMin/max=   0.34    1.13 Chi2=   0.00    0.00
  *** FCS Det=1 *** NHit= 77 NCluster=  9 NPoint=  0
StFcsHit: det= 1 id=506 | ns=1 ehp=0 dep=22 ch=22 | Ntb=  1 Sum=     0 Fit=  0.00   0.00 E=  0.17 |   33 (  0) 
StFcsHit: det= 1 id=442 | ns=1 ehp=0 dep=10 ch=13 | Ntb=  1 Sum=     0 Fit=  0.00   0.00 E=  0.12 |   22 (  0) 
StFcsHit: det= 1 id=489 | ns=1 ehp=0 dep=11 ch=20 | Ntb=  1 Sum=     0 Fit=  0.00   0.00 E=  0.10 |   19 (  0) 
StFcsHit: det= 1 id=617 | ns=1 ehp=0 dep=15 ch=12 | Ntb=  1 Sum=     0 Fit=  0.00   0.00 E=  0.10 |   18 (  0) 
StFcsHit: det= 1 id=407 | ns=1 ehp=0 dep=12 ch= 6 | Ntb=  1 Sum=     0 Fit=  0.00   0.00 E=  0.08 |   16 (  0) 
StFcsHit: det= 1 id=533 | ns=1 ehp=0 dep=11 ch=28 | Ntb=  1 Sum=     0 Fit=  0.00   0.00 E=  0.07 |   13 (  0) 
StFcsHit: det= 1 id=484 | ns=1 ehp=0 dep=22 ch=21 | Ntb=  1 Sum=     0 Fit=  0.00   0.00 E=  0.07 |   13 (  0) 
StFcsHit: det= 1 id=595 | ns=1 ehp=0 dep=15 ch= 8 | Ntb=  1 Sum=     0 Fit=  0.00   0.00 E=  0.07 |   13 (  0) 
StFcsHit: det= 1 id=597 | ns=1 ehp=0 dep=15 ch=10 | Ntb=  1 Sum=     0 Fit=  0.00   0.00 E=  0.06 |   12 (  0) 
StFcsHit: det= 1 id=382 | ns=1 ehp=0 dep=11 ch= 3 | Ntb=  1 Sum=     0 Fit=  0.00   0.00 E=  0.06 |   12 (  0) 
StFcsHit: det= 1 id=532 | ns=1 ehp=0 dep=10 ch=31 | Ntb=  1 Sum=     0 Fit=  0.00   0.00 E=  0.06 |   12 (  0) 
StFcsHit: det= 1 id=661 | ns=1 ehp=0 dep=15 ch=20 | Ntb=  1 Sum=     0 Fit=  0.00   0.00 E=  0.06 |   11 (  0) 
StFcsHit: det= 1 id=581 | ns=1 ehp=0 dep=17 ch= 4 | Ntb=  1 Sum=     0 Fit=  0.00   0.00 E=  0.05 |    9 (  0) 
StFcsHit: det= 1 id=441 | ns=1 ehp=0 dep=10 ch=12 | Ntb=  1 Sum=     0 Fit=  0.00   0.00 E=  0.04 |    8 (  0) 
StFcsHit: det= 1 id=509 | ns=1 ehp=0 dep=10 ch=26 | Ntb=  1 Sum=     0 Fit=  0.00   0.00 E=  0.04 |    7 (  0) 
StFcsHit: det= 1 id=339 | ns=1 ehp=0 dep= 7 ch=24 | Ntb=  1 Sum=     0 Fit=  0.00   0.00 E=  0.04 |    7 (  0) 
StFcsHit: det= 1 id=681 | ns=1 ehp=0 dep=23 ch=29 | Ntb=  1 Sum=     0 Fit=  0.00   0.00 E=  0.04 |    7 (  0) 
StFcsHit: det= 1 id=314 | ns=1 ehp=0 dep= 6 ch=21 | Ntb=  1 Sum=     0 Fit=  0.00   0.00 E=  0.04 |    7 (  0) 
StFcsHit: det= 1 id=294 | ns=1 ehp=0 dep= 6 ch=19 | Ntb=  1 Sum=     0 Fit=  0.00   0.00 E=  0.04 |    7 (  0) 
StFcsHit: det= 1 id=  4 | ns=1 ehp=0 dep=20 ch= 4 | Ntb=  1 Sum=     0 Fit=  0.00   0.00 E=  0.04 |    7 (  0) 
StFcsHit: det= 1 id=133 | ns=1 ehp=0 dep= 0 ch=20 | Ntb=  1 Sum=     0 Fit=  0.00   0.00 E=  0.04 |    7 (  0) 
StFcsHit: det= 1 id=594 | ns=1 ehp=0 dep=22 ch=26 | Ntb=  1 Sum=     0 Fit=  0.00   0.00 E=  0.04 |    7 (  0) 
StFcsHit: det= 1 id=334 | ns=1 ehp=0 dep= 5 ch=27 | Ntb=  1 Sum=     0 Fit=  0.00   0.00 E=  0.03 |    6 (  0) 
StFcsHit: det= 1 id=684 | ns=1 ehp=0 dep=15 ch=25 | Ntb=  1 Sum=     0 Fit=  0.00   0.00 E=  0.03 |    6 (  0) 
StFcsHit: det= 1 id=551 | ns=1 ehp=0 dep=15 ch= 0 | Ntb=  1 Sum=     0 Fit=  0.00   0.00 E=  0.03 |    6 (  0) 
StFcsHit: det= 1 id=572 | ns=1 ehp=0 dep=22 ch=25 | Ntb=  1 Sum=     0 Fit=  0.00   0.00 E=  0.03 |    6 (  0) 
StFcsHit: det= 1 id= 10 | ns=1 ehp=0 dep=20 ch=10 | Ntb=  1 Sum=     0 Fit=  0.00   0.00 E=  0.03 |    5 (  0) 
StFcsHit: det= 1 id=528 | ns=1 ehp=0 dep=22 ch=23 | Ntb=  1 Sum=     0 Fit=  0.00   0.00 E=  0.03 |    5 (  0) 
StFcsHit: det= 1 id=554 | ns=1 ehp=0 dep=15 ch= 3 | Ntb=  1 Sum=     0 Fit=  0.00   0.00 E=  0.03 |    5 (  0) 
StFcsHit: det= 1 id=616 | ns=1 ehp=0 dep=22 ch=27 | Ntb=  1 Sum=     0 Fit=  0.00   0.00 E=  0.03 |    5 (  0) 
StFcsHit: det= 1 id=629 | ns=1 ehp=0 dep=18 ch=12 | Ntb=  1 Sum=     0 Fit=  0.00   0.00 E=  0.03 |    5 (  0) 
StFcsHit: det= 1 id=432 | ns=1 ehp=0 dep=13 ch= 9 | Ntb=  1 Sum=     0 Fit=  0.00   0.00 E=  0.03 |    5 (  0) 
StFcsHit: det= 1 id=162 | ns=1 ehp=0 dep= 1 ch=27 | Ntb=  1 Sum=     0 Fit=  0.00   0.00 E=  0.03 |    5 (  0) 
StFcsHit: det= 1 id=270 | ns=1 ehp=0 dep= 6 ch=13 | Ntb=  1 Sum=     0 Fit=  0.00   0.00 E=  0.03 |    5 (  0) 
StFcsHit: det= 1 id=358 | ns=1 ehp=0 dep= 6 ch=29 | Ntb=  1 Sum=     0 Fit=  0.00   0.00 E=  0.03 |    5 (  0) 
StFcsHit: det= 1 id=336 | ns=1 ehp=0 dep= 6 ch=25 | Ntb=  1 Sum=     0 Fit=  0.00   0.00 E=  0.03 |    5 (  0) 
StFcsHit: det= 1 id=289 | ns=1 ehp=0 dep= 5 ch=18 | Ntb=  1 Sum=     0 Fit=  0.00   0.00 E=  0.03 |    5 (  0) 
StFcsHit: det= 1 id=335 | ns=1 ehp=0 dep= 6 ch=24 | Ntb=  1 Sum=     0 Fit=  0.00   0.00 E=  0.02 |    4 (  0) 
StFcsHit: det= 1 id=596 | ns=1 ehp=0 dep=15 ch= 9 | Ntb=  1 Sum=     0 Fit=  0.00   0.00 E=  0.02 |    4 (  0) 
StFcsHit: det= 1 id= 31 | ns=1 ehp=0 dep= 2 ch= 0 | Ntb=  1 Sum=     0 Fit=  0.00   0.00 E=  0.02 |    4 (  0) 
StFcsHit: det= 1 id= 89 | ns=1 ehp=0 dep= 0 ch=12 | Ntb=  1 Sum=     0 Fit=  0.00   0.00 E=  0.02 |    4 (  0) 
StFcsHit: det= 1 id=130 | ns=1 ehp=0 dep= 4 ch=19 | Ntb=  1 Sum=     0 Fit=  0.00   0.00 E=  0.02 |    4 (  0) 
StFcsHit: det= 1 id=604 | ns=1 ehp=0 dep=17 ch= 9 | Ntb=  1 Sum=     0 Fit=  0.00   0.00 E=  0.02 |    4 (  0) 
StFcsHit: det= 1 id=702 | ns=1 ehp=0 dep=19 ch=27 | Ntb=  1 Sum=     0 Fit=  0.00   0.00 E=  0.02 |    4 (  0) 
StFcsHit: det= 1 id=266 | ns=1 ehp=0 dep= 5 ch=13 | Ntb=  1 Sum=     0 Fit=  0.00   0.00 E=  0.02 |    4 (  0) 
StFcsHit: det= 1 id=550 | ns=1 ehp=0 dep=22 ch=24 | Ntb=  1 Sum=     0 Fit=  0.00   0.00 E=  0.02 |    4 (  0) 
StFcsHit: det= 1 id=641 | ns=1 ehp=0 dep=15 ch=18 | Ntb=  1 Sum=     0 Fit=  0.00   0.00 E=  0.02 |    4 (  0) 
StFcsHit: det= 1 id=507 | ns=1 ehp=0 dep=10 ch=24 | Ntb=  1 Sum=     0 Fit=  0.00   0.00 E=  0.02 |    4 (  0) 
StFcsHit: det= 1 id=419 | ns=1 ehp=0 dep=10 ch= 8 | Ntb=  1 Sum=     0 Fit=  0.00   0.00 E=  0.02 |    4 (  0) 
StFcsHit: det= 1 id=642 | ns=1 ehp=0 dep=15 ch=19 | Ntb=  1 Sum=     0 Fit=  0.00   0.00 E=  0.02 |    4 (  0) 
StFcsHit: det= 1 id=468 | ns=1 ehp=0 dep=11 ch=17 | Ntb=  1 Sum=     0 Fit=  0.00   0.00 E=  0.02 |    4 (  0) 
StFcsHit: det= 1 id=467 | ns=1 ehp=0 dep=11 ch=16 | Ntb=  1 Sum=     0 Fit=  0.00   0.00 E=  0.02 |    4 (  0) 
StFcsHit: det= 1 id=627 | ns=1 ehp=0 dep=17 ch=14 | Ntb=  1 Sum=     0 Fit=  0.00   0.00 E=  0.02 |    4 (  0) 
StFcsHit: det= 1 id=659 | ns=1 ehp=0 dep=23 ch=28 | Ntb=  1 Sum=     0 Fit=  0.00   0.00 E=  0.02 |    3 (  0) 
StFcsHit: det= 1 id=620 | ns=1 ehp=0 dep=15 ch=15 | Ntb=  1 Sum=     0 Fit=  0.00   0.00 E=  0.02 |    3 (  0) 
StFcsHit: det= 1 id=740 | ns=1 ehp=0 dep=21 ch=14 | Ntb=  1 Sum=     0 Fit=  0.00   0.00 E=  0.02 |    3 (  0) 
StFcsHit: det= 1 id=628 | ns=1 ehp=0 dep=17 ch=15 | Ntb=  1 Sum=     0 Fit=  0.00   0.00 E=  0.02 |    3 (  0) 
StFcsHit: det= 1 id=181 | ns=1 ehp=0 dep= 1 ch=28 | Ntb=  1 Sum=     0 Fit=  0.00   0.00 E=  0.02 |    3 (  0) 
StFcsHit: det= 1 id=577 | ns=1 ehp=0 dep=16 ch= 4 | Ntb=  1 Sum=     0 Fit=  0.00   0.00 E=  0.02 |    3 (  0) 
StFcsHit: det= 1 id=503 | ns=1 ehp=0 dep=14 ch=22 | Ntb=  1 Sum=     0 Fit=  0.00   0.00 E=  0.02 |    3 (  0) 
StFcsHit: det= 1 id=309 | ns=1 ehp=0 dep= 5 ch=20 | Ntb=  1 Sum=     0 Fit=  0.00   0.00 E=  0.02 |    3 (  0) 
StFcsHit: det= 1 id=639 | ns=1 ehp=0 dep=15 ch=16 | Ntb=  1 Sum=     0 Fit=  0.00   0.00 E=  0.01 |    2 (  0) 
StFcsHit: det= 1 id=733 | ns=1 ehp=0 dep=21 ch= 7 | Ntb=  1 Sum=     0 Fit=  0.00   0.00 E=  0.01 |    2 (  0) 
StFcsHit: det= 1 id=197 | ns=1 ehp=0 dep=23 ch= 7 | Ntb=  1 Sum=     0 Fit=  0.00   0.00 E=  0.01 |    2 (  0) 
StFcsHit: det= 1 id=323 | ns=1 ehp=0 dep= 8 ch=22 | Ntb=  1 Sum=     0 Fit=  0.00   0.00 E=  0.01 |    2 (  0) 
StFcsHit: det= 1 id=340 | ns=1 ehp=0 dep= 7 ch=25 | Ntb=  1 Sum=     0 Fit=  0.00   0.00 E=  0.01 |    2 (  0) 
StFcsHit: det= 1 id=412 | ns=1 ehp=0 dep=13 ch= 7 | Ntb=  1 Sum=     0 Fit=  0.00   0.00 E=  0.01 |    2 (  0) 
StFcsHit: det= 1 id=440 | ns=1 ehp=0 dep=22 ch=19 | Ntb=  1 Sum=     0 Fit=  0.00   0.00 E=  0.01 |    2 (  0) 
StFcsHit: det= 1 id=444 | ns=1 ehp=0 dep=10 ch=15 | Ntb=  1 Sum=     0 Fit=  0.00   0.00 E=  0.01 |    2 (  0) 
StFcsHit: det= 1 id=587 | ns=1 ehp=0 dep=18 ch= 6 | Ntb=  1 Sum=     0 Fit=  0.00   0.00 E=  0.01 |    2 (  0) 
StFcsHit: det= 1 id=445 | ns=1 ehp=0 dep=11 ch=12 | Ntb=  1 Sum=     0 Fit=  0.00   0.00 E=  0.01 |    2 (  0) 
StFcsHit: det= 1 id=462 | ns=1 ehp=0 dep=22 ch=20 | Ntb=  1 Sum=     0 Fit=  0.00   0.00 E=  0.01 |    2 (  0) 
StFcsHit: det= 1 id=463 | ns=1 ehp=0 dep=10 ch=16 | Ntb=  1 Sum=     0 Fit=  0.00   0.00 E=  0.01 |    2 (  0) 
StFcsHit: det= 1 id=622 | ns=1 ehp=0 dep=16 ch=13 | Ntb=  1 Sum=     0 Fit=  0.00   0.00 E=  0.01 |    2 (  0) 
StFcsHit: det= 1 id=552 | ns=1 ehp=0 dep=15 ch= 1 | Ntb=  1 Sum=     0 Fit=  0.00   0.00 E=  0.01 |    2 (  0) 
StFcsHit: det= 1 id=559 | ns=1 ehp=0 dep=17 ch= 0 | Ntb=  1 Sum=     0 Fit=  0.00   0.00 E=  0.01 |    2 (  0) 
StFcsHit: det= 1 id=599 | ns=1 ehp=0 dep=16 ch= 8 | Ntb=  1 Sum=     0 Fit=  0.00   0.00 E=  0.01 |    2 (  0) 
StFcsCluster id=   0 ctg=1 n= 6 nNeigh=2 nPoints=0 loc=   0.50   23.50 PXYZE=   0.01   -0.02    0.32    0.32 E=   0.32 sigMin/max=   0.00    0.00 Chi2=   0.00    0.00
StFcsCluster id=   1 ctg=1 n= 5 nNeigh=1 nPoints=0 loc=   2.50   20.50 PXYZE=   0.01   -0.01    0.20    0.20 E=   0.20 sigMin/max=   0.00    0.00 Chi2=   0.00    0.00
StFcsCluster id=   2 ctg=1 n= 3 nNeigh=0 nPoints=0 loc=   5.50   22.50 PXYZE=   0.01   -0.01    0.13    0.13 E=   0.13 sigMin/max=   0.00    0.00 Chi2=   0.00    0.00
StFcsCluster id=   3 ctg=1 n= 5 nNeigh=3 nPoints=0 loc=   1.13   27.85 PXYZE=   0.01   -0.02    0.26    0.26 E=   0.26 sigMin/max=   0.40    0.74 Chi2=   0.00    0.00
StFcsCluster id=   4 ctg=1 n= 1 nNeigh=0 nPoints=0 loc=  11.50   18.50 PXYZE=   0.01   -0.00    0.08    0.08 E=   0.08 sigMin/max=   0.00    0.00 Chi2=   0.00    0.00
StFcsCluster id=   5 ctg=1 n= 3 nNeigh=0 nPoints=0 loc=   4.93   24.67 PXYZE=   0.01   -0.01    0.16    0.16 E=   0.16 sigMin/max=   0.32    0.53 Chi2=   0.00    0.00
StFcsCluster id=   6 ctg=1 n= 2 nNeigh=1 nPoints=0 loc=   3.25   27.50 PXYZE=   0.00   -0.01    0.08    0.08 E=   0.08 sigMin/max=   0.00    0.44 Chi2=   0.00    0.00
StFcsCluster id=   7 ctg=1 n= 1 nNeigh=0 nPoints=0 loc=   8.50   17.50 PXYZE=   0.01   -0.00    0.06    0.06 E=   0.06 sigMin/max=   0.00    0.00 Chi2=   0.00    0.00
StFcsCluster id=   8 ctg=1 n= 2 nNeigh=1 nPoints=0 loc=   1.50   30.35 PXYZE=   0.00   -0.01    0.07    0.07 E=   0.07 sigMin/max=   0.00    0.36 Chi2=   0.00    0.00
  *** FCS Det=2 *** NHit=  3 NCluster=  1 NPoint=  0
StFcsHit: det= 2 id=156 | ns=0 ehp=1 dep= 3 ch= 8 | Ntb=  1 Sum=     0 Fit=  0.00   0.00 E=  0.23 |   43 (  0) 
StFcsHit: det= 2 id= 97 | ns=0 ehp=1 dep= 1 ch=22 | Ntb=  1 Sum=     0 Fit=  0.00   0.00 E=  0.06 |   11 (  0) 
StFcsHit: det= 2 id=221 | ns=0 ehp=1 dep= 3 ch=28 | Ntb=  1 Sum=     0 Fit=  0.00   0.00 E=  0.05 |   10 (  0) 
StFcsCluster id=   0 ctg=1 n= 1 nNeigh=0 nPoints=0 loc=   0.50   12.50 PXYZE=  -0.01   -0.01    0.23    0.23 E=   0.23 sigMin/max=   0.00    0.00 Chi2=   0.00    0.00
  *** FCS Det=3 *** NHit=  4 NCluster=  1 NPoint=  0
StFcsHit: det= 3 id=195 | ns=1 ehp=1 dep= 3 ch=20 | Ntb=  1 Sum=     0 Fit=  0.00   0.00 E=  0.11 |   20 (  0) 
StFcsHit: det= 3 id=208 | ns=1 ehp=1 dep= 3 ch=24 | Ntb=  1 Sum=     0 Fit=  0.00   0.00 E=  0.08 |   16 (  0) 
StFcsHit: det= 3 id=234 | ns=1 ehp=1 dep= 7 ch= 0 | Ntb=  1 Sum=     0 Fit=  0.00   0.00 E=  0.07 |   13 (  0) 
StFcsHit: det= 3 id=182 | ns=1 ehp=1 dep= 3 ch=16 | Ntb=  1 Sum=     0 Fit=  0.00   0.00 E=  0.04 |    7 (  0) 
StFcsCluster id=   0 ctg=1 n= 4 nNeigh=0 nPoints=0 loc=   0.50   15.50 PXYZE=   0.01   -0.02    0.30    0.30 E=   0.30 sigMin/max=   0.00    0.00 Chi2=   0.00    0.00
  *** FCS Det=4 *** NHit=  0 NCluster=  0 NPoint=  0
  *** FCS Det=5 *** NHit=  0 NCluster=  0 NPoint=  0
  *** FCS Det=6 *** NHit=  0 NCluster=  7 NPoint=  0
StFcsClusterMaker:INFO  - *** StFcsClusterMaker::Make() == StOK(0) ***
StFttClusterPointMaker:INFO  - Creating FttCollection
StFttClusterPointMaker:INFO  - Making Geant points
StFttClusterPointMaker:WARN  - geant/g2t_stg_hit is empty
StFttClusterPointMaker:INFO  - *** StFttClusterPointMaker::Make() == StOK(0) ***
StFwdTrackMaker:INFO  - Setting Event Vertex from geant/g2t_vertex[0]: 0xb07f850
StFwdTrackMaker:INFO  - TAttr::Found : useftt = 1

StFwdTrackMaker:INFO  - TAttr::Found : usefst = 1

StFwdTrackMaker:INFO  - TAttr::Found : useepd = 1

StFwdTrackMaker:INFO  - There are: 0 with 0 FST, 0 with 1 FST, 0 with 2 FST, 1 with 3 FST
StFwdTrackMaker:INFO  - There are: 1 with 0 FTT, 0 with 1 FTT, 0 with 2 FTT, 0 with 3 FTT, 0 with 4 FTT, 0 with 5 FTT, 0 with 6 FTT, 0 with 7 FTT, 0 with 8 FTT
StFwdTrackMaker:INFO  - There are 1 McTracks with > 2 FST hits (#of possible seeds)
StFwdTrackMaker:INFO  - 	Finding FWD Track Seeds
StFwdTrackMaker:INFO  - Hitmap Source: fst
StFwdTrackMaker:INFO  - Performing Fwd Seed finding with mode: fst = 
StFwdTrackMaker:INFO  - Found 1 seeds in 1 iterations
StFwdTrackMaker:INFO  - Total Hits removed: 0
StFwdTrackMaker:INFO  - Seed [0] with 3 hits : id=2@2id=1@1id=0@0
StFwdTrackMaker:INFO  - <<Fwd Tracking Found : 1 Track Seeds from 3 FST hits and 0 sTGC hits
StFwdTrackMaker:INFO  -     (vs. 1 McTracks with FST>2, eff = 1)
StFwdTrackMaker:INFO  - 	Fitting FWD Track Seeds
StFwdTrackMaker:INFO  - TrackFitter:refit = 1
StFwdTrackMaker:INFO  - Starting Track fitting loop with 1 track seeds
StFwdTrackMaker:INFO  - TrackFitter:refit = 1
StFwdTrackMaker:INFO  - 		Mc Match idTruth=1, quality = 1
StFwdTrackMaker:INFO  - GenFitTrackResult::mIdTruth = 1, QaTruth = 1
The points are collinear, curvature is undefined.
p1 = -0.0971505, -9.4995
p2 = -0.058291, -9.49982
p3 = -0.058291, -9.49982
StFwdTrackMaker:INFO  - GenericFitSeeder::makeSeed::Curvature: -1e-07
StFwdTrackMaker:INFO  - GenericFitSeeder::makeSeed::pt = 14989.5
StFwdTrackMaker:WARN  - Seed momentum is too high, setting to (0,0,1)
StFwdTrackMaker:INFO  - Track Setup complete, track has 3 points
StFwdTrackMaker:INFO  -  sorting changed track points: 0
StFwdTrackMaker:INFO  - Fit status:  1
StFwdTrackMaker:INFO  - -Fit pvalue: 0.986171
StFwdTrackMaker:INFO  - -Fit Chi2:   0.000300446
StFwdTrackMaker:INFO  - -Fit Chi2:   0.000300446
StFwdTrackMaker:INFO  - Track fit charge: -1Fit momentum: -4.30964e-05, -5.31226e-05, 0.00472204
StFwdTrackMaker:INFO  - 	Fit Pt: 6.84055e-05, eta: 4.92774, phi: -2.25237
StFwdTrackMaker:INFO  - Track fit update complete!
StFwdTrackMaker:INFO  - Track Reps: 1
StFwdTrackMaker:INFO  - Track Rep 0 
genfit::AbsTrackRep, pdgCode = -211. PropDir = 0
fitStatus 
 track has been fitted, fit has converged fully, 0 TrackPoints could not be processed, fitted charge = -1, PruneFlags: 
 track has been fitted with reference track, numIterations = 7, track length = 27.0334, fChi2 = 0.000341689, bChi2 = 0.000300446, fNdf = 1, bNdf = 1, fPVal = 0.985252, bPVal = 0.986171

StFwdTrackMaker:INFO  - GenFitTrackResult::mIdTruth = 1, QaTruth = 1
StFwdTrackMaker:INFO  - GTR Setting momentum from track
StFwdTrackMaker:INFO  - --isFitConvergedPartially() = 1
StFwdTrackMaker:INFO  - --isFitConverged() = 1
StFwdTrackMaker:INFO  - --isFitConvergedFully() = 1
StFwdTrackMaker:WARN  - addFttHits: skipping blown-up state pT=6.84055e-05
StFwdTrackMaker:WARN  - addFttHits: skipping blown-up state pT=6.84055e-05
StFwdTrackMaker:WARN  - addFttHits: skipping blown-up state pT=6.84055e-05
StFwdTrackMaker:WARN  - addFttHits: skipping blown-up state pT=6.84055e-05
StFwdTrackMaker:WARN  - addEpdHits: skipping blown-up state pT=6.84055e-05
StFwdTrackMaker:INFO  - GenFitTrackResult::mIdTruth = 1, QaTruth = 1
The points are collinear, curvature is undefined.
p1 = -0.0971505, -9.4995
p2 = -0.058291, -9.49982
p3 = -0.058291, -9.49982
StFwdTrackMaker:INFO  - GenericFitSeeder::makeSeed::Curvature: -1e-07
StFwdTrackMaker:INFO  - GenericFitSeeder::makeSeed::pt = 14989.5
StFwdTrackMaker:WARN  - Seed momentum is too high, setting to (0,0,1)
StFwdTrackMaker:INFO  - Note: Using externally provided seed momentum
StFwdTrackMaker:INFO  - Track Setup complete, track has 3 points
StFwdTrackMaker:INFO  -  sorting changed track points: 0
StFwdTrackMaker:INFO  - Fit status:  0
StFwdTrackMaker:INFO  - -Fit pvalue: 0.988907
StFwdTrackMaker:INFO  - -Fit Chi2:   0.0001933
StFwdTrackMaker:INFO  - -Fit Chi2:   0.0001933
StFwdTrackMaker:INFO  - Track fit update complete!
StFwdTrackMaker:INFO  - Track Reps: 1
StFwdTrackMaker:INFO  - Track Rep 0 
genfit::AbsTrackRep, pdgCode = -211. PropDir = 0
fitStatus 
 track has been fitted, fit has NOT converged, 0 TrackPoints could not be processed, fitted charge = -1, PruneFlags: 
 track has been fitted with reference track, numIterations = 20, track length = 27.033, fChi2 = 0.000197319, bChi2 = 0.0001933, fNdf = 1, bNdf = 1, fPVal = 0.988792, bPVal = 0.988907

StFwdTrackMaker:ERROR - --FitTrack is nullptr or fit did not converge, setting seed only
StFwdTrackMaker:INFO  - GenFitTrackResult::mIdTruth = 1, QaTruth = 1
StFwdTrackMaker:INFO  - Global track fitting completed, found 1 global tracks from 1 track seed candidates
StFwdTrackMaker:INFO  - >>doBeamlineTrackFitting( #globals = 1 )
StFwdTrackMaker:INFO  - doBeamlineTrackFitting>>0 McId=1 with Beamline, seed already has: 3 hits
StFwdTrackMaker:INFO  - mBeamlineHit: 0, 0, 0
StFwdTrackMaker:INFO  - This fit is for a global that converged? = 1
StFwdTrackMaker:INFO  - GenFitTrackResult::mIdTruth = 1, QaTruth = 0.75
The points are collinear, curvature is undefined.
p1 = 0, 0
p2 = -0.058291, -9.49982
p3 = -0.058291, -9.49982
The points are collinear, curvature is undefined.
p1 = -0.0971505, -9.4995
p2 = -0.058291, -9.49982
p3 = -0.058291, -9.49982
StFwdTrackMaker:INFO  - GenericFitSeeder::makeSeed::Curvature: -0.105263
StFwdTrackMaker:INFO  - GenericFitSeeder::makeSeed::pt = 0.01424
StFwdTrackMaker:INFO  - Track Setup complete, track has 4 points
StFwdTrackMaker:INFO  -  sorting changed track points: 0
StFwdTrackMaker:INFO  - Fit status:  1
StFwdTrackMaker:INFO  - -Fit pvalue: 0.973726
StFwdTrackMaker:INFO  - -Fit Chi2:   0.223402
StFwdTrackMaker:INFO  - -Fit Chi2:   0.223402
StFwdTrackMaker:INFO  - Track fit charge: -1Fit momentum: -0.0089383, -0.267377, 4.87996
StFwdTrackMaker:INFO  - 	Fit Pt: 0.267526, eta: 3.59757, phi: -1.60421
StFwdTrackMaker:INFO  - Track fit update complete!
StFwdTrackMaker:INFO  - Track Reps: 1
StFwdTrackMaker:INFO  - Track Rep 0 
genfit::AbsTrackRep, pdgCode = -211. PropDir = 0
fitStatus 
 track has been fitted, fit has converged fully, 0 TrackPoints could not be processed, fitted charge = -1, PruneFlags: 
 track has been fitted with reference track, numIterations = 4, track length = 185.277, fChi2 = 0.223403, bChi2 = 0.223402, fNdf = 3, bNdf = 3, fPVal = 0.973726, bPVal = 0.973726

StFwdTrackMaker:INFO  - GenFitTrackResult::mIdTruth = 1, QaTruth = 0.75
StFwdTrackMaker:INFO  - GTR Setting momentum from track
StFwdTrackMaker:INFO  - --isFitConvergedPartially() = 1
StFwdTrackMaker:INFO  - --isFitConverged() = 1
StFwdTrackMaker:INFO  - --isFitConvergedFully() = 1
StFwdTrackMaker:INFO  - SEED momentum:-4.30964e-05, -5.31226e-05, 0.00472204
StFwdTrackMaker:INFO  - 	Initial Beamline fit completed, now refitting with additional hits
StFwdTrackMaker:INFO  - Looking for FTT strips near projected state on disk 0
StFwdTrackMaker:INFO  - There are 0 available FTT strips on this disk
StFwdTrackMaker:WARN  - No FTT hits available to search for near projected state
StFwdTrackMaker:INFO  -  Found #FTT strips on plane #0 = [0]
StFwdTrackMaker:INFO  - Found 4 existing seed points
StFwdTrackMaker:INFO  - Looking for FTT strips near projected state on disk 1
StFwdTrackMaker:INFO  - There are 0 available FTT strips on this disk
StFwdTrackMaker:WARN  - No FTT hits available to search for near projected state
StFwdTrackMaker:INFO  -  Found #FTT strips on plane #1 = [0]
StFwdTrackMaker:INFO  - Found 4 existing seed points
StFwdTrackMaker:INFO  - Looking for FTT strips near projected state on disk 2
StFwdTrackMaker:INFO  - There are 0 available FTT strips on this disk
StFwdTrackMaker:WARN  - No FTT hits available to search for near projected state
StFwdTrackMaker:INFO  -  Found #FTT strips on plane #2 = [0]
StFwdTrackMaker:INFO  - Found 4 existing seed points
StFwdTrackMaker:INFO  - Looking for FTT strips near projected state on disk 3
StFwdTrackMaker:INFO  - There are 0 available FTT strips on this disk
StFwdTrackMaker:WARN  - No FTT hits available to search for near projected state
StFwdTrackMaker:INFO  -  Found #FTT strips on plane #3 = [0]
StFwdTrackMaker:INFO  - Found 4 existing seed points
StFwdTrackMaker:INFO  - Closest EPD hit to state: dR=999.000000, dPhi=999.000000, dx=999.000000, dy=999.000000
StFwdTrackMaker:INFO  - GenFitTrackResult::mIdTruth = 1, QaTruth = 0.75
The points are collinear, curvature is undefined.
p1 = 0, 0
p2 = -0.058291, -9.49982
p3 = -0.058291, -9.49982
The points are collinear, curvature is undefined.
p1 = -0.0971505, -9.4995
p2 = -0.058291, -9.49982
p3 = -0.058291, -9.49982
StFwdTrackMaker:INFO  - GenericFitSeeder::makeSeed::Curvature: -0.105263
StFwdTrackMaker:INFO  - GenericFitSeeder::makeSeed::pt = 0.01424
StFwdTrackMaker:INFO  - Note: Using externally provided seed momentum
StFwdTrackMaker:INFO  - Track Setup complete, track has 4 points
StFwdTrackMaker:INFO  -  sorting changed track points: 0
StFwdTrackMaker:INFO  - Fit status:  1
StFwdTrackMaker:INFO  - -Fit pvalue: 0.973745
StFwdTrackMaker:INFO  - -Fit Chi2:   0.223289
StFwdTrackMaker:INFO  - -Fit Chi2:   0.223289
StFwdTrackMaker:INFO  - Track fit charge: -1Fit momentum: -0.00891823, -0.268142, 4.90329
StFwdTrackMaker:INFO  - 	Fit Pt: 0.26829, eta: 3.59949, phi: -1.60404
StFwdTrackMaker:INFO  - Track fit update complete!
StFwdTrackMaker:INFO  - Track Reps: 1
StFwdTrackMaker:INFO  - Track Rep 0 
genfit::AbsTrackRep, pdgCode = -211. PropDir = 0
fitStatus 
 track has been fitted, fit has converged fully, 0 TrackPoints could not be processed, fitted charge = -1, PruneFlags: 
 track has been fitted with reference track, numIterations = 2, track length = 177.306, fChi2 = 0.223289, bChi2 = 0.223289, fNdf = 3, bNdf = 3, fPVal = 0.973745, bPVal = 0.973745

StFwdTrackMaker:INFO  - GenFitTrackResult::mIdTruth = 1, QaTruth = 0.75
StFwdTrackMaker:INFO  - GTR Setting momentum from track
StFwdTrackMaker:INFO  - --isFitConvergedPartially() = 1
StFwdTrackMaker:INFO  - --isFitConverged() = 1
StFwdTrackMaker:INFO  - --isFitConvergedFully() = 1
StFwdTrackMaker:INFO  - >>doPrimaryTrackFitting( #globals = 1 )
StFwdTrackMaker:INFO  - Refitting Track 0, McId=1 with Primary Vertex, seed already has: 3 hits
StFwdTrackMaker:INFO  - mEventVertexHit: 0, 0, 0
StFwdTrackMaker:INFO  - This fit is for a global that converged? = 1
StFwdTrackMaker:INFO  - GenFitTrackResult::mIdTruth = 1, QaTruth = 0.75
The points are collinear, curvature is undefined.
p1 = 0, 0
p2 = -0.058291, -9.49982
p3 = -0.058291, -9.49982
The points are collinear, curvature is undefined.
p1 = -0.0971505, -9.4995
p2 = -0.058291, -9.49982
p3 = -0.058291, -9.49982
StFwdTrackMaker:INFO  - GenericFitSeeder::makeSeed::Curvature: -0.105263
StFwdTrackMaker:INFO  - GenericFitSeeder::makeSeed::pt = 0.01424
StFwdTrackMaker:INFO  - Note: Using externally provided seed momentum
StFwdTrackMaker:INFO  - Track Setup complete, track has 4 points
StFwdTrackMaker:INFO  -  sorting changed track points: 0
StFwdTrackMaker:INFO  - Fit status:  1
StFwdTrackMaker:INFO  - -Fit pvalue: 1.37855e-06
StFwdTrackMaker:INFO  - -Fit Chi2:   30.0023
StFwdTrackMaker:INFO  - -Fit Chi2:   30.0023
StFwdTrackMaker:INFO  - Track fit charge: -1Fit momentum: -2.65644e-05, 4.91305e-06, 0.0046665
StFwdTrackMaker:INFO  - 	Fit Pt: 2.70149e-05, eta: 5.84493, phi: 2.95871
StFwdTrackMaker:INFO  - Track fit update complete!
StFwdTrackMaker:INFO  - Track Reps: 1
StFwdTrackMaker:INFO  - Track Rep 0 
genfit::AbsTrackRep, pdgCode = -211. PropDir = 0
fitStatus 
 track has been fitted, fit has converged fully, 0 TrackPoints could not be processed, fitted charge = -1, PruneFlags: 
 track has been fitted with reference track, numIterations = 3, track length = 177.043, fChi2 = 30.0023, bChi2 = 30.0023, fNdf = 3, bNdf = 3, fPVal = 1.37855e-06, bPVal = 1.37855e-06

StFwdTrackMaker:INFO  - GenFitTrackResult::mIdTruth = 1, QaTruth = 0.75
StFwdTrackMaker:INFO  - GTR Setting momentum from track
StFwdTrackMaker:INFO  - --isFitConvergedPartially() = 1
StFwdTrackMaker:INFO  - --isFitConverged() = 1
StFwdTrackMaker:INFO  - --isFitConvergedFully() = 1
StFwdTrackMaker:INFO  - 	Initial fit complete, now refitting with additional points
StFwdTrackMaker:WARN  - addFttHits: skipping blown-up state pT=2.70149e-05
StFwdTrackMaker:WARN  - addFttHits: skipping blown-up state pT=2.70149e-05
StFwdTrackMaker:WARN  - addFttHits: skipping blown-up state pT=2.70149e-05
StFwdTrackMaker:WARN  - addFttHits: skipping blown-up state pT=2.70149e-05
StFwdTrackMaker:WARN  - addEpdHits: skipping blown-up state pT=2.70149e-05
StFwdTrackMaker:INFO  - GenFitTrackResult::mIdTruth = 1, QaTruth = 0.75
The points are collinear, curvature is undefined.
p1 = 0, 0
p2 = -0.058291, -9.49982
p3 = -0.058291, -9.49982
The points are collinear, curvature is undefined.
p1 = -0.0971505, -9.4995
p2 = -0.058291, -9.49982
p3 = -0.058291, -9.49982
StFwdTrackMaker:INFO  - GenericFitSeeder::makeSeed::Curvature: -0.105263
StFwdTrackMaker:INFO  - GenericFitSeeder::makeSeed::pt = 0.01424
StFwdTrackMaker:INFO  - Note: Using externally provided seed momentum
StFwdTrackMaker:INFO  - Track Setup complete, track has 4 points
StFwdTrackMaker:INFO  -  sorting changed track points: 0
StFwdTrackMaker:INFO  - Fit status:  1
StFwdTrackMaker:INFO  - -Fit pvalue: 1.37909e-06
StFwdTrackMaker:INFO  - -Fit Chi2:   30.0014
StFwdTrackMaker:INFO  - -Fit Chi2:   30.0014
StFwdTrackMaker:INFO  - Track fit charge: -1Fit momentum: -2.68677e-05, 4.72042e-06, 0.00466829
StFwdTrackMaker:INFO  - 	Fit Pt: 2.72792e-05, eta: 5.83558, phi: 2.96768
StFwdTrackMaker:INFO  - Track fit update complete!
StFwdTrackMaker:INFO  - Track Reps: 1
StFwdTrackMaker:INFO  - Track Rep 0 
genfit::AbsTrackRep, pdgCode = -211. PropDir = 0
fitStatus 
 track has been fitted, fit has converged fully, 0 TrackPoints could not be processed, fitted charge = -1, PruneFlags: 
 track has been fitted with reference track, numIterations = 1, track length = 177.043, fChi2 = 30.0014, bChi2 = 30.0014, fNdf = 3, bNdf = 3, fPVal = 1.37909e-06, bPVal = 1.37909e-06

StFwdTrackMaker:INFO  - GenFitTrackResult::mIdTruth = 1, QaTruth = 0.75
StFwdTrackMaker:INFO  - GTR Setting momentum from track
StFwdTrackMaker:INFO  - --isFitConvergedPartially() = 1
StFwdTrackMaker:INFO  - --isFitConverged() = 1
StFwdTrackMaker:INFO  - --isFitConvergedFully() = 1
StFwdTrackMaker:INFO  - >>doSecondaryTrackFitting( #globals = 1 )
StFwdTrackMaker:INFO  - <<Fwd Tracking Fit :3 GenFit Tracks
StFwdTrackMaker:INFO  - TAttr::Found : fillevent = 1

StFwdTrackMaker:INFO  - Creating the StFwdTrackCollection
StFwdTrackMaker:INFO  - Processing GenfitTrackResult(type=0): 0 mIsFitConverged=1, mIsFitConvergedPartially=1, mNumFitPoints=3
AAA FCS StraightLine: det=0 xyzdet=(-17.399,-5.26,710.16) norm=(-0.0301896,0,0.999544)
AAA projectAsStraightLine: tv3A=(-5.58672,-56.5784,574.831) tv3B=(-6.45487,-66.7503,624.805)
AAA   xyzf=(-17.399,-5.26,710.16) norm=(-0.0301896,0,0.999544)
AAA   tintersection=2.71371 result=(-7.94261,-84.1821,710.446)
AAA FCS StraightLine result: tv3=(-7.94261,-84.1821,710.446)
AAA FCS StraightLine: det=2 xyzdet=(-21.285,1.8,782.63) norm=(-0.0301896,0,0.999544)
AAA projectAsStraightLine: tv3A=(-5.58672,-56.5784,574.831) tv3B=(-6.45487,-66.7503,624.805)
AAA   xyzf=(-21.285,1.8,782.63) norm=(-0.0301896,0,0.999544)
AAA   tintersection=4.16546 result=(-9.20294,-98.9492,782.995)
AAA FCS StraightLine result: tv3=(-9.20294,-98.9492,782.995)
StFwdTrackMaker:INFO  - Processing GenfitTrackResult(type=2): 1 mIsFitConverged=1, mIsFitConvergedPartially=1, mNumFitPoints=4
AAA FCS StraightLine: det=0 xyzdet=(-17.399,-5.26,710.16) norm=(-0.0301896,0,0.999544)
AAA projectAsStraightLine: tv3A=(-0.109802,-0.0924988,574.997) tv3B=(-0.146746,-0.078836,624.996)
AAA   xyzf=(-17.399,-5.26,710.16) norm=(-0.0301896,0,0.999544)
AAA   tintersection=2.71371 result=(-0.210058,-0.0554218,710.679)
AAA FCS StraightLine result: tv3=(-0.210058,-0.0554218,710.679)
AAA FCS StraightLine: det=2 xyzdet=(-21.285,1.8,782.63) norm=(-0.0301896,0,0.999544)
AAA projectAsStraightLine: tv3A=(-0.109802,-0.0924988,574.997) tv3B=(-0.146746,-0.078836,624.996)
AAA   xyzf=(-21.285,1.8,782.63) norm=(-0.0301896,0,0.999544)
AAA   tintersection=4.16546 result=(-0.263692,-0.0355868,783.265)
AAA FCS StraightLine result: tv3=(-0.263692,-0.0355868,783.265)
StFwdTrackMaker:INFO  - Processing GenfitTrackResult(type=1): 2 mIsFitConverged=1, mIsFitConvergedPartially=1, mNumFitPoints=4
AAA FCS StraightLine: det=0 xyzdet=(-17.399,-5.26,710.16) norm=(-0.0301896,0,0.999544)
AAA projectAsStraightLine: tv3A=(0.729572,-31.8488,575.022) tv3B=(0.806686,-34.5802,625.024)
AAA   xyzf=(-17.399,-5.26,710.16) norm=(-0.0301896,0,0.999544)
AAA   tintersection=2.71371 result=(0.938838,-39.261,710.714)
AAA FCS StraightLine result: tv3=(0.938838,-39.261,710.714)
AAA FCS StraightLine: det=2 xyzdet=(-21.285,1.8,782.63) norm=(-0.0301896,0,0.999544)
AAA projectAsStraightLine: tv3A=(0.729572,-31.8488,575.022) tv3B=(0.806686,-34.5802,625.024)
AAA   xyzf=(-21.285,1.8,782.63) norm=(-0.0301896,0,0.999544)
AAA   tintersection=4.16546 result=(1.05079,-43.2263,783.305)
AAA FCS StraightLine result: tv3=(1.05079,-43.2263,783.305)
StFwdTrackMaker:INFO  - StFwdTrackCollection has 3 tracks now
StFwdTrackMaker:INFO  - StFwdTrackCollection has 3 tracks now
StFwdTrackMaker:INFO  - *** StFwdTrackMaker::Make() == StOK(0) ***
StFcsTrackMatchMaker:INFO  - *** StFcsTrackMatchMaker::Make() == StOK(0) ***
StStrangeMuDstMaker:INFO  - StV0Controller: found 0 V0 candidates
StStrangeMuDstMaker:INFO  - StXiController: found 0 Xi candidates
StStrangeMuDstMaker:INFO  - StKinkController: found 0 Kink candidates
StStrangeMuDstMaker:INFO  - *** StStrangeMuDstMaker::Make() == StOK(0) ***
StMuDstMaker:INFO  - fillMuFtt
StMuDstMaker:INFO  - fillMuFttRawHits
StMuDstMaker:INFO  - fillMuFttPoints
StMuDstMaker:INFO  - fillMuFttClusters
StMuDstMaker:INFO  - StMuDstMaker::fillFwdTrack(StEvent* ev)
StMuDstMaker:INFO  - StMuDSTMaker filling StMuFwdTrackCollection from StEvent
StMuDstMaker:INFO  - Adding 3 StMuFwdTracks to MuDSt
StMuDstMaker:INFO  - *** StMuDstMaker::Make() == StOK(0) ***
StTreeMaker:INFO  - *** StTreeMaker::Make() == StOK(0) ***
StPicoDstMaker:WARN  - No trigger data bank available!
StPicoDstMaker:INFO  - StPicoDstMaker::fillFcsHits filled 151
StPicoDstMaker:INFO  - StPicoDstMaker::fillFcsClusters filled 18
StPicoDstMaker:INFO  - *** StPicoDstMaker::Make() == StOK(0) ***
MEM after Chain::Clear + Make	 total =794.402344 heap =208.816101 and   0.567001( +0.207306)
<---------- END EVENT
--------->START EVENT: 9
MEM before Chain::Clear + Make	 total =794.402344 heap =208.816315 and   0.566498( +0.000214)
St_geant_Maker:INFO  - *** St_geant_Maker::Make() == StOK(0) ***
St_db_Maker:INFO  - *** St_db_Maker::Make() == StOK(0) ***
StMagFMaker:INFO  - *** StMagFMaker::Make() == StOK(0) ***
StDetectorDbMaker:INFO  - *** StDetectorDbMaker::Make() == StOK(0) ***
StTpcDbMaker:INFO  - *** StTpcDbMaker::Make() == StOK(0) ***
StFcsDbMaker:INFO  - *** StFcsDbMaker::Make() == StOK(0) ***
StEventMaker:INFO  - get trigDetSums from Calibrations/rich/trigDetSums
StEventMaker:WARN  - StEventMaker: No StDAQReader found
StEventMaker:INFO  - *** StEventMaker::Make() == StOK(0) ***
StMcEventMaker:INFO  - StMcEventMaker:   g2t_tpc_hit Table Not found 
StMcEventMaker:INFO  - StMcEventMaker:   particle    Table Not found 
StMcEventMaker:INFO  - *** StMcEventMaker::Make() == StOK(0) ***
StFcsFastSimulatorMaker:DEBUG - StFcsFastSimulatorMaker::Make
StFcsFastSimulatorMaker:DEBUG - Creating StFcsCollection
StFcsFastSimulatorMaker:INFO  - TAttr::Found : fcsleakyhcal = 0

StFcsFastSimulatorMaker:INFO  - TAttr::Found : fcshcalzdepeff = 0

StFcsFastSimulatorMaker:INFO  - g2t_wca_hit table has 26 hit
StFcsFastSimulatorMaker:INFO  - ECAL det=0 id=168 volid=1169 e=0.002224
StFcsFastSimulatorMaker:INFO  - ECAL det=0 id=170 volid=1171 e=0.000766
StFcsFastSimulatorMaker:INFO  - ECAL det=0 id=189 volid=1190 e=0.001237
StFcsFastSimulatorMaker:INFO  - ECAL det=0 id=190 volid=1191 e=0.003026
StFcsFastSimulatorMaker:INFO  - ECAL det=0 id=191 volid=1192 e=0.000276
StFcsFastSimulatorMaker:INFO  - ECAL det=0 id=192 volid=1193 e=0.005678
StFcsFastSimulatorMaker:INFO  - ECAL det=0 id=212 volid=1213 e=0.020040
StFcsFastSimulatorMaker:INFO  - ECAL det=0 id=213 volid=1214 e=0.180719
StFcsFastSimulatorMaker:INFO  - ECAL det=0 id=214 volid=1215 e=0.027322
StFcsFastSimulatorMaker:INFO  - ECAL det=0 id=218 volid=1219 e=0.000304
StFcsFastSimulatorMaker:INFO  - ECAL det=0 id=233 volid=1234 e=0.000367
StFcsFastSimulatorMaker:INFO  - ECAL det=0 id=234 volid=1235 e=0.017756
StFcsFastSimulatorMaker:INFO  - ECAL det=0 id=235 volid=1236 e=1.600644
StFcsFastSimulatorMaker:INFO  - ECAL det=0 id=236 volid=1237 e=0.090325
StFcsFastSimulatorMaker:INFO  - ECAL det=0 id=237 volid=1238 e=0.006001
StFcsFastSimulatorMaker:INFO  - ECAL det=0 id=238 volid=1239 e=0.000080
StFcsFastSimulatorMaker:INFO  - ECAL det=0 id=255 volid=1256 e=0.000133
StFcsFastSimulatorMaker:INFO  - ECAL det=0 id=256 volid=1257 e=0.003697
StFcsFastSimulatorMaker:INFO  - ECAL det=0 id=257 volid=1258 e=0.011730
StFcsFastSimulatorMaker:INFO  - ECAL det=0 id=258 volid=1259 e=0.005806
StFcsFastSimulatorMaker:INFO  - ECAL det=0 id=259 volid=1260 e=0.000296
StFcsFastSimulatorMaker:INFO  - ECAL det=0 id=277 volid=1278 e=0.002062
StFcsFastSimulatorMaker:INFO  - ECAL det=0 id=278 volid=1279 e=0.003290
StFcsFastSimulatorMaker:INFO  - ECAL det=0 id=280 volid=1281 e=0.000436
StFcsFastSimulatorMaker:INFO  - ECAL det=0 id=300 volid=1301 e=0.001901
StFcsFastSimulatorMaker:INFO  - ECAL det=0 id=322 volid=1323 e=0.000630
StFcsFastSimulatorMaker:INFO  - g2t_hca_hit table has 15 hit
StFcsFastSimulatorMaker:INFO  - HCAL det=2 id=48 volid= 1049 e=0.000146
StFcsFastSimulatorMaker:INFO  - HCAL det=2 id=60 volid= 1061 e=0.004228
StFcsFastSimulatorMaker:INFO  - HCAL det=2 id=73 volid= 1074 e=0.000181
StFcsFastSimulatorMaker:INFO  - HCAL det=2 id=76 volid= 1077 e=0.001013
StFcsFastSimulatorMaker:INFO  - HCAL det=2 id=84 volid= 1085 e=0.000883
StFcsFastSimulatorMaker:INFO  - HCAL det=2 id=85 volid= 1086 e=0.000559
StFcsFastSimulatorMaker:INFO  - HCAL det=2 id=86 volid= 1087 e=0.000561
StFcsFastSimulatorMaker:INFO  - HCAL det=2 id=87 volid= 1088 e=0.000534
StFcsFastSimulatorMaker:INFO  - HCAL det=2 id=88 volid= 1089 e=0.001134
StFcsFastSimulatorMaker:INFO  - HCAL det=2 id=98 volid= 1099 e=0.000671
StFcsFastSimulatorMaker:INFO  - HCAL det=2 id=99 volid= 1100 e=0.002096
StFcsFastSimulatorMaker:INFO  - HCAL det=2 id=100 volid= 1101 e=0.002487
StFcsFastSimulatorMaker:INFO  - HCAL det=2 id=111 volid= 1112 e=0.000053
StFcsFastSimulatorMaker:INFO  - HCAL det=2 id=112 volid= 1113 e=0.000086
StFcsFastSimulatorMaker:INFO  - HCAL det=2 id=125 volid= 1126 e=0.000090
StFcsFastSimulatorMaker:INFO  - g2t_epd_hit table has 1 hit
StFcsFastSimulatorMaker:INFO  - Pres det=4 id= 73 volid=203180 e=  2.586376
StFcsFastSimulatorMaker:INFO  - Det=0 id=168 dE=   0.002 SF= 0.200 gain= 0.005 corr= 1.000 ADC=   2 ZS= 1 digiE=   0.011
StFcsFastSimulatorMaker:INFO  - Det=0 id=170 dE=   0.001 SF= 0.200 gain= 0.005 corr= 1.000 ADC=   0 ZS= 1 digiE=   0.000
StFcsFastSimulatorMaker:INFO  - Det=0 id=189 dE=   0.001 SF= 0.200 gain= 0.005 corr= 1.000 ADC=   1 ZS= 1 digiE=   0.005
StFcsFastSimulatorMaker:INFO  - Det=0 id=190 dE=   0.003 SF= 0.200 gain= 0.005 corr= 1.000 ADC=   2 ZS= 1 digiE=   0.011
StFcsFastSimulatorMaker:INFO  - Det=0 id=191 dE=   0.000 SF= 0.200 gain= 0.005 corr= 1.000 ADC=   0 ZS= 1 digiE=   0.000
StFcsFastSimulatorMaker:INFO  - Det=0 id=192 dE=   0.006 SF= 0.200 gain= 0.005 corr= 1.000 ADC=   5 ZS= 1 digiE=   0.026
StFcsFastSimulatorMaker:INFO  - Det=0 id=212 dE=   0.020 SF= 0.200 gain= 0.005 corr= 1.000 ADC=  18 ZS= 1 digiE=   0.095
StFcsFastSimulatorMaker:INFO  - Det=0 id=213 dE=   0.181 SF= 0.200 gain= 0.005 corr= 1.000 ADC= 170 ZS= 1 digiE=   0.901
StFcsFastSimulatorMaker:INFO  - Det=0 id=214 dE=   0.027 SF= 0.200 gain= 0.005 corr= 1.000 ADC=  25 ZS= 1 digiE=   0.132
StFcsFastSimulatorMaker:INFO  - Det=0 id=218 dE=   0.000 SF= 0.200 gain= 0.005 corr= 1.000 ADC=   0 ZS= 1 digiE=   0.000
StFcsFastSimulatorMaker:INFO  - Det=0 id=233 dE=   0.000 SF= 0.200 gain= 0.005 corr= 1.000 ADC=   0 ZS= 1 digiE=   0.000
StFcsFastSimulatorMaker:INFO  - Det=0 id=234 dE=   0.018 SF= 0.200 gain= 0.005 corr= 1.000 ADC=  16 ZS= 1 digiE=   0.085
StFcsFastSimulatorMaker:INFO  - Det=0 id=235 dE=   1.601 SF= 0.200 gain= 0.005 corr= 1.000 ADC=1510 ZS= 1 digiE=   8.003
StFcsFastSimulatorMaker:INFO  - Det=0 id=236 dE=   0.090 SF= 0.200 gain= 0.005 corr= 1.000 ADC=  85 ZS= 1 digiE=   0.450
StFcsFastSimulatorMaker:INFO  - Det=0 id=237 dE=   0.006 SF= 0.200 gain= 0.005 corr= 1.000 ADC=   5 ZS= 1 digiE=   0.026
StFcsFastSimulatorMaker:INFO  - Det=0 id=238 dE=   0.000 SF= 0.200 gain= 0.005 corr= 1.000 ADC=   0 ZS= 1 digiE=   0.000
StFcsFastSimulatorMaker:INFO  - Det=0 id=255 dE=   0.000 SF= 0.200 gain= 0.005 corr= 1.000 ADC=   0 ZS= 1 digiE=   0.000
StFcsFastSimulatorMaker:INFO  - Det=0 id=256 dE=   0.004 SF= 0.200 gain= 0.005 corr= 1.000 ADC=   3 ZS= 1 digiE=   0.016
StFcsFastSimulatorMaker:INFO  - Det=0 id=257 dE=   0.012 SF= 0.200 gain= 0.005 corr= 1.000 ADC=  11 ZS= 1 digiE=   0.058
StFcsFastSimulatorMaker:INFO  - Det=0 id=258 dE=   0.006 SF= 0.200 gain= 0.005 corr= 1.000 ADC=   5 ZS= 1 digiE=   0.026
StFcsFastSimulatorMaker:INFO  - Det=0 id=259 dE=   0.000 SF= 0.200 gain= 0.005 corr= 1.000 ADC=   0 ZS= 1 digiE=   0.000
StFcsFastSimulatorMaker:INFO  - Det=0 id=277 dE=   0.002 SF= 0.200 gain= 0.005 corr= 1.000 ADC=   1 ZS= 1 digiE=   0.005
StFcsFastSimulatorMaker:INFO  - Det=0 id=278 dE=   0.003 SF= 0.200 gain= 0.005 corr= 1.000 ADC=   3 ZS= 1 digiE=   0.016
StFcsFastSimulatorMaker:INFO  - Det=0 id=280 dE=   0.000 SF= 0.200 gain= 0.005 corr= 1.000 ADC=   0 ZS= 1 digiE=   0.000
StFcsFastSimulatorMaker:INFO  - Det=0 id=300 dE=   0.002 SF= 0.200 gain= 0.005 corr= 1.000 ADC=   1 ZS= 1 digiE=   0.005
StFcsFastSimulatorMaker:INFO  - Det=0 id=322 dE=   0.001 SF= 0.200 gain= 0.005 corr= 1.000 ADC=   0 ZS= 1 digiE=   0.000
StFcsFastSimulatorMaker:INFO  - Det=2 id= 48 dE=   0.000 SF= 0.014 gain= 0.005 corr= 1.000 ADC=   1 ZS= 1 digiE=   0.005
StFcsFastSimulatorMaker:INFO  - Det=2 id= 60 dE=   0.004 SF= 0.014 gain= 0.005 corr= 1.000 ADC=  55 ZS= 1 digiE=   0.292
StFcsFastSimulatorMaker:INFO  - Det=2 id= 73 dE=   0.000 SF= 0.014 gain= 0.005 corr= 1.000 ADC=   2 ZS= 1 digiE=   0.011
StFcsFastSimulatorMaker:INFO  - Det=2 id= 76 dE=   0.001 SF= 0.014 gain= 0.005 corr= 1.000 ADC=  13 ZS= 1 digiE=   0.069
StFcsFastSimulatorMaker:INFO  - Det=2 id= 84 dE=   0.001 SF= 0.014 gain= 0.005 corr= 1.000 ADC=  11 ZS= 1 digiE=   0.058
StFcsFastSimulatorMaker:INFO  - Det=2 id= 85 dE=   0.001 SF= 0.014 gain= 0.005 corr= 1.000 ADC=   7 ZS= 1 digiE=   0.037
StFcsFastSimulatorMaker:INFO  - Det=2 id= 86 dE=   0.001 SF= 0.014 gain= 0.005 corr= 1.000 ADC=   7 ZS= 1 digiE=   0.037
StFcsFastSimulatorMaker:INFO  - Det=2 id= 87 dE=   0.001 SF= 0.014 gain= 0.005 corr= 1.000 ADC=   6 ZS= 1 digiE=   0.032
StFcsFastSimulatorMaker:INFO  - Det=2 id= 88 dE=   0.001 SF= 0.014 gain= 0.005 corr= 1.000 ADC=  14 ZS= 1 digiE=   0.074
StFcsFastSimulatorMaker:INFO  - Det=2 id= 98 dE=   0.001 SF= 0.014 gain= 0.005 corr= 1.000 ADC=   8 ZS= 1 digiE=   0.042
StFcsFastSimulatorMaker:INFO  - Det=2 id= 99 dE=   0.002 SF= 0.014 gain= 0.005 corr= 1.000 ADC=  27 ZS= 1 digiE=   0.143
StFcsFastSimulatorMaker:INFO  - Det=2 id=100 dE=   0.002 SF= 0.014 gain= 0.005 corr= 1.000 ADC=  32 ZS= 1 digiE=   0.170
StFcsFastSimulatorMaker:INFO  - Det=2 id=111 dE=   0.000 SF= 0.014 gain= 0.005 corr= 1.000 ADC=   0 ZS= 1 digiE=   0.000
StFcsFastSimulatorMaker:INFO  - Det=2 id=112 dE=   0.000 SF= 0.014 gain= 0.005 corr= 1.000 ADC=   1 ZS= 1 digiE=   0.005
StFcsFastSimulatorMaker:INFO  - Det=2 id=125 dE=   0.000 SF= 0.014 gain= 0.005 corr= 1.000 ADC=   1 ZS= 1 digiE=   0.005
StFcsFastSimulatorMaker:INFO  - Det=4 id= 73 dE=   2.586 SF= 2.000 gain= 0.010 corr= 0.500 ADC= 258 ZS= 1 digiE=   1.290
StFcsFastSimulatorMaker:INFO  - wca Found 26 g2t hits in 14 cells, created 14 hits with ADC>ZS(1) and Etot=   9.858
StFcsFastSimulatorMaker:INFO  - hca Found 15 g2t hits in 11 cells, created 11 hits with ADC>ZS(1) and Etot=   0.965
StFcsFastSimulatorMaker:INFO  - pre Found 1 g2t hits in 1 cells, created 1 hits with ADC>ZS(1) and Etot=   1.290
StFcsFastSimulatorMaker:INFO  - *** StFcsFastSimulatorMaker::Make() == StOK(0) ***
StFcsWaveformFitMaker:INFO  - *** StFcsWaveformFitMaker::Make() == StOK(0) ***
StFcsClusterMaker:DEBUG - StFcsClusterMaker Make!!!
  *** Print FCS collection ***  RecFlag=0
  *** FCS Det=0 *** NHit= 14 NCluster=  1 NPoint=  0
StFcsHit: det= 0 id=235 | ns=0 ehp=0 dep= 8 ch= 6 | Ntb=  1 Sum=     0 Fit=  0.00   0.00 E=  8.00 | 1510 (  0) 
StFcsHit: det= 0 id=213 | ns=0 ehp=0 dep= 8 ch= 2 | Ntb=  1 Sum=     0 Fit=  0.00   0.00 E=  0.90 |  170 (  0) 
StFcsHit: det= 0 id=236 | ns=0 ehp=0 dep= 8 ch= 7 | Ntb=  1 Sum=     0 Fit=  0.00   0.00 E=  0.45 |   85 (  0) 
StFcsHit: det= 0 id=214 | ns=0 ehp=0 dep= 8 ch= 3 | Ntb=  1 Sum=     0 Fit=  0.00   0.00 E=  0.13 |   25 (  0) 
StFcsHit: det= 0 id=212 | ns=0 ehp=0 dep= 8 ch= 1 | Ntb=  1 Sum=     0 Fit=  0.00   0.00 E=  0.10 |   18 (  0) 
StFcsHit: det= 0 id=234 | ns=0 ehp=0 dep= 8 ch= 5 | Ntb=  1 Sum=     0 Fit=  0.00   0.00 E=  0.08 |   16 (  0) 
StFcsHit: det= 0 id=257 | ns=0 ehp=0 dep= 8 ch=10 | Ntb=  1 Sum=     0 Fit=  0.00   0.00 E=  0.06 |   11 (  0) 
StFcsHit: det= 0 id=192 | ns=0 ehp=0 dep= 3 ch=31 | Ntb=  1 Sum=     0 Fit=  0.00   0.00 E=  0.03 |    5 (  0) 
StFcsHit: det= 0 id=237 | ns=0 ehp=0 dep= 9 ch= 4 | Ntb=  1 Sum=     0 Fit=  0.00   0.00 E=  0.03 |    5 (  0) 
StFcsHit: det= 0 id=258 | ns=0 ehp=0 dep= 8 ch=11 | Ntb=  1 Sum=     0 Fit=  0.00   0.00 E=  0.03 |    5 (  0) 
StFcsHit: det= 0 id=256 | ns=0 ehp=0 dep= 8 ch= 9 | Ntb=  1 Sum=     0 Fit=  0.00   0.00 E=  0.02 |    3 (  0) 
StFcsHit: det= 0 id=278 | ns=0 ehp=0 dep= 8 ch=13 | Ntb=  1 Sum=     0 Fit=  0.00   0.00 E=  0.02 |    3 (  0) 
StFcsHit: det= 0 id=168 | ns=0 ehp=0 dep= 3 ch=25 | Ntb=  1 Sum=     0 Fit=  0.00   0.00 E=  0.01 |    2 (  0) 
StFcsHit: det= 0 id=190 | ns=0 ehp=0 dep= 3 ch=29 | Ntb=  1 Sum=     0 Fit=  0.00   0.00 E=  0.01 |    2 (  0) 
StFcsCluster id=   0 ctg=1 n=13 nNeigh=0 nPoints=0 loc=  15.61   10.30 PXYZE=  -1.41    0.43    9.74    9.85 E=   9.85 sigMin/max=   0.31    0.40 Chi2=   0.00    0.00
  *** FCS Det=1 *** NHit=  0 NCluster=  0 NPoint=  0
  *** FCS Det=2 *** NHit= 11 NCluster=  2 NPoint=  0
StFcsHit: det= 2 id= 60 | ns=0 ehp=1 dep= 2 ch= 8 | Ntb=  1 Sum=     0 Fit=  0.00   0.00 E=  0.29 |   55 (  0) 
StFcsHit: det= 2 id=100 | ns=0 ehp=1 dep= 2 ch=21 | Ntb=  1 Sum=     0 Fit=  0.00   0.00 E=  0.17 |   32 (  0) 
StFcsHit: det= 2 id= 99 | ns=0 ehp=1 dep= 2 ch=20 | Ntb=  1 Sum=     0 Fit=  0.00   0.00 E=  0.14 |   27 (  0) 
StFcsHit: det= 2 id= 88 | ns=0 ehp=1 dep= 2 ch=18 | Ntb=  1 Sum=     0 Fit=  0.00   0.00 E=  0.07 |   14 (  0) 
StFcsHit: det= 2 id= 76 | ns=0 ehp=1 dep= 2 ch=15 | Ntb=  1 Sum=     0 Fit=  0.00   0.00 E=  0.07 |   13 (  0) 
StFcsHit: det= 2 id= 84 | ns=0 ehp=1 dep= 1 ch=18 | Ntb=  1 Sum=     0 Fit=  0.00   0.00 E=  0.06 |   11 (  0) 
StFcsHit: det= 2 id= 98 | ns=0 ehp=1 dep= 1 ch=23 | Ntb=  1 Sum=     0 Fit=  0.00   0.00 E=  0.04 |    8 (  0) 
StFcsHit: det= 2 id= 85 | ns=0 ehp=1 dep= 1 ch=19 | Ntb=  1 Sum=     0 Fit=  0.00   0.00 E=  0.04 |    7 (  0) 
StFcsHit: det= 2 id= 86 | ns=0 ehp=1 dep= 2 ch=16 | Ntb=  1 Sum=     0 Fit=  0.00   0.00 E=  0.04 |    7 (  0) 
StFcsHit: det= 2 id= 87 | ns=0 ehp=1 dep= 2 ch=17 | Ntb=  1 Sum=     0 Fit=  0.00   0.00 E=  0.03 |    6 (  0) 
StFcsHit: det= 2 id= 73 | ns=0 ehp=1 dep= 2 ch=12 | Ntb=  1 Sum=     0 Fit=  0.00   0.00 E=  0.01 |    2 (  0) 
StFcsCluster id=   0 ctg=1 n= 2 nNeigh=1 nPoints=0 loc=   8.50    4.50 PXYZE=  -0.04    0.02    0.30    0.30 E=   0.30 sigMin/max=   0.00    0.00 Chi2=   0.00    0.00
StFcsCluster id=   1 ctg=1 n= 8 nNeigh=1 nPoints=0 loc=   9.11    7.50 PXYZE=  -0.08    0.02    0.60    0.60 E=   0.60 sigMin/max=   0.00    0.49 Chi2=   0.00    0.00
  *** FCS Det=3 *** NHit=  0 NCluster=  0 NPoint=  0
  *** FCS Det=4 *** NHit=  1 NCluster=  0 NPoint=  0
StFcsHit: det= 4 id= 73 | ns=0 ehp=2 dep= 2 ch= 9 | Ntb=  1 Sum=     0 Fit=  0.00   0.00 E=  1.29 |  258 (  0) 
  *** FCS Det=5 *** NHit=  0 NCluster=  0 NPoint=  0
  *** FCS Det=6 *** NHit=  0 NCluster=  1 NPoint=  0
StFcsClusterMaker:INFO  - *** StFcsClusterMaker::Make() == StOK(0) ***
StFttClusterPointMaker:INFO  - Creating FttCollection
StFttClusterPointMaker:INFO  - Making Geant points
StFttClusterPointMaker:INFO  - *** StFttClusterPointMaker::Make() == StOK(0) ***
StFwdTrackMaker:INFO  - Setting Event Vertex from geant/g2t_vertex[0]: 0xb0563b0
StFwdTrackMaker:INFO  - TAttr::Found : useftt = 1

StFwdTrackMaker:INFO  - TAttr::Found : usefst = 1

StFwdTrackMaker:INFO  - TAttr::Found : useepd = 1

StFwdTrackMaker:INFO  - There are: 0 with 0 FST, 0 with 1 FST, 0 with 2 FST, 1 with 3 FST
StFwdTrackMaker:INFO  - There are: 0 with 0 FTT, 0 with 1 FTT, 0 with 2 FTT, 0 with 3 FTT, 0 with 4 FTT, 0 with 5 FTT, 0 with 6 FTT, 0 with 7 FTT, 1 with 8 FTT
StFwdTrackMaker:INFO  - There are 1 McTracks with > 2 FST hits (#of possible seeds)
StFwdTrackMaker:INFO  - 	Finding FWD Track Seeds
StFwdTrackMaker:INFO  - Hitmap Source: fst
StFwdTrackMaker:INFO  - Performing Fwd Seed finding with mode: fst = 
StFwdTrackMaker:INFO  - Found 1 seeds in 1 iterations
StFwdTrackMaker:INFO  - Total Hits removed: 0
StFwdTrackMaker:INFO  - Seed [0] with 3 hits : id=2@2id=1@1id=0@0
StFwdTrackMaker:INFO  - <<Fwd Tracking Found : 1 Track Seeds from 3 FST hits and 4 sTGC hits
StFwdTrackMaker:INFO  -     (vs. 1 McTracks with FST>2, eff = 1)
StFwdTrackMaker:INFO  - 	Fitting FWD Track Seeds
StFwdTrackMaker:INFO  - TrackFitter:refit = 1
StFwdTrackMaker:INFO  - Starting Track fitting loop with 1 track seeds
StFwdTrackMaker:INFO  - TrackFitter:refit = 1
StFwdTrackMaker:INFO  - 		Mc Match idTruth=1, quality = 1
StFwdTrackMaker:INFO  - GenFitTrackResult::mIdTruth = 1, QaTruth = 1
StFwdTrackMaker:INFO  - GenericFitSeeder::makeSeed::Curvature: 0.00976585
StFwdTrackMaker:INFO  - GenericFitSeeder::makeSeed::pt = 0.153489
StFwdTrackMaker:INFO  - Track Setup complete, track has 3 points
StFwdTrackMaker:INFO  -  sorting changed track points: 0
StFwdTrackMaker:INFO  - Fit status:  1
StFwdTrackMaker:INFO  - -Fit pvalue: 0.965566
StFwdTrackMaker:INFO  - -Fit Chi2:   0.00186363
StFwdTrackMaker:INFO  - -Fit Chi2:   0.00186363
StFwdTrackMaker:INFO  - Track fit charge: 1Fit momentum: -0.139047, 0.0380601, 0.649879
StFwdTrackMaker:INFO  - 	Fit Pt: 0.144162, eta: 2.21108, phi: 2.87442
StFwdTrackMaker:INFO  - Track fit update complete!
StFwdTrackMaker:INFO  - Track Reps: 1
StFwdTrackMaker:INFO  - Track Rep 0 
genfit::AbsTrackRep, pdgCode = 211. PropDir = 0
fitStatus 
 track has been fitted, fit has converged fully, 0 TrackPoints could not be processed, fitted charge = 1, PruneFlags: 
 track has been fitted with reference track, numIterations = 2, track length = 27.6881, fChi2 = 0.00186363, bChi2 = 0.00186363, fNdf = 1, bNdf = 1, fPVal = 0.965566, bPVal = 0.965566

StFwdTrackMaker:INFO  - GenFitTrackResult::mIdTruth = 1, QaTruth = 1
StFwdTrackMaker:INFO  - GTR Setting momentum from track
StFwdTrackMaker:INFO  - --isFitConvergedPartially() = 1
StFwdTrackMaker:INFO  - --isFitConverged() = 1
StFwdTrackMaker:INFO  - --isFitConvergedFully() = 1
StFwdTrackMaker:INFO  - Looking for FTT strips near projected state on disk 0
StFwdTrackMaker:INFO  - There are 2 available FTT strips on this disk
AAA FTT proj z= 312.84  x=-52.470 y= 21.990  r= 56.891 phi= 2.7447  sigU= 4.164 sigV= 0.188
AAA FTT momentum at proj: pT= 0.143 eta= 2.221 phi= 2.5610  px= -0.119 py=  0.078 pz=  0.650
AAA FTT search thresholds: dPhi<0.1200 dR<30.00 dx<7.50 dy<7.50  nHits=2
findFttHitsNearProjectedState, msp = (-52.469663, 21.989635)
AAA FTT hit H pos=(-51.580+/-4.33,  13.921+/-0.01)  dx= 0.890 dy= 8.069 dR= 3.466 dPhi=0.1332 (tid=1)  dPhi:FAIL dR:OK XY:OK
	 vs. hit@(-44.290310+/-0.010000, 17.541153+/-4.330127) => dx=8.179353, dy=4.448482, dR=9.253790, dPhi=0.019760 (tid=1), strip=vertical
AAA FTT hit V pos=(-44.290+/-0.01,  17.541+/-4.33)  dx= 8.179 dy= 4.448 dR= 9.254 dPhi=0.0198 (tid=1)  dPhi:OK dR:OK XY:OK
StFwdTrackMaker:INFO  - Closest horizontal FTT strip to FST state: dR=3.465917, dPhi=0.133246, dx=0.889920, dy=8.068721 (tid=1) 
AAA FTT closest-H dPhi=0.1332(<0.1200) dR= 3.466(< 30.0) dx= 0.890 dy= 8.069(< 7.50) tid=1 -> REJECT
StFwdTrackMaker:INFO  - Closest vertical FTT strip to FST state: dR=9.253790, dPhi=0.019760, dx=8.179353, dy=4.448482 (tid=1) 
AAA FTT closest-V dPhi=0.0198(<0.1200) dR= 9.254(< 30.0) dx= 8.179 dy= 4.448(< 7.50) tid=1 -> REJECT
AAA FTT result: 0 hits added (H:REJECT V:REJECT)
StFwdTrackMaker:INFO  -  Found #FTT strips on plane #0 = [0]
StFwdTrackMaker:INFO  - Found 3 existing seed points
StFwdTrackMaker:INFO  - Looking for FTT strips near projected state on disk 1
StFwdTrackMaker:INFO  - There are 2 available FTT strips on this disk
AAA FTT proj z= 330.84  x=-55.782 y= 24.112  r= 60.770 phi= 2.7336  sigU= 4.164 sigV= 0.187
AAA FTT momentum at proj: pT= 0.141 eta= 2.231 phi= 2.5899  px= -0.120 py=  0.074 pz=  0.651
AAA FTT search thresholds: dPhi<0.1200 dR<30.00 dx<7.50 dy<7.50  nHits=2
findFttHitsNearProjectedState, msp = (-55.781765, 24.111583)
	 vs. hit@(-47.508732+/-4.330127, 14.678418+/-0.010000) => dx=8.273033, dy=9.433165, dR=11.045245, dPhi=0.108335 (tid=1), strip=horizontal
AAA FTT hit H pos=(-47.509+/-4.33,  14.678+/-0.01)  dx= 8.273 dy= 9.433 dR=11.045 dPhi=0.1083 (tid=1)  dPhi:OK dR:OK XY:FAIL
	 vs. hit@(-46.873623+/-0.010000, 15.881365+/-4.330127) => dx=8.908142, dy=8.230218, dR=11.278891, dPhi=0.081321 (tid=1), strip=vertical
AAA FTT hit V pos=(-46.874+/-0.01,  15.881+/-4.33)  dx= 8.908 dy= 8.230 dR=11.279 dPhi=0.0813 (tid=1)  dPhi:OK dR:OK XY:FAIL
StFwdTrackMaker:INFO  - Closest horizontal FTT strip to FST state: dR=11.045245, dPhi=0.108335, dx=8.273033, dy=9.433165 (tid=1) 
AAA FTT closest-H dPhi=0.1083(<0.1200) dR=11.045(< 30.0) dx= 8.273 dy= 9.433(< 7.50) tid=1 -> REJECT
StFwdTrackMaker:INFO  - Closest vertical FTT strip to FST state: dR=11.278891, dPhi=0.081321, dx=8.908142, dy=8.230218 (tid=1) 
AAA FTT closest-V dPhi=0.0813(<0.1200) dR=11.279(< 30.0) dx= 8.908 dy= 8.230(< 7.50) tid=1 -> REJECT
AAA FTT result: 0 hits added (H:REJECT V:REJECT)
StFwdTrackMaker:INFO  -  Found #FTT strips on plane #1 = [0]
StFwdTrackMaker:INFO  - Found 3 existing seed points
StFwdTrackMaker:INFO  - Looking for FTT strips near projected state on disk 2
StFwdTrackMaker:INFO  - There are 2 available FTT strips on this disk
AAA FTT proj z= 346.85  x=-58.770 y= 25.860  r= 64.208 phi= 2.7271  sigU= 4.164 sigV= 0.180
AAA FTT momentum at proj: pT= 0.140 eta= 2.239 phi= 2.6350  px= -0.123 py=  0.068 pz=  0.651
AAA FTT search thresholds: dPhi<0.1200 dR<30.00 dx<7.50 dy<7.50  nHits=2
findFttHitsNearProjectedState, msp = (-58.770230, 25.859718)
AAA FTT hit H pos=(-54.475+/-4.33,  15.365+/-0.01)  dx= 4.295 dy=10.494 dR= 7.607 dPhi=0.1396 (tid=1)  dPhi:FAIL dR:OK XY:OK
	 vs. hit@(-49.110619+/-0.010000, 21.935768+/-4.330127) => dx=9.659611, dy=3.923950, dR=10.421080, dPhi=0.005555 (tid=1), strip=vertical
AAA FTT hit V pos=(-49.111+/-0.01,  21.936+/-4.33)  dx= 9.660 dy= 3.924 dR=10.421 dPhi=0.0056 (tid=1)  dPhi:OK dR:OK XY:OK
StFwdTrackMaker:INFO  - Closest horizontal FTT strip to FST state: dR=7.607293, dPhi=0.139601, dx=4.295040, dy=10.494440 (tid=1) 
AAA FTT closest-H dPhi=0.1396(<0.1200) dR= 7.607(< 30.0) dx= 4.295 dy=10.494(< 7.50) tid=1 -> REJECT
StFwdTrackMaker:INFO  - Closest vertical FTT strip to FST state: dR=10.421080, dPhi=0.005555, dx=9.659611, dy=3.923950 (tid=1) 
AAA FTT closest-V dPhi=0.0056(<0.1200) dR=10.421(< 30.0) dx= 9.660 dy= 3.924(< 7.50) tid=1 -> REJECT
AAA FTT result: 0 hits added (H:REJECT V:REJECT)
StFwdTrackMaker:INFO  -  Found #FTT strips on plane #2 = [0]
StFwdTrackMaker:INFO  - Found 3 existing seed points
StFwdTrackMaker:INFO  - Looking for FTT strips near projected state on disk 3
StFwdTrackMaker:INFO  - There are 2 available FTT strips on this disk
AAA FTT proj z= 364.84  x=-62.193 y= 27.665  r= 68.068 phi= 2.7231  sigU= 4.164 sigV= 0.172
AAA FTT momentum at proj: pT= 0.140 eta= 2.243 phi= 2.6747  px= -0.125 py=  0.063 pz=  0.651
AAA FTT search thresholds: dPhi<0.1200 dR<30.00 dx<7.50 dy<7.50  nHits=2
findFttHitsNearProjectedState, msp = (-62.192590, 27.664734)
AAA FTT hit H pos=(-57.894+/-4.33,  16.122+/-0.01)  dx= 4.299 dy=11.542 dR= 7.971 dPhi=0.1469 (tid=1)  dPhi:FAIL dR:OK XY:OK
	 vs. hit@(-51.705917+/-0.010000, 18.367670+/-4.330127) => dx=10.486672, dy=9.297064, dR=13.196599, dPhi=0.077211 (tid=1), strip=vertical
AAA FTT hit V pos=(-51.706+/-0.01,  18.368+/-4.33)  dx=10.487 dy= 9.297 dR=13.197 dPhi=0.0772 (tid=1)  dPhi:OK dR:OK XY:FAIL
StFwdTrackMaker:INFO  - Closest horizontal FTT strip to FST state: dR=7.971437, dPhi=0.146938, dx=4.299016, dy=11.542273 (tid=1) 
AAA FTT closest-H dPhi=0.1469(<0.1200) dR= 7.971(< 30.0) dx= 4.299 dy=11.542(< 7.50) tid=1 -> REJECT
StFwdTrackMaker:INFO  - Closest vertical FTT strip to FST state: dR=13.196599, dPhi=0.077211, dx=10.486672, dy=9.297064 (tid=1) 
AAA FTT closest-V dPhi=0.0772(<0.1200) dR=13.197(< 30.0) dx=10.487 dy= 9.297(< 7.50) tid=1 -> REJECT
AAA FTT result: 0 hits added (H:REJECT V:REJECT)
StFwdTrackMaker:INFO  -  Found #FTT strips on plane #3 = [0]
StFwdTrackMaker:INFO  - Found 3 existing seed points
StFwdTrackMaker:INFO  - Closest EPD hit to state: dR=16.502808, dPhi=-0.027097, dx=14.494434, dy=-8.063871
StFwdTrackMaker:INFO  - GenFitTrackResult::mIdTruth = 1, QaTruth = 1
StFwdTrackMaker:INFO  - GenericFitSeeder::makeSeed::Curvature: 0.00976585
StFwdTrackMaker:INFO  - GenericFitSeeder::makeSeed::pt = 0.153489
StFwdTrackMaker:INFO  - Note: Using externally provided seed momentum
StFwdTrackMaker:INFO  - Track Setup complete, track has 3 points
StFwdTrackMaker:INFO  -  sorting changed track points: 0
StFwdTrackMaker:INFO  - Fit status:  1
StFwdTrackMaker:INFO  - -Fit pvalue: 0.965566
StFwdTrackMaker:INFO  - -Fit Chi2:   0.00186363
StFwdTrackMaker:INFO  - -Fit Chi2:   0.00186363
StFwdTrackMaker:INFO  - Track fit charge: 1Fit momentum: -0.139047, 0.03806, 0.649878
StFwdTrackMaker:INFO  - 	Fit Pt: 0.144162, eta: 2.21108, phi: 2.87442
StFwdTrackMaker:INFO  - Track fit update complete!
StFwdTrackMaker:INFO  - Track Reps: 1
StFwdTrackMaker:INFO  - Track Rep 0 
genfit::AbsTrackRep, pdgCode = 211. PropDir = 0
fitStatus 
 track has been fitted, fit has converged fully, 0 TrackPoints could not be processed, fitted charge = 1, PruneFlags: 
 track has been fitted with reference track, numIterations = 2, track length = 27.6882, fChi2 = 0.00186363, bChi2 = 0.00186363, fNdf = 1, bNdf = 1, fPVal = 0.965566, bPVal = 0.965566

StFwdTrackMaker:INFO  - GenFitTrackResult::mIdTruth = 1, QaTruth = 1
StFwdTrackMaker:INFO  - GTR Setting momentum from track
StFwdTrackMaker:INFO  - --isFitConvergedPartially() = 1
StFwdTrackMaker:INFO  - --isFitConverged() = 1
StFwdTrackMaker:INFO  - --isFitConvergedFully() = 1
StFwdTrackMaker:INFO  - Global track fitting completed, found 1 global tracks from 1 track seed candidates
StFwdTrackMaker:INFO  - >>doBeamlineTrackFitting( #globals = 1 )
StFwdTrackMaker:INFO  - doBeamlineTrackFitting>>0 McId=1 with Beamline, seed already has: 3 hits
StFwdTrackMaker:INFO  - mBeamlineHit: 0, 0, 0
StFwdTrackMaker:INFO  - This fit is for a global that converged? = 1
StFwdTrackMaker:INFO  - GenFitTrackResult::mIdTruth = 1, QaTruth = 0.75
StFwdTrackMaker:INFO  - GenericFitSeeder::makeSeed::Curvature: -0.000681683
StFwdTrackMaker:INFO  - GenericFitSeeder::makeSeed::pt = 2.1989
StFwdTrackMaker:INFO  - Track Setup complete, track has 4 points
StFwdTrackMaker:INFO  -  sorting changed track points: 0
StFwdTrackMaker:INFO  - Fit status:  1
StFwdTrackMaker:INFO  - -Fit pvalue: 0.952482
StFwdTrackMaker:INFO  - -Fit Chi2:   0.339268
StFwdTrackMaker:INFO  - -Fit Chi2:   0.339268
StFwdTrackMaker:INFO  - Track fit charge: -1Fit momentum: -0.81172, 0.283004, 4.95628
StFwdTrackMaker:INFO  - 	Fit Pt: 0.85964, eta: 2.45248, phi: 2.80612
StFwdTrackMaker:INFO  - Track fit update complete!
StFwdTrackMaker:INFO  - Track Reps: 1
StFwdTrackMaker:INFO  - Track Rep 0 
genfit::AbsTrackRep, pdgCode = -211. PropDir = 0
fitStatus 
 track has been fitted, fit has converged fully, 0 TrackPoints could not be processed, fitted charge = -1, PruneFlags: 
 track has been fitted with reference track, numIterations = 3, track length = 157.993, fChi2 = 0.339268, bChi2 = 0.339268, fNdf = 3, bNdf = 3, fPVal = 0.952482, bPVal = 0.952482

StFwdTrackMaker:INFO  - GenFitTrackResult::mIdTruth = 1, QaTruth = 0.75
StFwdTrackMaker:INFO  - GTR Setting momentum from track
StFwdTrackMaker:INFO  - --isFitConvergedPartially() = 1
StFwdTrackMaker:INFO  - --isFitConverged() = 1
StFwdTrackMaker:INFO  - --isFitConvergedFully() = 1
StFwdTrackMaker:INFO  - SEED momentum:-0.139047, 0.03806, 0.649878
StFwdTrackMaker:INFO  - 	Initial Beamline fit completed, now refitting with additional hits
StFwdTrackMaker:INFO  - Looking for FTT strips near projected state on disk 0
StFwdTrackMaker:INFO  - There are 2 available FTT strips on this disk
AAA FTT proj z= 312.84  x=-47.952 y= 14.447  r= 50.081 phi= 2.8490  sigU= 0.307 sigV= 0.095
AAA FTT momentum at proj: pT= 0.859 eta= 2.453 phi= 2.8840  px= -0.831 py=  0.219 pz=  4.956
AAA FTT search thresholds: dPhi<0.1200 dR<30.00 dx<7.50 dy<7.50  nHits=2
findFttHitsNearProjectedState, msp = (-47.952007, 14.446963)
	 vs. hit@(-51.579742+/-4.330127, 13.920914+/-0.010000) => dx=3.627735, dy=0.526049, dR=3.344259, dPhi=0.029020 (tid=1), strip=horizontal
AAA FTT hit H pos=(-51.580+/-4.33,  13.921+/-0.01)  dx= 3.628 dy= 0.526 dR= 3.344 dPhi=0.0290 (tid=1)  dPhi:OK dR:OK XY:OK
	 vs. hit@(-44.290310+/-0.010000, 17.541153+/-4.330127) => dx=3.661697, dy=3.094190, dR=2.443613, dPhi=0.084466 (tid=1), strip=vertical
AAA FTT hit V pos=(-44.290+/-0.01,  17.541+/-4.33)  dx= 3.662 dy= 3.094 dR= 2.444 dPhi=0.0845 (tid=1)  dPhi:OK dR:OK XY:OK
StFwdTrackMaker:INFO  - Adding horizontal strip hit with dPhi = 0.02902, dR = 3.34426, dx = 3.62774, dy = 0.526049
StFwdTrackMaker:INFO  - Adding vertical strip hit with dPhi = 0.0844658, dR = 2.44361, dx = 3.6617, dy = 3.09419
StFwdTrackMaker:INFO  - Closest horizontal FTT strip to FST state: dR=3.344259, dPhi=0.029020, dx=3.627735, dy=0.526049 (tid=1) 
AAA FTT closest-H dPhi=0.0290(<0.1200) dR= 3.344(< 30.0) dx= 3.628 dy= 0.526(< 7.50) tid=1 -> ACCEPT
StFwdTrackMaker:INFO  - Closest vertical FTT strip to FST state: dR=2.443613, dPhi=0.084466, dx=3.661697, dy=3.094190 (tid=1) 
AAA FTT closest-V dPhi=0.0845(<0.1200) dR= 2.444(< 30.0) dx= 3.662 dy= 3.094(< 7.50) tid=1 -> ACCEPT
AAA FTT result: 2 hits added (H:ACCEPT V:ACCEPT)
StFwdTrackMaker:INFO  -  Found #FTT strips on plane #0 = [2]
StFwdTrackMaker:INFO  - Found 4 existing seed points
StFwdTrackMaker:INFO  - Adding 2 new FTT seed points
StFwdTrackMaker:INFO  - Looking for FTT strips near projected state on disk 1
StFwdTrackMaker:INFO  - There are 2 available FTT strips on this disk
AAA FTT proj z= 330.84  x=-50.969 y= 15.247  r= 53.201 phi= 2.8509  sigU= 0.307 sigV= 0.096
AAA FTT momentum at proj: pT= 0.859 eta= 2.453 phi= 2.8802  px= -0.830 py=  0.222 pz=  4.956
AAA FTT search thresholds: dPhi<0.1200 dR<30.00 dx<7.50 dy<7.50  nHits=2
findFttHitsNearProjectedState, msp = (-50.969349, 15.246888)
	 vs. hit@(-47.508732+/-4.330127, 14.678418+/-0.010000) => dx=3.460617, dy=0.568470, dR=3.476363, dPhi=0.008993 (tid=1), strip=horizontal
AAA FTT hit H pos=(-47.509+/-4.33,  14.678+/-0.01)  dx= 3.461 dy= 0.568 dR= 3.476 dPhi=0.0090 (tid=1)  dPhi:OK dR:OK XY:OK
	 vs. hit@(-46.873623+/-0.010000, 15.881365+/-4.330127) => dx=4.095726, dy=0.634476, dR=3.710009, dPhi=0.036007 (tid=1), strip=vertical
AAA FTT hit V pos=(-46.874+/-0.01,  15.881+/-4.33)  dx= 4.096 dy= 0.634 dR= 3.710 dPhi=0.0360 (tid=1)  dPhi:OK dR:OK XY:OK
StFwdTrackMaker:INFO  - Adding horizontal strip hit with dPhi = 0.00899276, dR = 3.47636, dx = 3.46062, dy = 0.56847
StFwdTrackMaker:INFO  - Adding vertical strip hit with dPhi = 0.0360075, dR = 3.71001, dx = 4.09573, dy = 0.634476
StFwdTrackMaker:INFO  - Closest horizontal FTT strip to FST state: dR=3.476363, dPhi=0.008993, dx=3.460617, dy=0.568470 (tid=1) 
AAA FTT closest-H dPhi=0.0090(<0.1200) dR= 3.476(< 30.0) dx= 3.461 dy= 0.568(< 7.50) tid=1 -> ACCEPT
StFwdTrackMaker:INFO  - Closest vertical FTT strip to FST state: dR=3.710009, dPhi=0.036007, dx=4.095726, dy=0.634476 (tid=1) 
AAA FTT closest-V dPhi=0.0360(<0.1200) dR= 3.710(< 30.0) dx= 4.096 dy= 0.634(< 7.50) tid=1 -> ACCEPT
AAA FTT result: 2 hits added (H:ACCEPT V:ACCEPT)
StFwdTrackMaker:INFO  -  Found #FTT strips on plane #1 = [2]
StFwdTrackMaker:INFO  - Found 6 existing seed points
StFwdTrackMaker:INFO  - Adding 2 new FTT seed points
StFwdTrackMaker:INFO  - Looking for FTT strips near projected state on disk 2
StFwdTrackMaker:INFO  - There are 2 available FTT strips on this disk
AAA FTT proj z= 346.85  x=-53.647 y= 15.972  r= 55.974 phi= 2.8522  sigU= 0.307 sigV= 0.096
AAA FTT momentum at proj: pT= 0.859 eta= 2.453 phi= 2.8745  px= -0.829 py=  0.227 pz=  4.956
AAA FTT search thresholds: dPhi<0.1200 dR<30.00 dx<7.50 dy<7.50  nHits=2
findFttHitsNearProjectedState, msp = (-53.647367, 15.971536)
	 vs. hit@(-54.475189+/-4.330127, 15.365278+/-0.010000) => dx=0.827822, dy=0.606257, dR=0.626320, dPhi=0.014440 (tid=1), strip=horizontal
AAA FTT hit H pos=(-54.475+/-4.33,  15.365+/-0.01)  dx= 0.828 dy= 0.606 dR= 0.626 dPhi=0.0144 (tid=1)  dPhi:OK dR:OK XY:OK
AAA FTT hit V pos=(-49.111+/-0.01,  21.936+/-4.33)  dx= 4.537 dy= 5.964 dR= 2.187 dPhi=0.1307 (tid=1)  dPhi:FAIL dR:OK XY:OK
StFwdTrackMaker:INFO  - Adding horizontal strip hit with dPhi = 0.0144396, dR = 0.62632, dx = 0.827822, dy = 0.606257
StFwdTrackMaker:INFO  - Adding vertical strip hit with dPhi = 0.130716, dR = 2.18747, dx = 4.53675, dy = 5.96423
StFwdTrackMaker:INFO  - Closest horizontal FTT strip to FST state: dR=0.626320, dPhi=0.014440, dx=0.827822, dy=0.606257 (tid=1) 
AAA FTT closest-H dPhi=0.0144(<0.1200) dR= 0.626(< 30.0) dx= 0.828 dy= 0.606(< 7.50) tid=1 -> ACCEPT
StFwdTrackMaker:INFO  - Closest vertical FTT strip to FST state: dR=2.187467, dPhi=0.130716, dx=4.536749, dy=5.964233 (tid=1) 
AAA FTT closest-V dPhi=0.1307(<0.1200) dR= 2.187(< 30.0) dx= 4.537 dy= 5.964(< 7.50) tid=1 -> ACCEPT
AAA FTT result: 2 hits added (H:ACCEPT V:ACCEPT)
StFwdTrackMaker:INFO  -  Found #FTT strips on plane #2 = [2]
StFwdTrackMaker:INFO  - Found 8 existing seed points
StFwdTrackMaker:INFO  - Adding 2 new FTT seed points
StFwdTrackMaker:INFO  - Looking for FTT strips near projected state on disk 3
StFwdTrackMaker:INFO  - There are 2 available FTT strips on this disk
AAA FTT proj z= 364.84  x=-56.652 y= 16.803  r= 59.091 phi= 2.8533  sigU= 0.307 sigV= 0.096
AAA FTT momentum at proj: pT= 0.859 eta= 2.453 phi= 2.8691  px= -0.827 py=  0.231 pz=  4.956
AAA FTT search thresholds: dPhi<0.1200 dR<30.00 dx<7.50 dy<7.50  nHits=2
findFttHitsNearProjectedState, msp = (-56.652090, 16.802802)
	 vs. hit@(-57.893574+/-4.330127, 16.122461+/-0.010000) => dx=1.241484, dy=0.680340, dR=1.005187, dPhi=0.016728 (tid=1), strip=horizontal
AAA FTT hit H pos=(-57.894+/-4.33,  16.122+/-0.01)  dx= 1.241 dy= 0.680 dR= 1.005 dPhi=0.0167 (tid=1)  dPhi:OK dR:OK XY:OK
	 vs. hit@(-51.705917+/-0.010000, 18.367670+/-4.330127) => dx=4.946172, dy=1.564868, dR=4.219975, dPhi=0.052998 (tid=1), strip=vertical
AAA FTT hit V pos=(-51.706+/-0.01,  18.368+/-4.33)  dx= 4.946 dy= 1.565 dR= 4.220 dPhi=0.0530 (tid=1)  dPhi:OK dR:OK XY:OK
StFwdTrackMaker:INFO  - Adding horizontal strip hit with dPhi = 0.0167284, dR = 1.00519, dx = 1.24148, dy = 0.68034
StFwdTrackMaker:INFO  - Adding vertical strip hit with dPhi = 0.0529982, dR = 4.21997, dx = 4.94617, dy = 1.56487
StFwdTrackMaker:INFO  - Closest horizontal FTT strip to FST state: dR=1.005187, dPhi=0.016728, dx=1.241484, dy=0.680340 (tid=1) 
AAA FTT closest-H dPhi=0.0167(<0.1200) dR= 1.005(< 30.0) dx= 1.241 dy= 0.680(< 7.50) tid=1 -> ACCEPT
StFwdTrackMaker:INFO  - Closest vertical FTT strip to FST state: dR=4.219975, dPhi=0.052998, dx=4.946172, dy=1.564868 (tid=1) 
AAA FTT closest-V dPhi=0.0530(<0.1200) dR= 4.220(< 30.0) dx= 4.946 dy= 1.565(< 7.50) tid=1 -> ACCEPT
AAA FTT result: 2 hits added (H:ACCEPT V:ACCEPT)
StFwdTrackMaker:INFO  -  Found #FTT strips on plane #3 = [2]
StFwdTrackMaker:INFO  - Found 10 existing seed points
StFwdTrackMaker:INFO  - Adding 2 new FTT seed points
StFwdTrackMaker:INFO  - Closest EPD hit to state: dR=7.107169, dPhi=0.104794, dx=8.693641, dy=3.288712
StFwdTrackMaker:INFO  - GenFitTrackResult::mIdTruth = 1, QaTruth = 0.846154
StFwdTrackMaker:INFO  - GenericFitSeeder::makeSeed::Curvature: 0.0152879
StFwdTrackMaker:INFO  - GenericFitSeeder::makeSeed::pt = 0.0980481
StFwdTrackMaker:INFO  - Note: Using externally provided seed momentum
StFwdTrackMaker:INFO  - Track Setup complete, track has 13 points
StFwdTrackMaker:INFO  -  sorting changed track points: 1
StFwdTrackMaker:INFO  - Fit status:  1
StFwdTrackMaker:INFO  - -Fit pvalue: 0.348721
StFwdTrackMaker:INFO  - -Fit Chi2:   22.9114
StFwdTrackMaker:INFO  - -Fit Chi2:   22.9114
StFwdTrackMaker:INFO  - Track fit charge: -1Fit momentum: -1.37059, 0.468872, 9.74979
StFwdTrackMaker:INFO  - 	Fit Pt: 1.44857, eta: 2.60529, phi: 2.81198
StFwdTrackMaker:INFO  - Track fit update complete!
StFwdTrackMaker:INFO  - Track Reps: 1
StFwdTrackMaker:INFO  - Track Rep 0 
genfit::AbsTrackRep, pdgCode = 211. PropDir = 0
fitStatus 
 track has been fitted, fit has converged fully, 0 TrackPoints could not be processed, fitted charge = -1, PruneFlags: 
 track has been fitted with reference track, numIterations = 4, track length = 368.629, fChi2 = 22.9114, bChi2 = 22.9114, fNdf = 21, bNdf = 21, fPVal = 0.34872, bPVal = 0.348721

StFwdTrackMaker:INFO  - GenFitTrackResult::mIdTruth = 1, QaTruth = 0.846154
StFwdTrackMaker:INFO  - GTR Setting momentum from track
StFwdTrackMaker:INFO  - --isFitConvergedPartially() = 1
StFwdTrackMaker:INFO  - --isFitConverged() = 1
StFwdTrackMaker:INFO  - --isFitConvergedFully() = 1
StFwdTrackMaker:INFO  - >>doPrimaryTrackFitting( #globals = 1 )
StFwdTrackMaker:INFO  - Refitting Track 0, McId=1 with Primary Vertex, seed already has: 3 hits
StFwdTrackMaker:INFO  - mEventVertexHit: 0, 0, 0
StFwdTrackMaker:INFO  - This fit is for a global that converged? = 1
StFwdTrackMaker:INFO  - GenFitTrackResult::mIdTruth = 1, QaTruth = 0.75
StFwdTrackMaker:INFO  - GenericFitSeeder::makeSeed::Curvature: -0.000681683
StFwdTrackMaker:INFO  - GenericFitSeeder::makeSeed::pt = 2.1989
StFwdTrackMaker:INFO  - Note: Using externally provided seed momentum
StFwdTrackMaker:INFO  - Track Setup complete, track has 4 points
StFwdTrackMaker:INFO  -  sorting changed track points: 0
StFwdTrackMaker:INFO  - Fit status:  1
StFwdTrackMaker:INFO  - -Fit pvalue: 0.938856
StFwdTrackMaker:INFO  - -Fit Chi2:   0.406694
StFwdTrackMaker:INFO  - -Fit Chi2:   0.406694
StFwdTrackMaker:INFO  - Track fit charge: -1Fit momentum: -0.683216, 0.241354, 4.88423
StFwdTrackMaker:INFO  - 	Fit Pt: 0.724593, eta: 2.60676, phi: 2.80201
StFwdTrackMaker:INFO  - Track fit update complete!
StFwdTrackMaker:INFO  - Track Reps: 1
StFwdTrackMaker:INFO  - Track Rep 0 
genfit::AbsTrackRep, pdgCode = -211. PropDir = 0
fitStatus 
 track has been fitted, fit has converged fully, 0 TrackPoints could not be processed, fitted charge = -1, PruneFlags: 
 track has been fitted with reference track, numIterations = 4, track length = 181.09, fChi2 = 0.406694, bChi2 = 0.406694, fNdf = 3, bNdf = 3, fPVal = 0.938856, bPVal = 0.938856

StFwdTrackMaker:INFO  - GenFitTrackResult::mIdTruth = 1, QaTruth = 0.75
StFwdTrackMaker:INFO  - GTR Setting momentum from track
StFwdTrackMaker:INFO  - --isFitConvergedPartially() = 1
StFwdTrackMaker:INFO  - --isFitConverged() = 1
StFwdTrackMaker:INFO  - --isFitConvergedFully() = 1
StFwdTrackMaker:INFO  - 	Initial fit complete, now refitting with additional points
StFwdTrackMaker:INFO  - Looking for FTT strips near projected state on disk 0
StFwdTrackMaker:INFO  - There are 2 available FTT strips on this disk
AAA FTT proj z= 312.84  x=-44.424 y= 13.372  r= 46.393 phi= 2.8492  sigU= 0.282 sigV= 0.011
AAA FTT momentum at proj: pT= 0.724 eta= 2.607 phi= 2.8875  px= -0.701 py=  0.182 pz=  4.884
AAA FTT search thresholds: dPhi<0.1200 dR<30.00 dx<7.50 dy<7.50  nHits=2
findFttHitsNearProjectedState, msp = (-44.423763, 13.372084)
	 vs. hit@(-51.579742+/-4.330127, 13.920914+/-0.010000) => dx=7.155979, dy=0.548830, dR=7.032583, dPhi=0.028775 (tid=1), strip=horizontal
AAA FTT hit H pos=(-51.580+/-4.33,  13.921+/-0.01)  dx= 7.156 dy= 0.549 dR= 7.033 dPhi=0.0288 (tid=1)  dPhi:OK dR:OK XY:OK
	 vs. hit@(-44.290310+/-0.010000, 17.541153+/-4.330127) => dx=0.133453, dy=4.169069, dR=1.244710, dPhi=0.084711 (tid=1), strip=vertical
AAA FTT hit V pos=(-44.290+/-0.01,  17.541+/-4.33)  dx= 0.133 dy= 4.169 dR= 1.245 dPhi=0.0847 (tid=1)  dPhi:OK dR:OK XY:OK
StFwdTrackMaker:INFO  - Adding horizontal strip hit with dPhi = 0.0287746, dR = 7.03258, dx = 7.15598, dy = 0.54883
StFwdTrackMaker:INFO  - Adding vertical strip hit with dPhi = 0.0847112, dR = 1.24471, dx = 0.133453, dy = 4.16907
StFwdTrackMaker:INFO  - Closest horizontal FTT strip to FST state: dR=7.032583, dPhi=0.028775, dx=7.155979, dy=0.548830 (tid=1) 
AAA FTT closest-H dPhi=0.0288(<0.1200) dR= 7.033(< 30.0) dx= 7.156 dy= 0.549(< 7.50) tid=1 -> ACCEPT
StFwdTrackMaker:INFO  - Closest vertical FTT strip to FST state: dR=1.244710, dPhi=0.084711, dx=0.133453, dy=4.169069 (tid=1) 
AAA FTT closest-V dPhi=0.0847(<0.1200) dR= 1.245(< 30.0) dx= 0.133 dy= 4.169(< 7.50) tid=1 -> ACCEPT
AAA FTT result: 2 hits added (H:ACCEPT V:ACCEPT)
StFwdTrackMaker:INFO  -  Found #FTT strips on plane #0 = [2]
StFwdTrackMaker:INFO  - Found 4 existing seed points
StFwdTrackMaker:INFO  - Adding 2 new FTT seed points
StFwdTrackMaker:INFO  - Looking for FTT strips near projected state on disk 1
StFwdTrackMaker:INFO  - There are 2 available FTT strips on this disk
AAA FTT proj z= 330.84  x=-47.007 y= 14.048  r= 49.061 phi= 2.8512  sigU= 0.282 sigV= 0.010
AAA FTT momentum at proj: pT= 0.724 eta= 2.607 phi= 2.8835  px= -0.700 py=  0.185 pz=  4.884
AAA FTT search thresholds: dPhi<0.1200 dR<30.00 dx<7.50 dy<7.50  nHits=2
findFttHitsNearProjectedState, msp = (-47.006671, 14.047607)
	 vs. hit@(-47.508732+/-4.330127, 14.678418+/-0.010000) => dx=0.502061, dy=0.630811, dR=0.663795, dPhi=0.009264 (tid=1), strip=horizontal
AAA FTT hit H pos=(-47.509+/-4.33,  14.678+/-0.01)  dx= 0.502 dy= 0.631 dR= 0.664 dPhi=0.0093 (tid=1)  dPhi:OK dR:OK XY:OK
	 vs. hit@(-46.873623+/-0.010000, 15.881365+/-4.330127) => dx=0.133048, dy=1.833758, dR=0.430149, dPhi=0.036279 (tid=1), strip=vertical
AAA FTT hit V pos=(-46.874+/-0.01,  15.881+/-4.33)  dx= 0.133 dy= 1.834 dR= 0.430 dPhi=0.0363 (tid=1)  dPhi:OK dR:OK XY:OK
StFwdTrackMaker:INFO  - Adding horizontal strip hit with dPhi = 0.00926404, dR = 0.663795, dx = 0.502061, dy = 0.630811
StFwdTrackMaker:INFO  - Adding vertical strip hit with dPhi = 0.0362787, dR = 0.430149, dx = 0.133048, dy = 1.83376
StFwdTrackMaker:INFO  - Closest horizontal FTT strip to FST state: dR=0.663795, dPhi=0.009264, dx=0.502061, dy=0.630811 (tid=1) 
AAA FTT closest-H dPhi=0.0093(<0.1200) dR= 0.664(< 30.0) dx= 0.502 dy= 0.631(< 7.50) tid=1 -> ACCEPT
StFwdTrackMaker:INFO  - Closest vertical FTT strip to FST state: dR=0.430149, dPhi=0.036279, dx=0.133048, dy=1.833758 (tid=1) 
AAA FTT closest-V dPhi=0.0363(<0.1200) dR= 0.430(< 30.0) dx= 0.133 dy= 1.834(< 7.50) tid=1 -> ACCEPT
AAA FTT result: 2 hits added (H:ACCEPT V:ACCEPT)
StFwdTrackMaker:INFO  -  Found #FTT strips on plane #1 = [2]
StFwdTrackMaker:INFO  - Found 6 existing seed points
StFwdTrackMaker:INFO  - Adding 2 new FTT seed points
StFwdTrackMaker:INFO  - Looking for FTT strips near projected state on disk 2
StFwdTrackMaker:INFO  - There are 2 available FTT strips on this disk
AAA FTT proj z= 346.85  x=-49.299 y= 14.659  r= 51.433 phi= 2.8526  sigU= 0.282 sigV= 0.010
AAA FTT momentum at proj: pT= 0.724 eta= 2.608 phi= 2.8781  px= -0.699 py=  0.189 pz=  4.884
AAA FTT search thresholds: dPhi<0.1200 dR<30.00 dx<7.50 dy<7.50  nHits=2
findFttHitsNearProjectedState, msp = (-49.299225, 14.659257)
	 vs. hit@(-54.475189+/-4.330127, 15.365278+/-0.010000) => dx=5.175964, dy=0.706021, dR=5.168137, dPhi=0.014108 (tid=1), strip=horizontal
AAA FTT hit H pos=(-54.475+/-4.33,  15.365+/-0.01)  dx= 5.176 dy= 0.706 dR= 5.168 dPhi=0.0141 (tid=1)  dPhi:OK dR:OK XY:OK
AAA FTT hit V pos=(-49.111+/-0.01,  21.936+/-4.33)  dx= 0.189 dy= 7.277 dR= 2.354 dPhi=0.1310 (tid=1)  dPhi:FAIL dR:OK XY:OK
StFwdTrackMaker:INFO  - Adding horizontal strip hit with dPhi = 0.0141083, dR = 5.16814, dx = 5.17596, dy = 0.706021
StFwdTrackMaker:INFO  - Adding vertical strip hit with dPhi = 0.131047, dR = 2.35435, dx = 0.188606, dy = 7.27651
StFwdTrackMaker:INFO  - Closest horizontal FTT strip to FST state: dR=5.168137, dPhi=0.014108, dx=5.175964, dy=0.706021 (tid=1) 
AAA FTT closest-H dPhi=0.0141(<0.1200) dR= 5.168(< 30.0) dx= 5.176 dy= 0.706(< 7.50) tid=1 -> ACCEPT
StFwdTrackMaker:INFO  - Closest vertical FTT strip to FST state: dR=2.354350, dPhi=0.131047, dx=0.188606, dy=7.276511 (tid=1) 
AAA FTT closest-V dPhi=0.1310(<0.1200) dR= 2.354(< 30.0) dx= 0.189 dy= 7.277(< 7.50) tid=1 -> ACCEPT
AAA FTT result: 2 hits added (H:ACCEPT V:ACCEPT)
StFwdTrackMaker:INFO  -  Found #FTT strips on plane #2 = [2]
StFwdTrackMaker:INFO  - Found 8 existing seed points
StFwdTrackMaker:INFO  - Adding 2 new FTT seed points
StFwdTrackMaker:INFO  - Looking for FTT strips near projected state on disk 3
StFwdTrackMaker:INFO  - There are 2 available FTT strips on this disk
AAA FTT proj z= 364.84  x=-51.871 y= 15.361  r= 54.098 phi= 2.8537  sigU= 0.282 sigV= 0.010
AAA FTT momentum at proj: pT= 0.724 eta= 2.608 phi= 2.8723  px= -0.698 py=  0.193 pz=  4.884
AAA FTT search thresholds: dPhi<0.1200 dR<30.00 dx<7.50 dy<7.50  nHits=2
findFttHitsNearProjectedState, msp = (-51.871327, 15.361470)
	 vs. hit@(-57.893574+/-4.330127, 16.122461+/-0.010000) => dx=6.022247, dy=0.760991, dR=5.998441, dPhi=0.016314 (tid=1), strip=horizontal
AAA FTT hit H pos=(-57.894+/-4.33,  16.122+/-0.01)  dx= 6.022 dy= 0.761 dR= 5.998 dPhi=0.0163 (tid=1)  dPhi:OK dR:OK XY:OK
	 vs. hit@(-51.705917+/-0.010000, 18.367670+/-4.330127) => dx=0.165409, dy=3.006200, dR=0.773279, dPhi=0.053412 (tid=1), strip=vertical
AAA FTT hit V pos=(-51.706+/-0.01,  18.368+/-4.33)  dx= 0.165 dy= 3.006 dR= 0.773 dPhi=0.0534 (tid=1)  dPhi:OK dR:OK XY:OK
StFwdTrackMaker:INFO  - Adding horizontal strip hit with dPhi = 0.0163142, dR = 5.99844, dx = 6.02225, dy = 0.760991
StFwdTrackMaker:INFO  - Adding vertical strip hit with dPhi = 0.0534125, dR = 0.773279, dx = 0.165409, dy = 3.0062
StFwdTrackMaker:INFO  - Closest horizontal FTT strip to FST state: dR=5.998441, dPhi=0.016314, dx=6.022247, dy=0.760991 (tid=1) 
AAA FTT closest-H dPhi=0.0163(<0.1200) dR= 5.998(< 30.0) dx= 6.022 dy= 0.761(< 7.50) tid=1 -> ACCEPT
StFwdTrackMaker:INFO  - Closest vertical FTT strip to FST state: dR=0.773279, dPhi=0.053412, dx=0.165409, dy=3.006200 (tid=1) 
AAA FTT closest-V dPhi=0.0534(<0.1200) dR= 0.773(< 30.0) dx= 0.165 dy= 3.006(< 7.50) tid=1 -> ACCEPT
AAA FTT result: 2 hits added (H:ACCEPT V:ACCEPT)
StFwdTrackMaker:INFO  -  Found #FTT strips on plane #3 = [2]
StFwdTrackMaker:INFO  - Found 10 existing seed points
StFwdTrackMaker:INFO  - Adding 2 new FTT seed points
StFwdTrackMaker:INFO  - Closest EPD hit to state: dR=1.858901, dPhi=0.105253, dx=3.668621, dy=4.803375
StFwdTrackMaker:INFO  - GenFitTrackResult::mIdTruth = 1, QaTruth = 0.846154
StFwdTrackMaker:INFO  - GenericFitSeeder::makeSeed::Curvature: 0.0152879
StFwdTrackMaker:INFO  - GenericFitSeeder::makeSeed::pt = 0.0980481
StFwdTrackMaker:INFO  - Note: Using externally provided seed momentum
StFwdTrackMaker:INFO  - Track Setup complete, track has 13 points
StFwdTrackMaker:INFO  -  sorting changed track points: 1
StFwdTrackMaker:INFO  - Fit status:  1
StFwdTrackMaker:INFO  - -Fit pvalue: 0.270595
StFwdTrackMaker:INFO  - -Fit Chi2:   24.4755
StFwdTrackMaker:INFO  - -Fit Chi2:   24.4755
StFwdTrackMaker:INFO  - Track fit charge: -1Fit momentum: -1.42092, 0.483996, 10.1246
StFwdTrackMaker:INFO  - 	Fit Pt: 1.50109, eta: 2.60737, phi: 2.8133
StFwdTrackMaker:INFO  - Track fit update complete!
StFwdTrackMaker:INFO  - Track Reps: 1
StFwdTrackMaker:INFO  - Track Rep 0 
genfit::AbsTrackRep, pdgCode = 211. PropDir = 0
fitStatus 
 track has been fitted, fit has converged fully, 0 TrackPoints could not be processed, fitted charge = -1, PruneFlags: 
 track has been fitted with reference track, numIterations = 3, track length = 369.428, fChi2 = 24.4755, bChi2 = 24.4755, fNdf = 21, bNdf = 21, fPVal = 0.270596, bPVal = 0.270595

StFwdTrackMaker:INFO  - GenFitTrackResult::mIdTruth = 1, QaTruth = 0.846154
StFwdTrackMaker:INFO  - GTR Setting momentum from track
StFwdTrackMaker:INFO  - --isFitConvergedPartially() = 1
StFwdTrackMaker:INFO  - --isFitConverged() = 1
StFwdTrackMaker:INFO  - --isFitConvergedFully() = 1
StFwdTrackMaker:INFO  - >>doSecondaryTrackFitting( #globals = 1 )
StFwdTrackMaker:INFO  - <<Fwd Tracking Fit :3 GenFit Tracks
StFwdTrackMaker:INFO  - TAttr::Found : fillevent = 1

StFwdTrackMaker:INFO  - Creating the StFwdTrackCollection
StFwdTrackMaker:INFO  - Processing GenfitTrackResult(type=0): 0 mIsFitConverged=1, mIsFitConvergedPartially=1, mNumFitPoints=3
AAA FCS StraightLine: det=0 xyzdet=(-17.399,-5.26,710.16) norm=(-0.0301896,0,0.999544)
AAA projectAsStraightLine: tv3A=(-102.739,45.7716,571.897) tv3B=(-112.503,50.0489,621.602)
AAA   xyzf=(-17.399,-5.26,710.16) norm=(-0.0301896,0,0.999544)
AAA   tintersection=2.71371 result=(-129.236,57.379,706.782)
AAA FCS StraightLine result: tv3=(-129.236,57.379,706.782)
AAA FCS StraightLine: det=2 xyzdet=(-21.285,1.8,782.63) norm=(-0.0301896,0,0.999544)
AAA projectAsStraightLine: tv3A=(-102.739,45.7716,571.897) tv3B=(-112.503,50.0489,621.602)
AAA   xyzf=(-21.285,1.8,782.63) norm=(-0.0301896,0,0.999544)
AAA   tintersection=4.16546 result=(-143.411,63.5885,778.941)
AAA FCS StraightLine result: tv3=(-143.411,63.5885,778.941)
StFwdTrackMaker:INFO  - Processing GenfitTrackResult(type=2): 1 mIsFitConverged=1, mIsFitConvergedPartially=1, mNumFitPoints=13
AAA FCS StraightLine: det=0 xyzdet=(-17.399,-5.26,710.16) norm=(-0.0301896,0,0.999544)
AAA projectAsStraightLine: tv3A=(-81.0295,25.2059,572.553) tv3B=(-88.0812,27.3804,622.34)
AAA   xyzf=(-17.399,-5.26,710.16) norm=(-0.0301896,0,0.999544)
AAA   tintersection=2.71371 result=(-100.166,31.1069,707.66)
AAA FCS StraightLine result: tv3=(-100.166,31.1069,707.66)
AAA FCS StraightLine: det=2 xyzdet=(-21.285,1.8,782.63) norm=(-0.0301896,0,0.999544)
AAA projectAsStraightLine: tv3A=(-81.0295,25.2059,572.553) tv3B=(-88.0812,27.3804,622.34)
AAA   xyzf=(-21.285,1.8,782.63) norm=(-0.0301896,0,0.999544)
AAA   tintersection=4.16546 result=(-110.403,34.2637,779.938)
AAA FCS StraightLine result: tv3=(-110.403,34.2637,779.938)
StFwdTrackMaker:INFO  - Processing GenfitTrackResult(type=1): 2 mIsFitConverged=1, mIsFitConvergedPartially=1, mNumFitPoints=13
AAA FCS StraightLine: det=0 xyzdet=(-17.399,-5.26,710.16) norm=(-0.0301896,0,0.999544)
AAA projectAsStraightLine: tv3A=(-81.0959,25.2339,572.551) tv3B=(-88.1617,27.4148,622.337)
AAA   xyzf=(-17.399,-5.26,710.16) norm=(-0.0301896,0,0.999544)
AAA   tintersection=2.71371 result=(-100.271,31.1523,707.657)
AAA FCS StraightLine result: tv3=(-100.271,31.1523,707.657)
AAA FCS StraightLine: det=2 xyzdet=(-21.285,1.8,782.63) norm=(-0.0301896,0,0.999544)
AAA projectAsStraightLine: tv3A=(-81.0959,25.2339,572.551) tv3B=(-88.1617,27.4148,622.337)
AAA   xyzf=(-21.285,1.8,782.63) norm=(-0.0301896,0,0.999544)
AAA   tintersection=4.16546 result=(-110.528,34.3184,779.935)
AAA FCS StraightLine result: tv3=(-110.528,34.3184,779.935)
StFwdTrackMaker:INFO  - StFwdTrackCollection has 3 tracks now
StFwdTrackMaker:INFO  - StFwdTrackCollection has 3 tracks now
StFwdTrackMaker:INFO  - *** StFwdTrackMaker::Make() == StOK(0) ***
StFcsTrackMatchMaker:INFO  - *** StFcsTrackMatchMaker::Make() == StOK(0) ***
StStrangeMuDstMaker:INFO  - StV0Controller: found 0 V0 candidates
StStrangeMuDstMaker:INFO  - StXiController: found 0 Xi candidates
StStrangeMuDstMaker:INFO  - StKinkController: found 0 Kink candidates
StStrangeMuDstMaker:INFO  - *** StStrangeMuDstMaker::Make() == StOK(0) ***
StMuDstMaker:INFO  - fillMuFtt
StMuDstMaker:INFO  - fillMuFttRawHits
StMuDstMaker:INFO  - fillMuFttPoints
StMuDstMaker:INFO  - fillMuFttClusters
StMuDstMaker:INFO  - StMuDstMaker::fillFwdTrack(StEvent* ev)
StMuDstMaker:INFO  - StMuDSTMaker filling StMuFwdTrackCollection from StEvent
StMuDstMaker:INFO  - Adding 3 StMuFwdTracks to MuDSt
StMuDstMaker:INFO  - *** StMuDstMaker::Make() == StOK(0) ***
StTreeMaker:INFO  - *** StTreeMaker::Make() == StOK(0) ***
StPicoDstMaker:WARN  - No trigger data bank available!
StPicoDstMaker:INFO  - StPicoDstMaker::fillFcsHits filled 26
StPicoDstMaker:INFO  - StPicoDstMaker::fillFcsClusters filled 3
StPicoDstMaker:INFO  - *** StPicoDstMaker::Make() == StOK(0) ***
MEM after Chain::Clear + Make	 total =794.402344 heap =208.668518 and   0.715363( -0.147797)
<---------- END EVENT
MEM after event loop	 total =794.402344 heap =208.668808 and   0.714005( +0.000290)
MEM after delete chain	 total =794.402344 heap =208.669144 and   0.713669( +0.000336)
QA :INFO  - =================================================================================
QA :INFO  - QAInfo:Chain            StBFChain::bfc                  Ast =  4.38        Cpu =  2.03 
QA :INFO  - QAInfo:Maker       StPicoDstMaker::PicoDst              Ast =  0.10( 2.2%) Cpu =  0.06( 3.0%) 
QA :INFO  - QAInfo:Maker          StTreeMaker::outputStream         Ast =  0.03( 0.8%) Cpu =  0.02( 1.0%) 
QA :INFO  - QAInfo:Maker         StMuDstMaker::MuDst                Ast =  0.44(10.0%) Cpu =  0.25(12.3%) 
QA :INFO  - QAInfo:Maker  StStrangeMuDstMaker::strangeMuDst         Ast =  0.04( 1.0%) Cpu =  0.02( 1.0%) 
QA :INFO  - QAInfo:Maker StFcsTrackMatchMaker::FcsTrkMatch          Ast =  0.00( 0.1%) Cpu =  0.00( 0.0%) 
QA :INFO  - QAInfo:Maker      StFwdTrackMaker::fwdTrack             Ast =  1.30(29.5%) Cpu =  0.75(36.9%) 
QA :INFO  - QAInfo:Maker StFttClusterPointMaker::fttClusterPointMaker Ast =  0.00( 0.1%) Cpu =  0.00( 0.0%) 
QA :INFO  - QAInfo:Maker    StFcsClusterMaker::StFcsClusterMaker    Ast =  0.01( 0.1%) Cpu =  0.02( 1.0%) 
QA :INFO  - QAInfo:Maker StFcsWaveformFitMaker::StFcsWaveformFitMaker Ast =  0.00( 0.0%) Cpu =  0.00( 0.0%) 
QA :INFO  - QAInfo:Maker StFcsFastSimulatorMaker::fcsSim               Ast =  0.05( 1.2%) Cpu =  0.02( 1.0%) 
QA :INFO  - QAInfo:Maker       StMcEventMaker::StMcEventMaker       Ast =  0.03( 0.7%) Cpu =  0.00( 0.0%) 
QA :INFO  - QAInfo:Maker         StEventMaker::0Event               Ast =  0.03( 0.6%) Cpu =  0.01( 0.5%) 
QA :INFO  - QAInfo:Maker         StFcsDbMaker::fcsDbMkr             Ast =  0.00( 0.0%) Cpu =  0.00( 0.0%) 
QA :INFO  - QAInfo:Maker         StTpcDbMaker::tpcDB                Ast =  0.68(15.6%) Cpu =  0.04( 2.0%) 
QA :INFO  - QAInfo:Maker    StDetectorDbMaker::detDb                Ast =  0.00( 0.0%) Cpu =  0.00( 0.0%) 
QA :INFO  - QAInfo:Maker          StMagFMaker::MagField             Ast =  0.00( 0.0%) Cpu =  0.00( 0.0%) 
QA :INFO  - QAInfo:Maker          St_db_Maker::db                   Ast =  1.14(26.1%) Cpu =  0.35(17.2%) 
QA :INFO  - QAInfo:Maker       St_geant_Maker::geant                Ast =  0.53(12.1%) Cpu =  0.49(24.1%) 
StTreeMaker:INFO  - StFttClusterPointMaker::StMaker::Init : GetCVS is not overloaded
  Please add into file /direct/star+u/akio/fcstrk11/star-sw-fwd/.sl73_x8664_gcc485/obj/StRoot/StFttClusterPointMaker/StFttClusterPointMaker.h the following line: 
  virtual const char *GetCVS() const
  {static const char cvs[]="Tag $Name:$ $Id:$ built "__DATE__" " __TIME__ ; return cvs;}

StTreeMaker:INFO  - StFwdTrackMaker::StMaker::Init : GetCVS is not overloaded
  Please add into file /direct/star+u/akio/fcstrk11/star-sw-fwd/.sl73_x8664_gcc485/obj/StRoot/StFwdTrackMaker/StFwdTrackMaker.h the following line: 
  virtual const char *GetCVS() const
  {static const char cvs[]="Tag $Name:$ $Id:$ built "__DATE__" " __TIME__ ; return cvs;}

StTreeMaker:INFO  - StFttClusterPointMaker::StMaker::Init : GetCVS is not overloaded
  Please add into file /direct/star+u/akio/fcstrk11/star-sw-fwd/.sl73_x8664_gcc485/obj/StRoot/StFttClusterPointMaker/StFttClusterPointMaker.h the following line: 
  virtual const char *GetCVS() const
  {static const char cvs[]="Tag $Name:$ $Id:$ built "__DATE__" " __TIME__ ; return cvs;}

StTreeMaker:INFO  - StFwdTrackMaker::StMaker::Init : GetCVS is not overloaded
  Please add into file /direct/star+u/akio/fcstrk11/star-sw-fwd/.sl73_x8664_gcc485/obj/StRoot/StFwdTrackMaker/StFwdTrackMaker.h the following line: 
  virtual const char *GetCVS() const
  {static const char cvs[]="Tag $Name:$ $Id:$ built "__DATE__" " __TIME__ ; return cvs;}

** <StBranch::Close> Branch=runcoBranch 	File=ele.pt1.5.vz0.runco.root 	Closed **
<StTreeMaker::Finish> outputStream: 10 I/O's
StMuDstMaker:INFO  -  ##### virtual void StMuDstMaker::closeWrite()
StMuDstMaker:INFO  -  ##### File=./ele.pt1.MuDst.root  NumberOfEvents= 10  ##### 
StStrangeMuDstMaker:INFO  - StV0Controller: Total kept: 0 V0 candidates
StStrangeMuDstMaker:INFO  - StXiController: Total kept: 0 Xi candidates
StStrangeMuDstMaker:INFO  - StKinkController: Total kept: 0 Kink candidates
St_db_Maker::Init 
Real time 0:00:00, CP time 0.120, 3 slices
      MySQL::Init 
Real time 0:00:00, CP time 0.220, 2 slices
St_db_Maker::Make 
Real time 0:00:00, CP time 0.060, 851 slices
      MySQL::Make 
Real time 0:00:00, CP time 0.020, 811 slices
      MySQL::Data 
Real time 0:00:00, CP time 0.020, 28 slices
St_db_Maker:INFO  - St_db_Maker::dbStat : Evts = 10 dbEvts=1 Evts/dbEvts = 10.0

St_db_Maker:INFO  - St_db_Maker::dbStat : dbData =       0.1 dbTime=0.141693 dbData/dbTime=0.495072

St_db_Maker:INFO  - St_db_Maker::dbStat : dbTime =       0.1 dbEvts=1 dbTime/dbEvts =0.141693

St_db_Maker:INFO  - St_db_Maker::dbStat : dbCpu  =       0.0 dbEvts=1  dbCpu/dbEvts =0.02

St_db_Maker:INFO  - St_db_Maker::dbStat : dbTime/tot  =      4.65 dbCpu/tot=      0.66 

QA :INFO  - St_geant_Maker summary -QA- total number of active volumes with hits: 10
QA :INFO  - St_geant_Maker summary -QA- list of volumes with hits: 
QA :INFO  - St_geant_Maker summary -QA- g2t hits (ALL) nhits = 903
QA :INFO  - St_geant_Maker summary -QA- g2t hits (BBCH:BPOL) nhits = 5
QA :INFO  - St_geant_Maker summary -QA- g2t hits (EPDH:EPDT) nhits = 18
QA :INFO  - St_geant_Maker summary -QA- g2t hits (FSTH:FTUS) nhits = 39
QA :INFO  - St_geant_Maker summary -QA- g2t hits (HCAH:HSCI) nhits = 105
QA :INFO  - St_geant_Maker summary -QA- g2t hits (STGH:STGL) nhits = 55
QA :INFO  - St_geant_Maker summary -QA- g2t hits (STGH:STGP) nhits = 2
QA :INFO  - St_geant_Maker summary -QA- g2t hits (STGH:STGS) nhits = 52
QA :INFO  - St_geant_Maker summary -QA- g2t hits (VPDH:VRAD) nhits = 4
QA :INFO  - St_geant_Maker summary -QA- g2t hits (WCAH:WSCI) nhits = 623
QA :INFO  - St_geant_Maker summary -QA- energy deposition by container:
QA :INFO  - St_geant_Maker summary -QA- g2t Esum (BBCH) Esum  = 0.00484886
QA :INFO  - St_geant_Maker summary -QA- g2t Esum (EPDH) Esum  = 0.00258638
QA :INFO  - St_geant_Maker summary -QA- g2t Esum (FSTH) Esum  = 0.000363823
QA :INFO  - St_geant_Maker summary -QA- g2t Esum (HCAH) Esum  = 0.0147211
QA :INFO  - St_geant_Maker summary -QA- g2t Esum (STGH) Esum  = 4.54545e-06
QA :INFO  - St_geant_Maker summary -QA- g2t Esum (VPDH) Esum  = 0.00225243
QA :INFO  - St_geant_Maker summary -QA- g2t Esum (WCAH) Esum  = 1.98675
StChain:INFO  - --------------Error Codes-------------------------
StChain:INFO  -      nStOK   nStWarn    nStEOF    nStErr  nStFatal
StChain:INFO  -        180         0         0         0         0
StChain:INFO  - --------------------------------------------------
               StMemStat::Summary(calls)        Min        Aver         Max         RMS 
=============================================================================================

This is the end of STAR ROOT -- Goodbye

 ******************************************************
 * Starting  starsim NwGEANT=  40000000 NwPAW=       0 *
 **********************pid=****************************
 ******************************************************
 *                                                    *
 *            W E L C O M E    to   starsim           *
 *                                                    *
 *        Version INITIAL     24 March 2026           *
 *                                                    *
 ******************************************************
 Version 1.29/04 of HIGZ started
 CSINIT: CERNLIB_STDUNIX
 CSINIT: CERNLIB_UNIX
1*****  GEANT Version  3.21/08 Released on 230697
0*****  Correction Cradle Version  0.0800
 *****  RZMAKE. OLD RZ format selected for RZDOC               
  AGZOPEN opening file ele.pt1.5.vz0.run1.fzd
 *****  RZMAKE. OLD RZ format selected for RZDOC               
 *****  RZMAKE. OLD RZ format selected for RZDOC               
               : TOF version =   6.00000000      choice  =          13
               : CALB patch  =          60          60
               : ECAL version=   6.09999990      onoff   =           1           3
 *****  RZMAKE. OLD RZ format selected for RZDOC               
 *****  RZMAKE. OLD RZ format selected for RZDOC               
 *****  RZMAKE. OLD RZ format selected for RZDOC               
 *****  RZMAKE. OLD RZ format selected for RZDOC               
 *****  RZMAKE. OLD RZ format selected for RZDOC               
 *****  RZMAKE. OLD RZ format selected for RZDOC               
 *****  RZMAKE. OLD RZ format selected for RZDOC               
 *****  RZMAKE. OLD RZ format selected for RZDOC               
 *****  RZMAKE. OLD RZ format selected for RZDOC               
