  *******************************************
  *                                         *
  *        W E L C O M E  to  R O O T       *
  *                                         *
  *   Version   5.34/38     12 March 2018   *
  *                                         *
  *  You are welcome to visit our Web site  *
  *          http://root.cern.ch            *
  *                                         *
  *******************************************

ROOT 5.34/38 (v5-34-38@v5-34-38, Mar 12 2018, 15:49:39 on linuxx8664gcc)

CINT/ROOT C/C++ Interpreter version 5.18.00, July 2, 2010
Type ? for help. Commands must be C++ statements.
Enclose multiple statements between { }.
*** Floating Point Exception is OFF ***
 *** Start at Date : Tue Jun  9 10:23:53 2026

Processing sim.C(10,1,"ele.pt1.5",0)...
inFile = ele.pt1.5.vz0.run1.fzd
# of Events = 10
Chain: 
fzin  sdt20211016  fcsSim fcsWFF fcsCluster  fwdTrack fcsTrackMatch MakeEvent StEvent McEvent ReverseField bigbig CMuDST tree
Load system libraries	 + liblog4cxx.so + libStStarLogger.so
Create chain bfc
BFC:WARN  - StBFChain::Setup	File BFC.C has been found as /direct/star+u/akio/fcstrk11/star-sw-fwd/script_test/./StRoot/StBFChain/BFC.C
QA :INFO  - ==============================================
QA :INFO  - ============= You are in DEV ===============
QA :INFO  - Requested chain bfc is :	fzin  sdt20211016  fcsSim fcsWFF fcsCluster  fwdTrack fcsTrackMatch MakeEvent StEvent McEvent ReverseField bigbig CMuDST tree
QA :INFO  - sdt20211016 ... but still will be considered as a dynamic timestamp (Event Time) 20211016.0
QA :INFO  -  Switch On                 StDbT by magF
QA :INFO  -  Switch On                    db by magF
QA :INFO  -  Switch On                 detDb by magF
QA :INFO  -  Switch On                  magF by ReverseField
QA :INFO  -  Switch On          ReverseField by Chain
QA :INFO  -  Switch On                bigbig by Chain
QA :INFO  -  Switch On                 globT by StEvent
QA :INFO  -  Switch On                   SCL by StEvent
QA :INFO  -  Switch On                 sim_T by TbUtil
QA :INFO  -  Switch On                 tpc_T by TbUtil
QA :INFO  -  Switch On                TbUtil by StEvent
QA :INFO  -  Switch On             StBichsel by StEvent
QA :INFO  -  Switch On                 emc_T by EmcUtil
QA :INFO  -  Switch On                 geomT by EmcUtil
QA :INFO  -  Switch On               EmcUtil by StEvent
QA :INFO  -  Switch On                TRGDef by StEvent
QA :INFO  -  Switch On               StEvent by Chain
QA :INFO  -  Switch On                  Simu by fzin
QA :INFO  -  Switch On                 gen_T by geantL
QA :INFO  -  Switch On          StarMagField by geantL
QA :INFO  -  Switch On                geantL by fzin
QA :INFO  -  Switch On                  fzin by Chain
QA :INFO  -  Switch On             MakeEvent by Chain
QA :INFO  -  Switch On              EEmcUtil by McEvent
QA :INFO  -  Switch On                dbutil by tpcDB
QA :INFO  -  Switch On                 tpcDB by McEvent
QA :INFO  -  Switch On             StMcEvent by McEvent
QA :INFO  -  Switch On               McEvent by Chain
QA :INFO  -  Switch On                 fcsDb by fcsSim
QA :INFO  -  Switch On                fcsSim by Chain
QA :INFO  -  Switch On                fcsWFF by Chain
QA :INFO  -  Switch On            fcsCluster by Chain
QA :INFO  -  Switch On              FwdTrack by Chain
QA :INFO  -  Switch On         FcsTrackMatch by Chain
QA :INFO  -  Switch On               TofUtil by MuDST
QA :INFO  -  Switch On              BTofUtil by MuDST
QA :INFO  -  Switch On               PmdUtil by MuDST
QA :INFO  -  Switch On                   Stu by MuDSTDeps
QA :INFO  -  Switch On             MuDSTDeps by MuDST
QA :INFO  -  Switch On                 MuDST by CMuDST
QA :INFO  -  Switch On            StrngMuDST by CMuDST
QA :INFO  -  Switch On                  Tree by CMuDST
QA :INFO  -  Switch On                CMuDST by Chain
QA :INFO  - ==================          ReverseField	is ON 	: Reverse Field option
QA :INFO  - ==================                bigbig	is ON 	: Set NwGEANT =40Mwords
QA :INFO  - ==================                  Simu	is ON 	: Simulated Data, force to use Db time stamp from used geometry
QA :INFO  - ==================                 StDbT	is ON 	: Load StDb_Tables
QA :INFO  - ==================                 emc_T	is ON 	: Load emc_Tables
QA :INFO  - ==================                 gen_T	is ON 	: Load gen_Tables
QA :INFO  - ==================                 geomT	is ON 	: Load geometry_Tables
QA :INFO  - ==================                 globT	is ON 	: Load global_Tables
QA :INFO  - ==================                 sim_T	is ON 	: Load sim_Tables
QA :INFO  - ==================                 tpc_T	is ON 	: ?
QA :INFO  - ==================          StarMagField	is ON 	: Load StarMagField
QA :INFO  - ==================                   SCL	is ON 	: Load StarClassLibrary
QA :INFO  - ==================                TbUtil	is ON 	: Load StTableUtilities
QA :INFO  - ==================               TofUtil	is ON 	: Load StTofUtil
QA :INFO  - ==================              BTofUtil	is ON 	: Load StBTofUtil
QA :INFO  - ==================             StBichsel	is ON 	: Load Bichsel model for dE/dx
QA :INFO  - ==================               StEvent	is ON 	: Load StEvent
QA :INFO  - ==================               EmcUtil	is ON 	: Load StEmcUtil
QA :INFO  - ==================              EEmcUtil	is ON 	: Load StEEmcUtil
QA :INFO  - ==================               PmdUtil	is ON 	: Load StPmdUtil
QA :INFO  - ==================                   Stu	is ON 	: Load StEventUtilities
QA :INFO  - ==================             MuDSTDeps	is ON 	: Load MuDST misc. dependencies
QA :INFO  - ==================                 MuDST	is ON 	: Load MuDST library
QA :INFO  - ==================                geantL	is ON 	: Load GeantLibs
QA :INFO  - ==================                  fzin	is ON 	: read gstar fz-file
QA :INFO  - ==================                    db	is ON 	: 
QA :INFO  - ==================                  magF	is ON 	: Mag.field map with scale factor from Db
QA :INFO  - ==================                 detDb	is ON 	: Load StDetectorDbMaker library
QA :INFO  - ==================                 tpcDB	is ON 	: 
QA :INFO  - ==================                dbutil	is ON 	: Load StDbUtilities
QA :INFO  - ==================                 fcsDb	is ON 	: Load FcsDbMaker
QA :INFO  - ==================                TRGDef	is ON 	: Load StTriggerData
QA :INFO  - ==================             MakeEvent	is ON 	: <Early StEvent creation>
QA :INFO  - ==================             StMcEvent	is ON 	: 
QA :INFO  - ==================               McEvent	is ON 	: 
QA :INFO  - ==================                fcsSim	is ON 	: FCS Fast Simulator
QA :INFO  - ==================                fcsWFF	is ON 	: Fit FCS waveform
QA :INFO  - ==================            fcsCluster	is ON 	: Fill FCS clusters
QA :INFO  - ==================              FwdTrack	is ON 	: Forward Track Maker
QA :INFO  - ==================         FcsTrackMatch	is ON 	: Forward Track to FCS Match Maker
QA :INFO  - ==================            StrngMuDST	is ON 	: Creates Stangeness MuDST
QA :INFO  - ==================                CMuDST	is ON 	: Writes Common MuDST
QA :INFO  - ==================                  Tree	is ON 	: Write requested branches into files
QA :INFO  - Process [First=     1/Last=    -1/Total=    -1] Events
QA :INFO  - Library libStDb_Tables         [          StDbT] (/star/nfs4/AFS/star/packages/DEV/.sl73_x8664_gcc485/lib/libStDb_Tables.so)	is loaded
QA :INFO  - Library libemc_Tables          [          emc_T] (/star/nfs4/AFS/star/packages/DEV/.sl73_x8664_gcc485/lib/libemc_Tables.so)	is loaded
QA :INFO  - Library libgen_Tables          [          gen_T] (/star/nfs4/AFS/star/packages/DEV/.sl73_x8664_gcc485/lib/libgen_Tables.so)	is loaded
QA :INFO  - Library libgeometry_Tables     [          geomT] (/star/nfs4/AFS/star/packages/DEV/.sl73_x8664_gcc485/lib/libgeometry_Tables.so)	is loaded
QA :INFO  - Library libglobal_Tables       [          globT] (/star/nfs4/AFS/star/packages/DEV/.sl73_x8664_gcc485/lib/libglobal_Tables.so)	is loaded
QA :INFO  - Library libsim_Tables          [          sim_T] (/star/nfs4/AFS/star/packages/DEV/.sl73_x8664_gcc485/lib/libsim_Tables.so)	is loaded
QA :INFO  - Library libVMC                 [   StarMagField] (/cvmfs/star.sdcc.bnl.gov/star-spack/spack/opt/spack/linux-rhel7-x86_64/gcc-4.8.5/root-5.34.38-eyawaunrtayjlt3aqon5claakm3c7xl7/lib/libVMC.so)	is loaded
QA :INFO  - Library libStarMagField        [   StarMagField] (/star/nfs4/AFS/star/packages/DEV/.sl73_x8664_gcc485/lib/libStarMagField.so)	is loaded
QA :INFO  - Library libStTableUtilities    [         TbUtil] (/star/nfs4/AFS/star/packages/DEV/.sl73_x8664_gcc485/lib/libStTableUtilities.so)	is loaded
QA :INFO  - Library libStTofUtil           [        TofUtil] (/star/nfs4/AFS/star/packages/DEV/.sl73_x8664_gcc485/lib/libStTofUtil.so)	is loaded
QA :INFO  - Library libStBTofUtil          [       BTofUtil] (/star/nfs4/AFS/star/packages/DEV/.sl73_x8664_gcc485/lib/libStBTofUtil.so)	is loaded
QA :INFO  - Library libStBichsel           [      StBichsel] (/star/nfs4/AFS/star/packages/DEV/.sl73_x8664_gcc485/lib/libStBichsel.so)	is loaded
QA :INFO  - Library libStEvent             [        StEvent] (/direct/star+u/akio/fcstrk11/star-sw-fwd/script_test/.sl73_x8664_gcc485/lib/libStEvent.so)	is loaded
QA :INFO  - Library libStEmcUtil           [        EmcUtil] (/star/nfs4/AFS/star/packages/DEV/.sl73_x8664_gcc485/lib/libStEmcUtil.so)	is loaded
QA :INFO  - Library libStEEmcUtil          [       EEmcUtil] (/star/nfs4/AFS/star/packages/DEV/.sl73_x8664_gcc485/lib/libStEEmcUtil.so)	is loaded
QA :INFO  - Library libStPmdUtil           [        PmdUtil] (/star/nfs4/AFS/star/packages/DEV/.sl73_x8664_gcc485/lib/libStPmdUtil.so)	is loaded
QA :INFO  - Library libStTpcDb             [            Stu] (/star/nfs4/AFS/star/packages/DEV/.sl73_x8664_gcc485/lib/libStTpcDb.so)	is loaded
QA :INFO  - Library libStEventUtilities    [            Stu] (/direct/star+u/akio/fcstrk11/star-sw-fwd/script_test/.sl73_x8664_gcc485/lib/libStEventUtilities.so)	is loaded
QA :INFO  - Library libStStrangeMuDstMaker [      MuDSTDeps] (/star/nfs4/AFS/star/packages/DEV/.sl73_x8664_gcc485/lib/libStStrangeMuDstMaker.so)	is loaded
QA :INFO  - Library libTree                [      MuDSTDeps] (/cvmfs/star.sdcc.bnl.gov/star-spack/spack/opt/spack/linux-rhel7-x86_64/gcc-4.8.5/root-5.34.38-eyawaunrtayjlt3aqon5claakm3c7xl7/lib/libTree.so)	is loaded
strangeArrayNames-arrayNames-__NARRAYS__ = 0
QA :INFO  - Library libStMuDSTMaker        [          MuDST] (/direct/star+u/akio/fcstrk11/star-sw-fwd/script_test/.sl73_x8664_gcc485/lib/libStMuDSTMaker.so)	is loaded
QA :INFO  - Library libgeometry            [         geantL] (/star/nfs4/AFS/star/packages/DEV/.sl73_x8664_gcc485/lib/libgeometry.so)	is loaded
QA :INFO  - Library libGeom                [         geantL] (/cvmfs/star.sdcc.bnl.gov/star-spack/spack/opt/spack/linux-rhel7-x86_64/gcc-4.8.5/root-5.34.38-eyawaunrtayjlt3aqon5claakm3c7xl7/lib/libGeom.so)	is loaded
QA :INFO  - Library libSt_db_Maker         [         geantL] (/star/nfs4/AFS/star/packages/DEV/.sl73_x8664_gcc485/lib/libSt_db_Maker.so)	is loaded
QA :INFO  - Library libSt_g2t              [         geantL] (/star/nfs4/AFS/star/packages/DEV/.sl73_x8664_gcc485/lib/libSt_g2t.so)	is loaded
QA :INFO  - Library libSt_geant_Maker      [         geantL] (/star/nfs4/AFS/star/packages/DEV/.sl73_x8664_gcc485/lib/libSt_geant_Maker.so)	is loaded
QA :INFO  - Library libStDbLib             [             db] (/star/nfs4/AFS/star/packages/DEV/.sl73_x8664_gcc485/lib/libStDbLib.so)	is loaded
QA :INFO  - Library libStDbBroker          [             db] (/star/nfs4/AFS/star/packages/DEV/.sl73_x8664_gcc485/lib/libStDbBroker.so)	is loaded
QA :INFO  - Library libStMagF              [           magF] (/star/nfs4/AFS/star/packages/DEV/.sl73_x8664_gcc485/lib/libStMagF.so)	is loaded
QA :INFO  - Library libStDetectorDbMaker   [          detDb] (/star/nfs4/AFS/star/packages/DEV/.sl73_x8664_gcc485/lib/libStDetectorDbMaker.so)	is loaded
QA :INFO  - Library libStDbUtilities       [         dbutil] (/star/nfs4/AFS/star/packages/DEV/.sl73_x8664_gcc485/lib/libStDbUtilities.so)	is loaded
QA :INFO  - Library libStFcsDbMaker        [          fcsDb] (/direct/star+u/akio/fcstrk11/star-sw-fwd/script_test/.sl73_x8664_gcc485/lib/libStFcsDbMaker.so)	is loaded
QA :INFO  - Library libStTriggerDataMaker  [         TRGDef] (/star/nfs4/AFS/star/packages/DEV/.sl73_x8664_gcc485/lib/libStTriggerDataMaker.so)	is loaded
QA :INFO  - Library libStEventMaker        [      MakeEvent] (/direct/star+u/akio/fcstrk11/star-sw-fwd/script_test/.sl73_x8664_gcc485/lib/libStEventMaker.so)	is loaded
QA :INFO  - Library libStMcEvent           [      StMcEvent] (/star/nfs4/AFS/star/packages/DEV/.sl73_x8664_gcc485/lib/libStMcEvent.so)	is loaded
QA :INFO  - Library libStMcEventMaker      [        McEvent] (/star/nfs4/AFS/star/packages/DEV/.sl73_x8664_gcc485/lib/libStMcEventMaker.so)	is loaded
QA :INFO  - Library libStFcsFastSimulatorMaker [         fcsSim] (/direct/star+u/akio/fcstrk11/star-sw-fwd/script_test/.sl73_x8664_gcc485/lib/libStFcsFastSimulatorMaker.so)	is loaded
QA :INFO  - Library libStFcsWaveformFitMaker [         fcsWFF] (/direct/star+u/akio/fcstrk11/star-sw-fwd/script_test/.sl73_x8664_gcc485/lib/libStFcsWaveformFitMaker.so)	is loaded
QA :INFO  - Library libStFcsClusterMaker   [     fcsCluster] (/direct/star+u/akio/fcstrk11/star-sw-fwd/script_test/.sl73_x8664_gcc485/lib/libStFcsClusterMaker.so)	is loaded
QA :INFO  - Library libXMLIO               [       FwdTrack] (/cvmfs/star.sdcc.bnl.gov/star-spack/spack/opt/spack/linux-rhel7-x86_64/gcc-4.8.5/root-5.34.38-eyawaunrtayjlt3aqon5claakm3c7xl7/lib/libXMLIO.so)	is loaded
QA :INFO  - Library libgenfit2             [       FwdTrack] (/cvmfs/star.sdcc.bnl.gov/star-spack/spack/opt/spack/linux-rhel7-x86_64/gcc-4.8.5/genfit-b496504a-mlcdbxg7bmdsbfrppi7qmzppfw4lh52r/lib/libgenfit2.so)	is loaded
QA :INFO  - Library libKiTrack             [       FwdTrack] (/cvmfs/star.sdcc.bnl.gov/star-spack/spack/opt/spack/linux-rhel7-x86_64/gcc-4.8.5/kitrack-01-10-star-1-lnqacdjzhx4ho77dx6zkagserdphphrd/lib/libKiTrack.so)	is loaded
QA :INFO  - Library libStarGeneratorUtil   [       FwdTrack] (/star/nfs4/AFS/star/packages/DEV/.sl73_x8664_gcc485/lib/libStarGeneratorUtil.so)	is loaded
QA :INFO  - Library libMathMore            [       FwdTrack] (/cvmfs/star.sdcc.bnl.gov/star-spack/spack/opt/spack/linux-rhel7-x86_64/gcc-4.8.5/root-5.34.38-eyawaunrtayjlt3aqon5claakm3c7xl7/lib/libMathMore.so)	is loaded
QA :INFO  - Library libStEpdUtil           [       FwdTrack] (/star/nfs4/AFS/star/packages/DEV/.sl73_x8664_gcc485/lib/libStEpdUtil.so)	is loaded
QA :INFO  - Library libStFwdTrackMaker     [       FwdTrack] (/direct/star+u/akio/fcstrk11/star-sw-fwd/script_test/.sl73_x8664_gcc485/lib/libStFwdTrackMaker.so)	is loaded
QA :INFO  - Library libStFcsTrackMatchMaker [  FcsTrackMatch] (/direct/star+u/akio/fcstrk11/star-sw-fwd/script_test/.sl73_x8664_gcc485/lib/libStFcsTrackMatchMaker.so)	is loaded
QA :INFO  - Library libStTreeMaker         [           Tree] (/star/nfs4/AFS/star/packages/DEV/.sl73_x8664_gcc485/lib/libStTreeMaker.so)	is loaded
QA :INFO  - Input file name = ele.pt1.5.vz0.run1.fzd
QA :INFO  - Output root file name ele.pt1.5.vz0.run1.root
QA :INFO  - ProcessLine ((St_geant_Maker *) 0x968c380)->SetNwGEANT(40);
QA :INFO  - ProcessLine ((St_geant_Maker *) 0x968c380)->SetInputFile("ele.pt1.5.vz0.run1.fzd")
(Int_t)0
BFC:INFO  - Using DB flavors: sim+ofl
QA :INFO  - StBFChain::SetDbOptions Switching to user chosen dynamic time-stamp (Start)20211016 0
QA :INFO  - Chain may crash if time-stamp is not validated by db interface
BFC:INFO  - St_db_Maker::SetDateTime : Setting Startup Date=20211016 Time=0
QA :INFO  - blacklist svt
QA :INFO  - blacklist ssd
QA :INFO  - blacklist sst
QA :INFO  - blacklist eemc
QA :INFO  - blacklist fms
PrintAttr() for TAttr::tpcDB
  1 - simu = 1
PrintAttr() ==============================================
BFC:INFO  - ******** StFcsDbMaker::StFcsDbMaker = fcsDbMkr
##### void StMuDstMaker::setProbabilityPidFile(const char*) ##### ATTENTION: pid table hardwired to /star/nfs4/AFS/star/packages/dev/StarDb/dEdxModel/PIDTableP01gl.root 
StMuL3Filter::StMuL3Filter(): called. Next BetheBloch instance is made.
BetheBloch::BetheBloch =================================================================
Warning: please don't use BetheBloch::BetheBloch for any analysis after P00hm production
but use instead :                                                                       
for production before P03h static function 1.e-6*BetheBloch::Sirrf(Poverm)              
for production after  P03h (including P03h)                                             
gSystem->Load("StBichsel"); I70 = 1.e-6*mBichsel::Instance()->GetI70(TMath::Log10(poverm),1.)
see an example in  $STAR/StRoot/macros/analysis/bichsel.C                               
BetheBloch::BetheBloch =================================================================
StMuL3Filter::StMuL3Filter(): did you see the BetheBloch warning?
##### StMuDstMaker::StMuDstMaker(const char*) ##### ATTENTION: use standard MuFilter
##### StMuDstMaker::StMuDstMaker(const char*) ##### ATTENTION: use standard l3 MuFilter
QA :INFO  - QAInfo:StBFChain            built May 29 2026 10:43:43 from Tag $Name:  $ $Id: StBFChain.h,v 1.59 2019/11/19 17:26:17 jeromel Exp $ 
QA :INFO  - QAInfo:St_geant_Maker       built Mar 24 2026 11:51:54 from Tag $Name:  $ $Id: St_geant_Maker.h,v 1.60 2020/02/26 21:26:20 jwebb Exp $ 
QA :INFO  - QAInfo:St_db_Maker          built Mar 24 2026 11:51:24 from Tag $Name:  $ $Id: St_db_Maker.h,v 1.46 2015/05/05 21:05:52 dmitry Exp $ 
QA :INFO  - QAInfo:StMagFMaker          built Mar 24 2026 11:30:47 from Tag $Name:  $ $Id: StMagFMaker.h,v 1.8 2014/08/06 11:43:26 jeromel Exp $ 
QA :INFO  - QAInfo:StDetectorDbMaker    built Mar 24 2026 11:12:14 from Tag $Name:  $ $Id: StDetectorDbMaker.h,v 1.5 2015/12/23 23:34:09 fisyak Exp $ 
QA :INFO  - QAInfo:StTpcDbMaker         built Mar 24 2026 11:38:41 from Tag $Name:  $ $Id: StTpcDbMaker.h,v 1.23 2014/08/06 11:43:50 jeromel Exp $ 
QA :INFO  - QAInfo:StFcsDbMaker            from Tag Jun  3 2026 15:46:08
QA :INFO  - QAInfo:StEventMaker         built May 29 2026 10:49:16 from $Id: StEventMaker.h,v 2.16 2014/08/06 11:43:08 jeromel Exp $ 
QA :INFO  - QAInfo:StMcEventMaker       built Mar 24 2026 11:31:44 from Tag $Name:  $ $Id: StMcEventMaker.h,v 1.28 2014/08/06 11:43:26 jeromel Exp $ 
QA :INFO  - QAInfo:StFcsFastSimulatorMaker    from Tag May 29 2026 10:49:46
QA :INFO  - QAInfo:StFcsWaveformFitMaker    from Tag May 29 2026 10:49:57
QA :INFO  - QAInfo:StFcsClusterMaker       from Tag May 29 2026 10:49:38
QA :INFO  - QAInfo:StFwdTrackMaker      built Mar 24 2026 11:11:15 from Tag $Name:  $ $Id: StMaker.h,v 1.101 2017/04/26 18:33:12 perev Exp $ 
QA :INFO  - QAInfo:StFcsTrackMatchMaker built May 29 2026 10:49:55 from Tag $Name:  $ $Id: StFcsTrackMatchMaker.h,v 1.1 2021/03/30 13:34:15 akio Exp $ 
QA :INFO  - QAInfo:StStrangeMuDstMaker  built Mar 24 2026 11:37:04 from Tag $Name:  $ $Id: StStrangeMuDstMaker.h,v 3.21 2014/08/06 11:43:44 jeromel Exp $ 
QA :INFO  - QAInfo:StMuDstMaker         built May 29 2026 10:51:36 from Tag $Name:  $ $Id: StMuDstMaker.h,v 1.66 2021/05/11 19:40:43 jdb Exp $ 
QA :INFO  - QAInfo:StTreeMaker          built Mar 24 2026 11:39:02 from Tag $Name:  $ $Id: StTreeMaker.h,v 1.19 2014/08/06 11:43:51 jeromel Exp $ 
QA :INFO  -  StBFChain::bfc
QA :INFO  -    St_geant_Maker::geant
QA :INFO  -    St_db_Maker::db
QA :INFO  -    StMagFMaker::MagField
QA :INFO  -    StDetectorDbMaker::detDb
QA :INFO  -    StTpcDbMaker::tpcDB
QA :INFO  -    StFcsDbMaker::fcsDbMkr
QA :INFO  -    StEventMaker::0Event
QA :INFO  -    StMcEventMaker::StMcEventMaker
QA :INFO  -    StFcsFastSimulatorMaker::fcsSim
QA :INFO  -    StFcsWaveformFitMaker::StFcsWaveformFitMaker
QA :INFO  -    StFcsClusterMaker::StFcsClusterMaker
QA :INFO  -    StFwdTrackMaker::fwdTrack
QA :INFO  -    StFcsTrackMatchMaker::FcsTrkMatch
QA :INFO  -    StStrangeMuDstMaker::strangeMuDst
QA :INFO  -    StMuDstMaker::MuDst
QA :INFO  -    StTreeMaker::outputStream
output file=ele.pt1.5.vz0.run1.root
QA :INFO  - Output root file name ele.pt1.5.vz0.run1.root
mudst file=
fcsdbmkr=0x969b780
fcsdb=0x969ea50
BFC:INFO  - StFcsDb::InitRun - run = 0 with mDbAccess=0
AAA FCSDB Det=0 OFF = -17.40  -5.26 710.16
AAA FCSDB Det=1 OFF =  17.40  -5.26 710.16
AAA FCSDB Det=2 OFF = -21.29   1.80 782.63
AAA FCSDB Det=3 OFF =  21.29   1.80 782.63
Using the Geometry cache: fGeom.root
fwd tracker setup
picoMk = 0x994d4a0
MEM before Chain::Init	 total =619.054688 heap = 36.537537 and   1.689026(+36.537537)
BFC:INFO  - StBFChain::Init : Time=Tue Jun  9 10:23:58 2026 Cwd=/direct/star+u/akio/fcstrk11/star-sw-fwd/script_test
QA :INFO  - QAInfo:St_geant_Maker       built Mar 24 2026 11:51:54 from Tag $Name:  $ $Id: St_geant_Maker.h,v 1.60 2020/02/26 21:26:20 jwebb Exp $ 
 calling aginit 
St_db_Maker:INFO  - St_db_Maker::OpenMySQL : Block domain fms
St_db_Maker:INFO  - St_db_Maker::OpenMySQL : Block domain eemc
St_db_Maker:INFO  - St_db_Maker::OpenMySQL : Block domain sst
St_db_Maker:INFO  - St_db_Maker::OpenMySQL : Block domain ssd
St_db_Maker:INFO  - St_db_Maker::OpenMySQL : Block domain svt
St_db_Maker:INFO  - StDbManagerImpl::lookUpServers(): config file name is /star/nfs4/AFS/star/packages/conf/dbLoadBalancerLocalConfig_BNL.xml
There is no 1  /star/u/akio/dbServers.xml
 looking at 2 /star/nfs4/AFS/star/packages/dev/StDb/servers/dbServers.xml
DB OVERRIDE default user with: akio
St_db_Maker:INFO  - StDbManagerImpl::lookUpServer() line=713 
******** Order of Files searched for dbServers ********* 
  3. /star/nfs4/AFS/star/packages/dev/StDb/servers/dbServers.xml
********************************************************

StHyperCacheManager: reading cache config from /star/nfs4/AFS/star/packages/conf/hyperconfig.json
St_db_Maker:INFO  - StDbLib: db server found in 3 iterations
St_db_Maker:INFO  - MysqlDb::Connect: Load balancer took 0 ms, will use star-db06.sdcc.bnl.gov:3316
St_db_Maker:INFO  - Ssl_cipher = AES128-SHA
St_db_Maker:INFO  - MysqlDb::Connect(host,user,pw,database,port) line=527 Server Connecting: DB=StarDb  Host=star-db06.sdcc.bnl.gov:3316
 --> Connection Time=0.0318961 sec    MysqlVersion=5.7.24
St_db_Maker:INFO  - St_db_Maker::OpenMySQL : Unknown table tpc/tpcDedxPidAmpDb..tpcDedxPidAmpDb
St_db_Maker:INFO  - St_db_Maker::OpenMySQL : Unknown table tpc/tpcGainNorms..tpcGainNorms
St_db_Maker:INFO  - St_db_Maker::OpenMySQL : Unknown table tpc/tpcChargeStepCalib..tpcChargeStepCalib
St_db_Maker:INFO  - St_db_Maker::OpenMySQL : Unknown table tpc/tpcHitErrors..tpcHitErrors
StFcsFastSimulatorMaker:DEBUG - *** Call << StFcsFastSimulatorMaker:Init() ***
StFcsClusterMaker:DEBUG - *** Call << StFcsClusterMaker:Init() ***
StChain:DEBUG - *** Call << StFttClusterPointMaker:Init() ***
StFwdTrackMaker:INFO  - Using cached geometry file: fGeom.root
StFwdTrackMaker:INFO  - StFwdTrackMaker is loading the geometry cache: fGeom.root
StFwdTrackMaker:INFO  - TGeoManager::Import : Reading geometry from file: fGeom.root
StFwdTrackMaker:INFO  - TGeoManager::CloseGeometry : Geometry loaded from file...
StFwdTrackMaker:INFO  - TGeoManager::SetTopVolume : Top volume is HALL. Master volume is HALL
StFwdTrackMaker:INFO  - TGeoNavigator::BuildCache : --- Maximum geometry depth set to 100
StFwdTrackMaker:INFO  - TGeoManager::CloseGeometry : Voxelization retrieved from file
StFwdTrackMaker:INFO  - TGeoManager::CountLevels : max level = 12, max placements = 2
StFwdTrackMaker:INFO  - TGeoManager::CloseGeometry : 0 nodes/ 2647 volume UID's in The STAR Geometry Manager
StFwdTrackMaker:INFO  - TGeoManager::CloseGeometry : ----------------modeler ready----------------
StFwdTrackMaker:INFO  - Turning OFF GenFit Material Effects in stepper
StFwdTrackMaker:INFO  - StFwdTrackMaker: Tracking with StarFieldAdapter
StFwdTrackMaker:INFO  - Setting the KalmanFitterRefTrack to update ref track Chi2Ref
StFwdTrackMaker:INFO  - TrackFitter::setupGenfitKalmanFitter() called
StFwdTrackMaker:INFO  - 	MaxFailedHits: -1
StFwdTrackMaker:INFO  - 	MaxIterations: 20
StFwdTrackMaker:INFO  - 	MinIterations: 10
StFwdTrackMaker:INFO  - 	RelChi2Change: 1e-06
StFwdTrackMaker:INFO  - 	DeltaPval: 0.1
StFwdTrackMaker:INFO  - 	BlowUpFactor: 1e+09
StFwdTrackMaker:INFO  - 	BlowUpMaxVal: 1e+09
StFwdTrackMaker:INFO  - Using **KalmanFitterRefTrack** with Chi2Ref update @ 0.1
StFwdTrackMaker:INFO  - Getting FST sensor origin for index 0 with path /HALL_1/CAVE_1/FSTM_1/FSTD_4/FSTW_2/FTUS_1
StFwdTrackMaker:INFO  - FST Sensor 0 origin: 0, 0, 151.403
StFwdTrackMaker:INFO  - 	Sensor 0 U = 0.258819, 0.965926, 0
StFwdTrackMaker:INFO  - 	Sensor 0 V = -0.965926, 0.258819, -0
StFwdTrackMaker:INFO  - Getting FST sensor origin for index 1 with path /HALL_1/CAVE_1/FSTM_1/FSTD_4/FSTW_2/FTUS_2
StFwdTrackMaker:INFO  - FST Sensor 1 origin: 0, 0, 151.403
StFwdTrackMaker:INFO  - 	Sensor 1 U = 0.258819, 0.965926, 0
StFwdTrackMaker:INFO  - 	Sensor 1 V = -0.965926, 0.258819, -0
StFwdTrackMaker:INFO  - Getting FST sensor origin for index 2 with path /HALL_1/CAVE_1/FSTM_1/FSTD_4/FSTW_2/FTUS_3
StFwdTrackMaker:INFO  - FST Sensor 2 origin: 0, 0, 150.008
StFwdTrackMaker:INFO  - 	Sensor 2 U = 0.258819, 0.965926, 0
StFwdTrackMaker:INFO  - 	Sensor 2 V = -0.965926, 0.258819, -0
StFwdTrackMaker:INFO  - Getting FST sensor origin for index 3 with path /HALL_1/CAVE_1/FSTM_1/FSTD_4/FSTW_7/FTUS_1
StFwdTrackMaker:INFO  - FST Sensor 3 origin: 0, 0, 152.097
StFwdTrackMaker:INFO  - 	Sensor 3 U = 0.707107, 0.707107, 0
StFwdTrackMaker:INFO  - 	Sensor 3 V = -0.707107, 0.707107, 0
StFwdTrackMaker:INFO  - Getting FST sensor origin for index 4 with path /HALL_1/CAVE_1/FSTM_1/FSTD_4/FSTW_7/FTUS_2
StFwdTrackMaker:INFO  - FST Sensor 4 origin: 0, 0, 152.097
StFwdTrackMaker:INFO  - 	Sensor 4 U = 0.707107, 0.707107, 0
StFwdTrackMaker:INFO  - 	Sensor 4 V = -0.707107, 0.707107, 0
StFwdTrackMaker:INFO  - Getting FST sensor origin for index 5 with path /HALL_1/CAVE_1/FSTM_1/FSTD_4/FSTW_7/FTUS_3
StFwdTrackMaker:INFO  - FST Sensor 5 origin: 0, 0, 153.492
StFwdTrackMaker:INFO  - 	Sensor 5 U = 0.707107, 0.707107, 0
StFwdTrackMaker:INFO  - 	Sensor 5 V = -0.707107, 0.707107, 0
StFwdTrackMaker:INFO  - Getting FST sensor origin for index 6 with path /HALL_1/CAVE_1/FSTM_1/FSTD_4/FSTW_1/FTUS_1
StFwdTrackMaker:INFO  - FST Sensor 6 origin: 0, 0, 151.403
StFwdTrackMaker:INFO  - 	Sensor 6 U = 0.965926, 0.258819, 0
StFwdTrackMaker:INFO  - 	Sensor 6 V = -0.258819, 0.965926, -0
StFwdTrackMaker:INFO  - Getting FST sensor origin for index 7 with path /HALL_1/CAVE_1/FSTM_1/FSTD_4/FSTW_1/FTUS_2
StFwdTrackMaker:INFO  - FST Sensor 7 origin: 0, 0, 151.403
StFwdTrackMaker:INFO  - 	Sensor 7 U = 0.965926, 0.258819, 0
StFwdTrackMaker:INFO  - 	Sensor 7 V = -0.258819, 0.965926, -0
StFwdTrackMaker:INFO  - Getting FST sensor origin for index 8 with path /HALL_1/CAVE_1/FSTM_1/FSTD_4/FSTW_1/FTUS_3
StFwdTrackMaker:INFO  - FST Sensor 8 origin: 0, 0, 150.008
StFwdTrackMaker:INFO  - 	Sensor 8 U = 0.965926, 0.258819, 0
StFwdTrackMaker:INFO  - 	Sensor 8 V = -0.258819, 0.965926, -0
StFwdTrackMaker:INFO  - Getting FST sensor origin for index 9 with path /HALL_1/CAVE_1/FSTM_1/FSTD_4/FSTW_12/FTUS_1
StFwdTrackMaker:INFO  - FST Sensor 9 origin: 0, 0, 152.097
StFwdTrackMaker:INFO  - 	Sensor 9 U = 0.965926, -0.258819, 0
StFwdTrackMaker:INFO  - 	Sensor 9 V = 0.258819, 0.965926, 0
StFwdTrackMaker:INFO  - Getting FST sensor origin for index 10 with path /HALL_1/CAVE_1/FSTM_1/FSTD_4/FSTW_12/FTUS_2
StFwdTrackMaker:INFO  - FST Sensor 10 origin: 0, 0, 152.097
StFwdTrackMaker:INFO  - 	Sensor 10 U = 0.965926, -0.258819, 0
StFwdTrackMaker:INFO  - 	Sensor 10 V = 0.258819, 0.965926, 0
StFwdTrackMaker:INFO  - Getting FST sensor origin for index 11 with path /HALL_1/CAVE_1/FSTM_1/FSTD_4/FSTW_12/FTUS_3
StFwdTrackMaker:INFO  - FST Sensor 11 origin: 0, 0, 153.492
StFwdTrackMaker:INFO  - 	Sensor 11 U = 0.965926, -0.258819, 0
StFwdTrackMaker:INFO  - 	Sensor 11 V = 0.258819, 0.965926, 0
StFwdTrackMaker:INFO  - Getting FST sensor origin for index 12 with path /HALL_1/CAVE_1/FSTM_1/FSTD_4/FSTW_6/FTUS_1
StFwdTrackMaker:INFO  - FST Sensor 12 origin: 0, 0, 151.403
StFwdTrackMaker:INFO  - 	Sensor 12 U = 0.707107, -0.707107, 0
StFwdTrackMaker:INFO  - 	Sensor 12 V = 0.707107, 0.707107, -0
StFwdTrackMaker:INFO  - Getting FST sensor origin for index 13 with path /HALL_1/CAVE_1/FSTM_1/FSTD_4/FSTW_6/FTUS_2
StFwdTrackMaker:INFO  - FST Sensor 13 origin: 0, 0, 151.403
StFwdTrackMaker:INFO  - 	Sensor 13 U = 0.707107, -0.707107, 0
StFwdTrackMaker:INFO  - 	Sensor 13 V = 0.707107, 0.707107, -0
StFwdTrackMaker:INFO  - Getting FST sensor origin for index 14 with path /HALL_1/CAVE_1/FSTM_1/FSTD_4/FSTW_6/FTUS_3
StFwdTrackMaker:INFO  - FST Sensor 14 origin: 0, 0, 150.008
StFwdTrackMaker:INFO  - 	Sensor 14 U = 0.707107, -0.707107, 0
StFwdTrackMaker:INFO  - 	Sensor 14 V = 0.707107, 0.707107, -0
StFwdTrackMaker:INFO  - Getting FST sensor origin for index 15 with path /HALL_1/CAVE_1/FSTM_1/FSTD_4/FSTW_11/FTUS_1
StFwdTrackMaker:INFO  - FST Sensor 15 origin: 0, 0, 152.097
StFwdTrackMaker:INFO  - 	Sensor 15 U = 0.258819, -0.965926, 0
StFwdTrackMaker:INFO  - 	Sensor 15 V = 0.965926, 0.258819, 0
StFwdTrackMaker:INFO  - Getting FST sensor origin for index 16 with path /HALL_1/CAVE_1/FSTM_1/FSTD_4/FSTW_11/FTUS_2
StFwdTrackMaker:INFO  - FST Sensor 16 origin: 0, 0, 152.097
StFwdTrackMaker:INFO  - 	Sensor 16 U = 0.258819, -0.965926, 0
StFwdTrackMaker:INFO  - 	Sensor 16 V = 0.965926, 0.258819, 0
StFwdTrackMaker:INFO  - Getting FST sensor origin for index 17 with path /HALL_1/CAVE_1/FSTM_1/FSTD_4/FSTW_11/FTUS_3
StFwdTrackMaker:INFO  - FST Sensor 17 origin: 0, 0, 153.492
StFwdTrackMaker:INFO  - 	Sensor 17 U = 0.258819, -0.965926, 0
StFwdTrackMaker:INFO  - 	Sensor 17 V = 0.965926, 0.258819, 0
StFwdTrackMaker:INFO  - Getting FST sensor origin for index 18 with path /HALL_1/CAVE_1/FSTM_1/FSTD_4/FSTW_5/FTUS_1
StFwdTrackMaker:INFO  - FST Sensor 18 origin: 0, 0, 151.403
StFwdTrackMaker:INFO  - 	Sensor 18 U = -0.258819, -0.965926, 0
StFwdTrackMaker:INFO  - 	Sensor 18 V = 0.965926, -0.258819, -0
StFwdTrackMaker:INFO  - Getting FST sensor origin for index 19 with path /HALL_1/CAVE_1/FSTM_1/FSTD_4/FSTW_5/FTUS_2
StFwdTrackMaker:INFO  - FST Sensor 19 origin: 0, 0, 151.403
StFwdTrackMaker:INFO  - 	Sensor 19 U = -0.258819, -0.965926, 0
StFwdTrackMaker:INFO  - 	Sensor 19 V = 0.965926, -0.258819, -0
StFwdTrackMaker:INFO  - Getting FST sensor origin for index 20 with path /HALL_1/CAVE_1/FSTM_1/FSTD_4/FSTW_5/FTUS_3
StFwdTrackMaker:INFO  - FST Sensor 20 origin: 0, 0, 150.008
StFwdTrackMaker:INFO  - 	Sensor 20 U = -0.258819, -0.965926, 0
StFwdTrackMaker:INFO  - 	Sensor 20 V = 0.965926, -0.258819, -0
StFwdTrackMaker:INFO  - Getting FST sensor origin for index 21 with path /HALL_1/CAVE_1/FSTM_1/FSTD_4/FSTW_10/FTUS_1
StFwdTrackMaker:INFO  - FST Sensor 21 origin: 0, 0, 152.097
StFwdTrackMaker:INFO  - 	Sensor 21 U = -0.707107, -0.707107, 0
StFwdTrackMaker:INFO  - 	Sensor 21 V = 0.707107, -0.707107, 0
StFwdTrackMaker:INFO  - Getting FST sensor origin for index 22 with path /HALL_1/CAVE_1/FSTM_1/FSTD_4/FSTW_10/FTUS_2
StFwdTrackMaker:INFO  - FST Sensor 22 origin: 0, 0, 152.097
StFwdTrackMaker:INFO  - 	Sensor 22 U = -0.707107, -0.707107, 0
StFwdTrackMaker:INFO  - 	Sensor 22 V = 0.707107, -0.707107, 0
StFwdTrackMaker:INFO  - Getting FST sensor origin for index 23 with path /HALL_1/CAVE_1/FSTM_1/FSTD_4/FSTW_10/FTUS_3
StFwdTrackMaker:INFO  - FST Sensor 23 origin: 0, 0, 153.492
StFwdTrackMaker:INFO  - 	Sensor 23 U = -0.707107, -0.707107, 0
StFwdTrackMaker:INFO  - 	Sensor 23 V = 0.707107, -0.707107, 0
StFwdTrackMaker:INFO  - Getting FST sensor origin for index 24 with path /HALL_1/CAVE_1/FSTM_1/FSTD_4/FSTW_4/FTUS_1
StFwdTrackMaker:INFO  - FST Sensor 24 origin: 0, 0, 151.403
StFwdTrackMaker:INFO  - 	Sensor 24 U = -0.965926, -0.258819, 0
StFwdTrackMaker:INFO  - 	Sensor 24 V = 0.258819, -0.965926, -0
StFwdTrackMaker:INFO  - Getting FST sensor origin for index 25 with path /HALL_1/CAVE_1/FSTM_1/FSTD_4/FSTW_4/FTUS_2
StFwdTrackMaker:INFO  - FST Sensor 25 origin: 0, 0, 151.403
StFwdTrackMaker:INFO  - 	Sensor 25 U = -0.965926, -0.258819, 0
StFwdTrackMaker:INFO  - 	Sensor 25 V = 0.258819, -0.965926, -0
StFwdTrackMaker:INFO  - Getting FST sensor origin for index 26 with path /HALL_1/CAVE_1/FSTM_1/FSTD_4/FSTW_4/FTUS_3
StFwdTrackMaker:INFO  - FST Sensor 26 origin: 0, 0, 150.008
StFwdTrackMaker:INFO  - 	Sensor 26 U = -0.965926, -0.258819, 0
StFwdTrackMaker:INFO  - 	Sensor 26 V = 0.258819, -0.965926, -0
StFwdTrackMaker:INFO  - Getting FST sensor origin for index 27 with path /HALL_1/CAVE_1/FSTM_1/FSTD_4/FSTW_9/FTUS_1
StFwdTrackMaker:INFO  - FST Sensor 27 origin: 0, 0, 152.097
StFwdTrackMaker:INFO  - 	Sensor 27 U = -0.965926, 0.258819, 0
StFwdTrackMaker:INFO  - 	Sensor 27 V = -0.258819, -0.965926, 0
StFwdTrackMaker:INFO  - Getting FST sensor origin for index 28 with path /HALL_1/CAVE_1/FSTM_1/FSTD_4/FSTW_9/FTUS_2
StFwdTrackMaker:INFO  - FST Sensor 28 origin: 0, 0, 152.097
StFwdTrackMaker:INFO  - 	Sensor 28 U = -0.965926, 0.258819, 0
StFwdTrackMaker:INFO  - 	Sensor 28 V = -0.258819, -0.965926, 0
StFwdTrackMaker:INFO  - Getting FST sensor origin for index 29 with path /HALL_1/CAVE_1/FSTM_1/FSTD_4/FSTW_9/FTUS_3
StFwdTrackMaker:INFO  - FST Sensor 29 origin: 0, 0, 153.492
StFwdTrackMaker:INFO  - 	Sensor 29 U = -0.965926, 0.258819, 0
StFwdTrackMaker:INFO  - 	Sensor 29 V = -0.258819, -0.965926, 0
StFwdTrackMaker:INFO  - Getting FST sensor origin for index 30 with path /HALL_1/CAVE_1/FSTM_1/FSTD_4/FSTW_3/FTUS_1
StFwdTrackMaker:INFO  - FST Sensor 30 origin: 0, 0, 151.403
StFwdTrackMaker:INFO  - 	Sensor 30 U = -0.707107, 0.707107, 0
StFwdTrackMaker:INFO  - 	Sensor 30 V = -0.707107, -0.707107, -0
StFwdTrackMaker:INFO  - Getting FST sensor origin for index 31 with path /HALL_1/CAVE_1/FSTM_1/FSTD_4/FSTW_3/FTUS_2
StFwdTrackMaker:INFO  - FST Sensor 31 origin: 0, 0, 151.403
StFwdTrackMaker:INFO  - 	Sensor 31 U = -0.707107, 0.707107, 0
StFwdTrackMaker:INFO  - 	Sensor 31 V = -0.707107, -0.707107, -0
StFwdTrackMaker:INFO  - Getting FST sensor origin for index 32 with path /HALL_1/CAVE_1/FSTM_1/FSTD_4/FSTW_3/FTUS_3
StFwdTrackMaker:INFO  - FST Sensor 32 origin: 0, 0, 150.008
StFwdTrackMaker:INFO  - 	Sensor 32 U = -0.707107, 0.707107, 0
StFwdTrackMaker:INFO  - 	Sensor 32 V = -0.707107, -0.707107, -0
StFwdTrackMaker:INFO  - Getting FST sensor origin for index 33 with path /HALL_1/CAVE_1/FSTM_1/FSTD_4/FSTW_8/FTUS_1
StFwdTrackMaker:INFO  - FST Sensor 33 origin: 0, 0, 152.097
StFwdTrackMaker:INFO  - 	Sensor 33 U = -0.258819, 0.965926, 0
StFwdTrackMaker:INFO  - 	Sensor 33 V = -0.965926, -0.258819, 0
StFwdTrackMaker:INFO  - Getting FST sensor origin for index 34 with path /HALL_1/CAVE_1/FSTM_1/FSTD_4/FSTW_8/FTUS_2
StFwdTrackMaker:INFO  - FST Sensor 34 origin: 0, 0, 152.097
StFwdTrackMaker:INFO  - 	Sensor 34 U = -0.258819, 0.965926, 0
StFwdTrackMaker:INFO  - 	Sensor 34 V = -0.965926, -0.258819, 0
StFwdTrackMaker:INFO  - Getting FST sensor origin for index 35 with path /HALL_1/CAVE_1/FSTM_1/FSTD_4/FSTW_8/FTUS_3
StFwdTrackMaker:INFO  - FST Sensor 35 origin: 0, 0, 153.492
StFwdTrackMaker:INFO  - 	Sensor 35 U = -0.258819, 0.965926, 0
StFwdTrackMaker:INFO  - 	Sensor 35 V = -0.965926, -0.258819, 0
StFwdTrackMaker:INFO  - Getting FST sensor origin for index 36 with path /HALL_1/CAVE_1/FSTM_1/FSTD_5/FSTW_7/FTUS_1
StFwdTrackMaker:INFO  - FST Sensor 36 origin: 0, 0, 165.595
StFwdTrackMaker:INFO  - 	Sensor 36 U = 0.258819, 0.965926, 0
StFwdTrackMaker:INFO  - 	Sensor 36 V = -0.965926, 0.258819, 0
StFwdTrackMaker:INFO  - Getting FST sensor origin for index 37 with path /HALL_1/CAVE_1/FSTM_1/FSTD_5/FSTW_7/FTUS_2
StFwdTrackMaker:INFO  - FST Sensor 37 origin: 0, 0, 165.595
StFwdTrackMaker:INFO  - 	Sensor 37 U = 0.258819, 0.965926, 0
StFwdTrackMaker:INFO  - 	Sensor 37 V = -0.965926, 0.258819, 0
StFwdTrackMaker:INFO  - Getting FST sensor origin for index 38 with path /HALL_1/CAVE_1/FSTM_1/FSTD_5/FSTW_7/FTUS_3
StFwdTrackMaker:INFO  - FST Sensor 38 origin: 0, 0, 166.99
StFwdTrackMaker:INFO  - 	Sensor 38 U = 0.258819, 0.965926, 0
StFwdTrackMaker:INFO  - 	Sensor 38 V = -0.965926, 0.258819, 0
StFwdTrackMaker:INFO  - Getting FST sensor origin for index 39 with path /HALL_1/CAVE_1/FSTM_1/FSTD_5/FSTW_1/FTUS_1
StFwdTrackMaker:INFO  - FST Sensor 39 origin: 0, 0, 164.901
StFwdTrackMaker:INFO  - 	Sensor 39 U = 0.707107, 0.707107, 0
StFwdTrackMaker:INFO  - 	Sensor 39 V = -0.707107, 0.707107, -0
StFwdTrackMaker:INFO  - Getting FST sensor origin for index 40 with path /HALL_1/CAVE_1/FSTM_1/FSTD_5/FSTW_1/FTUS_2
StFwdTrackMaker:INFO  - FST Sensor 40 origin: 0, 0, 164.901
StFwdTrackMaker:INFO  - 	Sensor 40 U = 0.707107, 0.707107, 0
StFwdTrackMaker:INFO  - 	Sensor 40 V = -0.707107, 0.707107, -0
StFwdTrackMaker:INFO  - Getting FST sensor origin for index 41 with path /HALL_1/CAVE_1/FSTM_1/FSTD_5/FSTW_1/FTUS_3
StFwdTrackMaker:INFO  - FST Sensor 41 origin: 0, 0, 163.506
StFwdTrackMaker:INFO  - 	Sensor 41 U = 0.707107, 0.707107, 0
StFwdTrackMaker:INFO  - 	Sensor 41 V = -0.707107, 0.707107, -0
StFwdTrackMaker:INFO  - Getting FST sensor origin for index 42 with path /HALL_1/CAVE_1/FSTM_1/FSTD_5/FSTW_12/FTUS_1
StFwdTrackMaker:INFO  - FST Sensor 42 origin: 0, 0, 165.595
StFwdTrackMaker:INFO  - 	Sensor 42 U = 0.965926, 0.258819, 0
StFwdTrackMaker:INFO  - 	Sensor 42 V = -0.258819, 0.965926, 0
StFwdTrackMaker:INFO  - Getting FST sensor origin for index 43 with path /HALL_1/CAVE_1/FSTM_1/FSTD_5/FSTW_12/FTUS_2
StFwdTrackMaker:INFO  - FST Sensor 43 origin: 0, 0, 165.595
StFwdTrackMaker:INFO  - 	Sensor 43 U = 0.965926, 0.258819, 0
StFwdTrackMaker:INFO  - 	Sensor 43 V = -0.258819, 0.965926, 0
StFwdTrackMaker:INFO  - Getting FST sensor origin for index 44 with path /HALL_1/CAVE_1/FSTM_1/FSTD_5/FSTW_12/FTUS_3
StFwdTrackMaker:INFO  - FST Sensor 44 origin: 0, 0, 166.99
StFwdTrackMaker:INFO  - 	Sensor 44 U = 0.965926, 0.258819, 0
StFwdTrackMaker:INFO  - 	Sensor 44 V = -0.258819, 0.965926, 0
StFwdTrackMaker:INFO  - Getting FST sensor origin for index 45 with path /HALL_1/CAVE_1/FSTM_1/FSTD_5/FSTW_6/FTUS_1
StFwdTrackMaker:INFO  - FST Sensor 45 origin: 0, 0, 164.901
StFwdTrackMaker:INFO  - 	Sensor 45 U = 0.965926, -0.258819, 0
StFwdTrackMaker:INFO  - 	Sensor 45 V = 0.258819, 0.965926, -0
StFwdTrackMaker:INFO  - Getting FST sensor origin for index 46 with path /HALL_1/CAVE_1/FSTM_1/FSTD_5/FSTW_6/FTUS_2
StFwdTrackMaker:INFO  - FST Sensor 46 origin: 0, 0, 164.901
StFwdTrackMaker:INFO  - 	Sensor 46 U = 0.965926, -0.258819, 0
StFwdTrackMaker:INFO  - 	Sensor 46 V = 0.258819, 0.965926, -0
StFwdTrackMaker:INFO  - Getting FST sensor origin for index 47 with path /HALL_1/CAVE_1/FSTM_1/FSTD_5/FSTW_6/FTUS_3
StFwdTrackMaker:INFO  - FST Sensor 47 origin: 0, 0, 163.506
StFwdTrackMaker:INFO  - 	Sensor 47 U = 0.965926, -0.258819, 0
StFwdTrackMaker:INFO  - 	Sensor 47 V = 0.258819, 0.965926, -0
StFwdTrackMaker:INFO  - Getting FST sensor origin for index 48 with path /HALL_1/CAVE_1/FSTM_1/FSTD_5/FSTW_11/FTUS_1
StFwdTrackMaker:INFO  - FST Sensor 48 origin: 0, 0, 165.595
StFwdTrackMaker:INFO  - 	Sensor 48 U = 0.707107, -0.707107, 0
StFwdTrackMaker:INFO  - 	Sensor 48 V = 0.707107, 0.707107, 0
StFwdTrackMaker:INFO  - Getting FST sensor origin for index 49 with path /HALL_1/CAVE_1/FSTM_1/FSTD_5/FSTW_11/FTUS_2
StFwdTrackMaker:INFO  - FST Sensor 49 origin: 0, 0, 165.595
StFwdTrackMaker:INFO  - 	Sensor 49 U = 0.707107, -0.707107, 0
StFwdTrackMaker:INFO  - 	Sensor 49 V = 0.707107, 0.707107, 0
StFwdTrackMaker:INFO  - Getting FST sensor origin for index 50 with path /HALL_1/CAVE_1/FSTM_1/FSTD_5/FSTW_11/FTUS_3
StFwdTrackMaker:INFO  - FST Sensor 50 origin: 0, 0, 166.99
StFwdTrackMaker:INFO  - 	Sensor 50 U = 0.707107, -0.707107, 0
StFwdTrackMaker:INFO  - 	Sensor 50 V = 0.707107, 0.707107, 0
StFwdTrackMaker:INFO  - Getting FST sensor origin for index 51 with path /HALL_1/CAVE_1/FSTM_1/FSTD_5/FSTW_5/FTUS_1
StFwdTrackMaker:INFO  - FST Sensor 51 origin: 0, 0, 164.901
StFwdTrackMaker:INFO  - 	Sensor 51 U = 0.258819, -0.965926, 0
StFwdTrackMaker:INFO  - 	Sensor 51 V = 0.965926, 0.258819, -0
StFwdTrackMaker:INFO  - Getting FST sensor origin for index 52 with path /HALL_1/CAVE_1/FSTM_1/FSTD_5/FSTW_5/FTUS_2
StFwdTrackMaker:INFO  - FST Sensor 52 origin: 0, 0, 164.901
StFwdTrackMaker:INFO  - 	Sensor 52 U = 0.258819, -0.965926, 0
StFwdTrackMaker:INFO  - 	Sensor 52 V = 0.965926, 0.258819, -0
StFwdTrackMaker:INFO  - Getting FST sensor origin for index 53 with path /HALL_1/CAVE_1/FSTM_1/FSTD_5/FSTW_5/FTUS_3
StFwdTrackMaker:INFO  - FST Sensor 53 origin: 0, 0, 163.506
StFwdTrackMaker:INFO  - 	Sensor 53 U = 0.258819, -0.965926, 0
StFwdTrackMaker:INFO  - 	Sensor 53 V = 0.965926, 0.258819, -0
StFwdTrackMaker:INFO  - Getting FST sensor origin for index 54 with path /HALL_1/CAVE_1/FSTM_1/FSTD_5/FSTW_10/FTUS_1
StFwdTrackMaker:INFO  - FST Sensor 54 origin: 0, 0, 165.595
StFwdTrackMaker:INFO  - 	Sensor 54 U = -0.258819, -0.965926, 0
StFwdTrackMaker:INFO  - 	Sensor 54 V = 0.965926, -0.258819, 0
StFwdTrackMaker:INFO  - Getting FST sensor origin for index 55 with path /HALL_1/CAVE_1/FSTM_1/FSTD_5/FSTW_10/FTUS_2
StFwdTrackMaker:INFO  - FST Sensor 55 origin: 0, 0, 165.595
StFwdTrackMaker:INFO  - 	Sensor 55 U = -0.258819, -0.965926, 0
StFwdTrackMaker:INFO  - 	Sensor 55 V = 0.965926, -0.258819, 0
StFwdTrackMaker:INFO  - Getting FST sensor origin for index 56 with path /HALL_1/CAVE_1/FSTM_1/FSTD_5/FSTW_10/FTUS_3
StFwdTrackMaker:INFO  - FST Sensor 56 origin: 0, 0, 166.99
StFwdTrackMaker:INFO  - 	Sensor 56 U = -0.258819, -0.965926, 0
StFwdTrackMaker:INFO  - 	Sensor 56 V = 0.965926, -0.258819, 0
StFwdTrackMaker:INFO  - Getting FST sensor origin for index 57 with path /HALL_1/CAVE_1/FSTM_1/FSTD_5/FSTW_4/FTUS_1
StFwdTrackMaker:INFO  - FST Sensor 57 origin: 0, 0, 164.901
StFwdTrackMaker:INFO  - 	Sensor 57 U = -0.707107, -0.707107, 0
StFwdTrackMaker:INFO  - 	Sensor 57 V = 0.707107, -0.707107, -0
StFwdTrackMaker:INFO  - Getting FST sensor origin for index 58 with path /HALL_1/CAVE_1/FSTM_1/FSTD_5/FSTW_4/FTUS_2
StFwdTrackMaker:INFO  - FST Sensor 58 origin: 0, 0, 164.901
StFwdTrackMaker:INFO  - 	Sensor 58 U = -0.707107, -0.707107, 0
StFwdTrackMaker:INFO  - 	Sensor 58 V = 0.707107, -0.707107, -0
StFwdTrackMaker:INFO  - Getting FST sensor origin for index 59 with path /HALL_1/CAVE_1/FSTM_1/FSTD_5/FSTW_4/FTUS_3
StFwdTrackMaker:INFO  - FST Sensor 59 origin: 0, 0, 163.506
StFwdTrackMaker:INFO  - 	Sensor 59 U = -0.707107, -0.707107, 0
StFwdTrackMaker:INFO  - 	Sensor 59 V = 0.707107, -0.707107, -0
StFwdTrackMaker:INFO  - Getting FST sensor origin for index 60 with path /HALL_1/CAVE_1/FSTM_1/FSTD_5/FSTW_9/FTUS_1
StFwdTrackMaker:INFO  - FST Sensor 60 origin: 0, 0, 165.595
StFwdTrackMaker:INFO  - 	Sensor 60 U = -0.965926, -0.258819, 0
StFwdTrackMaker:INFO  - 	Sensor 60 V = 0.258819, -0.965926, 0
StFwdTrackMaker:INFO  - Getting FST sensor origin for index 61 with path /HALL_1/CAVE_1/FSTM_1/FSTD_5/FSTW_9/FTUS_2
StFwdTrackMaker:INFO  - FST Sensor 61 origin: 0, 0, 165.595
StFwdTrackMaker:INFO  - 	Sensor 61 U = -0.965926, -0.258819, 0
StFwdTrackMaker:INFO  - 	Sensor 61 V = 0.258819, -0.965926, 0
StFwdTrackMaker:INFO  - Getting FST sensor origin for index 62 with path /HALL_1/CAVE_1/FSTM_1/FSTD_5/FSTW_9/FTUS_3
StFwdTrackMaker:INFO  - FST Sensor 62 origin: 0, 0, 166.99
StFwdTrackMaker:INFO  - 	Sensor 62 U = -0.965926, -0.258819, 0
StFwdTrackMaker:INFO  - 	Sensor 62 V = 0.258819, -0.965926, 0
StFwdTrackMaker:INFO  - Getting FST sensor origin for index 63 with path /HALL_1/CAVE_1/FSTM_1/FSTD_5/FSTW_3/FTUS_1
StFwdTrackMaker:INFO  - FST Sensor 63 origin: 0, 0, 164.901
StFwdTrackMaker:INFO  - 	Sensor 63 U = -0.965926, 0.258819, 0
StFwdTrackMaker:INFO  - 	Sensor 63 V = -0.258819, -0.965926, -0
StFwdTrackMaker:INFO  - Getting FST sensor origin for index 64 with path /HALL_1/CAVE_1/FSTM_1/FSTD_5/FSTW_3/FTUS_2
StFwdTrackMaker:INFO  - FST Sensor 64 origin: 0, 0, 164.901
StFwdTrackMaker:INFO  - 	Sensor 64 U = -0.965926, 0.258819, 0
StFwdTrackMaker:INFO  - 	Sensor 64 V = -0.258819, -0.965926, -0
StFwdTrackMaker:INFO  - Getting FST sensor origin for index 65 with path /HALL_1/CAVE_1/FSTM_1/FSTD_5/FSTW_3/FTUS_3
StFwdTrackMaker:INFO  - FST Sensor 65 origin: 0, 0, 163.506
StFwdTrackMaker:INFO  - 	Sensor 65 U = -0.965926, 0.258819, 0
StFwdTrackMaker:INFO  - 	Sensor 65 V = -0.258819, -0.965926, -0
StFwdTrackMaker:INFO  - Getting FST sensor origin for index 66 with path /HALL_1/CAVE_1/FSTM_1/FSTD_5/FSTW_8/FTUS_1
StFwdTrackMaker:INFO  - FST Sensor 66 origin: 0, 0, 165.595
StFwdTrackMaker:INFO  - 	Sensor 66 U = -0.707107, 0.707107, 0
StFwdTrackMaker:INFO  - 	Sensor 66 V = -0.707107, -0.707107, 0
StFwdTrackMaker:INFO  - Getting FST sensor origin for index 67 with path /HALL_1/CAVE_1/FSTM_1/FSTD_5/FSTW_8/FTUS_2
StFwdTrackMaker:INFO  - FST Sensor 67 origin: 0, 0, 165.595
StFwdTrackMaker:INFO  - 	Sensor 67 U = -0.707107, 0.707107, 0
StFwdTrackMaker:INFO  - 	Sensor 67 V = -0.707107, -0.707107, 0
StFwdTrackMaker:INFO  - Getting FST sensor origin for index 68 with path /HALL_1/CAVE_1/FSTM_1/FSTD_5/FSTW_8/FTUS_3
StFwdTrackMaker:INFO  - FST Sensor 68 origin: 0, 0, 166.99
StFwdTrackMaker:INFO  - 	Sensor 68 U = -0.707107, 0.707107, 0
StFwdTrackMaker:INFO  - 	Sensor 68 V = -0.707107, -0.707107, 0
StFwdTrackMaker:INFO  - Getting FST sensor origin for index 69 with path /HALL_1/CAVE_1/FSTM_1/FSTD_5/FSTW_2/FTUS_1
StFwdTrackMaker:INFO  - FST Sensor 69 origin: 0, 0, 164.901
StFwdTrackMaker:INFO  - 	Sensor 69 U = -0.258819, 0.965926, 0
StFwdTrackMaker:INFO  - 	Sensor 69 V = -0.965926, -0.258819, -0
StFwdTrackMaker:INFO  - Getting FST sensor origin for index 70 with path /HALL_1/CAVE_1/FSTM_1/FSTD_5/FSTW_2/FTUS_2
StFwdTrackMaker:INFO  - FST Sensor 70 origin: 0, 0, 164.901
StFwdTrackMaker:INFO  - 	Sensor 70 U = -0.258819, 0.965926, 0
StFwdTrackMaker:INFO  - 	Sensor 70 V = -0.965926, -0.258819, -0
StFwdTrackMaker:INFO  - Getting FST sensor origin for index 71 with path /HALL_1/CAVE_1/FSTM_1/FSTD_5/FSTW_2/FTUS_3
StFwdTrackMaker:INFO  - FST Sensor 71 origin: 0, 0, 163.506
StFwdTrackMaker:INFO  - 	Sensor 71 U = -0.258819, 0.965926, 0
StFwdTrackMaker:INFO  - 	Sensor 71 V = -0.965926, -0.258819, -0
StFwdTrackMaker:INFO  - Getting FST sensor origin for index 72 with path /HALL_1/CAVE_1/FSTM_1/FSTD_6/FSTW_2/FTUS_1
StFwdTrackMaker:INFO  - FST Sensor 72 origin: 0, 0, 178.434
StFwdTrackMaker:INFO  - 	Sensor 72 U = 0.258819, 0.965926, 0
StFwdTrackMaker:INFO  - 	Sensor 72 V = -0.965926, 0.258819, -0
StFwdTrackMaker:INFO  - Getting FST sensor origin for index 73 with path /HALL_1/CAVE_1/FSTM_1/FSTD_6/FSTW_2/FTUS_2
StFwdTrackMaker:INFO  - FST Sensor 73 origin: 0, 0, 178.434
StFwdTrackMaker:INFO  - 	Sensor 73 U = 0.258819, 0.965926, 0
StFwdTrackMaker:INFO  - 	Sensor 73 V = -0.965926, 0.258819, -0
StFwdTrackMaker:INFO  - Getting FST sensor origin for index 74 with path /HALL_1/CAVE_1/FSTM_1/FSTD_6/FSTW_2/FTUS_3
StFwdTrackMaker:INFO  - FST Sensor 74 origin: 0, 0, 177.039
StFwdTrackMaker:INFO  - 	Sensor 74 U = 0.258819, 0.965926, 0
StFwdTrackMaker:INFO  - 	Sensor 74 V = -0.965926, 0.258819, -0
StFwdTrackMaker:INFO  - Getting FST sensor origin for index 75 with path /HALL_1/CAVE_1/FSTM_1/FSTD_6/FSTW_7/FTUS_1
StFwdTrackMaker:INFO  - FST Sensor 75 origin: 0, 0, 179.128
StFwdTrackMaker:INFO  - 	Sensor 75 U = 0.707107, 0.707107, 0
StFwdTrackMaker:INFO  - 	Sensor 75 V = -0.707107, 0.707107, 0
StFwdTrackMaker:INFO  - Getting FST sensor origin for index 76 with path /HALL_1/CAVE_1/FSTM_1/FSTD_6/FSTW_7/FTUS_2
StFwdTrackMaker:INFO  - FST Sensor 76 origin: 0, 0, 179.128
StFwdTrackMaker:INFO  - 	Sensor 76 U = 0.707107, 0.707107, 0
StFwdTrackMaker:INFO  - 	Sensor 76 V = -0.707107, 0.707107, 0
StFwdTrackMaker:INFO  - Getting FST sensor origin for index 77 with path /HALL_1/CAVE_1/FSTM_1/FSTD_6/FSTW_7/FTUS_3
StFwdTrackMaker:INFO  - FST Sensor 77 origin: 0, 0, 180.523
StFwdTrackMaker:INFO  - 	Sensor 77 U = 0.707107, 0.707107, 0
StFwdTrackMaker:INFO  - 	Sensor 77 V = -0.707107, 0.707107, 0
StFwdTrackMaker:INFO  - Getting FST sensor origin for index 78 with path /HALL_1/CAVE_1/FSTM_1/FSTD_6/FSTW_1/FTUS_1
StFwdTrackMaker:INFO  - FST Sensor 78 origin: 0, 0, 178.434
StFwdTrackMaker:INFO  - 	Sensor 78 U = 0.965926, 0.258819, 0
StFwdTrackMaker:INFO  - 	Sensor 78 V = -0.258819, 0.965926, -0
StFwdTrackMaker:INFO  - Getting FST sensor origin for index 79 with path /HALL_1/CAVE_1/FSTM_1/FSTD_6/FSTW_1/FTUS_2
StFwdTrackMaker:INFO  - FST Sensor 79 origin: 0, 0, 178.434
StFwdTrackMaker:INFO  - 	Sensor 79 U = 0.965926, 0.258819, 0
StFwdTrackMaker:INFO  - 	Sensor 79 V = -0.258819, 0.965926, -0
StFwdTrackMaker:INFO  - Getting FST sensor origin for index 80 with path /HALL_1/CAVE_1/FSTM_1/FSTD_6/FSTW_1/FTUS_3
StFwdTrackMaker:INFO  - FST Sensor 80 origin: 0, 0, 177.039
StFwdTrackMaker:INFO  - 	Sensor 80 U = 0.965926, 0.258819, 0
StFwdTrackMaker:INFO  - 	Sensor 80 V = -0.258819, 0.965926, -0
StFwdTrackMaker:INFO  - Getting FST sensor origin for index 81 with path /HALL_1/CAVE_1/FSTM_1/FSTD_6/FSTW_12/FTUS_1
StFwdTrackMaker:INFO  - FST Sensor 81 origin: 0, 0, 179.128
StFwdTrackMaker:INFO  - 	Sensor 81 U = 0.965926, -0.258819, 0
StFwdTrackMaker:INFO  - 	Sensor 81 V = 0.258819, 0.965926, 0
StFwdTrackMaker:INFO  - Getting FST sensor origin for index 82 with path /HALL_1/CAVE_1/FSTM_1/FSTD_6/FSTW_12/FTUS_2
StFwdTrackMaker:INFO  - FST Sensor 82 origin: 0, 0, 179.128
StFwdTrackMaker:INFO  - 	Sensor 82 U = 0.965926, -0.258819, 0
StFwdTrackMaker:INFO  - 	Sensor 82 V = 0.258819, 0.965926, 0
StFwdTrackMaker:INFO  - Getting FST sensor origin for index 83 with path /HALL_1/CAVE_1/FSTM_1/FSTD_6/FSTW_12/FTUS_3
StFwdTrackMaker:INFO  - FST Sensor 83 origin: 0, 0, 180.523
StFwdTrackMaker:INFO  - 	Sensor 83 U = 0.965926, -0.258819, 0
StFwdTrackMaker:INFO  - 	Sensor 83 V = 0.258819, 0.965926, 0
StFwdTrackMaker:INFO  - Getting FST sensor origin for index 84 with path /HALL_1/CAVE_1/FSTM_1/FSTD_6/FSTW_6/FTUS_1
StFwdTrackMaker:INFO  - FST Sensor 84 origin: 0, 0, 178.434
StFwdTrackMaker:INFO  - 	Sensor 84 U = 0.707107, -0.707107, 0
StFwdTrackMaker:INFO  - 	Sensor 84 V = 0.707107, 0.707107, -0
StFwdTrackMaker:INFO  - Getting FST sensor origin for index 85 with path /HALL_1/CAVE_1/FSTM_1/FSTD_6/FSTW_6/FTUS_2
StFwdTrackMaker:INFO  - FST Sensor 85 origin: 0, 0, 178.434
StFwdTrackMaker:INFO  - 	Sensor 85 U = 0.707107, -0.707107, 0
StFwdTrackMaker:INFO  - 	Sensor 85 V = 0.707107, 0.707107, -0
StFwdTrackMaker:INFO  - Getting FST sensor origin for index 86 with path /HALL_1/CAVE_1/FSTM_1/FSTD_6/FSTW_6/FTUS_3
StFwdTrackMaker:INFO  - FST Sensor 86 origin: 0, 0, 177.039
StFwdTrackMaker:INFO  - 	Sensor 86 U = 0.707107, -0.707107, 0
StFwdTrackMaker:INFO  - 	Sensor 86 V = 0.707107, 0.707107, -0
StFwdTrackMaker:INFO  - Getting FST sensor origin for index 87 with path /HALL_1/CAVE_1/FSTM_1/FSTD_6/FSTW_11/FTUS_1
StFwdTrackMaker:INFO  - FST Sensor 87 origin: 0, 0, 179.128
StFwdTrackMaker:INFO  - 	Sensor 87 U = 0.258819, -0.965926, 0
StFwdTrackMaker:INFO  - 	Sensor 87 V = 0.965926, 0.258819, 0
StFwdTrackMaker:INFO  - Getting FST sensor origin for index 88 with path /HALL_1/CAVE_1/FSTM_1/FSTD_6/FSTW_11/FTUS_2
StFwdTrackMaker:INFO  - FST Sensor 88 origin: 0, 0, 179.128
StFwdTrackMaker:INFO  - 	Sensor 88 U = 0.258819, -0.965926, 0
StFwdTrackMaker:INFO  - 	Sensor 88 V = 0.965926, 0.258819, 0
StFwdTrackMaker:INFO  - Getting FST sensor origin for index 89 with path /HALL_1/CAVE_1/FSTM_1/FSTD_6/FSTW_11/FTUS_3
StFwdTrackMaker:INFO  - FST Sensor 89 origin: 0, 0, 180.523
StFwdTrackMaker:INFO  - 	Sensor 89 U = 0.258819, -0.965926, 0
StFwdTrackMaker:INFO  - 	Sensor 89 V = 0.965926, 0.258819, 0
StFwdTrackMaker:INFO  - Getting FST sensor origin for index 90 with path /HALL_1/CAVE_1/FSTM_1/FSTD_6/FSTW_5/FTUS_1
StFwdTrackMaker:INFO  - FST Sensor 90 origin: 0, 0, 178.434
StFwdTrackMaker:INFO  - 	Sensor 90 U = -0.258819, -0.965926, 0
StFwdTrackMaker:INFO  - 	Sensor 90 V = 0.965926, -0.258819, -0
StFwdTrackMaker:INFO  - Getting FST sensor origin for index 91 with path /HALL_1/CAVE_1/FSTM_1/FSTD_6/FSTW_5/FTUS_2
StFwdTrackMaker:INFO  - FST Sensor 91 origin: 0, 0, 178.434
StFwdTrackMaker:INFO  - 	Sensor 91 U = -0.258819, -0.965926, 0
StFwdTrackMaker:INFO  - 	Sensor 91 V = 0.965926, -0.258819, -0
StFwdTrackMaker:INFO  - Getting FST sensor origin for index 92 with path /HALL_1/CAVE_1/FSTM_1/FSTD_6/FSTW_5/FTUS_3
StFwdTrackMaker:INFO  - FST Sensor 92 origin: 0, 0, 177.039
StFwdTrackMaker:INFO  - 	Sensor 92 U = -0.258819, -0.965926, 0
StFwdTrackMaker:INFO  - 	Sensor 92 V = 0.965926, -0.258819, -0
StFwdTrackMaker:INFO  - Getting FST sensor origin for index 93 with path /HALL_1/CAVE_1/FSTM_1/FSTD_6/FSTW_10/FTUS_1
StFwdTrackMaker:INFO  - FST Sensor 93 origin: 0, 0, 179.128
StFwdTrackMaker:INFO  - 	Sensor 93 U = -0.707107, -0.707107, 0
StFwdTrackMaker:INFO  - 	Sensor 93 V = 0.707107, -0.707107, 0
StFwdTrackMaker:INFO  - Getting FST sensor origin for index 94 with path /HALL_1/CAVE_1/FSTM_1/FSTD_6/FSTW_10/FTUS_2
StFwdTrackMaker:INFO  - FST Sensor 94 origin: 0, 0, 179.128
StFwdTrackMaker:INFO  - 	Sensor 94 U = -0.707107, -0.707107, 0
StFwdTrackMaker:INFO  - 	Sensor 94 V = 0.707107, -0.707107, 0
StFwdTrackMaker:INFO  - Getting FST sensor origin for index 95 with path /HALL_1/CAVE_1/FSTM_1/FSTD_6/FSTW_10/FTUS_3
StFwdTrackMaker:INFO  - FST Sensor 95 origin: 0, 0, 180.523
StFwdTrackMaker:INFO  - 	Sensor 95 U = -0.707107, -0.707107, 0
StFwdTrackMaker:INFO  - 	Sensor 95 V = 0.707107, -0.707107, 0
StFwdTrackMaker:INFO  - Getting FST sensor origin for index 96 with path /HALL_1/CAVE_1/FSTM_1/FSTD_6/FSTW_4/FTUS_1
StFwdTrackMaker:INFO  - FST Sensor 96 origin: 0, 0, 178.434
StFwdTrackMaker:INFO  - 	Sensor 96 U = -0.965926, -0.258819, 0
StFwdTrackMaker:INFO  - 	Sensor 96 V = 0.258819, -0.965926, -0
StFwdTrackMaker:INFO  - Getting FST sensor origin for index 97 with path /HALL_1/CAVE_1/FSTM_1/FSTD_6/FSTW_4/FTUS_2
StFwdTrackMaker:INFO  - FST Sensor 97 origin: 0, 0, 178.434
StFwdTrackMaker:INFO  - 	Sensor 97 U = -0.965926, -0.258819, 0
StFwdTrackMaker:INFO  - 	Sensor 97 V = 0.258819, -0.965926, -0
StFwdTrackMaker:INFO  - Getting FST sensor origin for index 98 with path /HALL_1/CAVE_1/FSTM_1/FSTD_6/FSTW_4/FTUS_3
StFwdTrackMaker:INFO  - FST Sensor 98 origin: 0, 0, 177.039
StFwdTrackMaker:INFO  - 	Sensor 98 U = -0.965926, -0.258819, 0
StFwdTrackMaker:INFO  - 	Sensor 98 V = 0.258819, -0.965926, -0
StFwdTrackMaker:INFO  - Getting FST sensor origin for index 99 with path /HALL_1/CAVE_1/FSTM_1/FSTD_6/FSTW_9/FTUS_1
StFwdTrackMaker:INFO  - FST Sensor 99 origin: 0, 0, 179.128
StFwdTrackMaker:INFO  - 	Sensor 99 U = -0.965926, 0.258819, 0
StFwdTrackMaker:INFO  - 	Sensor 99 V = -0.258819, -0.965926, 0
StFwdTrackMaker:INFO  - Getting FST sensor origin for index 100 with path /HALL_1/CAVE_1/FSTM_1/FSTD_6/FSTW_9/FTUS_2
StFwdTrackMaker:INFO  - FST Sensor 100 origin: 0, 0, 179.128
StFwdTrackMaker:INFO  - 	Sensor 100 U = -0.965926, 0.258819, 0
StFwdTrackMaker:INFO  - 	Sensor 100 V = -0.258819, -0.965926, 0
StFwdTrackMaker:INFO  - Getting FST sensor origin for index 101 with path /HALL_1/CAVE_1/FSTM_1/FSTD_6/FSTW_9/FTUS_3
StFwdTrackMaker:INFO  - FST Sensor 101 origin: 0, 0, 180.523
StFwdTrackMaker:INFO  - 	Sensor 101 U = -0.965926, 0.258819, 0
StFwdTrackMaker:INFO  - 	Sensor 101 V = -0.258819, -0.965926, 0
StFwdTrackMaker:INFO  - Getting FST sensor origin for index 102 with path /HALL_1/CAVE_1/FSTM_1/FSTD_6/FSTW_3/FTUS_1
StFwdTrackMaker:INFO  - FST Sensor 102 origin: 0, 0, 178.434
StFwdTrackMaker:INFO  - 	Sensor 102 U = -0.707107, 0.707107, 0
StFwdTrackMaker:INFO  - 	Sensor 102 V = -0.707107, -0.707107, -0
StFwdTrackMaker:INFO  - Getting FST sensor origin for index 103 with path /HALL_1/CAVE_1/FSTM_1/FSTD_6/FSTW_3/FTUS_2
StFwdTrackMaker:INFO  - FST Sensor 103 origin: 0, 0, 178.434
StFwdTrackMaker:INFO  - 	Sensor 103 U = -0.707107, 0.707107, 0
StFwdTrackMaker:INFO  - 	Sensor 103 V = -0.707107, -0.707107, -0
StFwdTrackMaker:INFO  - Getting FST sensor origin for index 104 with path /HALL_1/CAVE_1/FSTM_1/FSTD_6/FSTW_3/FTUS_3
StFwdTrackMaker:INFO  - FST Sensor 104 origin: 0, 0, 177.039
StFwdTrackMaker:INFO  - 	Sensor 104 U = -0.707107, 0.707107, 0
StFwdTrackMaker:INFO  - 	Sensor 104 V = -0.707107, -0.707107, -0
StFwdTrackMaker:INFO  - Getting FST sensor origin for index 105 with path /HALL_1/CAVE_1/FSTM_1/FSTD_6/FSTW_8/FTUS_1
StFwdTrackMaker:INFO  - FST Sensor 105 origin: 0, 0, 179.128
StFwdTrackMaker:INFO  - 	Sensor 105 U = -0.258819, 0.965926, 0
StFwdTrackMaker:INFO  - 	Sensor 105 V = -0.965926, -0.258819, 0
StFwdTrackMaker:INFO  - Getting FST sensor origin for index 106 with path /HALL_1/CAVE_1/FSTM_1/FSTD_6/FSTW_8/FTUS_2
StFwdTrackMaker:INFO  - FST Sensor 106 origin: 0, 0, 179.128
StFwdTrackMaker:INFO  - 	Sensor 106 U = -0.258819, 0.965926, 0
StFwdTrackMaker:INFO  - 	Sensor 106 V = -0.965926, -0.258819, 0
StFwdTrackMaker:INFO  - Getting FST sensor origin for index 107 with path /HALL_1/CAVE_1/FSTM_1/FSTD_6/FSTW_8/FTUS_3
StFwdTrackMaker:INFO  - FST Sensor 107 origin: 0, 0, 180.523
StFwdTrackMaker:INFO  - 	Sensor 107 U = -0.258819, 0.965926, 0
StFwdTrackMaker:INFO  - 	Sensor 107 V = -0.965926, -0.258819, 0
StFwdTrackMaker:INFO  - Fitter options: 
StFwdTrackMaker:INFO  - 	MaxFailedHits: -1
StFwdTrackMaker:INFO  - 	MaxIterations: 20
StFwdTrackMaker:INFO  - 	MinIterations: 10
StFwdTrackMaker:INFO  - 	RelChi2Change: 1e-06
StFwdTrackMaker:INFO  - 	DeltaPval: 0.1
StFwdTrackMaker:INFO  - 	BlowUpFactor: 1e+09
StFwdTrackMaker:INFO  - 	BlowUpMaxVal: 1e+09
StStrangeMuDstMaker:INFO  - TAttr::Found : dov0 = 1

StStrangeMuDstMaker:INFO  - TAttr::Found : doxi = 1

StStrangeMuDstMaker:INFO  - TAttr::Found : dokink = 1

StStrangeMuDstMaker:INFO  - TAttr::Found : setnokeep = 1

StStrangeMuDstMaker:ERROR - TClass::BuildRealData : Cannot find any ShowMembers function for StV0I!
StStrangeMuDstMaker:ERROR - TClass::BuildRealData : Cannot find any ShowMembers function for StXiI!
StChain:DEBUG - *** Call << StMuDstMaker:Init() ***
** <StBranch::Open> Branch=histBranch 	Mode=RECREATE 	File=ele.pt1.5.vz0.hist.root 	Opened **
** <StBranch::Open> Branch=runcoBranch 	Mode=RECREATE 	File=ele.pt1.5.vz0.runco.root 	Opened **
StPicoDstMaker:INFO  -  PicoCovMtxSkip is being used 
StPicoDstMaker:INFO  -  PicoBEmcSmdSkip is being used 
StPicoDstMaker:INFO  -  Output file: ele.pt1.5.vz0.run1.picoDst.root created.
MEM after Chain::Init	 total =646.320312 heap = 58.085327 and   3.227173(+21.547791)
mudst file=
--------->START EVENT: 0
St_geant_Maker:INFO  -  +++ New RunNumber found=1 (previous = -3)
St_geant_Maker:INFO  - *********** Event Info **********************
St_geant_Maker:INFO  - 	Run: 	    1  Event    -1  TimeStamp 20211016.     0  Bunch 0:0
St_geant_Maker:INFO  - 	 EvtSize: 0 	InpTrig:    0 OutTrig:    0
St_geant_Maker:INFO  - *********************************************
St_geant_Maker:INFO  - St_geant_Maker::InitRun -- Do mag.field initialization
St_geant_Maker:INFO  - St_geant_Maker::Init geom_gdata is found in fz-file ! St_geant_Maker::Init mfscale = 1
St_geant_Maker:INFO  - St_geant_Maker::Init  SetFlavor("FullMagFPositive","MagFactor")
StarMagField is locked, no modification from DB will be accepted
StarMagField::ReadField  Reading  Magnetic Field  Measured Full Field,  Scale factor = 1.000000 
StarMagField::ReadField  Filename is bfield_full_positive_2D.dat, Adjusted Scale factor = 1.000000 
StarMagField::ReadField  Reading  2D Magnetic Field file: bfield_full_positive_2D.dat 
StarMagField::ReadField  Reading 3D Magnetic Field file: bfield_full_positive_3D.dat 
StarMagField::ReadField  Reading  3D Magnetic Field file: bfield_full_positive_2D.dat 
StarMagField(0,0,0) = 4.9798St_geant_Maker:INFO  - St_geant_Maker::Init  Create StarMagField and lock it
St_geant_Maker:INFO  - *** St_geant_Maker::Make() == StOK(0) ***
St_db_Maker:INFO  - *** St_db_Maker::Make() == StOK(0) ***
StMagFMaker:INFO  - StMagFMaker::InitRun passive mode. Don't update Mag.Field from DB
StMagFMaker:INFO  - StMagFMaker::InitRun Bz(0) = 4.9798
StMagFMaker:INFO  - *** StMagFMaker::Make() == StOK(0) ***
StDetectorDbMaker:INFO  - *** StDetectorDbMaker::Make() == StOK(0) ***
QA :INFO  - ReSet environment NewTpcAlignment (year >= 2013)  from 0 to 1
StTpcDbMaker:INFO  - TAttr::Found : simu = 1

StTpcDbMaker:INFO  - StTpcDbMaker::Using any drift velocity
StTpcDbMaker:WARN  - St_tpcDimensionsC::instance found table tpcDimensions with NRows = 1 in db
StTpcDbMaker:WARN  - Validity:19961201/235959 -----   20371231/120000
StTpcDbMaker:WARN  - St_tpcPadConfigC::instance found table tpcPadConfig with NRows = 1 in db
StTpcDbMaker:WARN  - Validity:20181215/0 -----   20371231/120000

 ---------------------------------------------------------------------------------------
 bfc/.make/db/.const/StarDb/Geometry/tpc/.tpcPadConfig/tpcPadConfig  Allocated rows: 1	 Used rows: 1	 Row size: 24 bytes
 Table: tpcPadConfig_st	     [0] :
 ======================================================================================
unsigned char	itpc[0]		      0x1 : 
	    [1]		      0x1 :
	    [2]		      0x1 :
	    [3]		      0x1 :
	    [4]		      0x1 :
	    [5]		      0x1 :
	    [6]		      0x1 :
	    [7]		      0x1 :
	    [8]		      0x1 :
	    [9]		      0x1 :
	    [10]		      0x1 :
	    [11]		      0x1 :
	    [12]		      0x1 :
	    [13]		      0x1 :
	    [14]		      0x1 :
	    [15]		      0x1 :
	    [16]		      0x1 :
	    [17]		      0x1 :
	    [18]		      0x1 :
	    [19]		      0x1 :
	    [20]		      0x1 :
	    [21]		      0x1 :
	    [22]		      0x1 :
	    [23]		      0x1 :
---------------------------------------------------------------------------------------
StTpcDbMaker:WARN  - St_itpcPadPlanesC::instance found table itpcPadPlanes with NRows = 1 in db
StTpcDbMaker:WARN  - Validity:20000101/0 -----   20371231/120000
StTpcDbMaker:WARN  - St_tpcWirePlanesC::instance found table tpcWirePlanes with NRows = 1 in db
StTpcDbMaker:WARN  - Validity:19961201/235959 -----   20371231/120000

 ---------------------------------------------------------------------------------------
 bfc/.make/db/.const/StarDb/Geometry/tpc/.tpcWirePlanes/tpcWirePlanes  Allocated rows: 1	 Used rows: 1	 Row size: 192 bytes
 Table: tpcWirePlanes_st	     [0] :
 ======================================================================================
double	anodeWireRadius	   0.001 : 
double	frischGridWireRadius	  0.0037 : 
double	gatingGridWireRadius	  0.0037 : 
double	anodeWirePitch	     0.4 : 
double	frischGridWirePitch	     0.1 : 
double	gatingGridWirePitch	     0.1 : 
double	innerSectorAnodeWirePadSep	     0.2 : AnodeWire-to-PadPlane distance  
double	innerSectorFrischGridPadSep	     0.4 : FrischGrid-to-PadPlane distance  
double	innerSectorGatingGridPadSep	       1 : GatingGrid-to-PadPlane distance  
double	outerSectorAnodeWirePadSep	     0.4 : AnodeWire-to-PadPlane distance  
double	outerSectorFrischGridPadSep	     0.8 : FrischGrid-to-PadPlane distance  
double	outerSectorGatingGridPadSep	     1.4 : GatingGrid-to-PadPlane distance  
int	numInnerSectorAnodeWires	     170 : 
int	numInnerSectorFrischGridWires	     681 : 
int	numInnerSectorGatingGridWires	     681 : 
double	firstInnerSectorAnodeWire	    53.2 : 
double	firstInnerSectorFrischGridWire	      53 : 
double	firstInnerSectorGatingGridWire	      53 : 
double	lastInnerSectorAnodeWire	   120.8 : 
int	numOuterSectorAnodeWires	     172 : 
int	numOuterSectorFrischGridWires	     689 : 
int	numOuterSectorGatingGridWires	     689 : 
double	firstOuterSectorAnodeWire	   122.8 : 
double	firstOuterSectorFrischGridWire	  122.59 : 
double	firstOuterSectorGatingGridWire	  122.59 : 
double	lastOuterSectorAnodeWire	  191.19 : 
---------------------------------------------------------------------------------------
StTpcDbMaker:WARN  - St_tpcDriftVelocityC::instance found table tpcDriftVelocity with NRows = 1 in db
StTpcDbMaker:WARN  - Validity:20210709/152907 -----   20211111/82922

 ---------------------------------------------------------------------------------------
 bfc/.make/db/.const/StarDb/Calibrations/tpc/.tpcDriftVelocity/tpcDriftVelocity  Allocated rows: 1	 Used rows: 1	 Row size: 16 bytes
 Table: tpcDriftVelocity_st	     [0] :
 ======================================================================================
float	laserDriftVelocityEast	  5.5515 : cm/us : from laser beam analysis  
float	laserDriftVelocityWest	  5.5515 : cm/us : from laser beam analysis  
float	cathodeDriftVelocityEast	       0 : cm/us : from cathode emission  
float	cathodeDriftVelocityWest	       0 : cm/us : from cathode emission  
---------------------------------------------------------------------------------------
StTpcDbMaker:INFO  - StTpcDb::SetTpcRotations use new schema for Rotation matrices
StTpcDbMaker:WARN  - St_SurveyC::instance found table TpcPosition with NRows = 1 in db
StTpcDbMaker:WARN  - Validity:20210709/153615 -----   20371231/120000

 ---------------------------------------------------------------------------------------
 bfc/.make/db/.const/StarDb/Geometry/tpc/.TpcPosition/TpcPosition  Allocated rows: 1	 Used rows: 1	 Row size: 184 bytes
 Table: Survey_st	     [0] :
 ======================================================================================
int	Id		       0 : 
double	r00		       1 : 
double	r01		-0.00036 : -gamma 
double	r02		-0.00048 : beta  
double	r10		 0.00036 : gamma 
double	r11		       1 : 
double	r12		 -0.0001 : -alpha 
double	r20		 0.00048 : -beta  
double	r21		  0.0001 : alpha 
double	r22		       1 : 
double	t0		 -0.2383 : 
double	t1		 -0.1732 : 
double	t2		 -0.1957 : 
double	sigmaRotX	       0 : 
double	sigmaRotY	       0 : 
double	sigmaRotZ	       0 : 
double	sigmaTrX	       0 : 
double	sigmaTrY	       0 : 
double	sigmaTrZ	       0 : 
char	comment[0]	"2013 Tpc . . . " 
---------------------------------------------------------------------------------------
StTpcDbMaker:WARN  - St_SurveyC::instance found table TpcHalfPosition with NRows = 2 in db
StTpcDbMaker:WARN  - Validity:20201220/0 -----   20371231/120000

 ---------------------------------------------------------------------------------------
 bfc/.make/db/.const/StarDb/Geometry/tpc/.TpcHalfPosition/TpcHalfPosition  Allocated rows: 2	 Used rows: 2	 Row size: 184 bytes
 Table: Survey_st	     [0] :     [1] :
 ======================================================================================
int	Id		       0 :       1 : 
double	r00		       1 :       1 : 
double	r01		  -3e-05 : 0.00039 : -gamma 
double	r02		 -0.0002 : 0.00011 : beta  
double	r10		   3e-05 :-0.00039 : gamma 
double	r11		       1 :       1 : 
double	r12		       0 :-0.00016 : -alpha 
double	r20		  0.0002 :-0.00011 : -beta  
double	r21		       0 : 0.00016 : alpha 
double	r22		       1 :       1 : 
double	t0		       0 :  0.0193 : 
double	t1		       0 : -0.0133 : 
double	t2		       0 : -0.0156 : 
double	sigmaRotX	       0 :       0 : 
double	sigmaRotY	       0 :       0 : 
double	sigmaRotZ	       0 :       0 : 
double	sigmaTrX	       0 :       0 : 
double	sigmaTrY	       0 :       0 : 
double	sigmaTrZ	       0 :       0 : 
char	comment[0]	"2013 east+ . . . ""2013 west . . . " 
---------------------------------------------------------------------------------------
StTpcDbMaker:WARN  - St_SurveyC::instance found table TpcSuperSectorPositionB with NRows = 24 in db
StTpcDbMaker:WARN  - Validity:20201220/0 -----   20371231/120000

 ---------------------------------------------------------------------------------------
 bfc/.make/db/.const/StarDb/Geometry/tpc/.TpcSuperSectorPositionB/TpcSuperSectorPositionB  Allocated rows: 24	 Used rows: 24	 Row size: 184 bytes
 Table: Survey_st	     [0] :     [1] :     [2] :     [3] :     [4] :     [5] :     [6] :     [7] :     [8] :     [9] :
 ======================================================================================
int	Id		       1 :       2 :       3 :       4 :       5 :       6 :       7 :       8 :       9 :      10 : 
double	r00		       1 :       1 :       1 :       1 :       1 :       1 :       1 :       1 :       1 :       1 : 
double	r01		 0.00037 : 0.00191 : 0.00237 : 0.00406 : 0.00195 : 0.00085 : 0.00212 : 0.00251 :-0.00068 :-0.00049 : -gamma 
double	r02		 -0.0004 :-0.00035 : -0.0001 :   3e-05 : 0.00014 : 0.00016 : 0.00017 :-0.00019 :-0.00021 :-0.00041 : beta  
double	r10		-0.00037 :-0.00191 :-0.00237 :-0.00406 :-0.00195 :-0.00085 :-0.00212 :-0.00251 : 0.00068 : 0.00049 : gamma 
double	r11		       1 :       1 :       1 :       1 :       1 :       1 :       1 :       1 :       1 :       1 : 
double	r12		  -8e-05 :   6e-05 :  -9e-05 : 0.00013 :  -7e-05 :  -9e-05 : 0.00012 :   9e-05 :-0.00037 :-0.00031 : -alpha 
double	r20		  0.0004 : 0.00035 :  0.0001 :  -3e-05 :-0.00014 :-0.00016 :-0.00017 : 0.00019 : 0.00021 : 0.00041 : -beta  
double	r21		   6e-05 :  -6e-05 :   9e-05 :-0.00013 :   7e-05 :   9e-05 :-0.00012 :  -9e-05 : 0.00035 : 0.00031 : alpha 
double	r22		       1 :       1 :       1 :       1 :       1 :       1 :       1 :       1 :       1 :       1 : 
double	t0		 -0.0378 :  0.0116 :  0.0811 :   0.073 :  0.0365 :  0.0493 :  0.0368 : -0.0134 :   0.039 :  -0.013 : 
double	t1		 -0.0745 : -0.0117 : -0.0368 : -0.0028 : -0.0385 : -0.1627 : -0.0807 : -0.1542 : -0.1911 : -0.2577 : 
double	t2		 -0.0085 : -0.0511 : -0.0603 : -0.0546 : -0.0523 : -0.0742 : -0.0557 : -0.0144 : -0.0571 :  0.0007 : 
double	sigmaRotX	       0 :       0 :       0 :       0 :       0 :       0 :       0 :       0 :       0 :       0 : 
double	sigmaRotY	       0 :       0 :       0 :       0 :       0 :       0 :       0 :       0 :       0 :       0 : 
double	sigmaRotZ	 0.00013 : 0.00013 : 0.00013 : 0.00014 : 0.00013 : 0.00013 : 0.00013 : 0.00013 : 0.00013 : 0.00013 : 
double	sigmaTrX	   9e-05 :   9e-05 :   9e-05 :   9e-05 :  0.0001 :  0.0001 :  0.0001 :   9e-05 :   9e-05 :   9e-05 : 
double	sigmaTrY	 0.00021 : 0.00021 : 0.00021 : 0.00021 : 0.00023 : 0.00022 : 0.00022 : 0.00022 : 0.00021 : 0.00021 : 
double	sigmaTrZ	 0.00011 :  0.0001 : 0.00011 : 0.00011 : 0.00011 : 0.00011 : 0.00011 :  0.0001 : 0.00011 : 0.00011 : 
char	comment[0]	"Pass510AVG . . . ""Pass510AVG . . . ""Pass510AVG . . . ""Pass510AVG . . . ""Pass510AVG . . . ""Pass510AVG . . . ""Pass510AVG . . . ""Pass510AVG . . . ""Pass510AVG . . . ""Pass510AVG . . . " 
---------------------------------------------------------------------------------------
StTpcDbMaker:WARN  - St_SurveyC::instance found table TpcInnerSectorPositionB with NRows = 48 in db
StTpcDbMaker:WARN  - Validity:20201220/0 -----   20371231/120000

 ---------------------------------------------------------------------------------------
 bfc/.make/db/.const/StarDb/Geometry/tpc/.TpcInnerSectorPositionB/TpcInnerSectorPositionB  Allocated rows: 48	 Used rows: 48	 Row size: 184 bytes
 Table: Survey_st	     [0] :     [1] :     [2] :     [3] :     [4] :     [5] :     [6] :     [7] :     [8] :     [9] :
 ======================================================================================
int	Id		       1 :       2 :       3 :       4 :       5 :       6 :       7 :       8 :       9 :      10 : 
double	r00		       1 :       1 :       1 :       1 :       1 :       1 :       1 :       1 :       1 :       1 : 
double	r01		-0.000845 :-0.000685 :-0.00057 :-0.000695 :-0.00034 :-0.000525 :-0.000115 :-0.00044 :-0.000185 :-0.00107 : -gamma 
double	r02		       0 :       0 :       0 :       0 :       0 :       0 :       0 :       0 :       0 :       0 : beta  
double	r10		0.000855 :0.000675 : 0.00057 :0.000705 : 0.00033 :0.000515 :0.000115 : 0.00043 :0.000195 : 0.00107 : gamma 
double	r11		       1 :       1 :       1 :       1 :       1 :       1 :       1 :       1 :       1 :       1 : 
double	r12		  -2e-05 :       0 :       0 :       0 :       0 :       0 :       0 :       0 :  -2e-05 :       0 : -alpha 
double	r20		       0 :       0 :       0 :       0 :       0 :       0 :       0 :       0 :       0 :       0 : -beta  
double	r21		  -2e-05 :       0 :       0 :       0 :       0 :       0 :       0 :       0 :  -2e-05 :       0 : alpha 
double	r22		       1 :       1 :       1 :       1 :       1 :       1 :       1 :       1 :       1 :       1 : 
double	t0		  0.1013 :  0.0851 :  0.0764 :  0.0814 :  0.0387 :  0.0609 :  0.0082 :   0.037 :  0.0208 :  0.1444 : 
double	t1		 -0.0036 :  0.0042 : -0.0131 : -0.0048 : -0.0202 : -0.0186 :  -0.017 :  0.0023 : -0.0091 :   0.012 : 
double	t2		 -0.0124 : -0.0345 : -0.0439 : -0.0466 : -0.0277 : -0.0245 : -0.0087 :  0.0359 : -0.0423 : -0.0342 : 
double	sigmaRotX	       0 :       0 :    0.01 :    0.01 :       0 :       0 :       0 :       0 :    0.01 :    0.01 : 
double	sigmaRotY	       0 :       0 :    0.01 :    0.01 :       0 :       0 :       0 :       0 :    0.01 :    0.01 : 
double	sigmaRotZ	    0.01 :    0.01 :    0.03 :    0.01 :    0.01 :    0.01 :    0.01 :    0.01 :    0.03 :    0.04 : 
double	sigmaTrX	    1.53 :     2.5 :    2.83 :    2.27 :    1.83 :     1.8 :    1.72 :    0.78 :    3.59 :    2.96 : 
double	sigmaTrY	    1.64 :     2.5 :    4.96 :    3.71 :    2.81 :    1.69 :     1.7 :     2.4 :    5.33 :      11 : 
double	sigmaTrZ	    0.43 :    0.65 :    1.42 :    1.53 :     1.2 :    0.51 :    0.84 :    1.22 :    1.41 :    3.24 : 
char	comment[0]	"(RF+RF)/2 . . . ""(RF+RF)/2 . . . ""(RF+RF)/2 . . . ""(RF+RF)/2 . . . ""(RF+RF)/2 . . . ""(RF+RF)/2 . . . ""(RF+RF)/2 . . . ""(RF+RF)/2 . . . ""(RF+RF)/2 . . . ""(RF+RF)/2 . . . " 
---------------------------------------------------------------------------------------
StTpcDbMaker:WARN  - St_SurveyC::instance found table TpcOuterSectorPositionB with NRows = 48 in db
StTpcDbMaker:WARN  - Validity:20201220/0 -----   20371231/120000

 ---------------------------------------------------------------------------------------
 bfc/.make/db/.const/StarDb/Geometry/tpc/.TpcOuterSectorPositionB/TpcOuterSectorPositionB  Allocated rows: 48	 Used rows: 48	 Row size: 184 bytes
 Table: Survey_st	     [0] :     [1] :     [2] :     [3] :     [4] :     [5] :     [6] :     [7] :     [8] :     [9] :
 ======================================================================================
int	Id		       1 :       2 :       3 :       4 :       5 :       6 :       7 :       8 :       9 :      10 : 
double	r00		       1 :       1 :       1 :       1 :       1 :       1 :       1 :       1 :       1 :       1 : 
double	r01		-0.000142 :0.000695 :0.000326 : 9.3e-05 :0.000292 :0.000242 :0.000439 :0.000365 :0.000449 : 2.8e-05 : -gamma 
double	r02		       0 :       0 :       0 :       0 :       0 :       0 :       0 :       0 :       0 :       0 : beta  
double	r10		0.000142 :-0.000695 :-0.000326 :-9.2e-05 :-0.000292 :-0.000242 :-0.000439 :-0.000365 :-0.000449 :-2.8e-05 : gamma 
double	r11		       1 :       1 :       1 :       1 :       1 :       1 :       1 :       1 :       1 :       1 : 
double	r12		  -2e-05 :0.000195 :-0.00014 :0.000152 :0.000225 :  0.0003 : 0.00027 :-0.000185 : 0.00012 :-0.00026 : -alpha 
double	r20		       0 :       0 :       0 :       0 :       0 :       0 :       0 :       0 :       0 :       0 : -beta  
double	r21		   2e-05 :-0.000195 : 0.00014 :-0.000152 :-0.000225 : -0.0003 :-0.00027 :0.000185 :-0.00012 : 0.00026 : alpha 
double	r22		       1 :       1 :       1 :       1 :       1 :       1 :       1 :       1 :       1 :       1 : 
double	t0		  0.0178 : -0.1125 : -0.0438 : -0.0052 : -0.0241 : -0.0191 : -0.0473 : -0.0224 : -0.0756 :  0.0072 : 
double	t1		   0.003 :  0.0039 :  0.0187 :  0.0008 : -0.0194 : -0.0298 : -0.0289 :  0.0393 :  0.0015 :  0.0489 : 
double	t2		  0.0118 :  0.0388 : -0.0284 :  0.0137 :    0.04 :  0.0482 :  0.0503 :  0.0294 :  0.0334 : -0.0096 : 
double	sigmaRotX	       0 :       0 :    0.01 :       0 :       0 :       0 :       0 :       0 :    0.01 :       0 : 
double	sigmaRotY	       0 :       0 :    0.01 :       0 :       0 :       0 :       0 :       0 :    0.01 :       0 : 
double	sigmaRotZ	    0.01 :    0.01 :    0.01 :    0.01 :    0.01 :    0.01 :    0.01 :    0.01 :    0.01 :    0.01 : 
double	sigmaTrX	    0.56 :    0.94 :    4.71 :    1.79 :    1.62 :    1.02 :    1.51 :    1.58 :    1.47 :    0.87 : 
double	sigmaTrY	    1.52 :    2.56 :     4.2 :    2.56 :    1.95 :    1.52 :    1.87 :     2.5 :    3.29 :     2.7 : 
double	sigmaTrZ	    0.93 :    1.47 :    2.39 :    0.91 :    3.13 :    1.82 :    0.44 :    1.17 :    2.44 :    0.77 : 
char	comment[0]	"(y2014A_FF . . . ""(y2014A_FF . . . ""(y2014A_FF . . . ""(y2014A_FF . . . ""(y2014A_FF . . . ""(y2014A_FF . . . ""(y2014A_FF . . . ""(y2014A_FF . . . ""(y2014A_FF . . . ""(y2014A_FF . . . " 
---------------------------------------------------------------------------------------
StTpcDbMaker:WARN  - St_tpcAnodeHVavgC::instance found table tpcAnodeHVavg with NRows = 456 in db
StTpcDbMaker:WARN  - Validity:20181215/0 -----   20371231/120000

 ---------------------------------------------------------------------------------------
 bfc/.make/db/.const/StarDb/Calibrations/tpc/.tpcAnodeHVavg/tpcAnodeHVavg  Allocated rows: 456	 Used rows: 456	 Row size: 20 bytes
 Table: tpcAnodeHVavg_st	     [0] :     [1] :     [2] :     [3] :     [4] :     [5] :     [6] :     [7] :     [8] :     [9] :
 ======================================================================================
unsigned short	sector		      0x1 :      0x1 :      0x1 :      0x1 :      0x1 :      0x1 :      0x1 :      0x1 :      0x1 :      0x1 : sector 1-24 
unsigned short	socket		      0x1 :      0x2 :      0x3 :      0x4 :      0x5 :      0x6 :      0x7 :      0x8 :      0x9 :      0xa : MWC socket/card (ISOR=17,OSIR=18,OSOR=19)  
float	voltage		    1100 :    1100 :    1100 :    1100 :    1100 :    1100 :    1100 :    1100 :    1390 :    1390 : average voltage  
float	rms		       0 :       0 :       0 :       0 :       0 :       0 :       0 :       0 :       0 :       0 : rms for averaged voltage 
int	numentries	       0 :       0 :       0 :       0 :       0 :       0 :       0 :       0 :       0 :       0 : number of entries used for average 
int	numoutliers	       0 :       0 :       0 :       0 :       0 :       0 :       0 :       0 :       0 :       0 : number of encountered outliers 
---------------------------------------------------------------------------------------
StTpcDbMaker:WARN  - St_TpcAvgPowerSupplyC::instance found table TpcAvgPowerSupply with NRows = 1 in db
StTpcDbMaker:WARN  - Validity:20211015/0 -----   20211105/205820
StTpcDbMaker:INFO  - *** StTpcDbMaker::Make() == StOK(0) ***
StFcsDbMaker:INFO  - StFcsDbMaker::InitRun - run = 1
StFcsDbMaker:INFO  - StFcsDbMaker::InitRun - Date&time from St_db_Maker=20211016,0
StFcsDbMaker:INFO  - StFcsDb::InitRun - run = 1 with mDbAccess=0
StFcsDbMaker:INFO  - *** StFcsDbMaker::Make() == StOK(0) ***
StEventMaker:INFO  - get trigDetSums from Calibrations/rich/trigDetSums
StEventMaker:WARN  - StEventMaker: No StDAQReader found
StEventMaker:WARN  - St_beamInfoC::instance found table beamInfo with NRows = 1 in db
StEventMaker:WARN  - Validity:20210713/214142 -----   20211106/183047

 ---------------------------------------------------------------------------------------
 bfc/.make/db/.const/StarDb/RunLog/onl/.beamInfo/beamInfo  Allocated rows: 1	 Used rows: 1	 Row size: 120 bytes
 Table: beamInfo_st	     [0] :
 ======================================================================================
unsigned int	runNumber	22194036 : 
int	entryTag	       0 : 0=startrun, 1=endrun, 2=runave, 3=std  
char	blueSpecies[0]	"Au . . . " species  
unsigned int	blueMassNumber	     197 : 
float	blueEnergy	   0.931 : energy  
float	blueIntensity	   0.001 : Ions  
float	blueLifeTime	       0 : Ions per minute  
float	blueBunchIntensity	       0 : bunch intensity  
char	yellowSpecies[0]	"Au . . . " species  
unsigned int	yellowMassNumber	     197 : 
float	yellowEnergy	   0.931 : energy  
float	yellowIntensity	  -0.002 : Ions  
float	yellowLifeTime	       0 : Ions per minute  
float	yellowBunchIntensity	       0 : bunch intensity  
float	blueFillNumber	   32627 : 
float	yellowFillNumber	   32627 : 
---------------------------------------------------------------------------------------
StEventMaker:WARN  - St_richvoltagesC::instance found table richvoltages with NRows = 1 in db
StEventMaker:WARN  - Validity:20021105/0 -----   20371231/120000

 ---------------------------------------------------------------------------------------
 bfc/.make/db/.const/StarDb/Calibrations/rich/.richvoltages/richvoltages  Allocated rows: 1	 Used rows: 1	 Row size: 16 bytes
 Table: richvoltages_st	     [0] :
 ======================================================================================
unsigned int	runNumber	       0 : 
unsigned int	startStatusTime	       0 : 
unsigned int	endStatusTime	       0 : 
unsigned int	status		       0 : 
---------------------------------------------------------------------------------------
StEventMaker:INFO  - *** StEventMaker::Make() == StOK(0) ***
StMcEventMaker:INFO  - StMcEventMaker:   g2t_tpc_hit Table Not found 
StMcEventMaker:INFO  - StMcEventMaker:   particle    Table Not found 
StMcEventMaker:INFO  - *** StMcEventMaker::Make() == StOK(0) ***
StFcsFastSimulatorMaker:DEBUG - StFcsFastSimulatorMaker::Make
StFcsFastSimulatorMaker:DEBUG - Creating StFcsCollection
StFcsFastSimulatorMaker:INFO  - TAttr::Found : fcsleakyhcal = 0

StFcsFastSimulatorMaker:INFO  - TAttr::Found : fcshcalzdepeff = 0

StFcsFastSimulatorMaker:INFO  - g2t_wca_hit table has 62 hit
StFcsFastSimulatorMaker:INFO  - ECAL det=0 id= 30 volid=1031 e=0.000270
StFcsFastSimulatorMaker:INFO  - ECAL det=0 id=136 volid=1137 e=0.000375
StFcsFastSimulatorMaker:INFO  - ECAL det=0 id=146 volid=1147 e=0.003106
StFcsFastSimulatorMaker:INFO  - ECAL det=0 id=202 volid=1203 e=0.011988
StFcsFastSimulatorMaker:INFO  - ECAL det=0 id=203 volid=1204 e=0.003933
StFcsFastSimulatorMaker:INFO  - ECAL det=0 id=204 volid=1205 e=0.000211
StFcsFastSimulatorMaker:INFO  - ECAL det=0 id=224 volid=1225 e=0.001562
StFcsFastSimulatorMaker:INFO  - ECAL det=0 id=225 volid=1226 e=0.000875
StFcsFastSimulatorMaker:INFO  - ECAL det=0 id=226 volid=1227 e=0.009341
StFcsFastSimulatorMaker:INFO  - ECAL det=0 id=248 volid=1249 e=0.000016
StFcsFastSimulatorMaker:INFO  - ECAL det=0 id=251 volid=1252 e=0.001379
StFcsFastSimulatorMaker:INFO  - ECAL det=0 id=252 volid=1253 e=0.000255
StFcsFastSimulatorMaker:INFO  - ECAL det=0 id=288 volid=1289 e=0.004571
StFcsFastSimulatorMaker:INFO  - ECAL det=0 id=308 volid=1309 e=0.001014
StFcsFastSimulatorMaker:INFO  - ECAL det=0 id=308 volid=1309 e=0.001890
StFcsFastSimulatorMaker:INFO  - ECAL det=0 id=314 volid=1315 e=0.011394
StFcsFastSimulatorMaker:INFO  - ECAL det=0 id=316 volid=1317 e=0.001225
StFcsFastSimulatorMaker:INFO  - ECAL det=0 id=333 volid=1334 e=0.000313
StFcsFastSimulatorMaker:INFO  - ECAL det=0 id=344 volid=1345 e=0.000059
StFcsFastSimulatorMaker:INFO  - ECAL det=0 id=352 volid=1353 e=0.000958
StFcsFastSimulatorMaker:INFO  - ECAL det=0 id=357 volid=1358 e=0.000858
StFcsFastSimulatorMaker:INFO  - ECAL det=0 id=358 volid=1359 e=0.000692
StFcsFastSimulatorMaker:INFO  - ECAL det=0 id=374 volid=1375 e=0.002467
StFcsFastSimulatorMaker:INFO  - ECAL det=0 id=380 volid=1381 e=0.002860
StFcsFastSimulatorMaker:INFO  - ECAL det=0 id=396 volid=1397 e=0.002060
StFcsFastSimulatorMaker:INFO  - ECAL det=0 id=397 volid=1398 e=0.004362
StFcsFastSimulatorMaker:INFO  - ECAL det=0 id=418 volid=1419 e=0.000730
StFcsFastSimulatorMaker:INFO  - ECAL det=0 id=442 volid=1443 e=0.003289
StFcsFastSimulatorMaker:INFO  - ECAL det=0 id=490 volid=1491 e=0.009357
StFcsFastSimulatorMaker:INFO  - ECAL det=0 id=532 volid=1533 e=0.000756
StFcsFastSimulatorMaker:INFO  - ECAL det=0 id=537 volid=1538 e=0.002667
StFcsFastSimulatorMaker:INFO  - ECAL det=0 id=561 volid=1562 e=0.003834
StFcsFastSimulatorMaker:INFO  - ECAL det=0 id=572 volid=1573 e=0.002244
StFcsFastSimulatorMaker:INFO  - ECAL det=0 id=595 volid=1596 e=0.003602
StFcsFastSimulatorMaker:INFO  - ECAL det=0 id=596 volid=1597 e=0.007961
StFcsFastSimulatorMaker:INFO  - ECAL det=0 id=626 volid=1627 e=0.000449
StFcsFastSimulatorMaker:INFO  - ECAL det=0 id=640 volid=1641 e=0.000234
StFcsFastSimulatorMaker:INFO  - ECAL det=0 id=642 volid=1643 e=0.001444
StFcsFastSimulatorMaker:INFO  - ECAL det=0 id=643 volid=1644 e=0.000548
StFcsFastSimulatorMaker:INFO  - ECAL det=0 id=688 volid=1689 e=0.002391
StFcsFastSimulatorMaker:INFO  - ECAL det=0 id=693 volid=1694 e=0.000674
StFcsFastSimulatorMaker:INFO  - ECAL det=1 id=225 volid=2226 e=0.000209
StFcsFastSimulatorMaker:INFO  - ECAL det=1 id=314 volid=2315 e=0.000015
StFcsFastSimulatorMaker:INFO  - ECAL det=1 id=342 volid=2343 e=0.000009
StFcsFastSimulatorMaker:INFO  - ECAL det=1 id=374 volid=2375 e=0.002300
StFcsFastSimulatorMaker:INFO  - ECAL det=1 id=427 volid=2428 e=0.000056
StFcsFastSimulatorMaker:INFO  - ECAL det=1 id=428 volid=2429 e=0.002508
StFcsFastSimulatorMaker:INFO  - ECAL det=1 id=469 volid=2470 e=0.002175
StFcsFastSimulatorMaker:INFO  - ECAL det=1 id=470 volid=2471 e=0.003354
StFcsFastSimulatorMaker:INFO  - ECAL det=1 id=487 volid=2488 e=0.002716
StFcsFastSimulatorMaker:INFO  - ECAL det=1 id=506 volid=2507 e=0.002960
StFcsFastSimulatorMaker:INFO  - ECAL det=1 id=509 volid=2510 e=0.000524
StFcsFastSimulatorMaker:INFO  - ECAL det=1 id=511 volid=2512 e=0.000980
StFcsFastSimulatorMaker:INFO  - ECAL det=1 id=529 volid=2530 e=0.002185
StFcsFastSimulatorMaker:INFO  - ECAL det=1 id=560 volid=2561 e=0.000987
StFcsFastSimulatorMaker:INFO  - ECAL det=1 id=560 volid=2561 e=0.000862
StFcsFastSimulatorMaker:INFO  - ECAL det=1 id=561 volid=2562 e=0.000270
StFcsFastSimulatorMaker:INFO  - ECAL det=1 id=638 volid=2639 e=0.000031
StFcsFastSimulatorMaker:INFO  - ECAL det=1 id=652 volid=2653 e=0.001138
StFcsFastSimulatorMaker:INFO  - ECAL det=1 id=669 volid=2670 e=0.001582
StFcsFastSimulatorMaker:INFO  - ECAL det=1 id=704 volid=2705 e=0.001679
StFcsFastSimulatorMaker:INFO  - ECAL det=1 id=731 volid=2732 e=0.000586
StFcsFastSimulatorMaker:INFO  - g2t_hca_hit table has 3 hit
StFcsFastSimulatorMaker:INFO  - HCAL det=3 id=156 volid= 2157 e=0.000585
StFcsFastSimulatorMaker:INFO  - HCAL det=3 id=208 volid= 2209 e=0.000751
StFcsFastSimulatorMaker:INFO  - HCAL det=3 id=234 volid= 2235 e=0.001292
StFcsFastSimulatorMaker:INFO  - g2t_epd_hit table has 2 hit
StFcsFastSimulatorMaker:INFO  - Pres det=4 id=178 volid=206050 e=  1.871446
StFcsFastSimulatorMaker:INFO  - Pres det=4 id=179 volid=206070 e=  2.002344
StFcsFastSimulatorMaker:INFO  - Det=0 id= 30 dE=   0.000 SF= 0.200 gain= 0.005 corr= 1.000 ADC=   0 ZS= 1 digiE=   0.000
StFcsFastSimulatorMaker:INFO  - Det=0 id=136 dE=   0.000 SF= 0.200 gain= 0.005 corr= 1.000 ADC=   0 ZS= 1 digiE=   0.000
StFcsFastSimulatorMaker:INFO  - Det=0 id=146 dE=   0.003 SF= 0.200 gain= 0.005 corr= 1.000 ADC=   2 ZS= 1 digiE=   0.011
StFcsFastSimulatorMaker:INFO  - Det=0 id=202 dE=   0.012 SF= 0.200 gain= 0.005 corr= 1.000 ADC=  11 ZS= 1 digiE=   0.058
StFcsFastSimulatorMaker:INFO  - Det=0 id=203 dE=   0.004 SF= 0.200 gain= 0.005 corr= 1.000 ADC=   3 ZS= 1 digiE=   0.016
StFcsFastSimulatorMaker:INFO  - Det=0 id=204 dE=   0.000 SF= 0.200 gain= 0.005 corr= 1.000 ADC=   0 ZS= 1 digiE=   0.000
StFcsFastSimulatorMaker:INFO  - Det=0 id=224 dE=   0.002 SF= 0.200 gain= 0.005 corr= 1.000 ADC=   1 ZS= 1 digiE=   0.005
StFcsFastSimulatorMaker:INFO  - Det=0 id=225 dE=   0.001 SF= 0.200 gain= 0.005 corr= 1.000 ADC=   0 ZS= 1 digiE=   0.000
StFcsFastSimulatorMaker:INFO  - Det=0 id=226 dE=   0.009 SF= 0.200 gain= 0.005 corr= 1.000 ADC=   8 ZS= 1 digiE=   0.042
StFcsFastSimulatorMaker:INFO  - Det=0 id=248 dE=   0.000 SF= 0.200 gain= 0.005 corr= 1.000 ADC=   0 ZS= 1 digiE=   0.000
StFcsFastSimulatorMaker:INFO  - Det=0 id=251 dE=   0.001 SF= 0.200 gain= 0.005 corr= 1.000 ADC=   1 ZS= 1 digiE=   0.005
StFcsFastSimulatorMaker:INFO  - Det=0 id=252 dE=   0.000 SF= 0.200 gain= 0.005 corr= 1.000 ADC=   0 ZS= 1 digiE=   0.000
StFcsFastSimulatorMaker:INFO  - Det=0 id=288 dE=   0.005 SF= 0.200 gain= 0.005 corr= 1.000 ADC=   4 ZS= 1 digiE=   0.021
StFcsFastSimulatorMaker:INFO  - Det=0 id=308 dE=   0.003 SF= 0.200 gain= 0.005 corr= 1.000 ADC=   2 ZS= 1 digiE=   0.011
StFcsFastSimulatorMaker:INFO  - Det=0 id=314 dE=   0.011 SF= 0.200 gain= 0.005 corr= 1.000 ADC=  10 ZS= 1 digiE=   0.053
StFcsFastSimulatorMaker:INFO  - Det=0 id=316 dE=   0.001 SF= 0.200 gain= 0.005 corr= 1.000 ADC=   1 ZS= 1 digiE=   0.005
StFcsFastSimulatorMaker:INFO  - Det=0 id=333 dE=   0.000 SF= 0.200 gain= 0.005 corr= 1.000 ADC=   0 ZS= 1 digiE=   0.000
StFcsFastSimulatorMaker:INFO  - Det=0 id=344 dE=   0.000 SF= 0.200 gain= 0.005 corr= 1.000 ADC=   0 ZS= 1 digiE=   0.000
StFcsFastSimulatorMaker:INFO  - Det=0 id=352 dE=   0.001 SF= 0.200 gain= 0.005 corr= 1.000 ADC=   0 ZS= 1 digiE=   0.000
StFcsFastSimulatorMaker:INFO  - Det=0 id=357 dE=   0.001 SF= 0.200 gain= 0.005 corr= 1.000 ADC=   0 ZS= 1 digiE=   0.000
StFcsFastSimulatorMaker:INFO  - Det=0 id=358 dE=   0.001 SF= 0.200 gain= 0.005 corr= 1.000 ADC=   0 ZS= 1 digiE=   0.000
StFcsFastSimulatorMaker:INFO  - Det=0 id=374 dE=   0.002 SF= 0.200 gain= 0.005 corr= 1.000 ADC=   2 ZS= 1 digiE=   0.011
StFcsFastSimulatorMaker:INFO  - Det=0 id=380 dE=   0.003 SF= 0.200 gain= 0.005 corr= 1.000 ADC=   2 ZS= 1 digiE=   0.011
StFcsFastSimulatorMaker:INFO  - Det=0 id=396 dE=   0.002 SF= 0.200 gain= 0.005 corr= 1.000 ADC=   1 ZS= 1 digiE=   0.005
StFcsFastSimulatorMaker:INFO  - Det=0 id=397 dE=   0.004 SF= 0.200 gain= 0.005 corr= 1.000 ADC=   4 ZS= 1 digiE=   0.021
StFcsFastSimulatorMaker:INFO  - Det=0 id=418 dE=   0.001 SF= 0.200 gain= 0.005 corr= 1.000 ADC=   0 ZS= 1 digiE=   0.000
StFcsFastSimulatorMaker:INFO  - Det=0 id=442 dE=   0.003 SF= 0.200 gain= 0.005 corr= 1.000 ADC=   3 ZS= 1 digiE=   0.016
StFcsFastSimulatorMaker:INFO  - Det=0 id=490 dE=   0.009 SF= 0.200 gain= 0.005 corr= 1.000 ADC=   8 ZS= 1 digiE=   0.042
StFcsFastSimulatorMaker:INFO  - Det=0 id=532 dE=   0.001 SF= 0.200 gain= 0.005 corr= 1.000 ADC=   0 ZS= 1 digiE=   0.000
StFcsFastSimulatorMaker:INFO  - Det=0 id=537 dE=   0.003 SF= 0.200 gain= 0.005 corr= 1.000 ADC=   2 ZS= 1 digiE=   0.011
StFcsFastSimulatorMaker:INFO  - Det=0 id=561 dE=   0.004 SF= 0.200 gain= 0.005 corr= 1.000 ADC=   3 ZS= 1 digiE=   0.016
StFcsFastSimulatorMaker:INFO  - Det=0 id=572 dE=   0.002 SF= 0.200 gain= 0.005 corr= 1.000 ADC=   2 ZS= 1 digiE=   0.011
StFcsFastSimulatorMaker:INFO  - Det=0 id=595 dE=   0.004 SF= 0.200 gain= 0.005 corr= 1.000 ADC=   3 ZS= 1 digiE=   0.016
StFcsFastSimulatorMaker:INFO  - Det=0 id=596 dE=   0.008 SF= 0.200 gain= 0.005 corr= 1.000 ADC=   7 ZS= 1 digiE=   0.037
StFcsFastSimulatorMaker:INFO  - Det=0 id=626 dE=   0.000 SF= 0.200 gain= 0.005 corr= 1.000 ADC=   0 ZS= 1 digiE=   0.000
StFcsFastSimulatorMaker:INFO  - Det=0 id=640 dE=   0.000 SF= 0.200 gain= 0.005 corr= 1.000 ADC=   0 ZS= 1 digiE=   0.000
StFcsFastSimulatorMaker:INFO  - Det=0 id=642 dE=   0.001 SF= 0.200 gain= 0.005 corr= 1.000 ADC=   1 ZS= 1 digiE=   0.005
StFcsFastSimulatorMaker:INFO  - Det=0 id=643 dE=   0.001 SF= 0.200 gain= 0.005 corr= 1.000 ADC=   0 ZS= 1 digiE=   0.000
StFcsFastSimulatorMaker:INFO  - Det=0 id=688 dE=   0.002 SF= 0.200 gain= 0.005 corr= 1.000 ADC=   2 ZS= 1 digiE=   0.011
StFcsFastSimulatorMaker:INFO  - Det=0 id=693 dE=   0.001 SF= 0.200 gain= 0.005 corr= 1.000 ADC=   0 ZS= 1 digiE=   0.000
StFcsFastSimulatorMaker:INFO  - Det=1 id=225 dE=   0.000 SF= 0.200 gain= 0.005 corr= 1.000 ADC=   0 ZS= 1 digiE=   0.000
StFcsFastSimulatorMaker:INFO  - Det=1 id=314 dE=   0.000 SF= 0.200 gain= 0.005 corr= 1.000 ADC=   0 ZS= 1 digiE=   0.000
StFcsFastSimulatorMaker:INFO  - Det=1 id=342 dE=   0.000 SF= 0.200 gain= 0.005 corr= 1.000 ADC=   0 ZS= 1 digiE=   0.000
StFcsFastSimulatorMaker:INFO  - Det=1 id=374 dE=   0.002 SF= 0.200 gain= 0.005 corr= 1.000 ADC=   2 ZS= 1 digiE=   0.011
StFcsFastSimulatorMaker:INFO  - Det=1 id=427 dE=   0.000 SF= 0.200 gain= 0.005 corr= 1.000 ADC=   0 ZS= 1 digiE=   0.000
StFcsFastSimulatorMaker:INFO  - Det=1 id=428 dE=   0.003 SF= 0.200 gain= 0.005 corr= 1.000 ADC=   2 ZS= 1 digiE=   0.011
StFcsFastSimulatorMaker:INFO  - Det=1 id=469 dE=   0.002 SF= 0.200 gain= 0.005 corr= 1.000 ADC=   2 ZS= 1 digiE=   0.011
StFcsFastSimulatorMaker:INFO  - Det=1 id=470 dE=   0.003 SF= 0.200 gain= 0.005 corr= 1.000 ADC=   3 ZS= 1 digiE=   0.016
StFcsFastSimulatorMaker:INFO  - Det=1 id=487 dE=   0.003 SF= 0.200 gain= 0.005 corr= 1.000 ADC=   2 ZS= 1 digiE=   0.011
StFcsFastSimulatorMaker:INFO  - Det=1 id=506 dE=   0.003 SF= 0.200 gain= 0.005 corr= 1.000 ADC=   2 ZS= 1 digiE=   0.011
StFcsFastSimulatorMaker:INFO  - Det=1 id=509 dE=   0.001 SF= 0.200 gain= 0.005 corr= 1.000 ADC=   0 ZS= 1 digiE=   0.000
StFcsFastSimulatorMaker:INFO  - Det=1 id=511 dE=   0.001 SF= 0.200 gain= 0.005 corr= 1.000 ADC=   0 ZS= 1 digiE=   0.000
StFcsFastSimulatorMaker:INFO  - Det=1 id=529 dE=   0.002 SF= 0.200 gain= 0.005 corr= 1.000 ADC=   2 ZS= 1 digiE=   0.011
StFcsFastSimulatorMaker:INFO  - Det=1 id=560 dE=   0.002 SF= 0.200 gain= 0.005 corr= 1.000 ADC=   1 ZS= 1 digiE=   0.005
StFcsFastSimulatorMaker:INFO  - Det=1 id=561 dE=   0.000 SF= 0.200 gain= 0.005 corr= 1.000 ADC=   0 ZS= 1 digiE=   0.000
StFcsFastSimulatorMaker:INFO  - Det=1 id=638 dE=   0.000 SF= 0.200 gain= 0.005 corr= 1.000 ADC=   0 ZS= 1 digiE=   0.000
StFcsFastSimulatorMaker:INFO  - Det=1 id=652 dE=   0.001 SF= 0.200 gain= 0.005 corr= 1.000 ADC=   1 ZS= 1 digiE=   0.005
StFcsFastSimulatorMaker:INFO  - Det=1 id=669 dE=   0.002 SF= 0.200 gain= 0.005 corr= 1.000 ADC=   1 ZS= 1 digiE=   0.005
StFcsFastSimulatorMaker:INFO  - Det=1 id=704 dE=   0.002 SF= 0.200 gain= 0.005 corr= 1.000 ADC=   1 ZS= 1 digiE=   0.005
StFcsFastSimulatorMaker:INFO  - Det=1 id=731 dE=   0.001 SF= 0.200 gain= 0.005 corr= 1.000 ADC=   0 ZS= 1 digiE=   0.000
StFcsFastSimulatorMaker:INFO  - Det=3 id=156 dE=   0.001 SF= 0.014 gain= 0.005 corr= 1.000 ADC=   7 ZS= 1 digiE=   0.037
StFcsFastSimulatorMaker:INFO  - Det=3 id=208 dE=   0.001 SF= 0.014 gain= 0.005 corr= 1.000 ADC=   9 ZS= 1 digiE=   0.048
StFcsFastSimulatorMaker:INFO  - Det=3 id=234 dE=   0.001 SF= 0.014 gain= 0.005 corr= 1.000 ADC=  16 ZS= 1 digiE=   0.085
StFcsFastSimulatorMaker:INFO  - Det=4 id=178 dE=   1.871 SF= 2.000 gain= 0.010 corr= 0.500 ADC= 187 ZS= 1 digiE=   0.935
StFcsFastSimulatorMaker:INFO  - Det=4 id=179 dE=   2.002 SF= 2.000 gain= 0.010 corr= 0.500 ADC= 200 ZS= 1 digiE=   1.000
StFcsFastSimulatorMaker:INFO  - wca Found 62 g2t hits in 25 cells, created 25 hits with ADC>ZS(1) and Etot=   0.493
StFcsFastSimulatorMaker:INFO  - hca Found 3 g2t hits in 3 cells, created 3 hits with ADC>ZS(1) and Etot=   0.170
StFcsFastSimulatorMaker:INFO  - pre Found 2 g2t hits in 2 cells, created 2 hits with ADC>ZS(1) and Etot=   1.935
StFcsFastSimulatorMaker:INFO  - *** StFcsFastSimulatorMaker::Make() == StOK(0) ***
StFcsWaveformFitMaker:INFO  - *** StFcsWaveformFitMaker::Make() == StOK(0) ***
StFcsClusterMaker:DEBUG - StFcsClusterMaker initializing run
StFcsClusterMaker:DEBUG - StFcsClusterMaker Make!!!
  *** Print FCS collection ***  RecFlag=0
  *** FCS Det=0 *** NHit= 18 NCluster=  2 NPoint=  0
StFcsHit: det= 0 id=202 | ns=0 ehp=0 dep= 5 ch= 3 | Ntb=  1 Sum=     0 Fit=  0.00   0.00 E=  0.06 |   11 (  0) 
StFcsHit: det= 0 id=314 | ns=0 ehp=0 dep= 6 ch=21 | Ntb=  1 Sum=     0 Fit=  0.00   0.00 E=  0.05 |   10 (  0) 
StFcsHit: det= 0 id=226 | ns=0 ehp=0 dep= 6 ch= 5 | Ntb=  1 Sum=     0 Fit=  0.00   0.00 E=  0.04 |    8 (  0) 
StFcsHit: det= 0 id=490 | ns=0 ehp=0 dep=11 ch=21 | Ntb=  1 Sum=     0 Fit=  0.00   0.00 E=  0.04 |    8 (  0) 
StFcsHit: det= 0 id=596 | ns=0 ehp=0 dep=15 ch= 9 | Ntb=  1 Sum=     0 Fit=  0.00   0.00 E=  0.04 |    7 (  0) 
StFcsHit: det= 0 id=397 | ns=0 ehp=0 dep=10 ch= 4 | Ntb=  1 Sum=     0 Fit=  0.00   0.00 E=  0.02 |    4 (  0) 
StFcsHit: det= 0 id=288 | ns=0 ehp=0 dep= 5 ch=17 | Ntb=  1 Sum=     0 Fit=  0.00   0.00 E=  0.02 |    4 (  0) 
StFcsHit: det= 0 id=442 | ns=0 ehp=0 dep=10 ch=13 | Ntb=  1 Sum=     0 Fit=  0.00   0.00 E=  0.02 |    3 (  0) 
StFcsHit: det= 0 id=561 | ns=0 ehp=0 dep=17 ch= 2 | Ntb=  1 Sum=     0 Fit=  0.00   0.00 E=  0.02 |    3 (  0) 
StFcsHit: det= 0 id=595 | ns=0 ehp=0 dep=15 ch= 8 | Ntb=  1 Sum=     0 Fit=  0.00   0.00 E=  0.02 |    3 (  0) 
StFcsHit: det= 0 id=203 | ns=0 ehp=0 dep= 6 ch= 0 | Ntb=  1 Sum=     0 Fit=  0.00   0.00 E=  0.02 |    3 (  0) 
StFcsHit: det= 0 id=308 | ns=0 ehp=0 dep=22 ch=13 | Ntb=  1 Sum=     0 Fit=  0.00   0.00 E=  0.01 |    2 (  0) 
StFcsHit: det= 0 id=374 | ns=0 ehp=0 dep=22 ch=16 | Ntb=  1 Sum=     0 Fit=  0.00   0.00 E=  0.01 |    2 (  0) 
StFcsHit: det= 0 id=380 | ns=0 ehp=0 dep=11 ch= 1 | Ntb=  1 Sum=     0 Fit=  0.00   0.00 E=  0.01 |    2 (  0) 
StFcsHit: det= 0 id=146 | ns=0 ehp=0 dep= 3 ch=21 | Ntb=  1 Sum=     0 Fit=  0.00   0.00 E=  0.01 |    2 (  0) 
StFcsHit: det= 0 id=537 | ns=0 ehp=0 dep=12 ch=28 | Ntb=  1 Sum=     0 Fit=  0.00   0.00 E=  0.01 |    2 (  0) 
StFcsHit: det= 0 id=572 | ns=0 ehp=0 dep=22 ch=25 | Ntb=  1 Sum=     0 Fit=  0.00   0.00 E=  0.01 |    2 (  0) 
StFcsHit: det= 0 id=688 | ns=0 ehp=0 dep=16 ch=25 | Ntb=  1 Sum=     0 Fit=  0.00   0.00 E=  0.01 |    2 (  0) 
StFcsCluster id=   0 ctg=1 n= 2 nNeigh=0 nPoints=0 loc=   4.71    9.50 PXYZE=  -0.00    0.00    0.07    0.07 E=   0.07 sigMin/max=   0.00    0.41 Chi2=   0.00    0.00
StFcsCluster id=   1 ctg=1 n= 1 nNeigh=0 nPoints=0 loc=   6.50   14.50 PXYZE=  -0.00    0.00    0.05    0.05 E=   0.05 sigMin/max=   0.00    0.00 Chi2=   0.00    0.00
  *** FCS Det=1 *** NHit=  7 NCluster=  0 NPoint=  0
StFcsHit: det= 1 id=470 | ns=1 ehp=0 dep=11 ch=19 | Ntb=  1 Sum=     0 Fit=  0.00   0.00 E=  0.02 |    3 (  0) 
StFcsHit: det= 1 id=374 | ns=1 ehp=0 dep=22 ch=16 | Ntb=  1 Sum=     0 Fit=  0.00   0.00 E=  0.01 |    2 (  0) 
StFcsHit: det= 1 id=428 | ns=1 ehp=0 dep=12 ch= 9 | Ntb=  1 Sum=     0 Fit=  0.00   0.00 E=  0.01 |    2 (  0) 
StFcsHit: det= 1 id=469 | ns=1 ehp=0 dep=11 ch=18 | Ntb=  1 Sum=     0 Fit=  0.00   0.00 E=  0.01 |    2 (  0) 
StFcsHit: det= 1 id=487 | ns=1 ehp=0 dep=10 ch=22 | Ntb=  1 Sum=     0 Fit=  0.00   0.00 E=  0.01 |    2 (  0) 
StFcsHit: det= 1 id=506 | ns=1 ehp=0 dep=22 ch=22 | Ntb=  1 Sum=     0 Fit=  0.00   0.00 E=  0.01 |    2 (  0) 
StFcsHit: det= 1 id=529 | ns=1 ehp=0 dep=10 ch=28 | Ntb=  1 Sum=     0 Fit=  0.00   0.00 E=  0.01 |    2 (  0) 
  *** FCS Det=2 *** NHit=  0 NCluster=  0 NPoint=  0
  *** FCS Det=3 *** NHit=  3 NCluster=  0 NPoint=  0
StFcsHit: det= 3 id=234 | ns=1 ehp=1 dep= 7 ch= 0 | Ntb=  1 Sum=     0 Fit=  0.00   0.00 E=  0.08 |   16 (  0) 
StFcsHit: det= 3 id=208 | ns=1 ehp=1 dep= 3 ch=24 | Ntb=  1 Sum=     0 Fit=  0.00   0.00 E=  0.05 |    9 (  0) 
StFcsHit: det= 3 id=156 | ns=1 ehp=1 dep= 3 ch= 8 | Ntb=  1 Sum=     0 Fit=  0.00   0.00 E=  0.04 |    7 (  0) 
  *** FCS Det=4 *** NHit=  2 NCluster=  0 NPoint=  0
StFcsHit: det= 4 id=178 | ns=0 ehp=2 dep= 5 ch=18 | Ntb=  1 Sum=     0 Fit=  0.00   0.00 E=  0.94 |  187 (  0) 
StFcsHit: det= 4 id=179 | ns=0 ehp=2 dep= 5 ch=19 | Ntb=  1 Sum=     0 Fit=  0.00   0.00 E=  1.00 |  200 (  0) 
  *** FCS Det=5 *** NHit=  0 NCluster=  0 NPoint=  0
  *** FCS Det=6 *** NHit=  0 NCluster=  2 NPoint=  0
StFcsClusterMaker:INFO  - *** StFcsClusterMaker::Make() == StOK(0) ***
StFttClusterPointMaker:INFO  - Creating FttCollection
StFttClusterPointMaker:INFO  - Making Geant points
StFttClusterPointMaker:INFO  - *** StFttClusterPointMaker::Make() == StOK(0) ***
StFwdTrackMaker:INFO  - Setting Event Vertex from geant/g2t_vertex[0]: 0xbe481f0
StFwdTrackMaker:INFO  - TAttr::Found : useftt = 1

StFwdTrackMaker:INFO  - TAttr::Found : usefst = 1

StFwdTrackMaker:INFO  - TAttr::Found : useepd = 1

StFwdTrackMaker:INFO  - There are: 0 with 0 FST, 0 with 1 FST, 0 with 2 FST, 2 with 3 FST
StFwdTrackMaker:INFO  - There are: 1 with 0 FTT, 0 with 1 FTT, 0 with 2 FTT, 0 with 3 FTT, 0 with 4 FTT, 0 with 5 FTT, 1 with 6 FTT, 0 with 7 FTT, 0 with 8 FTT
StFwdTrackMaker:INFO  - There are 2 McTracks with > 2 FST hits (#of possible seeds)
StFwdTrackMaker:INFO  - 	Finding FWD Track Seeds
StFwdTrackMaker:INFO  - Hitmap Source: fst
StFwdTrackMaker:INFO  - Performing Fwd Seed finding with mode: fst = 
StFwdTrackMaker:INFO  - Found 1 seeds in 1 iterations
StFwdTrackMaker:INFO  - Total Hits removed: 0
StFwdTrackMaker:INFO  - Seed [0] with 3 hits : id=5@2id=3@1id=1@0
StFwdTrackMaker:INFO  - <<Fwd Tracking Found : 1 Track Seeds from 3 FST hits and 3 sTGC hits
StFwdTrackMaker:INFO  -     (vs. 2 McTracks with FST>2, eff = 0.500003)
StFwdTrackMaker:INFO  - 	Fitting FWD Track Seeds
StFwdTrackMaker:INFO  - TrackFitter:refit = 1
StFwdTrackMaker:INFO  - Starting Track fitting loop with 1 track seeds
StFwdTrackMaker:INFO  - TrackFitter:refit = 1
StFwdTrackMaker:INFO  - 		Mc Match idTruth=1, quality = 1
StFwdTrackMaker:INFO  - GenFitTrackResult::mIdTruth = 1, QaTruth = 1
The points are collinear, curvature is undefined.
p1 = -1.15053, -6.39737
p2 = -1.15053, -6.39737
p3 = -1.15053, -6.39737
StFwdTrackMaker:INFO  - GenericFitSeeder::makeSeed::Curvature: -1e-07
StFwdTrackMaker:INFO  - GenericFitSeeder::makeSeed::pt = 14989.5
StFwdTrackMaker:WARN  - Seed momentum is too high, setting to (0,0,1)
StFwdTrackMaker:INFO  - Track Setup complete, track has 3 points
StFwdTrackMaker:INFO  -  sorting changed track points: 0
StFwdTrackMaker:INFO  - Fit status:  1
StFwdTrackMaker:INFO  - -Fit pvalue: 1
StFwdTrackMaker:INFO  - -Fit Chi2:   3.20915e-31
StFwdTrackMaker:INFO  - -Fit Chi2:   3.20915e-31
StFwdTrackMaker:INFO  - Track fit charge: -1Fit momentum: -1.28085e-17, -2.57814e-17, 1
StFwdTrackMaker:INFO  - TVector3::PseudoRapidity : transvers momentum = 0! return +/- 10e10
StFwdTrackMaker:INFO  - 	Fit Pt: 2.87878e-17, eta: 1e+11, phi: -2.03189
StFwdTrackMaker:INFO  - Track fit update complete!
StFwdTrackMaker:INFO  - Track Reps: 1
StFwdTrackMaker:INFO  - Track Rep 0 
genfit::AbsTrackRep, pdgCode = -211. PropDir = 0
fitStatus 
 track has been fitted, fit has converged fully, 0 TrackPoints could not be processed, fitted charge = -1, PruneFlags: 
 track has been fitted with reference track, numIterations = 2, track length = 27.031, fChi2 = 3.20915e-31, bChi2 = 3.20915e-31, fNdf = 1, bNdf = 1, fPVal = 1, bPVal = 1

StFwdTrackMaker:INFO  - GenFitTrackResult::mIdTruth = 1, QaTruth = 1
StFwdTrackMaker:INFO  - GTR Setting momentum from track
StFwdTrackMaker:INFO  - --isFitConvergedPartially() = 1
StFwdTrackMaker:INFO  - --isFitConverged() = 1
StFwdTrackMaker:INFO  - --isFitConvergedFully() = 1
StFwdTrackMaker:ERROR - CANNOT GET DCA : GenfitException: genfit::Exception thrown with excString:
RKTrackRep::RKutta ==> Total extrapolation length is longer than length limit : 3003 cm !
in line: 1883 in file: /cvmfs/star.sdcc.bnl.gov/star-spack/spack/var/spack/stage/smirnovd/spack-stage-genfit-b496504a-mlcdbxg7bmdsbfrppi7qmzppfw4lh52r/spack-src/trackReps/src/RKTrackRep.cc
with fatal flag 0

StFwdTrackMaker:INFO  - Looking for FTT strips near projected state on disk 0
StFwdTrackMaker:INFO  - There are 2 available FTT strips on this disk
AAA FTT proj z= 312.25  x= -1.176 y= -6.393  r=  6.501 phi=-1.7526  sigU=22360.680 sigV=24.164
AAA FTT momentum at proj: pT= 0.001 eta= 7.516 phi= 2.9917  px= -0.001 py=  0.000 pz=  1.000
AAA FTT search thresholds: dPhi<0.1200 dR<30.00 dx<7.50 dy<7.50  nHits=2
findFttHitsNearProjectedState, msp = (-1.175570, -6.393466)
AAA FTT hit H pos=( -6.161+/-4.33, -10.701+/-0.01)  dx= 4.985 dy= 4.307 dR= 5.847 dPhi=0.3405 (tid=2)  dPhi:FAIL dR:OK XY:OK
AAA FTT hit V pos=(-13.679+/-0.01, -15.057+/-4.33)  dx=12.504 dy= 8.664 dR=13.843 dPhi=0.5556 (tid=2)  dPhi:FAIL dR:OK XY:FAIL
StFwdTrackMaker:INFO  - Closest horizontal FTT strip to FST state: dR=5.846822, dPhi=0.340527, dx=4.984981, dy=4.307354 (tid=2) 
AAA FTT closest-H dPhi=0.3405(<0.1200) dR= 5.847(< 30.0) dx= 4.985 dy= 4.307(< 7.50) tid=2 -> REJECT
StFwdTrackMaker:INFO  - Closest vertical FTT strip to FST state: dR=13.842614, dPhi=0.555645, dx=12.503807, dy=8.663851 (tid=2) 
AAA FTT closest-V dPhi=0.5556(<0.1200) dR=13.843(< 30.0) dx=12.504 dy= 8.664(< 7.50) tid=2 -> REJECT
AAA FTT result: 0 hits added (H:REJECT V:REJECT)
StFwdTrackMaker:INFO  -  Found #FTT strips on plane #0 = [0]
StFwdTrackMaker:INFO  - Found 3 existing seed points
StFwdTrackMaker:INFO  - Looking for FTT strips near projected state on disk 1
StFwdTrackMaker:INFO  - There are 2 available FTT strips on this disk
AAA FTT proj z= 312.25  x= -1.176 y= -6.393  r=  6.501 phi=-1.7526  sigU=22360.680 sigV= 2.921
AAA FTT momentum at proj: pT= 0.001 eta= 7.516 phi= 2.9917  px= -0.001 py=  0.000 pz=  1.000
AAA FTT search thresholds: dPhi<0.1200 dR<30.00 dx<7.50 dy<7.50  nHits=2
findFttHitsNearProjectedState, msp = (-1.175570, -6.393466)
AAA FTT hit H pos=(-11.837+/-4.33, -15.724+/-0.01)  dx=10.662 dy= 9.330 dR=13.181 dPhi=0.4635 (tid=2)  dPhi:FAIL dR:OK XY:FAIL
AAA FTT hit V pos=(-11.338+/-0.01, -15.406+/-4.33)  dx=10.162 dy= 9.012 dR=12.628 dPhi=0.4526 (tid=2)  dPhi:FAIL dR:OK XY:FAIL
StFwdTrackMaker:INFO  - Closest horizontal FTT strip to FST state: dR=13.180729, dPhi=0.463478, dx=10.661826, dy=9.330164 (tid=2) 
AAA FTT closest-H dPhi=0.4635(<0.1200) dR=13.181(< 30.0) dx=10.662 dy= 9.330(< 7.50) tid=2 -> REJECT
StFwdTrackMaker:INFO  - Closest vertical FTT strip to FST state: dR=12.627586, dPhi=0.452607, dx=10.162339, dy=9.012410 (tid=2) 
AAA FTT closest-V dPhi=0.4526(<0.1200) dR=12.628(< 30.0) dx=10.162 dy= 9.012(< 7.50) tid=2 -> REJECT
AAA FTT result: 0 hits added (H:REJECT V:REJECT)
StFwdTrackMaker:INFO  -  Found #FTT strips on plane #1 = [0]
StFwdTrackMaker:INFO  - Found 3 existing seed points
StFwdTrackMaker:INFO  - Looking for FTT strips near projected state on disk 2
StFwdTrackMaker:INFO  - There are 2 available FTT strips on this disk
AAA FTT proj z= 312.25  x= -1.176 y= -6.393  r=  6.501 phi=-1.7526  sigU=22360.680 sigV=24.164
AAA FTT momentum at proj: pT= 0.001 eta= 7.516 phi= 2.9917  px= -0.001 py=  0.000 pz=  1.000
AAA FTT search thresholds: dPhi<0.1200 dR<30.00 dx<7.50 dy<7.50  nHits=2
findFttHitsNearProjectedState, msp = (-1.175570, -6.393466)
	 vs. hit@(-3.770761+/-4.330127, -19.882185+/-0.010000) => dx=2.595191, dy=13.488719, dR=13.735954, dPhi=0.005590 (tid=2), strip=horizontal
AAA FTT hit H pos=( -3.771+/-4.33, -19.882+/-0.01)  dx= 2.595 dy=13.489 dR=13.736 dPhi=0.0056 (tid=2)  dPhi:OK dR:OK XY:OK
	 vs. hit@(-7.007953+/-0.010000, -22.861322+/-4.330127) => dx=5.832383, dy=16.467856, dR=17.410681, dPhi=0.115608 (tid=2), strip=vertical
AAA FTT hit V pos=( -7.008+/-0.01, -22.861+/-4.33)  dx= 5.832 dy=16.468 dR=17.411 dPhi=0.1156 (tid=2)  dPhi:OK dR:OK XY:OK
StFwdTrackMaker:INFO  - Adding horizontal strip hit with dPhi = 0.00558977, dR = 13.736, dx = 2.59519, dy = 13.4887
StFwdTrackMaker:INFO  - Adding vertical strip hit with dPhi = 0.115608, dR = 17.4107, dx = 5.83238, dy = 16.4679
StFwdTrackMaker:INFO  - Closest horizontal FTT strip to FST state: dR=13.735954, dPhi=0.005590, dx=2.595191, dy=13.488719 (tid=2) 
AAA FTT closest-H dPhi=0.0056(<0.1200) dR=13.736(< 30.0) dx= 2.595 dy=13.489(< 7.50) tid=2 -> ACCEPT
StFwdTrackMaker:INFO  - Closest vertical FTT strip to FST state: dR=17.410681, dPhi=0.115608, dx=5.832383, dy=16.467856 (tid=2) 
AAA FTT closest-V dPhi=0.1156(<0.1200) dR=17.411(< 30.0) dx= 5.832 dy=16.468(< 7.50) tid=2 -> ACCEPT
AAA FTT result: 2 hits added (H:ACCEPT V:ACCEPT)
StFwdTrackMaker:INFO  -  Found #FTT strips on plane #2 = [2]
StFwdTrackMaker:INFO  - Found 3 existing seed points
StFwdTrackMaker:INFO  - Adding 2 new FTT seed points
StFwdTrackMaker:INFO  - Looking for FTT strips near projected state on disk 3
StFwdTrackMaker:INFO  - There are 0 available FTT strips on this disk
StFwdTrackMaker:WARN  - No FTT hits available to search for near projected state
StFwdTrackMaker:INFO  -  Found #FTT strips on plane #3 = [0]
StFwdTrackMaker:INFO  - Found 5 existing seed points
StFwdTrackMaker:INFO  - Closest EPD hit to state: dR=-9.092881, dPhi=-0.072895
StFwdTrackMaker:INFO  - GenFitTrackResult::mIdTruth = 1, QaTruth = 0.6
The points are collinear, curvature is undefined.
p1 = -1.15053, -6.39737
p2 = -1.15053, -6.39737
p3 = -1.15053, -6.39737
The points are collinear, curvature is undefined.
p1 = -1.15053, -6.39737
p2 = -1.15053, -6.39737
p3 = -3.77076, -19.8822
The points are collinear, curvature is undefined.
p1 = -1.15053, -6.39737
p2 = -1.15053, -6.39737
p3 = -7.00795, -22.8613
The points are collinear, curvature is undefined.
p1 = -1.15053, -6.39737
p2 = -1.15053, -6.39737
p3 = -3.77076, -19.8822
The points are collinear, curvature is undefined.
p1 = -1.15053, -6.39737
p2 = -1.15053, -6.39737
p3 = -7.00795, -22.8613
The points are collinear, curvature is undefined.
p1 = -1.15053, -6.39737
p2 = -1.15053, -6.39737
p3 = -3.77076, -19.8822
The points are collinear, curvature is undefined.
p1 = -1.15053, -6.39737
p2 = -1.15053, -6.39737
p3 = -7.00795, -22.8613
StFwdTrackMaker:INFO  - GenericFitSeeder::makeSeed::Curvature: 0.0226287
StFwdTrackMaker:INFO  - GenericFitSeeder::makeSeed::pt = 0.0662411
StFwdTrackMaker:INFO  - Note: Using externally provided seed momentum
StFwdTrackMaker:INFO  - Track Setup complete, track has 5 points
StFwdTrackMaker:INFO  -  sorting changed track points: 0
StFwdTrackMaker:INFO  - Fit status:  0
StFwdTrackMaker:INFO  - -Fit pvalue: 0
StFwdTrackMaker:INFO  - -Fit Chi2:   0
StFwdTrackMaker:INFO  - -Fit Chi2:   0
StFwdTrackMaker:INFO  - Track fit update complete!
StFwdTrackMaker:INFO  - Track Reps: 1
StFwdTrackMaker:INFO  - Track Rep 0 
genfit::AbsTrackRep, pdgCode = 211. PropDir = 0
fitStatus 
 track has NOT been fitted, track has been fitted with reference track,
StFwdTrackMaker:ERROR - --FitTrack is nullptr or fit did not converge, setting seed only
StFwdTrackMaker:INFO  - GenFitTrackResult::mIdTruth = 1, QaTruth = 0.6
StFwdTrackMaker:INFO  - Global track fitting completed, found 1 global tracks from 1 track seed candidates
[0;33m[TSCPBuilderNoMaterial] Propagation to perigee plane failed![;0m
[0;33m[TSCPBuilderNoMaterial] Propagation to perigee plane failed![;0m
[0;33m[TSCPBuilderNoMaterial] Propagation to perigee plane failed![;0m
[0;33m[ReconstructorFromFitter] cms::Exception caught: ---- TrajectoryStateClosestToPoint is invalid and cannot return any parameters BEGIN
---- TrajectoryStateClosestToPoint is invalid and cannot return any parameters END
[;0m
StFwdTrackMaker:INFO  - >>doBeamlineTrackFitting( #globals = 1 )
StFwdTrackMaker:INFO  - doBeamlineTrackFitting>>0 McId=1 with Beamline, seed already has: 3 hits
StFwdTrackMaker:INFO  - mBeamlineHit: 0, 0, 0
StFwdTrackMaker:INFO  - This fit is for a global that converged? = 1
StFwdTrackMaker:INFO  - GenFitTrackResult::mIdTruth = 1, QaTruth = 0.75
The points are collinear, curvature is undefined.
p1 = 0, 0
p2 = -1.15053, -6.39737
p3 = -1.15053, -6.39737
The points are collinear, curvature is undefined.
p1 = 0, 0
p2 = -1.15053, -6.39737
p3 = -1.15053, -6.39737
The points are collinear, curvature is undefined.
p1 = 0, 0
p2 = -1.15053, -6.39737
p3 = -1.15053, -6.39737
The points are collinear, curvature is undefined.
p1 = -1.15053, -6.39737
p2 = -1.15053, -6.39737
p3 = -1.15053, -6.39737
StFwdTrackMaker:INFO  - GenericFitSeeder::makeSeed::Curvature: -1e-07
StFwdTrackMaker:INFO  - GenericFitSeeder::makeSeed::pt = 14989.5
StFwdTrackMaker:WARN  - Seed momentum is too high, setting to (0,0,1)
StFwdTrackMaker:INFO  - Track Setup complete, track has 4 points
StFwdTrackMaker:INFO  -  sorting changed track points: 0
StFwdTrackMaker:INFO  - Fit status:  1
StFwdTrackMaker:INFO  - -Fit pvalue: 0.995882
StFwdTrackMaker:INFO  - -Fit Chi2:   0.0629079
StFwdTrackMaker:INFO  - -Fit Chi2:   0.0629079
StFwdTrackMaker:INFO  - Track fit charge: -1Fit momentum: -3963.3, -22037.4, 582459
StFwdTrackMaker:INFO  - 	Fit Pt: 22391, eta: 3.95212, phi: -1.74874
StFwdTrackMaker:INFO  - Track fit update complete!
StFwdTrackMaker:INFO  - Track Reps: 1
StFwdTrackMaker:INFO  - Track Rep 0 
genfit::AbsTrackRep, pdgCode = -211. PropDir = 0
fitStatus 
 track has been fitted, fit has converged fully, 0 TrackPoints could not be processed, fitted charge = -1, PruneFlags: 
 track has been fitted with reference track, numIterations = 5, track length = 180.837, fChi2 = 0.0629079, bChi2 = 0.0629079, fNdf = 3, bNdf = 3, fPVal = 0.995882, bPVal = 0.995882

StFwdTrackMaker:INFO  - GenFitTrackResult::mIdTruth = 1, QaTruth = 0.75
StFwdTrackMaker:INFO  - GTR Setting momentum from track
StFwdTrackMaker:INFO  - --isFitConvergedPartially() = 1
StFwdTrackMaker:INFO  - --isFitConverged() = 1
StFwdTrackMaker:INFO  - --isFitConvergedFully() = 1
StFwdTrackMaker:INFO  - SEED momentum:-1.28085e-17, -2.57814e-17, 1
StFwdTrackMaker:INFO  - 	Initial Beamline fit completed, now refitting with additional hits
StFwdTrackMaker:INFO  - Looking for FTT strips near projected state on disk 0
StFwdTrackMaker:INFO  - There are 2 available FTT strips on this disk
AAA FTT proj z= 312.25  x= -2.150 y=-11.953  r= 12.145 phi=-1.7487  sigU= 0.493 sigV= 0.006
AAA FTT momentum at proj: pT=22390.954 eta= 3.952 phi=-1.7487  px=-3963.283 py=-22037.405 pz=582459.086
AAA FTT search thresholds: dPhi<0.1200 dR<30.00 dx<7.50 dy<7.50  nHits=2
findFttHitsNearProjectedState, msp = (-2.149652, -11.952889)
AAA FTT hit H pos=( -6.161+/-4.33, -10.701+/-0.01)  dx= 4.011 dy= 1.252 dR= 0.203 dPhi=0.3444 (tid=2)  dPhi:FAIL dR:OK XY:OK
AAA FTT hit V pos=(-13.679+/-0.01, -15.057+/-4.33)  dx=11.530 dy= 3.104 dR= 8.199 dPhi=0.5595 (tid=2)  dPhi:FAIL dR:OK XY:OK
StFwdTrackMaker:INFO  - Closest horizontal FTT strip to FST state: dR=0.202815, dPhi=0.344425, dx=4.010899, dy=1.252069 (tid=2) 
AAA FTT closest-H dPhi=0.3444(<0.1200) dR= 0.203(< 30.0) dx= 4.011 dy= 1.252(< 7.50) tid=2 -> REJECT
StFwdTrackMaker:INFO  - Closest vertical FTT strip to FST state: dR=8.198607, dPhi=0.559543, dx=11.529724, dy=3.104429 (tid=2) 
AAA FTT closest-V dPhi=0.5595(<0.1200) dR= 8.199(< 30.0) dx=11.530 dy= 3.104(< 7.50) tid=2 -> REJECT
AAA FTT result: 0 hits added (H:REJECT V:REJECT)
StFwdTrackMaker:INFO  -  Found #FTT strips on plane #0 = [0]
StFwdTrackMaker:INFO  - Found 4 existing seed points
StFwdTrackMaker:INFO  - Looking for FTT strips near projected state on disk 1
StFwdTrackMaker:INFO  - There are 2 available FTT strips on this disk
AAA FTT proj z= 312.25  x= -2.150 y=-11.953  r= 12.145 phi=-1.7487  sigU= 0.493 sigV= 0.024
AAA FTT momentum at proj: pT=22390.954 eta= 3.952 phi=-1.7487  px=-3963.283 py=-22037.405 pz=582459.086
AAA FTT search thresholds: dPhi<0.1200 dR<30.00 dx<7.50 dy<7.50  nHits=2
findFttHitsNearProjectedState, msp = (-2.149652, -11.952889)
AAA FTT hit H pos=(-11.837+/-4.33, -15.724+/-0.01)  dx= 9.688 dy= 3.771 dR= 7.537 dPhi=0.4674 (tid=2)  dPhi:FAIL dR:OK XY:OK
AAA FTT hit V pos=(-11.338+/-0.01, -15.406+/-4.33)  dx= 9.188 dy= 3.453 dR= 6.984 dPhi=0.4565 (tid=2)  dPhi:FAIL dR:OK XY:OK
StFwdTrackMaker:INFO  - Closest horizontal FTT strip to FST state: dR=7.536722, dPhi=0.467375, dx=9.687743, dy=3.770741 (tid=2) 
AAA FTT closest-H dPhi=0.4674(<0.1200) dR= 7.537(< 30.0) dx= 9.688 dy= 3.771(< 7.50) tid=2 -> REJECT
StFwdTrackMaker:INFO  - Closest vertical FTT strip to FST state: dR=6.983579, dPhi=0.456505, dx=9.188256, dy=3.452987 (tid=2) 
AAA FTT closest-V dPhi=0.4565(<0.1200) dR= 6.984(< 30.0) dx= 9.188 dy= 3.453(< 7.50) tid=2 -> REJECT
AAA FTT result: 0 hits added (H:REJECT V:REJECT)
StFwdTrackMaker:INFO  -  Found #FTT strips on plane #1 = [0]
StFwdTrackMaker:INFO  - Found 4 existing seed points
StFwdTrackMaker:INFO  - Looking for FTT strips near projected state on disk 2
StFwdTrackMaker:INFO  - There are 2 available FTT strips on this disk
AAA FTT proj z= 312.25  x= -2.150 y=-11.953  r= 12.145 phi=-1.7487  sigU= 0.493 sigV= 0.006
AAA FTT momentum at proj: pT=22390.954 eta= 3.952 phi=-1.7487  px=-3963.283 py=-22037.405 pz=582459.086
AAA FTT search thresholds: dPhi<0.1200 dR<30.00 dx<7.50 dy<7.50  nHits=2
findFttHitsNearProjectedState, msp = (-2.149652, -11.952889)
	 vs. hit@(-3.770761+/-4.330127, -19.882185+/-0.010000) => dx=1.621109, dy=7.929296, dR=8.091947, dPhi=0.009488 (tid=2), strip=horizontal
AAA FTT hit H pos=( -3.771+/-4.33, -19.882+/-0.01)  dx= 1.621 dy= 7.929 dR= 8.092 dPhi=0.0095 (tid=2)  dPhi:OK dR:OK XY:OK
	 vs. hit@(-7.007953+/-0.010000, -22.861322+/-4.330127) => dx=4.858300, dy=10.908433, dR=11.766673, dPhi=0.119506 (tid=2), strip=vertical
AAA FTT hit V pos=( -7.008+/-0.01, -22.861+/-4.33)  dx= 4.858 dy=10.908 dR=11.767 dPhi=0.1195 (tid=2)  dPhi:OK dR:OK XY:OK
StFwdTrackMaker:INFO  - Adding horizontal strip hit with dPhi = 0.00948763, dR = 8.09195, dx = 1.62111, dy = 7.9293
StFwdTrackMaker:INFO  - Adding vertical strip hit with dPhi = 0.119506, dR = 11.7667, dx = 4.8583, dy = 10.9084
StFwdTrackMaker:INFO  - Closest horizontal FTT strip to FST state: dR=8.091947, dPhi=0.009488, dx=1.621109, dy=7.929296 (tid=2) 
AAA FTT closest-H dPhi=0.0095(<0.1200) dR= 8.092(< 30.0) dx= 1.621 dy= 7.929(< 7.50) tid=2 -> ACCEPT
StFwdTrackMaker:INFO  - Closest vertical FTT strip to FST state: dR=11.766673, dPhi=0.119506, dx=4.858300, dy=10.908433 (tid=2) 
AAA FTT closest-V dPhi=0.1195(<0.1200) dR=11.767(< 30.0) dx= 4.858 dy=10.908(< 7.50) tid=2 -> ACCEPT
AAA FTT result: 2 hits added (H:ACCEPT V:ACCEPT)
StFwdTrackMaker:INFO  -  Found #FTT strips on plane #2 = [2]
StFwdTrackMaker:INFO  - Found 4 existing seed points
StFwdTrackMaker:INFO  - Adding 2 new FTT seed points
StFwdTrackMaker:INFO  - Looking for FTT strips near projected state on disk 3
StFwdTrackMaker:INFO  - There are 0 available FTT strips on this disk
StFwdTrackMaker:WARN  - No FTT hits available to search for near projected state
StFwdTrackMaker:INFO  -  Found #FTT strips on plane #3 = [0]
StFwdTrackMaker:INFO  - Found 6 existing seed points
StFwdTrackMaker:INFO  - Closest EPD hit to state: dR=-1.043275, dPhi=-0.047042
StFwdTrackMaker:INFO  - GenFitTrackResult::mIdTruth = 1, QaTruth = 0.428571
The points are collinear, curvature is undefined.
p1 = 0, 0
p2 = -1.15053, -6.39737
p3 = -1.15053, -6.39737
The points are collinear, curvature is undefined.
p1 = 0, 0
p2 = -1.15053, -6.39737
p3 = -1.15053, -6.39737
The points are collinear, curvature is undefined.
p1 = 0, 0
p2 = -1.15053, -6.39737
p3 = -1.15053, -6.39737
The points are collinear, curvature is undefined.
p1 = -1.15053, -6.39737
p2 = -1.15053, -6.39737
p3 = -1.15053, -6.39737
The points are collinear, curvature is undefined.
p1 = -1.15053, -6.39737
p2 = -1.15053, -6.39737
p3 = -3.77076, -19.8822
The points are collinear, curvature is undefined.
p1 = -1.15053, -6.39737
p2 = -1.15053, -6.39737
p3 = -7.00795, -22.8613
The points are collinear, curvature is undefined.
p1 = -1.15053, -6.39737
p2 = -1.15053, -6.39737
p3 = -2.03621, -15.4665
The points are collinear, curvature is undefined.
p1 = -1.15053, -6.39737
p2 = -1.15053, -6.39737
p3 = -3.77076, -19.8822
The points are collinear, curvature is undefined.
p1 = -1.15053, -6.39737
p2 = -1.15053, -6.39737
p3 = -7.00795, -22.8613
The points are collinear, curvature is undefined.
p1 = -1.15053, -6.39737
p2 = -1.15053, -6.39737
p3 = -2.03621, -15.4665
The points are collinear, curvature is undefined.
p1 = -1.15053, -6.39737
p2 = -1.15053, -6.39737
p3 = -3.77076, -19.8822
The points are collinear, curvature is undefined.
p1 = -1.15053, -6.39737
p2 = -1.15053, -6.39737
p3 = -7.00795, -22.8613
The points are collinear, curvature is undefined.
p1 = -1.15053, -6.39737
p2 = -1.15053, -6.39737
p3 = -2.03621, -15.4665
StFwdTrackMaker:INFO  - GenericFitSeeder::makeSeed::Curvature: -0.0183982
StFwdTrackMaker:INFO  - GenericFitSeeder::makeSeed::pt = 0.0814726
StFwdTrackMaker:INFO  - Note: Using externally provided seed momentum
StFwdTrackMaker:INFO  - Track Setup complete, track has 7 points
StFwdTrackMaker:INFO  -  sorting changed track points: 1
StFwdTrackMaker:INFO  - Fit status:  0
StFwdTrackMaker:INFO  - -Fit pvalue: 4.08046e-34
StFwdTrackMaker:INFO  - -Fit Chi2:   180.45
StFwdTrackMaker:INFO  - -Fit Chi2:   180.45
StFwdTrackMaker:INFO  - Track fit update complete!
StFwdTrackMaker:INFO  - Track Reps: 1
StFwdTrackMaker:INFO  - Track Rep 0 
genfit::AbsTrackRep, pdgCode = -211. PropDir = 0
fitStatus 
 track has been fitted, fit has NOT converged, 0 TrackPoints could not be processed, fitted charge = 1, PruneFlags: 
 track has been fitted with reference track, numIterations = 20, track length = 834.368, fChi2 = 180.452, bChi2 = 180.45, fNdf = 9, bNdf = 9, fPVal = 4.07643e-34, bPVal = 4.08046e-34

StFwdTrackMaker:ERROR - --FitTrack is nullptr or fit did not converge, setting seed only
StFwdTrackMaker:INFO  - GenFitTrackResult::mIdTruth = 1, QaTruth = 0.428571
StFwdTrackMaker:INFO  - >>doPrimaryTrackFitting( #globals = 1 )
StFwdTrackMaker:INFO  - Refitting Track 0, McId=1 with Primary Vertex, seed already has: 3 hits
StFwdTrackMaker:INFO  - mEventVertexHit: 0, 0, 0
StFwdTrackMaker:INFO  - This fit is for a global that converged? = 1
StFwdTrackMaker:INFO  - GenFitTrackResult::mIdTruth = 1, QaTruth = 0.75
The points are collinear, curvature is undefined.
p1 = 0, 0
p2 = -1.15053, -6.39737
p3 = -1.15053, -6.39737
The points are collinear, curvature is undefined.
p1 = 0, 0
p2 = -1.15053, -6.39737
p3 = -1.15053, -6.39737
The points are collinear, curvature is undefined.
p1 = 0, 0
p2 = -1.15053, -6.39737
p3 = -1.15053, -6.39737
The points are collinear, curvature is undefined.
p1 = -1.15053, -6.39737
p2 = -1.15053, -6.39737
p3 = -1.15053, -6.39737
StFwdTrackMaker:INFO  - GenericFitSeeder::makeSeed::Curvature: -1e-07
StFwdTrackMaker:INFO  - GenericFitSeeder::makeSeed::pt = 14989.5
StFwdTrackMaker:WARN  - Seed momentum is too high, setting to (0,0,1)
StFwdTrackMaker:INFO  - Note: Using externally provided seed momentum
StFwdTrackMaker:INFO  - Track Setup complete, track has 4 points
StFwdTrackMaker:INFO  -  sorting changed track points: 0
StFwdTrackMaker:INFO  - Fit status:  1
StFwdTrackMaker:INFO  - -Fit pvalue: 0.995743
StFwdTrackMaker:INFO  - -Fit Chi2:   0.0643321
StFwdTrackMaker:INFO  - -Fit Chi2:   0.0643321
StFwdTrackMaker:INFO  - Track fit charge: 1Fit momentum: -400.961, -2229.48, 57654.3
StFwdTrackMaker:INFO  - 	Fit Pt: 2265.25, eta: 3.93031, phi: -1.74874
StFwdTrackMaker:INFO  - Track fit update complete!
StFwdTrackMaker:INFO  - Track Reps: 1
StFwdTrackMaker:INFO  - Track Rep 0 
genfit::AbsTrackRep, pdgCode = -211. PropDir = 0
fitStatus 
 track has been fitted, fit has converged fully, 0 TrackPoints could not be processed, fitted charge = 1, PruneFlags: 
 track has been fitted with reference track, numIterations = 4, track length = 177.176, fChi2 = 0.0643321, bChi2 = 0.0643321, fNdf = 3, bNdf = 3, fPVal = 0.995743, bPVal = 0.995743

StFwdTrackMaker:INFO  - GenFitTrackResult::mIdTruth = 1, QaTruth = 0.75
StFwdTrackMaker:INFO  - GTR Setting momentum from track
StFwdTrackMaker:INFO  - --isFitConvergedPartially() = 1
StFwdTrackMaker:INFO  - --isFitConverged() = 1
StFwdTrackMaker:INFO  - --isFitConvergedFully() = 1
StFwdTrackMaker:INFO  - 	Initial fit complete, now refitting with additional points
StFwdTrackMaker:INFO  - Looking for FTT strips near projected state on disk 0
StFwdTrackMaker:INFO  - There are 2 available FTT strips on this disk
AAA FTT proj z= 312.25  x= -2.172 y=-12.075  r= 12.269 phi=-1.7487  sigU= 0.296 sigV= 0.004
AAA FTT momentum at proj: pT=2265.246 eta= 3.930 phi=-1.7487  px=-400.977 py=-2229.475 pz=57654.312
AAA FTT search thresholds: dPhi<0.1200 dR<30.00 dx<7.50 dy<7.50  nHits=2
findFttHitsNearProjectedState, msp = (-2.171643, -12.074800)
AAA FTT hit H pos=( -6.161+/-4.33, -10.701+/-0.01)  dx= 3.989 dy= 1.374 dR= 0.079 dPhi=0.3444 (tid=2)  dPhi:FAIL dR:OK XY:OK
AAA FTT hit V pos=(-13.679+/-0.01, -15.057+/-4.33)  dx=11.508 dy= 2.983 dR= 8.075 dPhi=0.5595 (tid=2)  dPhi:FAIL dR:OK XY:OK
StFwdTrackMaker:INFO  - Closest horizontal FTT strip to FST state: dR=0.078937, dPhi=0.344420, dx=3.988908, dy=1.373980 (tid=2) 
AAA FTT closest-H dPhi=0.3444(<0.1200) dR= 0.079(< 30.0) dx= 3.989 dy= 1.374(< 7.50) tid=2 -> REJECT
StFwdTrackMaker:INFO  - Closest vertical FTT strip to FST state: dR=8.074729, dPhi=0.559537, dx=11.507733, dy=2.982518 (tid=2) 
AAA FTT closest-V dPhi=0.5595(<0.1200) dR= 8.075(< 30.0) dx=11.508 dy= 2.983(< 7.50) tid=2 -> REJECT
AAA FTT result: 0 hits added (H:REJECT V:REJECT)
StFwdTrackMaker:INFO  -  Found #FTT strips on plane #0 = [0]
StFwdTrackMaker:INFO  - Found 4 existing seed points
StFwdTrackMaker:INFO  - Looking for FTT strips near projected state on disk 1
StFwdTrackMaker:INFO  - There are 2 available FTT strips on this disk
AAA FTT proj z= 312.25  x= -2.172 y=-12.075  r= 12.269 phi=-1.7487  sigU= 0.296 sigV= 0.010
AAA FTT momentum at proj: pT=2265.246 eta= 3.930 phi=-1.7487  px=-400.977 py=-2229.475 pz=57654.312
AAA FTT search thresholds: dPhi<0.1200 dR<30.00 dx<7.50 dy<7.50  nHits=2
findFttHitsNearProjectedState, msp = (-2.171643, -12.074800)
AAA FTT hit H pos=(-11.837+/-4.33, -15.724+/-0.01)  dx= 9.666 dy= 3.649 dR= 7.413 dPhi=0.4674 (tid=2)  dPhi:FAIL dR:OK XY:OK
AAA FTT hit V pos=(-11.338+/-0.01, -15.406+/-4.33)  dx= 9.166 dy= 3.331 dR= 6.860 dPhi=0.4565 (tid=2)  dPhi:FAIL dR:OK XY:OK
StFwdTrackMaker:INFO  - Closest horizontal FTT strip to FST state: dR=7.412844, dPhi=0.467370, dx=9.665752, dy=3.648830 (tid=2) 
AAA FTT closest-H dPhi=0.4674(<0.1200) dR= 7.413(< 30.0) dx= 9.666 dy= 3.649(< 7.50) tid=2 -> REJECT
StFwdTrackMaker:INFO  - Closest vertical FTT strip to FST state: dR=6.859701, dPhi=0.456499, dx=9.166265, dy=3.331076 (tid=2) 
AAA FTT closest-V dPhi=0.4565(<0.1200) dR= 6.860(< 30.0) dx= 9.166 dy= 3.331(< 7.50) tid=2 -> REJECT
AAA FTT result: 0 hits added (H:REJECT V:REJECT)
StFwdTrackMaker:INFO  -  Found #FTT strips on plane #1 = [0]
StFwdTrackMaker:INFO  - Found 4 existing seed points
StFwdTrackMaker:INFO  - Looking for FTT strips near projected state on disk 2
StFwdTrackMaker:INFO  - There are 2 available FTT strips on this disk
AAA FTT proj z= 312.25  x= -2.172 y=-12.075  r= 12.269 phi=-1.7487  sigU= 0.296 sigV= 0.004
AAA FTT momentum at proj: pT=2265.246 eta= 3.930 phi=-1.7487  px=-400.977 py=-2229.475 pz=57654.312
AAA FTT search thresholds: dPhi<0.1200 dR<30.00 dx<7.50 dy<7.50  nHits=2
findFttHitsNearProjectedState, msp = (-2.171643, -12.074800)
	 vs. hit@(-3.770761+/-4.330127, -19.882185+/-0.010000) => dx=1.599118, dy=7.807385, dR=7.968069, dPhi=0.009482 (tid=2), strip=horizontal
AAA FTT hit H pos=( -3.771+/-4.33, -19.882+/-0.01)  dx= 1.599 dy= 7.807 dR= 7.968 dPhi=0.0095 (tid=2)  dPhi:OK dR:OK XY:OK
	 vs. hit@(-7.007953+/-0.010000, -22.861322+/-4.330127) => dx=4.836309, dy=10.786523, dR=11.642795, dPhi=0.119501 (tid=2), strip=vertical
AAA FTT hit V pos=( -7.008+/-0.01, -22.861+/-4.33)  dx= 4.836 dy=10.787 dR=11.643 dPhi=0.1195 (tid=2)  dPhi:OK dR:OK XY:OK
StFwdTrackMaker:INFO  - Adding horizontal strip hit with dPhi = 0.00948233, dR = 7.96807, dx = 1.59912, dy = 7.80739
StFwdTrackMaker:INFO  - Adding vertical strip hit with dPhi = 0.119501, dR = 11.6428, dx = 4.83631, dy = 10.7865
StFwdTrackMaker:INFO  - Closest horizontal FTT strip to FST state: dR=7.968069, dPhi=0.009482, dx=1.599118, dy=7.807385 (tid=2) 
AAA FTT closest-H dPhi=0.0095(<0.1200) dR= 7.968(< 30.0) dx= 1.599 dy= 7.807(< 7.50) tid=2 -> ACCEPT
StFwdTrackMaker:INFO  - Closest vertical FTT strip to FST state: dR=11.642795, dPhi=0.119501, dx=4.836309, dy=10.786523 (tid=2) 
AAA FTT closest-V dPhi=0.1195(<0.1200) dR=11.643(< 30.0) dx= 4.836 dy=10.787(< 7.50) tid=2 -> ACCEPT
AAA FTT result: 2 hits added (H:ACCEPT V:ACCEPT)
StFwdTrackMaker:INFO  -  Found #FTT strips on plane #2 = [2]
StFwdTrackMaker:INFO  - Found 4 existing seed points
StFwdTrackMaker:INFO  - Adding 2 new FTT seed points
StFwdTrackMaker:INFO  - Looking for FTT strips near projected state on disk 3
StFwdTrackMaker:INFO  - There are 0 available FTT strips on this disk
StFwdTrackMaker:WARN  - No FTT hits available to search for near projected state
StFwdTrackMaker:INFO  -  Found #FTT strips on plane #3 = [0]
StFwdTrackMaker:INFO  - Found 6 existing seed points
StFwdTrackMaker:INFO  - Closest EPD hit to state: dR=-0.866186, dPhi=-0.047048
StFwdTrackMaker:INFO  - GenFitTrackResult::mIdTruth = 1, QaTruth = 0.428571
The points are collinear, curvature is undefined.
p1 = 0, 0
p2 = -1.15053, -6.39737
p3 = -1.15053, -6.39737
The points are collinear, curvature is undefined.
p1 = 0, 0
p2 = -1.15053, -6.39737
p3 = -1.15053, -6.39737
The points are collinear, curvature is undefined.
p1 = 0, 0
p2 = -1.15053, -6.39737
p3 = -1.15053, -6.39737
The points are collinear, curvature is undefined.
p1 = -1.15053, -6.39737
p2 = -1.15053, -6.39737
p3 = -1.15053, -6.39737
The points are collinear, curvature is undefined.
p1 = -1.15053, -6.39737
p2 = -1.15053, -6.39737
p3 = -3.77076, -19.8822
The points are collinear, curvature is undefined.
p1 = -1.15053, -6.39737
p2 = -1.15053, -6.39737
p3 = -7.00795, -22.8613
The points are collinear, curvature is undefined.
p1 = -1.15053, -6.39737
p2 = -1.15053, -6.39737
p3 = -2.03621, -15.4665
The points are collinear, curvature is undefined.
p1 = -1.15053, -6.39737
p2 = -1.15053, -6.39737
p3 = -3.77076, -19.8822
The points are collinear, curvature is undefined.
p1 = -1.15053, -6.39737
p2 = -1.15053, -6.39737
p3 = -7.00795, -22.8613
The points are collinear, curvature is undefined.
p1 = -1.15053, -6.39737
p2 = -1.15053, -6.39737
p3 = -2.03621, -15.4665
The points are collinear, curvature is undefined.
p1 = -1.15053, -6.39737
p2 = -1.15053, -6.39737
p3 = -3.77076, -19.8822
The points are collinear, curvature is undefined.
p1 = -1.15053, -6.39737
p2 = -1.15053, -6.39737
p3 = -7.00795, -22.8613
The points are collinear, curvature is undefined.
p1 = -1.15053, -6.39737
p2 = -1.15053, -6.39737
p3 = -2.03621, -15.4665
StFwdTrackMaker:INFO  - GenericFitSeeder::makeSeed::Curvature: -0.0183982
StFwdTrackMaker:INFO  - GenericFitSeeder::makeSeed::pt = 0.0814726
StFwdTrackMaker:INFO  - Note: Using externally provided seed momentum
StFwdTrackMaker:INFO  - Track Setup complete, track has 7 points
StFwdTrackMaker:INFO  -  sorting changed track points: 1
StFwdTrackMaker:INFO  - Fit status:  1
StFwdTrackMaker:INFO  - -Fit pvalue: 1.33941e-09
StFwdTrackMaker:INFO  - -Fit Chi2:   60.0021
StFwdTrackMaker:INFO  - -Fit Chi2:   60.0021
StFwdTrackMaker:INFO  - Track fit charge: 1Fit momentum: -0.000935697, -0.0481175, 0.777017
StFwdTrackMaker:INFO  - 	Fit Pt: 0.0481266, eta: 3.47573, phi: -1.59024
StFwdTrackMaker:INFO  - Track fit update complete!
StFwdTrackMaker:INFO  - Track Reps: 1
StFwdTrackMaker:INFO  - Track Rep 0 
genfit::AbsTrackRep, pdgCode = -211. PropDir = 0
fitStatus 
 track has been fitted, fit has converged fully, 0 TrackPoints could not be processed, fitted charge = 1, PruneFlags: 
 track has been fitted with reference track, numIterations = 6, track length = 348.089, fChi2 = 60.002, bChi2 = 60.0021, fNdf = 9, bNdf = 9, fPVal = 1.33948e-09, bPVal = 1.33941e-09

StFwdTrackMaker:INFO  - GenFitTrackResult::mIdTruth = 1, QaTruth = 0.428571
StFwdTrackMaker:INFO  - GTR Setting momentum from track
StFwdTrackMaker:INFO  - --isFitConvergedPartially() = 1
StFwdTrackMaker:INFO  - --isFitConverged() = 1
StFwdTrackMaker:INFO  - --isFitConvergedFully() = 1
StFwdTrackMaker:INFO  - >>doSecondaryTrackFitting( #globals = 1 )
StFwdTrackMaker:INFO  - <<Fwd Tracking Fit :3 GenFit Tracks
StFwdTrackMaker:INFO  - TAttr::Found : fillevent = 1

StFwdTrackMaker:INFO  - Creating the StFwdTrackCollection
StFwdTrackMaker:INFO  - Processing GenfitTrackResult(type=0): 0 mIsFitConverged=1, mIsFitConvergedPartially=1, mNumFitPoints=3
AAA FCS StraightLine: det=0 xyzdet=(-17.399,-5.26,710.16) norm=(-0.0301896,0,0.999544)
AAA projectAsStraightLine: tv3A=(-2.15033,-6.24954,574.935) tv3B=(-2.3654,-6.21784,624.929)
AAA   xyzf=(-17.399,-5.26,710.16) norm=(-0.0301896,0,0.999544)
AAA   tintersection=2.71371 result=(-2.73397,-6.16353,710.603)
AAA FCS StraightLine result: tv3=(-2.73397,-6.16353,710.603)
AAA FCS StraightLine: det=2 xyzdet=(-21.285,1.8,782.63) norm=(-0.0301896,0,0.999544)
AAA projectAsStraightLine: tv3A=(-2.15033,-6.24954,574.935) tv3B=(-2.3654,-6.21784,624.929)
AAA   xyzf=(-21.285,1.8,782.63) norm=(-0.0301896,0,0.999544)
AAA   tintersection=4.16546 result=(-3.04619,-6.11752,783.181)
AAA FCS StraightLine result: tv3=(-3.04619,-6.11752,783.181)
StFwdTrackMaker:INFO  - Processing GenfitTrackResult(type=2): 1 mIsFitConverged=1, mIsFitConvergedPartially=1, mNumFitPoints=7
AAA FCS StraightLine: det=0 xyzdet=(-17.399,-5.26,710.16) norm=(-0.0301896,0,0.999544)
AAA projectAsStraightLine: tv3A=(-12.479,-32.2061,574.623) tv3B=(-13.6382,-34.9174,624.588)
AAA   xyzf=(-17.399,-5.26,710.16) norm=(-0.0301896,0,0.999544)
AAA   tintersection=2.71371 result=(-15.6247,-39.564,710.214)
AAA FCS StraightLine result: tv3=(-15.6247,-39.564,710.214)
AAA FCS StraightLine: det=2 xyzdet=(-21.285,1.8,782.63) norm=(-0.0301896,0,0.999544)
AAA projectAsStraightLine: tv3A=(-12.479,-32.2061,574.623) tv3B=(-13.6382,-34.9174,624.588)
AAA   xyzf=(-21.285,1.8,782.63) norm=(-0.0301896,0,0.999544)
AAA   tintersection=4.16546 result=(-17.3075,-43.5002,782.75)
AAA FCS StraightLine result: tv3=(-17.3075,-43.5002,782.75)
StFwdTrackMaker:INFO  - Processing GenfitTrackResult(type=1): 2 mIsFitConverged=1, mIsFitConvergedPartially=1, mNumFitPoints=4
AAA FCS StraightLine: det=0 xyzdet=(-17.399,-5.26,710.16) norm=(-0.0301896,0,0.999544)
AAA projectAsStraightLine: tv3A=(-3.93667,-21.8894,574.881) tv3B=(-4.27682,-23.7808,624.871)
AAA   xyzf=(-17.399,-5.26,710.16) norm=(-0.0301896,0,0.999544)
AAA   tintersection=2.71371 result=(-4.85974,-27.022,710.539)
AAA FCS StraightLine result: tv3=(-4.85974,-27.022,710.539)
AAA FCS StraightLine: det=2 xyzdet=(-21.285,1.8,782.63) norm=(-0.0301896,0,0.999544)
AAA projectAsStraightLine: tv3A=(-3.93667,-21.8894,574.881) tv3B=(-4.27682,-23.7808,624.871)
AAA   xyzf=(-21.285,1.8,782.63) norm=(-0.0301896,0,0.999544)
AAA   tintersection=4.16546 result=(-5.35355,-29.7678,783.111)
AAA FCS StraightLine result: tv3=(-5.35355,-29.7678,783.111)
StFwdTrackMaker:INFO  - StFwdTrackCollection has 3 tracks now
StFwdTrackMaker:INFO  - StFwdTrackCollection has 3 tracks now
StFwdTrackMaker:INFO  - *** StFwdTrackMaker::Make() == StOK(0) ***
StFcsTrackMatchMaker:INFO  - *** StFcsTrackMatchMaker::Make() == StOK(0) ***
StStrangeMuDstMaker:WARN  - StStrangeMuDstMaker: no cut parameters found.
StStrangeMuDstMaker:INFO  - StV0Controller: found 0 V0 candidates
StStrangeMuDstMaker:INFO  - StXiController: found 0 Xi candidates
StStrangeMuDstMaker:INFO  - StKinkController: found 0 Kink candidates
StStrangeMuDstMaker:INFO  - *** StStrangeMuDstMaker::Make() == StOK(0) ***
StMuDstMaker:INFO  - Setting Fcs arrays
StMuDstMaker:INFO  - Setting Ftt arrays
StMuDstMaker:INFO  - fillMuFtt
StMuDstMaker:INFO  - fillMuFttRawHits
StMuDstMaker:INFO  - fillMuFttPoints
StMuDstMaker:INFO  - fillMuFttClusters
StMuDstMaker:INFO  - StMuDstMaker::fillFwdTrack(StEvent* ev)
StMuDstMaker:INFO  - StMuDSTMaker filling StMuFwdTrackCollection from StEvent
StMuDstMaker:INFO  - Connecting StMuFwdTrackCollection
StMuDstMaker:INFO  - Setting FwdTrack arrays
StMuDstMaker:INFO  - Adding 3 StMuFwdTracks to MuDSt
StMuDstMaker:INFO  - *** StMuDstMaker::Make() == StOK(0) ***
StTreeMaker:INFO  - *** StTreeMaker::Make() == StOK(0) ***
StPicoDstMaker:INFO  - Run = 1 year = 1999
StPicoDstMaker:INFO  - Retrieving mtdModuleToQTmap table from database ...
StPicoDstMaker:INFO  - Retrieving mtdQTSlewingCorr table from database ...
StPicoDstMaker:WARN  - No trigger data bank available!
StPicoDstMaker:INFO  - StPicoDstMaker::fillFcsHits filled 30
StPicoDstMaker:INFO  - StPicoDstMaker::fillFcsClusters filled 2
StPicoDstMaker:INFO  - *** StPicoDstMaker::Make() == StOK(0) ***
<---------- END EVENT
--------->START EVENT: 1
St_geant_Maker:INFO  - *** St_geant_Maker::Make() == StOK(0) ***
St_db_Maker:INFO  - *** St_db_Maker::Make() == StOK(0) ***
StMagFMaker:INFO  - *** StMagFMaker::Make() == StOK(0) ***
StDetectorDbMaker:INFO  - *** StDetectorDbMaker::Make() == StOK(0) ***
StTpcDbMaker:INFO  - *** StTpcDbMaker::Make() == StOK(0) ***
StFcsDbMaker:INFO  - *** StFcsDbMaker::Make() == StOK(0) ***
StEventMaker:INFO  - get trigDetSums from Calibrations/rich/trigDetSums
StEventMaker:WARN  - StEventMaker: No StDAQReader found
StEventMaker:INFO  - *** StEventMaker::Make() == StOK(0) ***
StMcEventMaker:INFO  - StMcEventMaker:   g2t_tpc_hit Table Not found 
StMcEventMaker:INFO  - StMcEventMaker:   particle    Table Not found 
StMcEventMaker:INFO  - *** StMcEventMaker::Make() == StOK(0) ***
StFcsFastSimulatorMaker:DEBUG - StFcsFastSimulatorMaker::Make
StFcsFastSimulatorMaker:DEBUG - Creating StFcsCollection
StFcsFastSimulatorMaker:INFO  - TAttr::Found : fcsleakyhcal = 0

StFcsFastSimulatorMaker:INFO  - TAttr::Found : fcshcalzdepeff = 0

StFcsFastSimulatorMaker:INFO  - g2t_wca_hit table has 34 hit
StFcsFastSimulatorMaker:INFO  - ECAL det=0 id= 46 volid=1047 e=0.001561
StFcsFastSimulatorMaker:INFO  - ECAL det=0 id= 47 volid=1048 e=0.001088
StFcsFastSimulatorMaker:INFO  - ECAL det=0 id= 69 volid=1070 e=0.000972
StFcsFastSimulatorMaker:INFO  - ECAL det=0 id= 70 volid=1071 e=0.001063
StFcsFastSimulatorMaker:INFO  - ECAL det=0 id= 71 volid=1072 e=0.003547
StFcsFastSimulatorMaker:INFO  - ECAL det=0 id= 72 volid=1073 e=0.001464
StFcsFastSimulatorMaker:INFO  - ECAL det=0 id= 90 volid=1091 e=0.001470
StFcsFastSimulatorMaker:INFO  - ECAL det=0 id= 91 volid=1092 e=0.025534
StFcsFastSimulatorMaker:INFO  - ECAL det=0 id= 92 volid=1093 e=0.011963
StFcsFastSimulatorMaker:INFO  - ECAL det=0 id= 95 volid=1096 e=0.000090
StFcsFastSimulatorMaker:INFO  - ECAL det=0 id=111 volid=1112 e=0.001446
StFcsFastSimulatorMaker:INFO  - ECAL det=0 id=112 volid=1113 e=0.013068
StFcsFastSimulatorMaker:INFO  - ECAL det=0 id=113 volid=1114 e=1.172828
StFcsFastSimulatorMaker:INFO  - ECAL det=0 id=114 volid=1115 e=0.152461
StFcsFastSimulatorMaker:INFO  - ECAL det=0 id=115 volid=1116 e=0.012130
StFcsFastSimulatorMaker:INFO  - ECAL det=0 id=133 volid=1134 e=0.000452
StFcsFastSimulatorMaker:INFO  - ECAL det=0 id=134 volid=1135 e=0.027309
StFcsFastSimulatorMaker:INFO  - ECAL det=0 id=135 volid=1136 e=1.544236
StFcsFastSimulatorMaker:INFO  - ECAL det=0 id=136 volid=1137 e=0.098555
StFcsFastSimulatorMaker:INFO  - ECAL det=0 id=137 volid=1138 e=0.002965
StFcsFastSimulatorMaker:INFO  - ECAL det=0 id=139 volid=1140 e=0.000555
StFcsFastSimulatorMaker:INFO  - ECAL det=0 id=155 volid=1156 e=0.001909
StFcsFastSimulatorMaker:INFO  - ECAL det=0 id=156 volid=1157 e=0.004957
StFcsFastSimulatorMaker:INFO  - ECAL det=0 id=157 volid=1158 e=0.013403
StFcsFastSimulatorMaker:INFO  - ECAL det=0 id=158 volid=1159 e=0.000546
StFcsFastSimulatorMaker:INFO  - ECAL det=0 id=159 volid=1160 e=0.000174
StFcsFastSimulatorMaker:INFO  - ECAL det=0 id=160 volid=1161 e=0.001050
StFcsFastSimulatorMaker:INFO  - ECAL det=0 id=179 volid=1180 e=0.008349
StFcsFastSimulatorMaker:INFO  - ECAL det=0 id=180 volid=1181 e=0.000286
StFcsFastSimulatorMaker:INFO  - ECAL det=0 id=181 volid=1182 e=0.000640
StFcsFastSimulatorMaker:INFO  - ECAL det=0 id=198 volid=1199 e=0.001001
StFcsFastSimulatorMaker:INFO  - ECAL det=0 id=199 volid=1200 e=0.000090
StFcsFastSimulatorMaker:INFO  - ECAL det=0 id=203 volid=1204 e=0.000780
StFcsFastSimulatorMaker:INFO  - ECAL det=0 id=247 volid=1248 e=0.001143
StFcsFastSimulatorMaker:INFO  - g2t_hca_hit table has 13 hit
StFcsFastSimulatorMaker:INFO  - HCAL det=2 id=14 volid= 1015 e=0.000638
StFcsFastSimulatorMaker:INFO  - HCAL det=2 id=27 volid= 1028 e=0.000608
StFcsFastSimulatorMaker:INFO  - HCAL det=2 id=29 volid= 1030 e=0.000879
StFcsFastSimulatorMaker:INFO  - HCAL det=2 id=39 volid= 1040 e=0.000128
StFcsFastSimulatorMaker:INFO  - HCAL det=2 id=41 volid= 1042 e=0.002804
StFcsFastSimulatorMaker:INFO  - HCAL det=2 id=52 volid= 1053 e=0.000062
StFcsFastSimulatorMaker:INFO  - HCAL det=2 id=53 volid= 1054 e=0.006070
StFcsFastSimulatorMaker:INFO  - HCAL det=2 id=54 volid= 1055 e=0.004413
StFcsFastSimulatorMaker:INFO  - HCAL det=2 id=65 volid= 1066 e=0.000990
StFcsFastSimulatorMaker:INFO  - HCAL det=2 id=66 volid= 1067 e=0.002861
StFcsFastSimulatorMaker:INFO  - HCAL det=2 id=67 volid= 1068 e=0.002147
StFcsFastSimulatorMaker:INFO  - HCAL det=2 id=69 volid= 1070 e=0.000018
StFcsFastSimulatorMaker:INFO  - HCAL det=2 id=79 volid= 1080 e=0.000056
StFcsFastSimulatorMaker:INFO  - g2t_epd_hit table has 2 hit
StFcsFastSimulatorMaker:INFO  - Pres det=4 id= 38 volid=202120 e=  2.757274
StFcsFastSimulatorMaker:INFO  - Pres det=4 id= 38 volid=202120 e=  1.004338
StFcsFastSimulatorMaker:INFO  - Det=0 id= 46 dE=   0.002 SF= 0.200 gain= 0.005 corr= 1.000 ADC=   1 ZS= 1 digiE=   0.005
StFcsFastSimulatorMaker:INFO  - Det=0 id= 47 dE=   0.001 SF= 0.200 gain= 0.005 corr= 1.000 ADC=   1 ZS= 1 digiE=   0.005
StFcsFastSimulatorMaker:INFO  - Det=0 id= 69 dE=   0.001 SF= 0.200 gain= 0.005 corr= 1.000 ADC=   0 ZS= 1 digiE=   0.000
StFcsFastSimulatorMaker:INFO  - Det=0 id= 70 dE=   0.001 SF= 0.200 gain= 0.005 corr= 1.000 ADC=   1 ZS= 1 digiE=   0.005
StFcsFastSimulatorMaker:INFO  - Det=0 id= 71 dE=   0.004 SF= 0.200 gain= 0.005 corr= 1.000 ADC=   3 ZS= 1 digiE=   0.016
StFcsFastSimulatorMaker:INFO  - Det=0 id= 72 dE=   0.001 SF= 0.200 gain= 0.005 corr= 1.000 ADC=   1 ZS= 1 digiE=   0.005
StFcsFastSimulatorMaker:INFO  - Det=0 id= 90 dE=   0.001 SF= 0.200 gain= 0.005 corr= 1.000 ADC=   1 ZS= 1 digiE=   0.005
StFcsFastSimulatorMaker:INFO  - Det=0 id= 91 dE=   0.026 SF= 0.200 gain= 0.005 corr= 1.000 ADC=  24 ZS= 1 digiE=   0.127
StFcsFastSimulatorMaker:INFO  - Det=0 id= 92 dE=   0.012 SF= 0.200 gain= 0.005 corr= 1.000 ADC=  11 ZS= 1 digiE=   0.058
StFcsFastSimulatorMaker:INFO  - Det=0 id= 95 dE=   0.000 SF= 0.200 gain= 0.005 corr= 1.000 ADC=   0 ZS= 1 digiE=   0.000
StFcsFastSimulatorMaker:INFO  - Det=0 id=111 dE=   0.001 SF= 0.200 gain= 0.005 corr= 1.000 ADC=   1 ZS= 1 digiE=   0.005
StFcsFastSimulatorMaker:INFO  - Det=0 id=112 dE=   0.013 SF= 0.200 gain= 0.005 corr= 1.000 ADC=  12 ZS= 1 digiE=   0.064
StFcsFastSimulatorMaker:INFO  - Det=0 id=113 dE=   1.173 SF= 0.200 gain= 0.005 corr= 1.000 ADC=1106 ZS= 1 digiE=   5.862
StFcsFastSimulatorMaker:INFO  - Det=0 id=114 dE=   0.152 SF= 0.200 gain= 0.005 corr= 1.000 ADC= 143 ZS= 1 digiE=   0.758
StFcsFastSimulatorMaker:INFO  - Det=0 id=115 dE=   0.012 SF= 0.200 gain= 0.005 corr= 1.000 ADC=  11 ZS= 1 digiE=   0.058
StFcsFastSimulatorMaker:INFO  - Det=0 id=133 dE=   0.000 SF= 0.200 gain= 0.005 corr= 1.000 ADC=   0 ZS= 1 digiE=   0.000
StFcsFastSimulatorMaker:INFO  - Det=0 id=134 dE=   0.027 SF= 0.200 gain= 0.005 corr= 1.000 ADC=  25 ZS= 1 digiE=   0.132
StFcsFastSimulatorMaker:INFO  - Det=0 id=135 dE=   1.544 SF= 0.200 gain= 0.005 corr= 1.000 ADC=1456 ZS= 1 digiE=   7.717
StFcsFastSimulatorMaker:INFO  - Det=0 id=136 dE=   0.099 SF= 0.200 gain= 0.005 corr= 1.000 ADC=  92 ZS= 1 digiE=   0.488
StFcsFastSimulatorMaker:INFO  - Det=0 id=137 dE=   0.003 SF= 0.200 gain= 0.005 corr= 1.000 ADC=   2 ZS= 1 digiE=   0.011
StFcsFastSimulatorMaker:INFO  - Det=0 id=139 dE=   0.001 SF= 0.200 gain= 0.005 corr= 1.000 ADC=   0 ZS= 1 digiE=   0.000
StFcsFastSimulatorMaker:INFO  - Det=0 id=155 dE=   0.002 SF= 0.200 gain= 0.005 corr= 1.000 ADC=   1 ZS= 1 digiE=   0.005
StFcsFastSimulatorMaker:INFO  - Det=0 id=156 dE=   0.005 SF= 0.200 gain= 0.005 corr= 1.000 ADC=   4 ZS= 1 digiE=   0.021
StFcsFastSimulatorMaker:INFO  - Det=0 id=157 dE=   0.013 SF= 0.200 gain= 0.005 corr= 1.000 ADC=  12 ZS= 1 digiE=   0.064
StFcsFastSimulatorMaker:INFO  - Det=0 id=158 dE=   0.001 SF= 0.200 gain= 0.005 corr= 1.000 ADC=   0 ZS= 1 digiE=   0.000
StFcsFastSimulatorMaker:INFO  - Det=0 id=159 dE=   0.000 SF= 0.200 gain= 0.005 corr= 1.000 ADC=   0 ZS= 1 digiE=   0.000
StFcsFastSimulatorMaker:INFO  - Det=0 id=160 dE=   0.001 SF= 0.200 gain= 0.005 corr= 1.000 ADC=   0 ZS= 1 digiE=   0.000
StFcsFastSimulatorMaker:INFO  - Det=0 id=179 dE=   0.008 SF= 0.200 gain= 0.005 corr= 1.000 ADC=   7 ZS= 1 digiE=   0.037
StFcsFastSimulatorMaker:INFO  - Det=0 id=180 dE=   0.000 SF= 0.200 gain= 0.005 corr= 1.000 ADC=   0 ZS= 1 digiE=   0.000
StFcsFastSimulatorMaker:INFO  - Det=0 id=181 dE=   0.001 SF= 0.200 gain= 0.005 corr= 1.000 ADC=   0 ZS= 1 digiE=   0.000
StFcsFastSimulatorMaker:INFO  - Det=0 id=198 dE=   0.001 SF= 0.200 gain= 0.005 corr= 1.000 ADC=   0 ZS= 1 digiE=   0.000
StFcsFastSimulatorMaker:INFO  - Det=0 id=199 dE=   0.000 SF= 0.200 gain= 0.005 corr= 1.000 ADC=   0 ZS= 1 digiE=   0.000
StFcsFastSimulatorMaker:INFO  - Det=0 id=203 dE=   0.001 SF= 0.200 gain= 0.005 corr= 1.000 ADC=   0 ZS= 1 digiE=   0.000
StFcsFastSimulatorMaker:INFO  - Det=0 id=247 dE=   0.001 SF= 0.200 gain= 0.005 corr= 1.000 ADC=   1 ZS= 1 digiE=   0.005
StFcsFastSimulatorMaker:INFO  - Det=2 id= 14 dE=   0.001 SF= 0.014 gain= 0.005 corr= 1.000 ADC=   8 ZS= 1 digiE=   0.042
StFcsFastSimulatorMaker:INFO  - Det=2 id= 27 dE=   0.001 SF= 0.014 gain= 0.005 corr= 1.000 ADC=   7 ZS= 1 digiE=   0.037
StFcsFastSimulatorMaker:INFO  - Det=2 id= 29 dE=   0.001 SF= 0.014 gain= 0.005 corr= 1.000 ADC=  11 ZS= 1 digiE=   0.058
StFcsFastSimulatorMaker:INFO  - Det=2 id= 39 dE=   0.000 SF= 0.014 gain= 0.005 corr= 1.000 ADC=   1 ZS= 1 digiE=   0.005
StFcsFastSimulatorMaker:INFO  - Det=2 id= 41 dE=   0.003 SF= 0.014 gain= 0.005 corr= 1.000 ADC=  36 ZS= 1 digiE=   0.191
StFcsFastSimulatorMaker:INFO  - Det=2 id= 52 dE=   0.000 SF= 0.014 gain= 0.005 corr= 1.000 ADC=   0 ZS= 1 digiE=   0.000
StFcsFastSimulatorMaker:INFO  - Det=2 id= 53 dE=   0.006 SF= 0.014 gain= 0.005 corr= 1.000 ADC=  78 ZS= 1 digiE=   0.413
StFcsFastSimulatorMaker:INFO  - Det=2 id= 54 dE=   0.004 SF= 0.014 gain= 0.005 corr= 1.000 ADC=  57 ZS= 1 digiE=   0.302
StFcsFastSimulatorMaker:INFO  - Det=2 id= 65 dE=   0.001 SF= 0.014 gain= 0.005 corr= 1.000 ADC=  12 ZS= 1 digiE=   0.064
StFcsFastSimulatorMaker:INFO  - Det=2 id= 66 dE=   0.003 SF= 0.014 gain= 0.005 corr= 1.000 ADC=  37 ZS= 1 digiE=   0.196
StFcsFastSimulatorMaker:INFO  - Det=2 id= 67 dE=   0.002 SF= 0.014 gain= 0.005 corr= 1.000 ADC=  27 ZS= 1 digiE=   0.143
StFcsFastSimulatorMaker:INFO  - Det=2 id= 69 dE=   0.000 SF= 0.014 gain= 0.005 corr= 1.000 ADC=   0 ZS= 1 digiE=   0.000
StFcsFastSimulatorMaker:INFO  - Det=2 id= 79 dE=   0.000 SF= 0.014 gain= 0.005 corr= 1.000 ADC=   0 ZS= 1 digiE=   0.000
StFcsFastSimulatorMaker:INFO  - Det=4 id= 38 dE=   3.762 SF= 2.000 gain= 0.010 corr= 0.500 ADC= 376 ZS= 1 digiE=   1.880
StFcsFastSimulatorMaker:INFO  - wca Found 34 g2t hits in 14 cells, created 14 hits with ADC>ZS(1) and Etot=  15.412
StFcsFastSimulatorMaker:INFO  - hca Found 13 g2t hits in 9 cells, created 9 hits with ADC>ZS(1) and Etot=   1.447
StFcsFastSimulatorMaker:INFO  - pre Found 2 g2t hits in 1 cells, created 1 hits with ADC>ZS(1) and Etot=   1.880
StFcsFastSimulatorMaker:INFO  - *** StFcsFastSimulatorMaker::Make() == StOK(0) ***
StFcsWaveformFitMaker:INFO  - *** StFcsWaveformFitMaker::Make() == StOK(0) ***
StFcsClusterMaker:DEBUG - StFcsClusterMaker Make!!!
  *** Print FCS collection ***  RecFlag=0
  *** FCS Det=0 *** NHit= 14 NCluster=  1 NPoint=  0
StFcsHit: det= 0 id=135 | ns=0 ehp=0 dep= 0 ch=22 | Ntb=  1 Sum=     0 Fit=  0.00   0.00 E=  7.72 | 1456 (  0) 
StFcsHit: det= 0 id=113 | ns=0 ehp=0 dep= 0 ch=18 | Ntb=  1 Sum=     0 Fit=  0.00   0.00 E=  5.86 | 1106 (  0) 
StFcsHit: det= 0 id=114 | ns=0 ehp=0 dep= 0 ch=19 | Ntb=  1 Sum=     0 Fit=  0.00   0.00 E=  0.76 |  143 (  0) 
StFcsHit: det= 0 id=136 | ns=0 ehp=0 dep= 0 ch=23 | Ntb=  1 Sum=     0 Fit=  0.00   0.00 E=  0.49 |   92 (  0) 
StFcsHit: det= 0 id=134 | ns=0 ehp=0 dep= 0 ch=21 | Ntb=  1 Sum=     0 Fit=  0.00   0.00 E=  0.13 |   25 (  0) 
StFcsHit: det= 0 id= 91 | ns=0 ehp=0 dep= 0 ch=14 | Ntb=  1 Sum=     0 Fit=  0.00   0.00 E=  0.13 |   24 (  0) 
StFcsHit: det= 0 id=112 | ns=0 ehp=0 dep= 0 ch=17 | Ntb=  1 Sum=     0 Fit=  0.00   0.00 E=  0.06 |   12 (  0) 
StFcsHit: det= 0 id=157 | ns=0 ehp=0 dep= 0 ch=26 | Ntb=  1 Sum=     0 Fit=  0.00   0.00 E=  0.06 |   12 (  0) 
StFcsHit: det= 0 id= 92 | ns=0 ehp=0 dep= 0 ch=15 | Ntb=  1 Sum=     0 Fit=  0.00   0.00 E=  0.06 |   11 (  0) 
StFcsHit: det= 0 id=115 | ns=0 ehp=0 dep= 1 ch=16 | Ntb=  1 Sum=     0 Fit=  0.00   0.00 E=  0.06 |   11 (  0) 
StFcsHit: det= 0 id=179 | ns=0 ehp=0 dep= 0 ch=30 | Ntb=  1 Sum=     0 Fit=  0.00   0.00 E=  0.04 |    7 (  0) 
StFcsHit: det= 0 id=156 | ns=0 ehp=0 dep= 0 ch=25 | Ntb=  1 Sum=     0 Fit=  0.00   0.00 E=  0.02 |    4 (  0) 
StFcsHit: det= 0 id= 71 | ns=0 ehp=0 dep= 1 ch= 8 | Ntb=  1 Sum=     0 Fit=  0.00   0.00 E=  0.02 |    3 (  0) 
StFcsHit: det= 0 id=137 | ns=0 ehp=0 dep= 1 ch=20 | Ntb=  1 Sum=     0 Fit=  0.00   0.00 E=  0.01 |    2 (  0) 
StFcsCluster id=   0 ctg=1 n=13 nNeigh=0 nPoints=0 loc=   3.66    6.00 PXYZE=  -0.81    1.19   15.33   15.40 E=  15.40 sigMin/max=   0.38    0.51 Chi2=   0.00    0.00
  *** FCS Det=1 *** NHit=  0 NCluster=  0 NPoint=  0
  *** FCS Det=2 *** NHit=  9 NCluster=  1 NPoint=  0
StFcsHit: det= 2 id= 53 | ns=0 ehp=1 dep= 0 ch= 9 | Ntb=  1 Sum=     0 Fit=  0.00   0.00 E=  0.41 |   78 (  0) 
StFcsHit: det= 2 id= 54 | ns=0 ehp=1 dep= 0 ch=10 | Ntb=  1 Sum=     0 Fit=  0.00   0.00 E=  0.30 |   57 (  0) 
StFcsHit: det= 2 id= 66 | ns=0 ehp=1 dep= 0 ch=13 | Ntb=  1 Sum=     0 Fit=  0.00   0.00 E=  0.20 |   37 (  0) 
StFcsHit: det= 2 id= 41 | ns=0 ehp=1 dep= 0 ch= 6 | Ntb=  1 Sum=     0 Fit=  0.00   0.00 E=  0.19 |   36 (  0) 
StFcsHit: det= 2 id= 67 | ns=0 ehp=1 dep= 0 ch=14 | Ntb=  1 Sum=     0 Fit=  0.00   0.00 E=  0.14 |   27 (  0) 
StFcsHit: det= 2 id= 65 | ns=0 ehp=1 dep= 0 ch=12 | Ntb=  1 Sum=     0 Fit=  0.00   0.00 E=  0.06 |   12 (  0) 
StFcsHit: det= 2 id= 29 | ns=0 ehp=1 dep= 0 ch= 3 | Ntb=  1 Sum=     0 Fit=  0.00   0.00 E=  0.06 |   11 (  0) 
StFcsHit: det= 2 id= 14 | ns=0 ehp=1 dep= 6 ch= 5 | Ntb=  1 Sum=     0 Fit=  0.00   0.00 E=  0.04 |    8 (  0) 
StFcsHit: det= 2 id= 27 | ns=0 ehp=1 dep= 0 ch= 1 | Ntb=  1 Sum=     0 Fit=  0.00   0.00 E=  0.04 |    7 (  0) 
StFcsCluster id=   0 ctg=1 n= 8 nNeigh=0 nPoints=0 loc=   1.96    4.57 PXYZE=  -0.07    0.10    1.40    1.40 E=   1.40 sigMin/max=   0.42    0.62 Chi2=   0.00    0.00
  *** FCS Det=3 *** NHit=  0 NCluster=  0 NPoint=  0
  *** FCS Det=4 *** NHit=  1 NCluster=  0 NPoint=  0
StFcsHit: det= 4 id= 38 | ns=0 ehp=2 dep= 1 ch= 6 | Ntb=  1 Sum=     0 Fit=  0.00   0.00 E=  1.88 |  376 (  0) 
  *** FCS Det=5 *** NHit=  0 NCluster=  0 NPoint=  0
  *** FCS Det=6 *** NHit=  0 NCluster=  1 NPoint=  0
StFcsClusterMaker:INFO  - *** StFcsClusterMaker::Make() == StOK(0) ***
StFttClusterPointMaker:INFO  - Creating FttCollection
StFttClusterPointMaker:INFO  - Making Geant points
StFttClusterPointMaker:INFO  - *** StFttClusterPointMaker::Make() == StOK(0) ***
StFwdTrackMaker:INFO  - Setting Event Vertex from geant/g2t_vertex[0]: 0x152cd850
StFwdTrackMaker:INFO  - TAttr::Found : useftt = 1

StFwdTrackMaker:INFO  - TAttr::Found : usefst = 1

StFwdTrackMaker:INFO  - TAttr::Found : useepd = 1

StFwdTrackMaker:INFO  - There are: 1 with 0 FST, 0 with 1 FST, 0 with 2 FST, 1 with 3 FST
StFwdTrackMaker:INFO  - There are: 1 with 0 FTT, 0 with 1 FTT, 0 with 2 FTT, 0 with 3 FTT, 0 with 4 FTT, 0 with 5 FTT, 0 with 6 FTT, 0 with 7 FTT, 1 with 8 FTT
StFwdTrackMaker:INFO  - There are 1 McTracks with > 2 FST hits (#of possible seeds)
StFwdTrackMaker:INFO  - 	Finding FWD Track Seeds
StFwdTrackMaker:INFO  - Hitmap Source: fst
StFwdTrackMaker:INFO  - Performing Fwd Seed finding with mode: fst = 
StFwdTrackMaker:INFO  - Found 1 seeds in 1 iterations
StFwdTrackMaker:INFO  - Total Hits removed: 0
StFwdTrackMaker:INFO  - Seed [0] with 3 hits : id=2@2id=1@1id=0@0
StFwdTrackMaker:INFO  - <<Fwd Tracking Found : 1 Track Seeds from 3 FST hits and 4 sTGC hits
StFwdTrackMaker:INFO  -     (vs. 1 McTracks with FST>2, eff = 1)
StFwdTrackMaker:INFO  - 	Fitting FWD Track Seeds
StFwdTrackMaker:INFO  - TrackFitter:refit = 1
StFwdTrackMaker:INFO  - Starting Track fitting loop with 1 track seeds
StFwdTrackMaker:INFO  - TrackFitter:refit = 1
StFwdTrackMaker:INFO  - 		Mc Match idTruth=1, quality = 1
StFwdTrackMaker:INFO  - GenFitTrackResult::mIdTruth = 1, QaTruth = 1
The points are collinear, curvature is undefined.
p1 = -7.13476, 10.2638
p2 = -8.8471, 12.7271
p3 = -8.8471, 12.7271
StFwdTrackMaker:INFO  - GenericFitSeeder::makeSeed::Curvature: -1e-07
StFwdTrackMaker:INFO  - GenericFitSeeder::makeSeed::pt = 14989.5
StFwdTrackMaker:WARN  - Seed momentum is too high, setting to (0,0,1)
StFwdTrackMaker:INFO  - Track Setup complete, track has 3 points
StFwdTrackMaker:INFO  -  sorting changed track points: 0
StFwdTrackMaker:INFO  - Fit status:  1
StFwdTrackMaker:INFO  - -Fit pvalue: 0.763961
StFwdTrackMaker:INFO  - -Fit Chi2:   0.0901703
StFwdTrackMaker:INFO  - -Fit Chi2:   0.0901703
StFwdTrackMaker:INFO  - Track fit charge: 1Fit momentum: -1.01159, 1.45524, 15.0323
StFwdTrackMaker:INFO  - 	Fit Pt: 1.7723, eta: 2.83453, phi: 2.17825
StFwdTrackMaker:INFO  - Track fit update complete!
StFwdTrackMaker:INFO  - Track Reps: 1
StFwdTrackMaker:INFO  - Track Rep 0 
genfit::AbsTrackRep, pdgCode = -211. PropDir = 0
fitStatus 
 track has been fitted, fit has converged fully, 0 TrackPoints could not be processed, fitted charge = 1, PruneFlags: 
 track has been fitted with reference track, numIterations = 2, track length = 27.1959, fChi2 = 0.0901703, bChi2 = 0.0901703, fNdf = 1, bNdf = 1, fPVal = 0.763961, bPVal = 0.763961

StFwdTrackMaker:INFO  - GenFitTrackResult::mIdTruth = 1, QaTruth = 1
StFwdTrackMaker:INFO  - GTR Setting momentum from track
StFwdTrackMaker:INFO  - --isFitConvergedPartially() = 1
StFwdTrackMaker:INFO  - --isFitConverged() = 1
StFwdTrackMaker:INFO  - --isFitConvergedFully() = 1
StFwdTrackMaker:INFO  - Looking for FTT strips near projected state on disk 0
StFwdTrackMaker:INFO  - There are 2 available FTT strips on this disk
AAA FTT proj z= 312.25  x=-18.086 y= 26.276  r= 31.899 phi= 2.1736  sigU= 5.630 sigV= 0.113
AAA FTT momentum at proj: pT= 1.772 eta= 2.835 phi= 2.1652  px= -0.992 py=  1.468 pz= 15.032
AAA FTT search thresholds: dPhi<0.1200 dR<30.00 dx<7.50 dy<7.50  nHits=2
findFttHitsNearProjectedState, msp = (-18.086153, 26.275800)
AAA FTT hit H pos=(-23.570+/-4.33,  23.469+/-0.01)  dx= 5.484 dy= 2.806 dR= 1.363 dPhi=0.1847 (tid=1)  dPhi:FAIL dR:OK XY:OK
	 vs. hit@(-16.578691+/-0.010000, 24.773743+/-4.330127) => dx=1.507461, dy=1.502057, dR=2.089443, dPhi=0.013087 (tid=1), strip=vertical
AAA FTT hit V pos=(-16.579+/-0.01,  24.774+/-4.33)  dx= 1.507 dy= 1.502 dR= 2.089 dPhi=0.0131 (tid=1)  dPhi:OK dR:OK XY:OK
StFwdTrackMaker:INFO  - Adding vertical strip hit with dPhi = 0.0130865, dR = 2.08944, dx = 1.50746, dy = 1.50206
StFwdTrackMaker:INFO  - Closest horizontal FTT strip to FST state: dR=1.363427, dPhi=0.184701, dx=5.484148, dy=2.806468 (tid=1) 
AAA FTT closest-H dPhi=0.1847(<0.1200) dR= 1.363(< 30.0) dx= 5.484 dy= 2.806(< 7.50) tid=1 -> REJECT
StFwdTrackMaker:INFO  - Closest vertical FTT strip to FST state: dR=2.089443, dPhi=0.013087, dx=1.507461, dy=1.502057 (tid=1) 
AAA FTT closest-V dPhi=0.0131(<0.1200) dR= 2.089(< 30.0) dx= 1.507 dy= 1.502(< 7.50) tid=1 -> ACCEPT
AAA FTT result: 1 hits added (H:REJECT V:ACCEPT)
StFwdTrackMaker:INFO  -  Found #FTT strips on plane #0 = [1]
StFwdTrackMaker:INFO  - Found 3 existing seed points
StFwdTrackMaker:INFO  - Adding 1 new FTT seed points
StFwdTrackMaker:INFO  - Looking for FTT strips near projected state on disk 1
StFwdTrackMaker:INFO  - There are 2 available FTT strips on this disk
AAA FTT proj z= 312.25  x=-18.086 y= 26.276  r= 31.899 phi= 2.1736  sigU= 5.630 sigV= 0.161
AAA FTT momentum at proj: pT= 1.772 eta= 2.835 phi= 2.1652  px= -0.992 py=  1.468 pz= 15.032
AAA FTT search thresholds: dPhi<0.1200 dR<30.00 dx<7.50 dy<7.50  nHits=2
findFttHitsNearProjectedState, msp = (-18.086153, 26.275800)
AAA FTT hit H pos=(-11.497+/-4.33,  24.822+/-0.01)  dx= 6.589 dy= 1.454 dR= 4.543 dPhi=0.1691 (tid=1)  dPhi:FAIL dR:OK XY:OK
	 vs. hit@(-17.511801+/-0.010000, 21.865486+/-4.330127) => dx=0.574352, dy=4.410314, dR=3.885077, dPhi=0.072438 (tid=1), strip=vertical
AAA FTT hit V pos=(-17.512+/-0.01,  21.865+/-4.33)  dx= 0.574 dy= 4.410 dR= 3.885 dPhi=0.0724 (tid=1)  dPhi:OK dR:OK XY:OK
StFwdTrackMaker:INFO  - Adding vertical strip hit with dPhi = 0.0724382, dR = 3.88508, dx = 0.574352, dy = 4.41031
StFwdTrackMaker:INFO  - Closest horizontal FTT strip to FST state: dR=4.543263, dPhi=0.169095, dx=6.589351, dy=1.453571 (tid=1) 
AAA FTT closest-H dPhi=0.1691(<0.1200) dR= 4.543(< 30.0) dx= 6.589 dy= 1.454(< 7.50) tid=1 -> REJECT
StFwdTrackMaker:INFO  - Closest vertical FTT strip to FST state: dR=3.885077, dPhi=0.072438, dx=0.574352, dy=4.410314 (tid=1) 
AAA FTT closest-V dPhi=0.0724(<0.1200) dR= 3.885(< 30.0) dx= 0.574 dy= 4.410(< 7.50) tid=1 -> ACCEPT
AAA FTT result: 1 hits added (H:REJECT V:ACCEPT)
StFwdTrackMaker:INFO  -  Found #FTT strips on plane #1 = [1]
StFwdTrackMaker:INFO  - Found 4 existing seed points
StFwdTrackMaker:INFO  - Adding 1 new FTT seed points
StFwdTrackMaker:INFO  - Looking for FTT strips near projected state on disk 2
StFwdTrackMaker:INFO  - There are 2 available FTT strips on this disk
AAA FTT proj z= 312.25  x=-18.086 y= 26.276  r= 31.899 phi= 2.1736  sigU= 5.630 sigV= 0.113
AAA FTT momentum at proj: pT= 1.772 eta= 2.835 phi= 2.1652  px= -0.992 py=  1.468 pz= 15.032
AAA FTT search thresholds: dPhi<0.1200 dR<30.00 dx<7.50 dy<7.50  nHits=2
findFttHitsNearProjectedState, msp = (-18.086153, 26.275800)
AAA FTT hit H pos=(-24.065+/-4.33,  26.028+/-0.01)  dx= 5.979 dy= 0.248 dR= 3.549 dPhi=0.1434 (tid=1)  dPhi:FAIL dR:OK XY:OK
	 vs. hit@(-18.391443+/-0.010000, 29.489065+/-4.330127) => dx=0.305291, dy=3.213265, dR=2.855446, dPhi=0.045202 (tid=1), strip=vertical
AAA FTT hit V pos=(-18.391+/-0.01,  29.489+/-4.33)  dx= 0.305 dy= 3.213 dR= 2.855 dPhi=0.0452 (tid=1)  dPhi:OK dR:OK XY:OK
StFwdTrackMaker:INFO  - Adding vertical strip hit with dPhi = 0.0452015, dR = 2.85545, dx = 0.305291, dy = 3.21327
StFwdTrackMaker:INFO  - Closest horizontal FTT strip to FST state: dR=3.549332, dPhi=0.143384, dx=5.978581, dy=0.247911 (tid=1) 
AAA FTT closest-H dPhi=0.1434(<0.1200) dR= 3.549(< 30.0) dx= 5.979 dy= 0.248(< 7.50) tid=1 -> REJECT
StFwdTrackMaker:INFO  - Closest vertical FTT strip to FST state: dR=2.855446, dPhi=0.045202, dx=0.305291, dy=3.213265 (tid=1) 
AAA FTT closest-V dPhi=0.0452(<0.1200) dR= 2.855(< 30.0) dx= 0.305 dy= 3.213(< 7.50) tid=1 -> ACCEPT
AAA FTT result: 1 hits added (H:REJECT V:ACCEPT)
StFwdTrackMaker:INFO  -  Found #FTT strips on plane #2 = [1]
StFwdTrackMaker:INFO  - Found 5 existing seed points
StFwdTrackMaker:INFO  - Adding 1 new FTT seed points
StFwdTrackMaker:INFO  - Looking for FTT strips near projected state on disk 3
StFwdTrackMaker:INFO  - There are 2 available FTT strips on this disk
AAA FTT proj z= 312.25  x=-18.086 y= 26.276  r= 31.899 phi= 2.1736  sigU= 5.630 sigV= 0.161
AAA FTT momentum at proj: pT= 1.772 eta= 2.835 phi= 2.1652  px= -0.992 py=  1.468 pz= 15.032
AAA FTT search thresholds: dPhi<0.1200 dR<30.00 dx<7.50 dy<7.50  nHits=2
findFttHitsNearProjectedState, msp = (-18.086153, 26.275800)
	 vs. hit@(-19.007347+/-4.330127, 27.358519+/-0.010000) => dx=0.921195, dy=1.082719, dR=1.414485, dPhi=0.004350 (tid=1), strip=horizontal
AAA FTT hit H pos=(-19.007+/-4.33,  27.359+/-0.01)  dx= 0.921 dy= 1.083 dR= 1.414 dPhi=0.0044 (tid=1)  dPhi:OK dR:OK XY:OK
	 vs. hit@(-19.377897+/-0.010000, 23.148418+/-4.330127) => dx=1.291745, dy=3.127382, dR=1.710082, dPhi=0.094122 (tid=1), strip=vertical
AAA FTT hit V pos=(-19.378+/-0.01,  23.148+/-4.33)  dx= 1.292 dy= 3.127 dR= 1.710 dPhi=0.0941 (tid=1)  dPhi:OK dR:OK XY:OK
StFwdTrackMaker:INFO  - Adding horizontal strip hit with dPhi = 0.00435039, dR = 1.41448, dx = 0.921195, dy = 1.08272
StFwdTrackMaker:INFO  - Adding vertical strip hit with dPhi = 0.0941224, dR = 1.71008, dx = 1.29174, dy = 3.12738
StFwdTrackMaker:INFO  - Closest horizontal FTT strip to FST state: dR=1.414485, dPhi=0.004350, dx=0.921195, dy=1.082719 (tid=1) 
AAA FTT closest-H dPhi=0.0044(<0.1200) dR= 1.414(< 30.0) dx= 0.921 dy= 1.083(< 7.50) tid=1 -> ACCEPT
StFwdTrackMaker:INFO  - Closest vertical FTT strip to FST state: dR=1.710082, dPhi=0.094122, dx=1.291745, dy=3.127382 (tid=1) 
AAA FTT closest-V dPhi=0.0941(<0.1200) dR= 1.710(< 30.0) dx= 1.292 dy= 3.127(< 7.50) tid=1 -> ACCEPT
AAA FTT result: 2 hits added (H:ACCEPT V:ACCEPT)
StFwdTrackMaker:INFO  -  Found #FTT strips on plane #3 = [2]
StFwdTrackMaker:INFO  - Found 6 existing seed points
StFwdTrackMaker:INFO  - Adding 2 new FTT seed points
StFwdTrackMaker:INFO  - Closest EPD hit to state: dR=2.140866, dPhi=-0.052880
StFwdTrackMaker:INFO  - GenFitTrackResult::mIdTruth = 1, QaTruth = 1
The points are collinear, curvature is undefined.
p1 = -7.13476, 10.2638
p2 = -8.8471, 12.7271
p3 = -8.8471, 12.7271
The points are collinear, curvature is undefined.
p1 = -8.8471, 12.7271
p2 = -8.8471, 12.7271
p3 = -16.5787, 24.7737
The points are collinear, curvature is undefined.
p1 = -8.8471, 12.7271
p2 = -8.8471, 12.7271
p3 = -17.5118, 21.8655
The points are collinear, curvature is undefined.
p1 = -8.8471, 12.7271
p2 = -8.8471, 12.7271
p3 = -18.3914, 29.4891
The points are collinear, curvature is undefined.
p1 = -8.8471, 12.7271
p2 = -8.8471, 12.7271
p3 = -19.0073, 27.3585
The points are collinear, curvature is undefined.
p1 = -8.8471, 12.7271
p2 = -8.8471, 12.7271
p3 = -19.3779, 23.1484
StFwdTrackMaker:INFO  - GenericFitSeeder::makeSeed::Curvature: -0.0538561
StFwdTrackMaker:INFO  - GenericFitSeeder::makeSeed::pt = 0.0278325
StFwdTrackMaker:INFO  - Note: Using externally provided seed momentum
StFwdTrackMaker:INFO  - Track Setup complete, track has 8 points
StFwdTrackMaker:INFO  -  sorting changed track points: 0
StFwdTrackMaker:INFO  - Fit status:  1
StFwdTrackMaker:INFO  - -Fit pvalue: 0.592965
StFwdTrackMaker:INFO  - -Fit Chi2:   9.31366
StFwdTrackMaker:INFO  - -Fit Chi2:   9.31366
StFwdTrackMaker:INFO  - Track fit charge: 1Fit momentum: -0.202731, 0.262718, 3.53478
StFwdTrackMaker:INFO  - 	Fit Pt: 0.331844, eta: 3.06108, phi: 2.22802
StFwdTrackMaker:INFO  - Track fit update complete!
StFwdTrackMaker:INFO  - Track Reps: 1
StFwdTrackMaker:INFO  - Track Rep 0 
genfit::AbsTrackRep, pdgCode = -211. PropDir = 0
fitStatus 
 track has been fitted, fit has converged fully, 0 TrackPoints could not be processed, fitted charge = 1, PruneFlags: 
 track has been fitted with reference track, numIterations = 3, track length = 216.371, fChi2 = 9.31364, bChi2 = 9.31366, fNdf = 11, bNdf = 11, fPVal = 0.592967, bPVal = 0.592965

StFwdTrackMaker:INFO  - GenFitTrackResult::mIdTruth = 1, QaTruth = 1
StFwdTrackMaker:INFO  - GTR Setting momentum from track
StFwdTrackMaker:INFO  - --isFitConvergedPartially() = 1
StFwdTrackMaker:INFO  - --isFitConverged() = 1
StFwdTrackMaker:INFO  - --isFitConvergedFully() = 1
StFwdTrackMaker:INFO  - Global track fitting completed, found 1 global tracks from 1 track seed candidates
StFwdTrackMaker:INFO  - >>doBeamlineTrackFitting( #globals = 1 )
StFwdTrackMaker:INFO  - doBeamlineTrackFitting>>0 McId=1 with Beamline, seed already has: 8 hits
StFwdTrackMaker:INFO  - mBeamlineHit: 0, 0, 0
StFwdTrackMaker:INFO  - This fit is for a global that converged? = 1
StFwdTrackMaker:INFO  - GenFitTrackResult::mIdTruth = 1, QaTruth = 0.888889
The points are collinear, curvature is undefined.
p1 = 0, 0
p2 = -8.8471, 12.7271
p3 = -8.8471, 12.7271
The points are collinear, curvature is undefined.
p1 = -7.13476, 10.2638
p2 = -8.8471, 12.7271
p3 = -8.8471, 12.7271
The points are collinear, curvature is undefined.
p1 = -8.8471, 12.7271
p2 = -8.8471, 12.7271
p3 = -16.5787, 24.7737
The points are collinear, curvature is undefined.
p1 = -8.8471, 12.7271
p2 = -8.8471, 12.7271
p3 = -17.5118, 21.8655
The points are collinear, curvature is undefined.
p1 = -8.8471, 12.7271
p2 = -8.8471, 12.7271
p3 = -18.3914, 29.4891
The points are collinear, curvature is undefined.
p1 = -8.8471, 12.7271
p2 = -8.8471, 12.7271
p3 = -19.0073, 27.3585
The points are collinear, curvature is undefined.
p1 = -8.8471, 12.7271
p2 = -8.8471, 12.7271
p3 = -19.3779, 23.1484
StFwdTrackMaker:INFO  - GenericFitSeeder::makeSeed::Curvature: -0.0293095
StFwdTrackMaker:INFO  - GenericFitSeeder::makeSeed::pt = 0.0511422
StFwdTrackMaker:INFO  - Track Setup complete, track has 9 points
StFwdTrackMaker:INFO  -  sorting changed track points: 0
StFwdTrackMaker:INFO  - Fit status:  1
StFwdTrackMaker:INFO  - -Fit pvalue: 0.566901
StFwdTrackMaker:INFO  - -Fit Chi2:   11.5253
StFwdTrackMaker:INFO  - -Fit Chi2:   11.5253
StFwdTrackMaker:INFO  - Track fit charge: 1Fit momentum: -10.1139, 14.1207, 187.005
StFwdTrackMaker:INFO  - 	Fit Pt: 17.369, eta: 3.07174, phi: 2.19234
StFwdTrackMaker:INFO  - Track fit update complete!
StFwdTrackMaker:INFO  - Track Reps: 1
StFwdTrackMaker:INFO  - Track Rep 0 
genfit::AbsTrackRep, pdgCode = -211. PropDir = 0
fitStatus 
 track has been fitted, fit has converged fully, 0 TrackPoints could not be processed, fitted charge = 1, PruneFlags: 
 track has been fitted with reference track, numIterations = 5, track length = 363.205, fChi2 = 11.5253, bChi2 = 11.5253, fNdf = 13, bNdf = 13, fPVal = 0.566901, bPVal = 0.566901

StFwdTrackMaker:INFO  - GenFitTrackResult::mIdTruth = 1, QaTruth = 0.888889
StFwdTrackMaker:INFO  - GTR Setting momentum from track
StFwdTrackMaker:INFO  - --isFitConvergedPartially() = 1
StFwdTrackMaker:INFO  - --isFitConverged() = 1
StFwdTrackMaker:INFO  - --isFitConvergedFully() = 1
StFwdTrackMaker:INFO  - SEED momentum:-0.202731, 0.262718, 3.53478
StFwdTrackMaker:INFO  - 	Initial Beamline fit completed, now refitting with additional hits
StFwdTrackMaker:INFO  - Looking for FTT strips near projected state on disk 0
StFwdTrackMaker:INFO  - There are 2 available FTT strips on this disk
AAA FTT proj z= 312.25  x=-16.499 y= 23.427  r= 28.654 phi= 2.1844  sigU= 0.086 sigV= 0.000
AAA FTT momentum at proj: pT=17.369 eta= 3.072 phi= 2.1902  px=-10.083 py= 14.143 pz=187.005
AAA FTT search thresholds: dPhi<0.1200 dR<30.00 dx<7.50 dy<7.50  nHits=2
findFttHitsNearProjectedState, msp = (-16.499287, 23.427347)
AAA FTT hit H pos=(-23.570+/-4.33,  23.469+/-0.01)  dx= 7.071 dy= 0.042 dR= 4.608 dPhi=0.1740 (tid=1)  dPhi:FAIL dR:OK XY:OK
	 vs. hit@(-16.578691+/-0.010000, 24.773743+/-4.330127) => dx=0.079405, dy=1.346396, dR=1.154982, dPhi=0.023832 (tid=1), strip=vertical
AAA FTT hit V pos=(-16.579+/-0.01,  24.774+/-4.33)  dx= 0.079 dy= 1.346 dR= 1.155 dPhi=0.0238 (tid=1)  dPhi:OK dR:OK XY:OK
StFwdTrackMaker:INFO  - Adding vertical strip hit with dPhi = 0.0238318, dR = 1.15498, dx = 0.0794049, dy = 1.3464
StFwdTrackMaker:INFO  - Closest horizontal FTT strip to FST state: dR=4.607853, dPhi=0.173956, dx=7.071014, dy=0.041985 (tid=1) 
AAA FTT closest-H dPhi=0.1740(<0.1200) dR= 4.608(< 30.0) dx= 7.071 dy= 0.042(< 7.50) tid=1 -> REJECT
StFwdTrackMaker:INFO  - Closest vertical FTT strip to FST state: dR=1.154982, dPhi=0.023832, dx=0.079405, dy=1.346396 (tid=1) 
AAA FTT closest-V dPhi=0.0238(<0.1200) dR= 1.155(< 30.0) dx= 0.079 dy= 1.346(< 7.50) tid=1 -> ACCEPT
AAA FTT result: 1 hits added (H:REJECT V:ACCEPT)
StFwdTrackMaker:INFO  -  Found #FTT strips on plane #0 = [1]
StFwdTrackMaker:INFO  - Found 9 existing seed points
StFwdTrackMaker:INFO  - Adding 1 new FTT seed points
StFwdTrackMaker:INFO  - Hit already in seed, skipping
StFwdTrackMaker:INFO  - Looking for FTT strips near projected state on disk 1
StFwdTrackMaker:INFO  - There are 2 available FTT strips on this disk
AAA FTT proj z= 312.25  x=-16.499 y= 23.427  r= 28.654 phi= 2.1844  sigU= 0.086 sigV= 0.001
AAA FTT momentum at proj: pT=17.369 eta= 3.072 phi= 2.1902  px=-10.083 py= 14.143 pz=187.005
AAA FTT search thresholds: dPhi<0.1200 dR<30.00 dx<7.50 dy<7.50  nHits=2
findFttHitsNearProjectedState, msp = (-16.499287, 23.427347)
AAA FTT hit H pos=(-11.497+/-4.33,  24.822+/-0.01)  dx= 5.002 dy= 1.395 dR= 1.299 dPhi=0.1798 (tid=1)  dPhi:FAIL dR:OK XY:OK
	 vs. hit@(-17.511801+/-0.010000, 21.865486+/-4.330127) => dx=1.012514, dy=1.561860, dR=0.640652, dPhi=0.061693 (tid=1), strip=vertical
AAA FTT hit V pos=(-17.512+/-0.01,  21.865+/-4.33)  dx= 1.013 dy= 1.562 dR= 0.641 dPhi=0.0617 (tid=1)  dPhi:OK dR:OK XY:OK
StFwdTrackMaker:INFO  - Adding vertical strip hit with dPhi = 0.0616929, dR = 0.640652, dx = 1.01251, dy = 1.56186
StFwdTrackMaker:INFO  - Closest horizontal FTT strip to FST state: dR=1.298838, dPhi=0.179841, dx=5.002485, dy=1.394883 (tid=1) 
AAA FTT closest-H dPhi=0.1798(<0.1200) dR= 1.299(< 30.0) dx= 5.002 dy= 1.395(< 7.50) tid=1 -> REJECT
StFwdTrackMaker:INFO  - Closest vertical FTT strip to FST state: dR=0.640652, dPhi=0.061693, dx=1.012514, dy=1.561860 (tid=1) 
AAA FTT closest-V dPhi=0.0617(<0.1200) dR= 0.641(< 30.0) dx= 1.013 dy= 1.562(< 7.50) tid=1 -> ACCEPT
AAA FTT result: 1 hits added (H:REJECT V:ACCEPT)
StFwdTrackMaker:INFO  -  Found #FTT strips on plane #1 = [1]
StFwdTrackMaker:INFO  - Found 9 existing seed points
StFwdTrackMaker:INFO  - Adding 1 new FTT seed points
StFwdTrackMaker:INFO  - Hit already in seed, skipping
StFwdTrackMaker:INFO  - Looking for FTT strips near projected state on disk 2
StFwdTrackMaker:INFO  - There are 2 available FTT strips on this disk
AAA FTT proj z= 312.25  x=-16.499 y= 23.427  r= 28.654 phi= 2.1844  sigU= 0.086 sigV= 0.000
AAA FTT momentum at proj: pT=17.369 eta= 3.072 phi= 2.1902  px=-10.083 py= 14.143 pz=187.005
AAA FTT search thresholds: dPhi<0.1200 dR<30.00 dx<7.50 dy<7.50  nHits=2
findFttHitsNearProjectedState, msp = (-16.499287, 23.427347)
AAA FTT hit H pos=(-24.065+/-4.33,  26.028+/-0.01)  dx= 7.565 dy= 2.601 dR= 6.794 dPhi=0.1326 (tid=1)  dPhi:FAIL dR:OK XY:OK
	 vs. hit@(-18.391443+/-0.010000, 29.489065+/-4.330127) => dx=1.892157, dy=6.061719, dR=6.099871, dPhi=0.055947 (tid=1), strip=vertical
AAA FTT hit V pos=(-18.391+/-0.01,  29.489+/-4.33)  dx= 1.892 dy= 6.062 dR= 6.100 dPhi=0.0559 (tid=1)  dPhi:OK dR:OK XY:OK
StFwdTrackMaker:INFO  - Adding vertical strip hit with dPhi = 0.0559468, dR = 6.09987, dx = 1.89216, dy = 6.06172
StFwdTrackMaker:INFO  - Closest horizontal FTT strip to FST state: dR=6.793757, dPhi=0.132639, dx=7.565447, dy=2.600543 (tid=1) 
AAA FTT closest-H dPhi=0.1326(<0.1200) dR= 6.794(< 30.0) dx= 7.565 dy= 2.601(< 7.50) tid=1 -> REJECT
StFwdTrackMaker:INFO  - Closest vertical FTT strip to FST state: dR=6.099871, dPhi=0.055947, dx=1.892157, dy=6.061719 (tid=1) 
AAA FTT closest-V dPhi=0.0559(<0.1200) dR= 6.100(< 30.0) dx= 1.892 dy= 6.062(< 7.50) tid=1 -> ACCEPT
AAA FTT result: 1 hits added (H:REJECT V:ACCEPT)
StFwdTrackMaker:INFO  -  Found #FTT strips on plane #2 = [1]
StFwdTrackMaker:INFO  - Found 9 existing seed points
StFwdTrackMaker:INFO  - Adding 1 new FTT seed points
StFwdTrackMaker:INFO  - Hit already in seed, skipping
StFwdTrackMaker:INFO  - Looking for FTT strips near projected state on disk 3
StFwdTrackMaker:INFO  - There are 2 available FTT strips on this disk
AAA FTT proj z= 312.25  x=-16.499 y= 23.427  r= 28.654 phi= 2.1844  sigU= 0.086 sigV= 0.001
AAA FTT momentum at proj: pT=17.369 eta= 3.072 phi= 2.1902  px=-10.083 py= 14.143 pz=187.005
AAA FTT search thresholds: dPhi<0.1200 dR<30.00 dx<7.50 dy<7.50  nHits=2
findFttHitsNearProjectedState, msp = (-16.499287, 23.427347)
	 vs. hit@(-19.007347+/-4.330127, 27.358519+/-0.010000) => dx=2.508061, dy=3.931172, dR=4.658910, dPhi=0.006395 (tid=1), strip=horizontal
AAA FTT hit H pos=(-19.007+/-4.33,  27.359+/-0.01)  dx= 2.508 dy= 3.931 dR= 4.659 dPhi=0.0064 (tid=1)  dPhi:OK dR:OK XY:OK
	 vs. hit@(-19.377897+/-0.010000, 23.148418+/-4.330127) => dx=2.878611, dy=0.278928, dR=1.534343, dPhi=0.083377 (tid=1), strip=vertical
AAA FTT hit V pos=(-19.378+/-0.01,  23.148+/-4.33)  dx= 2.879 dy= 0.279 dR= 1.534 dPhi=0.0834 (tid=1)  dPhi:OK dR:OK XY:OK
StFwdTrackMaker:INFO  - Adding horizontal strip hit with dPhi = 0.00639493, dR = 4.65891, dx = 2.50806, dy = 3.93117
StFwdTrackMaker:INFO  - Adding vertical strip hit with dPhi = 0.0833771, dR = 1.53434, dx = 2.87861, dy = 0.278928
StFwdTrackMaker:INFO  - Closest horizontal FTT strip to FST state: dR=4.658910, dPhi=0.006395, dx=2.508061, dy=3.931172 (tid=1) 
AAA FTT closest-H dPhi=0.0064(<0.1200) dR= 4.659(< 30.0) dx= 2.508 dy= 3.931(< 7.50) tid=1 -> ACCEPT
StFwdTrackMaker:INFO  - Closest vertical FTT strip to FST state: dR=1.534343, dPhi=0.083377, dx=2.878611, dy=0.278928 (tid=1) 
AAA FTT closest-V dPhi=0.0834(<0.1200) dR= 1.534(< 30.0) dx= 2.879 dy= 0.279(< 7.50) tid=1 -> ACCEPT
AAA FTT result: 2 hits added (H:ACCEPT V:ACCEPT)
StFwdTrackMaker:INFO  -  Found #FTT strips on plane #3 = [2]
StFwdTrackMaker:INFO  - Found 9 existing seed points
StFwdTrackMaker:INFO  - Adding 2 new FTT seed points
StFwdTrackMaker:INFO  - Hit already in seed, skipping
StFwdTrackMaker:INFO  - Hit already in seed, skipping
StFwdTrackMaker:INFO  - Closest EPD hit to state: dR=-2.672968, dPhi=-0.039899
StFwdTrackMaker:INFO  - GenFitTrackResult::mIdTruth = 1, QaTruth = 0.888889
The points are collinear, curvature is undefined.
p1 = 0, 0
p2 = -8.8471, 12.7271
p3 = -8.8471, 12.7271
The points are collinear, curvature is undefined.
p1 = -7.13476, 10.2638
p2 = -8.8471, 12.7271
p3 = -8.8471, 12.7271
The points are collinear, curvature is undefined.
p1 = -8.8471, 12.7271
p2 = -8.8471, 12.7271
p3 = -16.5787, 24.7737
The points are collinear, curvature is undefined.
p1 = -8.8471, 12.7271
p2 = -8.8471, 12.7271
p3 = -17.5118, 21.8655
The points are collinear, curvature is undefined.
p1 = -8.8471, 12.7271
p2 = -8.8471, 12.7271
p3 = -18.3914, 29.4891
The points are collinear, curvature is undefined.
p1 = -8.8471, 12.7271
p2 = -8.8471, 12.7271
p3 = -19.0073, 27.3585
The points are collinear, curvature is undefined.
p1 = -8.8471, 12.7271
p2 = -8.8471, 12.7271
p3 = -19.3779, 23.1484
StFwdTrackMaker:INFO  - GenericFitSeeder::makeSeed::Curvature: -0.0293095
StFwdTrackMaker:INFO  - GenericFitSeeder::makeSeed::pt = 0.0511422
StFwdTrackMaker:INFO  - Note: Using externally provided seed momentum
StFwdTrackMaker:INFO  - Track Setup complete, track has 9 points
StFwdTrackMaker:INFO  -  sorting changed track points: 0
StFwdTrackMaker:INFO  - Fit status:  1
StFwdTrackMaker:INFO  - -Fit pvalue: 0.566901
StFwdTrackMaker:INFO  - -Fit Chi2:   11.5253
StFwdTrackMaker:INFO  - -Fit Chi2:   11.5253
StFwdTrackMaker:INFO  - Track fit charge: 1Fit momentum: -10.1409, 14.1585, 187.505
StFwdTrackMaker:INFO  - 	Fit Pt: 17.4155, eta: 3.07174, phi: 2.19234
StFwdTrackMaker:INFO  - Track fit update complete!
StFwdTrackMaker:INFO  - Track Reps: 1
StFwdTrackMaker:INFO  - Track Rep 0 
genfit::AbsTrackRep, pdgCode = -211. PropDir = 0
fitStatus 
 track has been fitted, fit has converged fully, 0 TrackPoints could not be processed, fitted charge = 1, PruneFlags: 
 track has been fitted with reference track, numIterations = 2, track length = 363.252, fChi2 = 11.5253, bChi2 = 11.5253, fNdf = 13, bNdf = 13, fPVal = 0.566901, bPVal = 0.566901

StFwdTrackMaker:INFO  - GenFitTrackResult::mIdTruth = 1, QaTruth = 0.888889
StFwdTrackMaker:INFO  - GTR Setting momentum from track
StFwdTrackMaker:INFO  - --isFitConvergedPartially() = 1
StFwdTrackMaker:INFO  - --isFitConverged() = 1
StFwdTrackMaker:INFO  - --isFitConvergedFully() = 1
StFwdTrackMaker:INFO  - >>doPrimaryTrackFitting( #globals = 1 )
StFwdTrackMaker:INFO  - Refitting Track 0, McId=1 with Primary Vertex, seed already has: 8 hits
StFwdTrackMaker:INFO  - mEventVertexHit: 0, 0, 0
StFwdTrackMaker:INFO  - This fit is for a global that converged? = 1
StFwdTrackMaker:INFO  - GenFitTrackResult::mIdTruth = 1, QaTruth = 0.888889
The points are collinear, curvature is undefined.
p1 = 0, 0
p2 = -8.8471, 12.7271
p3 = -8.8471, 12.7271
The points are collinear, curvature is undefined.
p1 = -7.13476, 10.2638
p2 = -8.8471, 12.7271
p3 = -8.8471, 12.7271
The points are collinear, curvature is undefined.
p1 = -8.8471, 12.7271
p2 = -8.8471, 12.7271
p3 = -16.5787, 24.7737
The points are collinear, curvature is undefined.
p1 = -8.8471, 12.7271
p2 = -8.8471, 12.7271
p3 = -17.5118, 21.8655
The points are collinear, curvature is undefined.
p1 = -8.8471, 12.7271
p2 = -8.8471, 12.7271
p3 = -18.3914, 29.4891
The points are collinear, curvature is undefined.
p1 = -8.8471, 12.7271
p2 = -8.8471, 12.7271
p3 = -19.0073, 27.3585
The points are collinear, curvature is undefined.
p1 = -8.8471, 12.7271
p2 = -8.8471, 12.7271
p3 = -19.3779, 23.1484
StFwdTrackMaker:INFO  - GenericFitSeeder::makeSeed::Curvature: -0.0293095
StFwdTrackMaker:INFO  - GenericFitSeeder::makeSeed::pt = 0.0511422
StFwdTrackMaker:INFO  - Note: Using externally provided seed momentum
StFwdTrackMaker:INFO  - Track Setup complete, track has 9 points
StFwdTrackMaker:INFO  -  sorting changed track points: 0
StFwdTrackMaker:INFO  - Fit status:  1
StFwdTrackMaker:INFO  - -Fit pvalue: 0.354236
StFwdTrackMaker:INFO  - -Fit Chi2:   14.2828
StFwdTrackMaker:INFO  - -Fit Chi2:   14.2828
StFwdTrackMaker:INFO  - Track fit charge: -1Fit momentum: -0.794912, 1.1672, 15.3601
StFwdTrackMaker:INFO  - 	Fit Pt: 1.41218, eta: 3.0819, phi: 2.16868
StFwdTrackMaker:INFO  - Track fit update complete!
StFwdTrackMaker:INFO  - Track Reps: 1
StFwdTrackMaker:INFO  - Track Rep 0 
genfit::AbsTrackRep, pdgCode = -211. PropDir = 0
fitStatus 
 track has been fitted, fit has converged fully, 0 TrackPoints could not be processed, fitted charge = -1, PruneFlags: 
 track has been fitted with reference track, numIterations = 3, track length = 366.974, fChi2 = 14.2828, bChi2 = 14.2828, fNdf = 13, bNdf = 13, fPVal = 0.354236, bPVal = 0.354236

StFwdTrackMaker:INFO  - GenFitTrackResult::mIdTruth = 1, QaTruth = 0.888889
StFwdTrackMaker:INFO  - GTR Setting momentum from track
StFwdTrackMaker:INFO  - --isFitConvergedPartially() = 1
StFwdTrackMaker:INFO  - --isFitConverged() = 1
StFwdTrackMaker:INFO  - --isFitConvergedFully() = 1
StFwdTrackMaker:INFO  - 	Initial fit complete, now refitting with additional points
StFwdTrackMaker:INFO  - Looking for FTT strips near projected state on disk 0
StFwdTrackMaker:INFO  - There are 2 available FTT strips on this disk
AAA FTT proj z= 312.25  x=-16.508 y= 23.476  r= 28.699 phi= 2.1837  sigU= 0.017 sigV= 0.000
AAA FTT momentum at proj: pT= 1.412 eta= 3.082 phi= 2.1956  px= -0.826 py=  1.145 pz= 15.360
AAA FTT search thresholds: dPhi<0.1200 dR<30.00 dx<7.50 dy<7.50  nHits=2
findFttHitsNearProjectedState, msp = (-16.507631, 23.475639)
AAA FTT hit H pos=(-23.570+/-4.33,  23.469+/-0.01)  dx= 7.063 dy= 0.006 dR= 4.564 dPhi=0.1747 (tid=1)  dPhi:FAIL dR:OK XY:OK
	 vs. hit@(-16.578691+/-0.010000, 24.773743+/-4.330127) => dx=0.071060, dy=1.298103, dR=1.110686, dPhi=0.023101 (tid=1), strip=vertical
AAA FTT hit V pos=(-16.579+/-0.01,  24.774+/-4.33)  dx= 0.071 dy= 1.298 dR= 1.111 dPhi=0.0231 (tid=1)  dPhi:OK dR:OK XY:OK
StFwdTrackMaker:INFO  - Adding vertical strip hit with dPhi = 0.0231006, dR = 1.11069, dx = 0.0710602, dy = 1.2981
StFwdTrackMaker:INFO  - Closest horizontal FTT strip to FST state: dR=4.563557, dPhi=0.174687, dx=7.062670, dy=0.006308 (tid=1) 
AAA FTT closest-H dPhi=0.1747(<0.1200) dR= 4.564(< 30.0) dx= 7.063 dy= 0.006(< 7.50) tid=1 -> REJECT
StFwdTrackMaker:INFO  - Closest vertical FTT strip to FST state: dR=1.110686, dPhi=0.023101, dx=0.071060, dy=1.298103 (tid=1) 
AAA FTT closest-V dPhi=0.0231(<0.1200) dR= 1.111(< 30.0) dx= 0.071 dy= 1.298(< 7.50) tid=1 -> ACCEPT
AAA FTT result: 1 hits added (H:REJECT V:ACCEPT)
StFwdTrackMaker:INFO  -  Found #FTT strips on plane #0 = [1]
StFwdTrackMaker:INFO  - Found 9 existing seed points
StFwdTrackMaker:INFO  - Adding 1 new FTT seed points
StFwdTrackMaker:INFO  - Hit already in seed, skipping
StFwdTrackMaker:INFO  - Looking for FTT strips near projected state on disk 1
StFwdTrackMaker:INFO  - There are 2 available FTT strips on this disk
AAA FTT proj z= 312.25  x=-16.508 y= 23.476  r= 28.699 phi= 2.1837  sigU= 0.017 sigV= 0.000
AAA FTT momentum at proj: pT= 1.412 eta= 3.082 phi= 2.1956  px= -0.826 py=  1.145 pz= 15.360
AAA FTT search thresholds: dPhi<0.1200 dR<30.00 dx<7.50 dy<7.50  nHits=2
findFttHitsNearProjectedState, msp = (-16.507631, 23.475639)
AAA FTT hit H pos=(-11.497+/-4.33,  24.822+/-0.01)  dx= 5.011 dy= 1.347 dR= 1.343 dPhi=0.1791 (tid=1)  dPhi:FAIL dR:OK XY:OK
	 vs. hit@(-17.511801+/-0.010000, 21.865486+/-4.330127) => dx=1.004169, dy=1.610153, dR=0.684948, dPhi=0.062424 (tid=1), strip=vertical
AAA FTT hit V pos=(-17.512+/-0.01,  21.865+/-4.33)  dx= 1.004 dy= 1.610 dR= 0.685 dPhi=0.0624 (tid=1)  dPhi:OK dR:OK XY:OK
StFwdTrackMaker:INFO  - Adding vertical strip hit with dPhi = 0.0624241, dR = 0.684948, dx = 1.00417, dy = 1.61015
StFwdTrackMaker:INFO  - Closest horizontal FTT strip to FST state: dR=1.343134, dPhi=0.179110, dx=5.010830, dy=1.346590 (tid=1) 
AAA FTT closest-H dPhi=0.1791(<0.1200) dR= 1.343(< 30.0) dx= 5.011 dy= 1.347(< 7.50) tid=1 -> REJECT
StFwdTrackMaker:INFO  - Closest vertical FTT strip to FST state: dR=0.684948, dPhi=0.062424, dx=1.004169, dy=1.610153 (tid=1) 
AAA FTT closest-V dPhi=0.0624(<0.1200) dR= 0.685(< 30.0) dx= 1.004 dy= 1.610(< 7.50) tid=1 -> ACCEPT
AAA FTT result: 1 hits added (H:REJECT V:ACCEPT)
StFwdTrackMaker:INFO  -  Found #FTT strips on plane #1 = [1]
StFwdTrackMaker:INFO  - Found 9 existing seed points
StFwdTrackMaker:INFO  - Adding 1 new FTT seed points
StFwdTrackMaker:INFO  - Hit already in seed, skipping
StFwdTrackMaker:INFO  - Looking for FTT strips near projected state on disk 2
StFwdTrackMaker:INFO  - There are 2 available FTT strips on this disk
AAA FTT proj z= 312.25  x=-16.508 y= 23.476  r= 28.699 phi= 2.1837  sigU= 0.017 sigV= 0.000
AAA FTT momentum at proj: pT= 1.412 eta= 3.082 phi= 2.1956  px= -0.826 py=  1.145 pz= 15.360
AAA FTT search thresholds: dPhi<0.1200 dR<30.00 dx<7.50 dy<7.50  nHits=2
findFttHitsNearProjectedState, msp = (-16.507631, 23.475639)
AAA FTT hit H pos=(-24.065+/-4.33,  26.028+/-0.01)  dx= 7.557 dy= 2.552 dR= 6.749 dPhi=0.1334 (tid=1)  dPhi:FAIL dR:OK XY:OK
	 vs. hit@(-18.391443+/-0.010000, 29.489065+/-4.330127) => dx=1.883812, dy=6.013426, dR=6.055575, dPhi=0.055216 (tid=1), strip=vertical
AAA FTT hit V pos=(-18.391+/-0.01,  29.489+/-4.33)  dx= 1.884 dy= 6.013 dR= 6.056 dPhi=0.0552 (tid=1)  dPhi:OK dR:OK XY:OK
StFwdTrackMaker:INFO  - Adding vertical strip hit with dPhi = 0.0552156, dR = 6.05558, dx = 1.88381, dy = 6.01343
StFwdTrackMaker:INFO  - Closest horizontal FTT strip to FST state: dR=6.749461, dPhi=0.133370, dx=7.557102, dy=2.552250 (tid=1) 
AAA FTT closest-H dPhi=0.1334(<0.1200) dR= 6.749(< 30.0) dx= 7.557 dy= 2.552(< 7.50) tid=1 -> REJECT
StFwdTrackMaker:INFO  - Closest vertical FTT strip to FST state: dR=6.055575, dPhi=0.055216, dx=1.883812, dy=6.013426 (tid=1) 
AAA FTT closest-V dPhi=0.0552(<0.1200) dR= 6.056(< 30.0) dx= 1.884 dy= 6.013(< 7.50) tid=1 -> ACCEPT
AAA FTT result: 1 hits added (H:REJECT V:ACCEPT)
StFwdTrackMaker:INFO  -  Found #FTT strips on plane #2 = [1]
StFwdTrackMaker:INFO  - Found 9 existing seed points
StFwdTrackMaker:INFO  - Adding 1 new FTT seed points
StFwdTrackMaker:INFO  - Hit already in seed, skipping
StFwdTrackMaker:INFO  - Looking for FTT strips near projected state on disk 3
StFwdTrackMaker:INFO  - There are 2 available FTT strips on this disk
AAA FTT proj z= 312.25  x=-16.508 y= 23.476  r= 28.699 phi= 2.1837  sigU= 0.017 sigV= 0.000
AAA FTT momentum at proj: pT= 1.412 eta= 3.082 phi= 2.1956  px= -0.826 py=  1.145 pz= 15.360
AAA FTT search thresholds: dPhi<0.1200 dR<30.00 dx<7.50 dy<7.50  nHits=2
findFttHitsNearProjectedState, msp = (-16.507631, 23.475639)
	 vs. hit@(-19.007347+/-4.330127, 27.358519+/-0.010000) => dx=2.499716, dy=3.882879, dR=4.614614, dPhi=0.005664 (tid=1), strip=horizontal
AAA FTT hit H pos=(-19.007+/-4.33,  27.359+/-0.01)  dx= 2.500 dy= 3.883 dR= 4.615 dPhi=0.0057 (tid=1)  dPhi:OK dR:OK XY:OK
	 vs. hit@(-19.377897+/-0.010000, 23.148418+/-4.330127) => dx=2.870266, dy=0.327221, dR=1.490047, dPhi=0.084108 (tid=1), strip=vertical
AAA FTT hit V pos=(-19.378+/-0.01,  23.148+/-4.33)  dx= 2.870 dy= 0.327 dR= 1.490 dPhi=0.0841 (tid=1)  dPhi:OK dR:OK XY:OK
StFwdTrackMaker:INFO  - Adding horizontal strip hit with dPhi = 0.00566372, dR = 4.61461, dx = 2.49972, dy = 3.88288
StFwdTrackMaker:INFO  - Adding vertical strip hit with dPhi = 0.0841083, dR = 1.49005, dx = 2.87027, dy = 0.327221
StFwdTrackMaker:INFO  - Closest horizontal FTT strip to FST state: dR=4.614614, dPhi=0.005664, dx=2.499716, dy=3.882879 (tid=1) 
AAA FTT closest-H dPhi=0.0057(<0.1200) dR= 4.615(< 30.0) dx= 2.500 dy= 3.883(< 7.50) tid=1 -> ACCEPT
StFwdTrackMaker:INFO  - Closest vertical FTT strip to FST state: dR=1.490047, dPhi=0.084108, dx=2.870266, dy=0.327221 (tid=1) 
AAA FTT closest-V dPhi=0.0841(<0.1200) dR= 1.490(< 30.0) dx= 2.870 dy= 0.327(< 7.50) tid=1 -> ACCEPT
AAA FTT result: 2 hits added (H:ACCEPT V:ACCEPT)
StFwdTrackMaker:INFO  -  Found #FTT strips on plane #3 = [2]
StFwdTrackMaker:INFO  - Found 9 existing seed points
StFwdTrackMaker:INFO  - Adding 2 new FTT seed points
StFwdTrackMaker:INFO  - Hit already in seed, skipping
StFwdTrackMaker:INFO  - Hit already in seed, skipping
StFwdTrackMaker:INFO  - Closest EPD hit to state: dR=-2.688422, dPhi=-0.040035
StFwdTrackMaker:INFO  - GenFitTrackResult::mIdTruth = 1, QaTruth = 0.888889
The points are collinear, curvature is undefined.
p1 = 0, 0
p2 = -8.8471, 12.7271
p3 = -8.8471, 12.7271
The points are collinear, curvature is undefined.
p1 = -7.13476, 10.2638
p2 = -8.8471, 12.7271
p3 = -8.8471, 12.7271
The points are collinear, curvature is undefined.
p1 = -8.8471, 12.7271
p2 = -8.8471, 12.7271
p3 = -16.5787, 24.7737
The points are collinear, curvature is undefined.
p1 = -8.8471, 12.7271
p2 = -8.8471, 12.7271
p3 = -17.5118, 21.8655
The points are collinear, curvature is undefined.
p1 = -8.8471, 12.7271
p2 = -8.8471, 12.7271
p3 = -18.3914, 29.4891
The points are collinear, curvature is undefined.
p1 = -8.8471, 12.7271
p2 = -8.8471, 12.7271
p3 = -19.0073, 27.3585
The points are collinear, curvature is undefined.
p1 = -8.8471, 12.7271
p2 = -8.8471, 12.7271
p3 = -19.3779, 23.1484
StFwdTrackMaker:INFO  - GenericFitSeeder::makeSeed::Curvature: -0.0293095
StFwdTrackMaker:INFO  - GenericFitSeeder::makeSeed::pt = 0.0511422
StFwdTrackMaker:INFO  - Note: Using externally provided seed momentum
StFwdTrackMaker:INFO  - Track Setup complete, track has 9 points
StFwdTrackMaker:INFO  -  sorting changed track points: 0
StFwdTrackMaker:INFO  - Fit status:  1
StFwdTrackMaker:INFO  - -Fit pvalue: 0.354236
StFwdTrackMaker:INFO  - -Fit Chi2:   14.2828
StFwdTrackMaker:INFO  - -Fit Chi2:   14.2828
StFwdTrackMaker:INFO  - Track fit charge: -1Fit momentum: -0.794911, 1.1672, 15.3601
StFwdTrackMaker:INFO  - 	Fit Pt: 1.41218, eta: 3.0819, phi: 2.16868
StFwdTrackMaker:INFO  - Track fit update complete!
StFwdTrackMaker:INFO  - Track Reps: 1
StFwdTrackMaker:INFO  - Track Rep 0 
genfit::AbsTrackRep, pdgCode = -211. PropDir = 0
fitStatus 
 track has been fitted, fit has converged fully, 0 TrackPoints could not be processed, fitted charge = -1, PruneFlags: 
 track has been fitted with reference track, numIterations = 2, track length = 366.974, fChi2 = 14.2828, bChi2 = 14.2828, fNdf = 13, bNdf = 13, fPVal = 0.354236, bPVal = 0.354236

StFwdTrackMaker:INFO  - GenFitTrackResult::mIdTruth = 1, QaTruth = 0.888889
StFwdTrackMaker:INFO  - GTR Setting momentum from track
StFwdTrackMaker:INFO  - --isFitConvergedPartially() = 1
StFwdTrackMaker:INFO  - --isFitConverged() = 1
StFwdTrackMaker:INFO  - --isFitConvergedFully() = 1
StFwdTrackMaker:INFO  - >>doSecondaryTrackFitting( #globals = 1 )
StFwdTrackMaker:INFO  - FwdVertex: 2, 1.39702, 0.0966448, 0.116478
StFwdTrackMaker:INFO  - 	nTracks: 1
StFwdTrackMaker:INFO  - 	Chi2: -1
StFwdTrackMaker:INFO  - 	Ndf: -1
StFwdTrackMaker:ERROR - TDecompChol::Decompose() : matrix not positive definite
StFwdTrackMaker:WARN  - FwdVertex: 2, covariance matrix is not valid
StFwdTrackMaker:INFO  - <<Fwd Tracking Fit :3 GenFit Tracks
StFwdTrackMaker:INFO  - TAttr::Found : fillevent = 1

StFwdTrackMaker:INFO  - Creating the StFwdTrackCollection
StFwdTrackMaker:INFO  - Processing GenfitTrackResult(type=0): 0 mIsFitConverged=1, mIsFitConvergedPartially=1, mNumFitPoints=8
AAA FCS StraightLine: det=0 xyzdet=(-17.399,-5.26,710.16) norm=(-0.0301896,0,0.999544)
AAA projectAsStraightLine: tv3A=(-30.9642,43.2359,574.065) tv3B=(-33.7474,47.0063,623.981)
AAA   xyzf=(-17.399,-5.26,710.16) norm=(-0.0301896,0,0.999544)
AAA   tintersection=2.71371 result=(-38.517,53.4675,709.522)
AAA FCS StraightLine result: tv3=(-38.517,53.4675,709.522)
AAA FCS StraightLine: det=2 xyzdet=(-21.285,1.8,782.63) norm=(-0.0301896,0,0.999544)
AAA projectAsStraightLine: tv3A=(-30.9642,43.2359,574.065) tv3B=(-33.7474,47.0063,623.981)
AAA   xyzf=(-21.285,1.8,782.63) norm=(-0.0301896,0,0.999544)
AAA   tintersection=4.16546 result=(-42.5575,58.9411,781.988)
AAA FCS StraightLine result: tv3=(-42.5575,58.9411,781.988)
StFwdTrackMaker:INFO  - Processing GenfitTrackResult(type=2): 1 mIsFitConverged=1, mIsFitConvergedPartially=1, mNumFitPoints=9
AAA FCS StraightLine: det=0 xyzdet=(-17.399,-5.26,710.16) norm=(-0.0301896,0,0.999544)
AAA projectAsStraightLine: tv3A=(-30.4661,43.0837,574.08) tv3B=(-33.1214,46.8264,624)
AAA   xyzf=(-17.399,-5.26,710.16) norm=(-0.0301896,0,0.999544)
AAA   tintersection=2.71371 result=(-37.6719,53.2402,709.548)
AAA FCS StraightLine result: tv3=(-37.6719,53.2402,709.548)
AAA FCS StraightLine: det=2 xyzdet=(-21.285,1.8,782.63) norm=(-0.0301896,0,0.999544)
AAA projectAsStraightLine: tv3A=(-30.4661,43.0837,574.08) tv3B=(-33.1214,46.8264,624)
AAA   xyzf=(-21.285,1.8,782.63) norm=(-0.0301896,0,0.999544)
AAA   tintersection=4.16546 result=(-41.5267,58.6737,782.019)
AAA FCS StraightLine result: tv3=(-41.5267,58.6737,782.019)
StFwdTrackMaker:INFO  - Processing GenfitTrackResult(type=1): 2 mIsFitConverged=1, mIsFitConvergedPartially=1, mNumFitPoints=9
AAA FCS StraightLine: det=0 xyzdet=(-17.399,-5.26,710.16) norm=(-0.0301896,0,0.999544)
AAA projectAsStraightLine: tv3A=(-30.6264,43.2212,574.075) tv3B=(-33.3203,46.9947,623.994)
AAA   xyzf=(-17.399,-5.26,710.16) norm=(-0.0301896,0,0.999544)
AAA   tintersection=2.71371 result=(-37.937,53.4615,709.54)
AAA FCS StraightLine result: tv3=(-37.937,53.4615,709.54)
AAA FCS StraightLine: det=2 xyzdet=(-21.285,1.8,782.63) norm=(-0.0301896,0,0.999544)
AAA projectAsStraightLine: tv3A=(-30.6264,43.2212,574.075) tv3B=(-33.3203,46.9947,623.994)
AAA   xyzf=(-21.285,1.8,782.63) norm=(-0.0301896,0,0.999544)
AAA   tintersection=4.16546 result=(-41.8479,58.9397,782.009)
AAA FCS StraightLine result: tv3=(-41.8479,58.9397,782.009)
StFwdTrackMaker:INFO  - StFwdTrackCollection has 3 tracks now
StFwdTrackMaker:INFO  - StFwdTrackCollection has 3 tracks now
StFwdTrackMaker:INFO  - *** StFwdTrackMaker::Make() == StOK(0) ***
StFcsTrackMatchMaker:INFO  - *** StFcsTrackMatchMaker::Make() == StOK(0) ***
StStrangeMuDstMaker:INFO  - StV0Controller: found 0 V0 candidates
StStrangeMuDstMaker:INFO  - StXiController: found 0 Xi candidates
StStrangeMuDstMaker:INFO  - StKinkController: found 0 Kink candidates
StStrangeMuDstMaker:INFO  - *** StStrangeMuDstMaker::Make() == StOK(0) ***
StMuDstMaker:INFO  - fillMuFtt
StMuDstMaker:INFO  - fillMuFttRawHits
StMuDstMaker:INFO  - fillMuFttPoints
StMuDstMaker:INFO  - fillMuFttClusters
StMuDstMaker:INFO  - StMuDstMaker::fillFwdTrack(StEvent* ev)
StMuDstMaker:INFO  - StMuDSTMaker filling StMuFwdTrackCollection from StEvent
StMuDstMaker:INFO  - Adding 3 StMuFwdTracks to MuDSt
StMuDstMaker:INFO  - *** StMuDstMaker::Make() == StOK(0) ***
StTreeMaker:INFO  - *** StTreeMaker::Make() == StOK(0) ***
StPicoDstMaker:WARN  - No trigger data bank available!
StPicoDstMaker:INFO  - StPicoDstMaker::fillFcsHits filled 24
StPicoDstMaker:INFO  - StPicoDstMaker::fillFcsClusters filled 2
StPicoDstMaker:INFO  - *** StPicoDstMaker::Make() == StOK(0) ***
<---------- END EVENT
--------->START EVENT: 2
MEM before Chain::Clear + Make	 total =793.773438 heap =208.504883 and   0.260742(+150.419556)
St_geant_Maker:INFO  - *** St_geant_Maker::Make() == StOK(0) ***
St_db_Maker:INFO  - *** St_db_Maker::Make() == StOK(0) ***
StMagFMaker:INFO  - *** StMagFMaker::Make() == StOK(0) ***
StDetectorDbMaker:INFO  - *** StDetectorDbMaker::Make() == StOK(0) ***
StTpcDbMaker:INFO  - *** StTpcDbMaker::Make() == StOK(0) ***
StFcsDbMaker:INFO  - *** StFcsDbMaker::Make() == StOK(0) ***
StEventMaker:INFO  - get trigDetSums from Calibrations/rich/trigDetSums
StEventMaker:WARN  - StEventMaker: No StDAQReader found
StEventMaker:INFO  - *** StEventMaker::Make() == StOK(0) ***
StMcEventMaker:INFO  - StMcEventMaker:   g2t_tpc_hit Table Not found 
StMcEventMaker:INFO  - StMcEventMaker:   particle    Table Not found 
StMcEventMaker:INFO  - *** StMcEventMaker::Make() == StOK(0) ***
StFcsFastSimulatorMaker:DEBUG - StFcsFastSimulatorMaker::Make
StFcsFastSimulatorMaker:DEBUG - Creating StFcsCollection
StFcsFastSimulatorMaker:INFO  - TAttr::Found : fcsleakyhcal = 0

StFcsFastSimulatorMaker:INFO  - TAttr::Found : fcshcalzdepeff = 0

StFcsFastSimulatorMaker:INFO  - g2t_wca_hit table has 57 hit
StFcsFastSimulatorMaker:INFO  - ECAL det=0 id=551 volid=1552 e=0.001074
StFcsFastSimulatorMaker:INFO  - ECAL det=0 id=552 volid=1553 e=0.000261
StFcsFastSimulatorMaker:INFO  - ECAL det=0 id=572 volid=1573 e=0.000906
StFcsFastSimulatorMaker:INFO  - ECAL det=0 id=572 volid=1573 e=0.002550
StFcsFastSimulatorMaker:INFO  - ECAL det=0 id=573 volid=1574 e=0.003398
StFcsFastSimulatorMaker:INFO  - ECAL det=0 id=573 volid=1574 e=0.001111
StFcsFastSimulatorMaker:INFO  - ECAL det=0 id=575 volid=1576 e=0.000291
StFcsFastSimulatorMaker:INFO  - ECAL det=0 id=575 volid=1576 e=0.003182
StFcsFastSimulatorMaker:INFO  - ECAL det=0 id=576 volid=1577 e=0.000663
StFcsFastSimulatorMaker:INFO  - ECAL det=0 id=576 volid=1577 e=0.000668
StFcsFastSimulatorMaker:INFO  - ECAL det=0 id=594 volid=1595 e=0.004472
StFcsFastSimulatorMaker:INFO  - ECAL det=0 id=594 volid=1595 e=0.012017
StFcsFastSimulatorMaker:INFO  - ECAL det=0 id=595 volid=1596 e=0.004371
StFcsFastSimulatorMaker:INFO  - ECAL det=0 id=595 volid=1596 e=0.004405
StFcsFastSimulatorMaker:INFO  - ECAL det=0 id=595 volid=1596 e=0.047954
StFcsFastSimulatorMaker:INFO  - ECAL det=0 id=596 volid=1597 e=0.001352
StFcsFastSimulatorMaker:INFO  - ECAL det=0 id=596 volid=1597 e=0.014366
StFcsFastSimulatorMaker:INFO  - ECAL det=0 id=596 volid=1597 e=0.006445
StFcsFastSimulatorMaker:INFO  - ECAL det=0 id=597 volid=1598 e=0.018596
StFcsFastSimulatorMaker:INFO  - ECAL det=0 id=597 volid=1598 e=0.000814
StFcsFastSimulatorMaker:INFO  - ECAL det=0 id=598 volid=1599 e=0.002850
StFcsFastSimulatorMaker:INFO  - ECAL det=0 id=616 volid=1617 e=0.035710
StFcsFastSimulatorMaker:INFO  - ECAL det=0 id=616 volid=1617 e=0.028329
StFcsFastSimulatorMaker:INFO  - ECAL det=0 id=617 volid=1618 e=0.917851
StFcsFastSimulatorMaker:INFO  - ECAL det=0 id=617 volid=1618 e=0.032622
StFcsFastSimulatorMaker:INFO  - ECAL det=0 id=617 volid=1618 e=0.002145
StFcsFastSimulatorMaker:INFO  - ECAL det=0 id=617 volid=1618 e=0.670339
StFcsFastSimulatorMaker:INFO  - ECAL det=0 id=618 volid=1619 e=0.022539
StFcsFastSimulatorMaker:INFO  - ECAL det=0 id=618 volid=1619 e=0.871704
StFcsFastSimulatorMaker:INFO  - ECAL det=0 id=618 volid=1619 e=0.015475
StFcsFastSimulatorMaker:INFO  - ECAL det=0 id=618 volid=1619 e=0.025098
StFcsFastSimulatorMaker:INFO  - ECAL det=0 id=619 volid=1620 e=0.000817
StFcsFastSimulatorMaker:INFO  - ECAL det=0 id=619 volid=1620 e=0.009833
StFcsFastSimulatorMaker:INFO  - ECAL det=0 id=638 volid=1639 e=0.009453
StFcsFastSimulatorMaker:INFO  - ECAL det=0 id=638 volid=1639 e=0.000187
StFcsFastSimulatorMaker:INFO  - ECAL det=0 id=638 volid=1639 e=0.014272
StFcsFastSimulatorMaker:INFO  - ECAL det=0 id=639 volid=1640 e=0.043621
StFcsFastSimulatorMaker:INFO  - ECAL det=0 id=639 volid=1640 e=0.004542
StFcsFastSimulatorMaker:INFO  - ECAL det=0 id=639 volid=1640 e=0.004052
StFcsFastSimulatorMaker:INFO  - ECAL det=0 id=640 volid=1641 e=0.005938
StFcsFastSimulatorMaker:INFO  - ECAL det=0 id=640 volid=1641 e=0.062231
StFcsFastSimulatorMaker:INFO  - ECAL det=0 id=640 volid=1641 e=0.012091
StFcsFastSimulatorMaker:INFO  - ECAL det=0 id=641 volid=1642 e=0.005103
StFcsFastSimulatorMaker:INFO  - ECAL det=0 id=641 volid=1642 e=0.004019
StFcsFastSimulatorMaker:INFO  - ECAL det=0 id=644 volid=1645 e=0.000197
StFcsFastSimulatorMaker:INFO  - ECAL det=0 id=660 volid=1661 e=0.000149
StFcsFastSimulatorMaker:INFO  - ECAL det=0 id=661 volid=1662 e=0.000553
StFcsFastSimulatorMaker:INFO  - ECAL det=0 id=661 volid=1662 e=0.003770
StFcsFastSimulatorMaker:INFO  - ECAL det=0 id=662 volid=1663 e=0.000123
StFcsFastSimulatorMaker:INFO  - ECAL det=0 id=662 volid=1663 e=0.001471
StFcsFastSimulatorMaker:INFO  - ECAL det=0 id=686 volid=1687 e=0.001572
StFcsFastSimulatorMaker:INFO  - ECAL det=0 id=707 volid=1708 e=0.000647
StFcsFastSimulatorMaker:INFO  - ECAL det=1 id=418 volid=2419 e=0.000672
StFcsFastSimulatorMaker:INFO  - ECAL det=1 id=506 volid=2507 e=0.000430
StFcsFastSimulatorMaker:INFO  - ECAL det=1 id=506 volid=2507 e=0.001407
StFcsFastSimulatorMaker:INFO  - ECAL det=1 id=550 volid=2551 e=0.000014
StFcsFastSimulatorMaker:INFO  - ECAL det=1 id=616 volid=2617 e=0.000610
StFcsFastSimulatorMaker:INFO  - g2t_hca_hit table has 10 hit
StFcsFastSimulatorMaker:INFO  - HCAL det=2 id=182 volid= 1183 e=0.000662
StFcsFastSimulatorMaker:INFO  - HCAL det=2 id=195 volid= 1196 e=0.000033
StFcsFastSimulatorMaker:INFO  - HCAL det=2 id=208 volid= 1209 e=0.000027
StFcsFastSimulatorMaker:INFO  - HCAL det=2 id=209 volid= 1210 e=0.000679
StFcsFastSimulatorMaker:INFO  - HCAL det=2 id=221 volid= 1222 e=0.002519
StFcsFastSimulatorMaker:INFO  - HCAL det=2 id=223 volid= 1224 e=0.000009
StFcsFastSimulatorMaker:INFO  - HCAL det=2 id=234 volid= 1235 e=0.000645
StFcsFastSimulatorMaker:INFO  - HCAL det=2 id=235 volid= 1236 e=0.001254
StFcsFastSimulatorMaker:INFO  - HCAL det=2 id=247 volid= 1248 e=0.000862
StFcsFastSimulatorMaker:INFO  - HCAL det=3 id=209 volid= 2210 e=0.000196
StFcsFastSimulatorMaker:INFO  - g2t_epd_hit table has 5 hit
StFcsFastSimulatorMaker:INFO  - Pres det=4 id=166 volid=206120 e=  1.736311
StFcsFastSimulatorMaker:INFO  - Pres det=4 id=166 volid=206120 e=  3.651716
StFcsFastSimulatorMaker:INFO  - Pres det=4 id=166 volid=206120 e=  2.348842
StFcsFastSimulatorMaker:INFO  - Pres det=4 id=166 volid=206120 e=  1.461338
StFcsFastSimulatorMaker:INFO  - Pres det=4 id=166 volid=206120 e=  1.546461
StFcsFastSimulatorMaker:INFO  - Det=0 id=551 dE=   0.001 SF= 0.200 gain= 0.005 corr= 1.000 ADC=   1 ZS= 1 digiE=   0.005
StFcsFastSimulatorMaker:INFO  - Det=0 id=552 dE=   0.000 SF= 0.200 gain= 0.005 corr= 1.000 ADC=   0 ZS= 1 digiE=   0.000
StFcsFastSimulatorMaker:INFO  - Det=0 id=572 dE=   0.003 SF= 0.200 gain= 0.005 corr= 1.000 ADC=   3 ZS= 1 digiE=   0.016
StFcsFastSimulatorMaker:INFO  - Det=0 id=573 dE=   0.005 SF= 0.200 gain= 0.005 corr= 1.000 ADC=   4 ZS= 1 digiE=   0.021
StFcsFastSimulatorMaker:INFO  - Det=0 id=575 dE=   0.003 SF= 0.200 gain= 0.005 corr= 1.000 ADC=   3 ZS= 1 digiE=   0.016
StFcsFastSimulatorMaker:INFO  - Det=0 id=576 dE=   0.001 SF= 0.200 gain= 0.005 corr= 1.000 ADC=   1 ZS= 1 digiE=   0.005
StFcsFastSimulatorMaker:INFO  - Det=0 id=594 dE=   0.016 SF= 0.200 gain= 0.005 corr= 1.000 ADC=  15 ZS= 1 digiE=   0.079
StFcsFastSimulatorMaker:INFO  - Det=0 id=595 dE=   0.057 SF= 0.200 gain= 0.005 corr= 1.000 ADC=  53 ZS= 1 digiE=   0.281
StFcsFastSimulatorMaker:INFO  - Det=0 id=596 dE=   0.022 SF= 0.200 gain= 0.005 corr= 1.000 ADC=  20 ZS= 1 digiE=   0.106
StFcsFastSimulatorMaker:INFO  - Det=0 id=597 dE=   0.019 SF= 0.200 gain= 0.005 corr= 1.000 ADC=  18 ZS= 1 digiE=   0.095
StFcsFastSimulatorMaker:INFO  - Det=0 id=598 dE=   0.003 SF= 0.200 gain= 0.005 corr= 1.000 ADC=   2 ZS= 1 digiE=   0.011
StFcsFastSimulatorMaker:INFO  - Det=0 id=616 dE=   0.064 SF= 0.200 gain= 0.005 corr= 1.000 ADC=  60 ZS= 1 digiE=   0.318
StFcsFastSimulatorMaker:INFO  - Det=0 id=617 dE=   1.623 SF= 0.200 gain= 0.005 corr= 1.000 ADC=1531 ZS= 1 digiE=   8.114
StFcsFastSimulatorMaker:INFO  - Det=0 id=618 dE=   0.935 SF= 0.200 gain= 0.005 corr= 1.000 ADC= 881 ZS= 1 digiE=   4.669
StFcsFastSimulatorMaker:INFO  - Det=0 id=619 dE=   0.011 SF= 0.200 gain= 0.005 corr= 1.000 ADC=  10 ZS= 1 digiE=   0.053
StFcsFastSimulatorMaker:INFO  - Det=0 id=638 dE=   0.024 SF= 0.200 gain= 0.005 corr= 1.000 ADC=  22 ZS= 1 digiE=   0.117
StFcsFastSimulatorMaker:INFO  - Det=0 id=639 dE=   0.052 SF= 0.200 gain= 0.005 corr= 1.000 ADC=  49 ZS= 1 digiE=   0.260
StFcsFastSimulatorMaker:INFO  - Det=0 id=640 dE=   0.080 SF= 0.200 gain= 0.005 corr= 1.000 ADC=  75 ZS= 1 digiE=   0.397
StFcsFastSimulatorMaker:INFO  - Det=0 id=641 dE=   0.009 SF= 0.200 gain= 0.005 corr= 1.000 ADC=   8 ZS= 1 digiE=   0.042
StFcsFastSimulatorMaker:INFO  - Det=0 id=644 dE=   0.000 SF= 0.200 gain= 0.005 corr= 1.000 ADC=   0 ZS= 1 digiE=   0.000
StFcsFastSimulatorMaker:INFO  - Det=0 id=660 dE=   0.000 SF= 0.200 gain= 0.005 corr= 1.000 ADC=   0 ZS= 1 digiE=   0.000
StFcsFastSimulatorMaker:INFO  - Det=0 id=661 dE=   0.004 SF= 0.200 gain= 0.005 corr= 1.000 ADC=   4 ZS= 1 digiE=   0.021
StFcsFastSimulatorMaker:INFO  - Det=0 id=662 dE=   0.002 SF= 0.200 gain= 0.005 corr= 1.000 ADC=   1 ZS= 1 digiE=   0.005
StFcsFastSimulatorMaker:INFO  - Det=0 id=686 dE=   0.002 SF= 0.200 gain= 0.005 corr= 1.000 ADC=   1 ZS= 1 digiE=   0.005
StFcsFastSimulatorMaker:INFO  - Det=0 id=707 dE=   0.001 SF= 0.200 gain= 0.005 corr= 1.000 ADC=   0 ZS= 1 digiE=   0.000
StFcsFastSimulatorMaker:INFO  - Det=1 id=418 dE=   0.001 SF= 0.200 gain= 0.005 corr= 1.000 ADC=   0 ZS= 1 digiE=   0.000
StFcsFastSimulatorMaker:INFO  - Det=1 id=506 dE=   0.002 SF= 0.200 gain= 0.005 corr= 1.000 ADC=   1 ZS= 1 digiE=   0.005
StFcsFastSimulatorMaker:INFO  - Det=1 id=550 dE=   0.000 SF= 0.200 gain= 0.005 corr= 1.000 ADC=   0 ZS= 1 digiE=   0.000
StFcsFastSimulatorMaker:INFO  - Det=1 id=616 dE=   0.001 SF= 0.200 gain= 0.005 corr= 1.000 ADC=   0 ZS= 1 digiE=   0.000
StFcsFastSimulatorMaker:INFO  - Det=2 id=182 dE=   0.001 SF= 0.014 gain= 0.005 corr= 1.000 ADC=   8 ZS= 1 digiE=   0.042
StFcsFastSimulatorMaker:INFO  - Det=2 id=195 dE=   0.000 SF= 0.014 gain= 0.005 corr= 1.000 ADC=   0 ZS= 1 digiE=   0.000
StFcsFastSimulatorMaker:INFO  - Det=2 id=208 dE=   0.000 SF= 0.014 gain= 0.005 corr= 1.000 ADC=   0 ZS= 1 digiE=   0.000
StFcsFastSimulatorMaker:INFO  - Det=2 id=209 dE=   0.001 SF= 0.014 gain= 0.005 corr= 1.000 ADC=   8 ZS= 1 digiE=   0.042
StFcsFastSimulatorMaker:INFO  - Det=2 id=221 dE=   0.003 SF= 0.014 gain= 0.005 corr= 1.000 ADC=  32 ZS= 1 digiE=   0.170
StFcsFastSimulatorMaker:INFO  - Det=2 id=223 dE=   0.000 SF= 0.014 gain= 0.005 corr= 1.000 ADC=   0 ZS= 1 digiE=   0.000
StFcsFastSimulatorMaker:INFO  - Det=2 id=234 dE=   0.001 SF= 0.014 gain= 0.005 corr= 1.000 ADC=   8 ZS= 1 digiE=   0.042
StFcsFastSimulatorMaker:INFO  - Det=2 id=235 dE=   0.001 SF= 0.014 gain= 0.005 corr= 1.000 ADC=  16 ZS= 1 digiE=   0.085
StFcsFastSimulatorMaker:INFO  - Det=2 id=247 dE=   0.001 SF= 0.014 gain= 0.005 corr= 1.000 ADC=  11 ZS= 1 digiE=   0.058
StFcsFastSimulatorMaker:INFO  - Det=3 id=209 dE=   0.000 SF= 0.014 gain= 0.005 corr= 1.000 ADC=   2 ZS= 1 digiE=   0.011
StFcsFastSimulatorMaker:INFO  - Det=4 id=166 dE=  10.745 SF= 2.000 gain= 0.010 corr= 0.500 ADC=1074 ZS= 1 digiE=   5.370
StFcsFastSimulatorMaker:INFO  - wca Found 57 g2t hits in 17 cells, created 17 hits with ADC>ZS(1) and Etot=  14.617
StFcsFastSimulatorMaker:INFO  - hca Found 10 g2t hits in 7 cells, created 7 hits with ADC>ZS(1) and Etot=   0.450
StFcsFastSimulatorMaker:INFO  - pre Found 5 g2t hits in 1 cells, created 1 hits with ADC>ZS(1) and Etot=   5.370
StFcsFastSimulatorMaker:INFO  - *** StFcsFastSimulatorMaker::Make() == StOK(0) ***
StFcsWaveformFitMaker:INFO  - *** StFcsWaveformFitMaker::Make() == StOK(0) ***
StFcsClusterMaker:DEBUG - StFcsClusterMaker Make!!!
  *** Print FCS collection ***  RecFlag=0
  *** FCS Det=0 *** NHit= 17 NCluster=  1 NPoint=  0
StFcsHit: det= 0 id=617 | ns=0 ehp=0 dep=15 ch=12 | Ntb=  1 Sum=     0 Fit=  0.00   0.00 E=  8.11 | 1531 (  0) 
StFcsHit: det= 0 id=618 | ns=0 ehp=0 dep=15 ch=13 | Ntb=  1 Sum=     0 Fit=  0.00   0.00 E=  4.67 |  881 (  0) 
StFcsHit: det= 0 id=640 | ns=0 ehp=0 dep=15 ch=17 | Ntb=  1 Sum=     0 Fit=  0.00   0.00 E=  0.40 |   75 (  0) 
StFcsHit: det= 0 id=616 | ns=0 ehp=0 dep=22 ch=27 | Ntb=  1 Sum=     0 Fit=  0.00   0.00 E=  0.32 |   60 (  0) 
StFcsHit: det= 0 id=595 | ns=0 ehp=0 dep=15 ch= 8 | Ntb=  1 Sum=     0 Fit=  0.00   0.00 E=  0.28 |   53 (  0) 
StFcsHit: det= 0 id=639 | ns=0 ehp=0 dep=15 ch=16 | Ntb=  1 Sum=     0 Fit=  0.00   0.00 E=  0.26 |   49 (  0) 
StFcsHit: det= 0 id=638 | ns=0 ehp=0 dep=22 ch=28 | Ntb=  1 Sum=     0 Fit=  0.00   0.00 E=  0.12 |   22 (  0) 
StFcsHit: det= 0 id=596 | ns=0 ehp=0 dep=15 ch= 9 | Ntb=  1 Sum=     0 Fit=  0.00   0.00 E=  0.11 |   20 (  0) 
StFcsHit: det= 0 id=597 | ns=0 ehp=0 dep=15 ch=10 | Ntb=  1 Sum=     0 Fit=  0.00   0.00 E=  0.10 |   18 (  0) 
StFcsHit: det= 0 id=594 | ns=0 ehp=0 dep=22 ch=26 | Ntb=  1 Sum=     0 Fit=  0.00   0.00 E=  0.08 |   15 (  0) 
StFcsHit: det= 0 id=619 | ns=0 ehp=0 dep=15 ch=14 | Ntb=  1 Sum=     0 Fit=  0.00   0.00 E=  0.05 |   10 (  0) 
StFcsHit: det= 0 id=641 | ns=0 ehp=0 dep=15 ch=18 | Ntb=  1 Sum=     0 Fit=  0.00   0.00 E=  0.04 |    8 (  0) 
StFcsHit: det= 0 id=661 | ns=0 ehp=0 dep=15 ch=20 | Ntb=  1 Sum=     0 Fit=  0.00   0.00 E=  0.02 |    4 (  0) 
StFcsHit: det= 0 id=573 | ns=0 ehp=0 dep=15 ch= 4 | Ntb=  1 Sum=     0 Fit=  0.00   0.00 E=  0.02 |    4 (  0) 
StFcsHit: det= 0 id=575 | ns=0 ehp=0 dep=15 ch= 6 | Ntb=  1 Sum=     0 Fit=  0.00   0.00 E=  0.02 |    3 (  0) 
StFcsHit: det= 0 id=572 | ns=0 ehp=0 dep=22 ch=25 | Ntb=  1 Sum=     0 Fit=  0.00   0.00 E=  0.02 |    3 (  0) 
StFcsHit: det= 0 id=598 | ns=0 ehp=0 dep=15 ch=11 | Ntb=  1 Sum=     0 Fit=  0.00   0.00 E=  0.01 |    2 (  0) 
StFcsCluster id=   0 ctg=1 n=17 nNeigh=0 nPoints=0 loc=   1.88   28.55 PXYZE=  -0.57   -1.40   14.54   14.62 E=  14.62 sigMin/max=   0.35    0.57 Chi2=   0.00    0.00
  *** FCS Det=1 *** NHit=  0 NCluster=  0 NPoint=  0
  *** FCS Det=2 *** NHit=  6 NCluster=  1 NPoint=  0
StFcsHit: det= 2 id=221 | ns=0 ehp=1 dep= 3 ch=28 | Ntb=  1 Sum=     0 Fit=  0.00   0.00 E=  0.17 |   32 (  0) 
StFcsHit: det= 2 id=235 | ns=0 ehp=1 dep= 7 ch= 1 | Ntb=  1 Sum=     0 Fit=  0.00   0.00 E=  0.08 |   16 (  0) 
StFcsHit: det= 2 id=247 | ns=0 ehp=1 dep= 7 ch= 4 | Ntb=  1 Sum=     0 Fit=  0.00   0.00 E=  0.06 |   11 (  0) 
StFcsHit: det= 2 id=182 | ns=0 ehp=1 dep= 3 ch=16 | Ntb=  1 Sum=     0 Fit=  0.00   0.00 E=  0.04 |    8 (  0) 
StFcsHit: det= 2 id=209 | ns=0 ehp=1 dep= 3 ch=25 | Ntb=  1 Sum=     0 Fit=  0.00   0.00 E=  0.04 |    8 (  0) 
StFcsHit: det= 2 id=234 | ns=0 ehp=1 dep= 7 ch= 0 | Ntb=  1 Sum=     0 Fit=  0.00   0.00 E=  0.04 |    8 (  0) 
StFcsCluster id=   0 ctg=1 n= 5 nNeigh=0 nPoints=0 loc=   0.50   17.50 PXYZE=  -0.01   -0.04    0.40    0.40 E=   0.40 sigMin/max=   0.00    0.00 Chi2=   0.00    0.00
  *** FCS Det=3 *** NHit=  1 NCluster=  0 NPoint=  0
StFcsHit: det= 3 id=209 | ns=1 ehp=1 dep= 3 ch=25 | Ntb=  1 Sum=     0 Fit=  0.00   0.00 E=  0.01 |    2 (  0) 
  *** FCS Det=4 *** NHit=  1 NCluster=  0 NPoint=  0
StFcsHit: det= 4 id=166 | ns=0 ehp=2 dep= 5 ch= 6 | Ntb=  1 Sum=     0 Fit=  0.00   0.00 E=  5.37 | 1074 (  0) 
  *** FCS Det=5 *** NHit=  0 NCluster=  0 NPoint=  0
  *** FCS Det=6 *** NHit=  0 NCluster=  1 NPoint=  0
StFcsClusterMaker:INFO  - *** StFcsClusterMaker::Make() == StOK(0) ***
StFttClusterPointMaker:INFO  - Creating FttCollection
StFttClusterPointMaker:INFO  - Making Geant points
StFttClusterPointMaker:INFO  - *** StFttClusterPointMaker::Make() == StOK(0) ***
StFwdTrackMaker:INFO  - Setting Event Vertex from geant/g2t_vertex[0]: 0xbf083e0
StFwdTrackMaker:INFO  - TAttr::Found : useftt = 1

StFwdTrackMaker:INFO  - TAttr::Found : usefst = 1

StFwdTrackMaker:INFO  - TAttr::Found : useepd = 1

StFwdTrackMaker:INFO  - There are: 2 with 0 FST, 0 with 1 FST, 0 with 2 FST, 3 with 3 FST
StFwdTrackMaker:INFO  - There are: 2 with 0 FTT, 0 with 1 FTT, 0 with 2 FTT, 0 with 3 FTT, 0 with 4 FTT, 0 with 5 FTT, 0 with 6 FTT, 0 with 7 FTT, 3 with 8 FTT
StFwdTrackMaker:INFO  - There are 3 McTracks with > 2 FST hits (#of possible seeds)
StFwdTrackMaker:INFO  - 	Finding FWD Track Seeds
StFwdTrackMaker:INFO  - Hitmap Source: fst
StFwdTrackMaker:INFO  - Performing Fwd Seed finding with mode: fst = 
StFwdTrackMaker:INFO  - Found 3 seeds in 1 iterations
StFwdTrackMaker:INFO  - Total Hits removed: 0
StFwdTrackMaker:INFO  - Seed [0] with 3 hits : id=6@2id=3@1id=0@0
StFwdTrackMaker:INFO  - Seed [1] with 3 hits : id=7@2id=5@1id=2@0
StFwdTrackMaker:INFO  - Seed [2] with 3 hits : id=8@2id=4@1id=1@0
StFwdTrackMaker:INFO  - <<Fwd Tracking Found : 3 Track Seeds from 3 FST hits and 4 sTGC hits
StFwdTrackMaker:INFO  -     (vs. 3 McTracks with FST>2, eff = 1)
StFwdTrackMaker:INFO  - 	Fitting FWD Track Seeds
StFwdTrackMaker:INFO  - TrackFitter:refit = 1
StFwdTrackMaker:INFO  - Starting Track fitting loop with 3 track seeds
StFwdTrackMaker:INFO  - TrackFitter:refit = 1
StFwdTrackMaker:INFO  - 		Mc Match idTruth=1, quality = 1
StFwdTrackMaker:INFO  - GenFitTrackResult::mIdTruth = 1, QaTruth = 1
StFwdTrackMaker:INFO  - GenericFitSeeder::makeSeed::Curvature: 0.666488
StFwdTrackMaker:INFO  - GenericFitSeeder::makeSeed::pt = 0.00224903
StFwdTrackMaker:INFO  - Track Setup complete, track has 3 points
StFwdTrackMaker:INFO  -  sorting changed track points: 0
StFwdTrackMaker:INFO  - Fit status:  1
StFwdTrackMaker:INFO  - -Fit pvalue: 0.654985
StFwdTrackMaker:INFO  - -Fit Chi2:   0.199672
StFwdTrackMaker:INFO  - -Fit Chi2:   0.199672
StFwdTrackMaker:INFO  - Track fit charge: 1Fit momentum: -0.0176979, -0.0529451, 0.548078
StFwdTrackMaker:INFO  - 	Fit Pt: 0.0558248, eta: 2.97993, phi: -1.89339
StFwdTrackMaker:INFO  - Track fit update complete!
StFwdTrackMaker:INFO  - Track Reps: 1
StFwdTrackMaker:INFO  - Track Rep 0 
genfit::AbsTrackRep, pdgCode = 211. PropDir = 0
fitStatus 
 track has been fitted, fit has converged fully, 0 TrackPoints could not be processed, fitted charge = 1, PruneFlags: 
 track has been fitted with reference track, numIterations = 3, track length = 28.5725, fChi2 = 0.199672, bChi2 = 0.199672, fNdf = 1, bNdf = 1, fPVal = 0.654985, bPVal = 0.654985

StFwdTrackMaker:INFO  - GenFitTrackResult::mIdTruth = 1, QaTruth = 1
StFwdTrackMaker:INFO  - GTR Setting momentum from track
StFwdTrackMaker:INFO  - --isFitConvergedPartially() = 1
StFwdTrackMaker:INFO  - --isFitConverged() = 1
StFwdTrackMaker:INFO  - --isFitConvergedFully() = 1
StFwdTrackMaker:INFO  - Looking for FTT strips near projected state on disk 0
StFwdTrackMaker:INFO  - There are 6 available FTT strips on this disk
AAA FTT proj z= 312.25  x=-13.967 y=-28.022  r= 31.310 phi=-2.0332  sigU= 5.888 sigV= 0.098
AAA FTT momentum at proj: pT= 0.055 eta= 2.998 phi=-2.2411  px= -0.034 py= -0.043 pz=  0.548
AAA FTT search thresholds: dPhi<0.1200 dR<30.00 dx<7.50 dy<7.50  nHits=6
findFttHitsNearProjectedState, msp = (-13.966962, -28.022080)
AAA FTT hit H pos=( -8.038+/-4.33, -29.507+/-0.01)  dx= 5.929 dy= 1.485 dR= 0.727 dPhi=0.1965 (tid=1)  dPhi:FAIL dR:OK XY:OK
	 vs. hit@(-10.667669+/-4.330127, -29.139639+/-0.010000) => dx=3.299293, dy=1.117559, dR=0.279035, dPhi=0.111454 (tid=2), strip=horizontal
AAA FTT hit H pos=(-10.668+/-4.33, -29.140+/-0.01)  dx= 3.299 dy= 1.118 dR= 0.279 dPhi=0.1115 (tid=2)  dPhi:OK dR:OK XY:OK
	 vs. hit@(-17.051289+/-4.330127, -29.472696+/-0.010000) => dx=3.084326, dy=1.450616, dR=2.739811, dPhi=0.062106 (tid=3), strip=horizontal
AAA FTT hit H pos=(-17.051+/-4.33, -29.473+/-0.01)  dx= 3.084 dy= 1.451 dR= 2.740 dPhi=0.0621 (tid=3)  dPhi:OK dR:OK XY:OK
AAA FTT hit V pos=(-11.261+/-0.01, -35.226+/-4.33)  dx= 2.706 dy= 7.204 dR= 5.672 dPhi=0.1530 (tid=1)  dPhi:FAIL dR:OK XY:OK
	 vs. hit@(-13.726418+/-0.010000, -35.546883+/-4.330127) => dx=0.240544, dy=7.524803, dR=6.795107, dPhi=0.093879 (tid=2), strip=vertical
AAA FTT hit V pos=(-13.726+/-0.01, -35.547+/-4.33)  dx= 0.241 dy= 7.525 dR= 6.795 dPhi=0.0939 (tid=2)  dPhi:OK dR:OK XY:OK
AAA FTT hit V pos=(-11.508+/-0.01, -33.711+/-4.33)  dx= 2.459 dy= 5.689 dR= 4.311 dPhi=0.1334 (tid=3)  dPhi:FAIL dR:OK XY:OK
StFwdTrackMaker:INFO  - Adding horizontal strip hit with dPhi = 0.0621061, dR = 2.73981, dx = 3.08433, dy = 1.45062
StFwdTrackMaker:INFO  - Adding vertical strip hit with dPhi = 0.0938787, dR = 6.79511, dx = 0.240544, dy = 7.5248
StFwdTrackMaker:INFO  - Closest horizontal FTT strip to FST state: dR=2.739811, dPhi=0.062106, dx=3.084326, dy=1.450616 (tid=3) 
AAA FTT closest-H dPhi=0.0621(<0.1200) dR= 2.740(< 30.0) dx= 3.084 dy= 1.451(< 7.50) tid=3 -> ACCEPT
StFwdTrackMaker:INFO  - Closest vertical FTT strip to FST state: dR=6.795107, dPhi=0.093879, dx=0.240544, dy=7.524803 (tid=2) 
AAA FTT closest-V dPhi=0.0939(<0.1200) dR= 6.795(< 30.0) dx= 0.241 dy= 7.525(< 7.50) tid=2 -> ACCEPT
AAA FTT result: 2 hits added (H:ACCEPT V:ACCEPT)
StFwdTrackMaker:INFO  -  Found #FTT strips on plane #0 = [2]
StFwdTrackMaker:INFO  - Found 3 existing seed points
StFwdTrackMaker:INFO  - Adding 2 new FTT seed points
StFwdTrackMaker:INFO  - Looking for FTT strips near projected state on disk 1
StFwdTrackMaker:INFO  - There are 6 available FTT strips on this disk
AAA FTT proj z= 312.25  x=-13.967 y=-28.022  r= 31.310 phi=-2.0332  sigU= 5.888 sigV= 0.153
AAA FTT momentum at proj: pT= 0.055 eta= 2.998 phi=-2.2411  px= -0.034 py= -0.043 pz=  0.548
AAA FTT search thresholds: dPhi<0.1200 dR<30.00 dx<7.50 dy<7.50  nHits=6
findFttHitsNearProjectedState, msp = (-13.966962, -28.022080)
	 vs. hit@(-12.847940+/-4.330127, -31.236794+/-0.010000) => dx=1.119022, dy=3.214714, dR=2.465882, dPhi=0.072172 (tid=1), strip=horizontal
AAA FTT hit H pos=(-12.848+/-4.33, -31.237+/-0.01)  dx= 1.119 dy= 3.215 dR= 2.466 dPhi=0.0722 (tid=1)  dPhi:OK dR:OK XY:OK
	 vs. hit@(-11.676448+/-4.330127, -30.839258+/-0.010000) => dx=2.290515, dy=2.817178, dR=1.665787, dPhi=0.100445 (tid=2), strip=horizontal
AAA FTT hit H pos=(-11.676+/-4.33, -30.839+/-0.01)  dx= 2.291 dy= 2.817 dR= 1.666 dPhi=0.1004 (tid=2)  dPhi:OK dR:OK XY:OK
	 vs. hit@(-18.889715+/-4.330127, -31.204161+/-0.010000) => dx=4.922753, dy=3.182081, dR=5.166357, dPhi=0.081962 (tid=3), strip=horizontal
AAA FTT hit H pos=(-18.890+/-4.33, -31.204+/-0.01)  dx= 4.923 dy= 3.182 dR= 5.166 dPhi=0.0820 (tid=3)  dPhi:OK dR:OK XY:OK
	 vs. hit@(-11.855920+/-0.010000, -27.745050+/-4.330127) => dx=2.111043, dy=0.277030, dR=1.137933, dPhi=0.058557 (tid=1), strip=vertical
AAA FTT hit V pos=(-11.856+/-0.01, -27.745+/-4.33)  dx= 2.111 dy= 0.277 dR= 1.138 dPhi=0.0586 (tid=1)  dPhi:OK dR:OK XY:OK
	 vs. hit@(-14.554903+/-0.010000, -31.528025+/-4.330127) => dx=0.587941, dy=3.505945, dR=3.415567, dPhi=0.029889 (tid=2), strip=vertical
AAA FTT hit V pos=(-14.555+/-0.01, -31.528+/-4.33)  dx= 0.588 dy= 3.506 dR= 3.416 dPhi=0.0299 (tid=2)  dPhi:OK dR:OK XY:OK
	 vs. hit@(-12.136179+/-0.010000, -28.631783+/-4.330127) => dx=1.830784, dy=0.609703, dR=0.212269, dPhi=0.061475 (tid=3), strip=vertical
AAA FTT hit V pos=(-12.136+/-0.01, -28.632+/-4.33)  dx= 1.831 dy= 0.610 dR= 0.212 dPhi=0.0615 (tid=3)  dPhi:OK dR:OK XY:OK
StFwdTrackMaker:INFO  - Adding horizontal strip hit with dPhi = 0.072172, dR = 2.46588, dx = 1.11902, dy = 3.21471
StFwdTrackMaker:INFO  - Adding vertical strip hit with dPhi = 0.029889, dR = 3.41557, dx = 0.587941, dy = 3.50594
StFwdTrackMaker:INFO  - Closest horizontal FTT strip to FST state: dR=2.465882, dPhi=0.072172, dx=1.119022, dy=3.214714 (tid=1) 
AAA FTT closest-H dPhi=0.0722(<0.1200) dR= 2.466(< 30.0) dx= 1.119 dy= 3.215(< 7.50) tid=1 -> ACCEPT
StFwdTrackMaker:INFO  - Closest vertical FTT strip to FST state: dR=3.415567, dPhi=0.029889, dx=0.587941, dy=3.505945 (tid=2) 
AAA FTT closest-V dPhi=0.0299(<0.1200) dR= 3.416(< 30.0) dx= 0.588 dy= 3.506(< 7.50) tid=2 -> ACCEPT
AAA FTT result: 2 hits added (H:ACCEPT V:ACCEPT)
StFwdTrackMaker:INFO  -  Found #FTT strips on plane #1 = [2]
StFwdTrackMaker:INFO  - Found 5 existing seed points
StFwdTrackMaker:INFO  - Adding 2 new FTT seed points
StFwdTrackMaker:INFO  - Looking for FTT strips near projected state on disk 2
StFwdTrackMaker:INFO  - There are 6 available FTT strips on this disk
AAA FTT proj z= 312.25  x=-13.967 y=-28.022  r= 31.310 phi=-2.0332  sigU= 5.888 sigV= 0.098
AAA FTT momentum at proj: pT= 0.055 eta= 2.998 phi=-2.2411  px= -0.034 py= -0.043 pz=  0.548
AAA FTT search thresholds: dPhi<0.1200 dR<30.00 dx<7.50 dy<7.50  nHits=6
findFttHitsNearProjectedState, msp = (-13.966962, -28.022080)
AAA FTT hit H pos=( -9.371+/-4.33, -32.772+/-0.01)  dx= 4.595 dy= 4.750 dR= 2.776 dPhi=0.1839 (tid=1)  dPhi:FAIL dR:OK XY:OK
	 vs. hit@(-17.632147+/-4.330127, -32.285282+/-0.010000) => dx=3.665184, dy=4.263202, dR=5.476352, dPhi=0.037483 (tid=2), strip=horizontal
AAA FTT hit H pos=(-17.632+/-4.33, -32.285+/-0.01)  dx= 3.665 dy= 4.263 dR= 5.476 dPhi=0.0375 (tid=2)  dPhi:OK dR:OK XY:OK
	 vs. hit@(-13.540433+/-4.330127, -32.718029+/-0.010000) => dx=0.426530, dy=4.695949, dR=4.099268, dPhi=0.069998 (tid=3), strip=horizontal
AAA FTT hit H pos=(-13.540+/-4.33, -32.718+/-0.01)  dx= 0.427 dy= 4.696 dR= 4.099 dPhi=0.0700 (tid=3)  dPhi:OK dR:OK XY:OK
	 vs. hit@(-12.404651+/-0.010000, -31.013594+/-4.330127) => dx=1.562312, dy=2.991514, dR=2.092420, dPhi=0.081904 (tid=1), strip=vertical
AAA FTT hit V pos=(-12.405+/-0.01, -31.014+/-4.33)  dx= 1.562 dy= 2.992 dR= 2.092 dPhi=0.0819 (tid=1)  dPhi:OK dR:OK XY:OK
	 vs. hit@(-15.264917+/-0.010000, -34.368534+/-4.330127) => dx=1.297955, dy=6.346454, dR=6.296084, dPhi=0.044407 (tid=2), strip=vertical
AAA FTT hit V pos=(-15.265+/-0.01, -34.369+/-4.33)  dx= 1.298 dy= 6.346 dR= 6.296 dPhi=0.0444 (tid=2)  dPhi:OK dR:OK XY:OK
AAA FTT hit V pos=(-12.647+/-0.01, -38.210+/-4.33)  dx= 1.320 dy=10.188 dR= 8.938 dPhi=0.1428 (tid=3)  dPhi:FAIL dR:OK XY:OK
StFwdTrackMaker:INFO  - Adding horizontal strip hit with dPhi = 0.0374831, dR = 5.47635, dx = 3.66518, dy = 4.2632
StFwdTrackMaker:INFO  - Adding vertical strip hit with dPhi = 0.0444068, dR = 6.29608, dx = 1.29795, dy = 6.34645
StFwdTrackMaker:INFO  - Closest horizontal FTT strip to FST state: dR=5.476352, dPhi=0.037483, dx=3.665184, dy=4.263202 (tid=2) 
AAA FTT closest-H dPhi=0.0375(<0.1200) dR= 5.476(< 30.0) dx= 3.665 dy= 4.263(< 7.50) tid=2 -> ACCEPT
StFwdTrackMaker:INFO  - Closest vertical FTT strip to FST state: dR=6.296084, dPhi=0.044407, dx=1.297955, dy=6.346454 (tid=2) 
AAA FTT closest-V dPhi=0.0444(<0.1200) dR= 6.296(< 30.0) dx= 1.298 dy= 6.346(< 7.50) tid=2 -> ACCEPT
AAA FTT result: 2 hits added (H:ACCEPT V:ACCEPT)
StFwdTrackMaker:INFO  -  Found #FTT strips on plane #2 = [2]
StFwdTrackMaker:INFO  - Found 7 existing seed points
StFwdTrackMaker:INFO  - Adding 2 new FTT seed points
StFwdTrackMaker:INFO  - Looking for FTT strips near projected state on disk 3
StFwdTrackMaker:INFO  - There are 6 available FTT strips on this disk
AAA FTT proj z= 312.25  x=-13.967 y=-28.022  r= 31.310 phi=-2.0332  sigU= 5.888 sigV= 0.153
AAA FTT momentum at proj: pT= 0.055 eta= 2.998 phi=-2.2411  px= -0.034 py= -0.043 pz=  0.548
AAA FTT search thresholds: dPhi<0.1200 dR<30.00 dx<7.50 dy<7.50  nHits=6
findFttHitsNearProjectedState, msp = (-13.966962, -28.022080)
AAA FTT hit H pos=( -9.324+/-4.33, -34.467+/-0.01)  dx= 4.643 dy= 6.445 dR= 4.396 dPhi=0.1982 (tid=1)  dPhi:FAIL dR:OK XY:OK
	 vs. hit@(-17.670483+/-4.330127, -33.987007+/-0.010000) => dx=3.703520, dy=5.964927, dR=6.996219, dPhi=0.017067 (tid=2), strip=horizontal
AAA FTT hit H pos=(-17.670+/-4.33, -33.987+/-0.01)  dx= 3.704 dy= 5.965 dR= 6.996 dPhi=0.0171 (tid=2)  dPhi:OK dR:OK XY:OK
	 vs. hit@(-15.498422+/-4.330127, -34.389561+/-0.010000) => dx=1.531459, dy=6.367481, dR=6.410640, dPhi=0.038976 (tid=3), strip=horizontal
AAA FTT hit H pos=(-15.498+/-4.33, -34.390+/-0.01)  dx= 1.531 dy= 6.367 dR= 6.411 dPhi=0.0390 (tid=3)  dPhi:OK dR:OK XY:OK
	 vs. hit@(-13.021799+/-0.010000, -33.550606+/-4.330127) => dx=0.945163, dy=5.528526, dR=4.679081, dPhi=0.092162 (tid=1), strip=vertical
AAA FTT hit V pos=(-13.022+/-0.01, -33.551+/-4.33)  dx= 0.945 dy= 5.529 dR= 4.679 dPhi=0.0922 (tid=1)  dPhi:OK dR:OK XY:OK
	 vs. hit@(-16.123884+/-0.010000, -40.968906+/-4.330127) => dx=2.156922, dy=12.946826, dR=12.717665, dPhi=0.087443 (tid=2), strip=vertical
AAA FTT hit V pos=(-16.124+/-0.01, -40.969+/-4.33)  dx= 2.157 dy=12.947 dR=12.718 dPhi=0.0874 (tid=2)  dPhi:OK dR:OK XY:OK
AAA FTT hit V pos=(-13.242+/-0.01, -38.369+/-4.33)  dx= 0.725 dy=10.347 dR= 9.280 dPhi=0.1301 (tid=3)  dPhi:FAIL dR:OK XY:OK
StFwdTrackMaker:INFO  - Adding horizontal strip hit with dPhi = 0.0170669, dR = 6.99622, dx = 3.70352, dy = 5.96493
StFwdTrackMaker:INFO  - Adding vertical strip hit with dPhi = 0.0874427, dR = 12.7177, dx = 2.15692, dy = 12.9468
StFwdTrackMaker:INFO  - Closest horizontal FTT strip to FST state: dR=6.996219, dPhi=0.017067, dx=3.703520, dy=5.964927 (tid=2) 
AAA FTT closest-H dPhi=0.0171(<0.1200) dR= 6.996(< 30.0) dx= 3.704 dy= 5.965(< 7.50) tid=2 -> ACCEPT
StFwdTrackMaker:INFO  - Closest vertical FTT strip to FST state: dR=12.717665, dPhi=0.087443, dx=2.156922, dy=12.946826 (tid=2) 
AAA FTT closest-V dPhi=0.0874(<0.1200) dR=12.718(< 30.0) dx= 2.157 dy=12.947(< 7.50) tid=2 -> ACCEPT
AAA FTT result: 2 hits added (H:ACCEPT V:ACCEPT)
StFwdTrackMaker:INFO  -  Found #FTT strips on plane #3 = [2]
StFwdTrackMaker:INFO  - Found 9 existing seed points
StFwdTrackMaker:INFO  - Adding 2 new FTT seed points
StFwdTrackMaker:INFO  - Closest EPD hit to state: dR=0.259290, dPhi=-0.092659
StFwdTrackMaker:INFO  - GenFitTrackResult::mIdTruth = 2, QaTruth = 0.545455
StFwdTrackMaker:INFO  - GenericFitSeeder::makeSeed::Curvature: -0.0127562
StFwdTrackMaker:INFO  - GenericFitSeeder::makeSeed::pt = 0.117507
StFwdTrackMaker:INFO  - Note: Using externally provided seed momentum
StFwdTrackMaker:INFO  - Track Setup complete, track has 11 points
StFwdTrackMaker:INFO  -  sorting changed track points: 0
StFwdTrackMaker:INFO  - Fit status:  1
StFwdTrackMaker:INFO  - -Fit pvalue: 3.61968e-109
StFwdTrackMaker:INFO  - -Fit Chi2:   565.001
StFwdTrackMaker:INFO  - -Fit Chi2:   565.001
StFwdTrackMaker:INFO  - Track fit charge: 1Fit momentum: -1.14472, -2.14546, 25.1637
StFwdTrackMaker:INFO  - 	Fit Pt: 2.43174, eta: 3.03227, phi: -2.06092
StFwdTrackMaker:INFO  - Track fit update complete!
StFwdTrackMaker:INFO  - Track Reps: 1
StFwdTrackMaker:INFO  - Track Rep 0 
genfit::AbsTrackRep, pdgCode = -211. PropDir = 0
fitStatus 
 track has been fitted, fit has converged fully, 0 TrackPoints could not be processed, fitted charge = 1, PruneFlags: 
 track has been fitted with reference track, numIterations = 5, track length = 216.426, fChi2 = 565.001, bChi2 = 565.001, fNdf = 17, bNdf = 17, fPVal = 3.6197e-109, bPVal = 3.61968e-109

StFwdTrackMaker:INFO  - GenFitTrackResult::mIdTruth = 2, QaTruth = 0.545455
StFwdTrackMaker:INFO  - GTR Setting momentum from track
StFwdTrackMaker:INFO  - --isFitConvergedPartially() = 1
StFwdTrackMaker:INFO  - --isFitConverged() = 1
StFwdTrackMaker:INFO  - --isFitConvergedFully() = 1
StFwdTrackMaker:INFO  - 		Mc Match idTruth=3, quality = 0.666667
StFwdTrackMaker:INFO  - GenFitTrackResult::mIdTruth = 3, QaTruth = 0.666667
The points are collinear, curvature is undefined.
p1 = -5.96087, -14.308
p2 = -5.96087, -14.308
p3 = -7.6006, -16.8666
StFwdTrackMaker:INFO  - GenericFitSeeder::makeSeed::Curvature: -1e-07
StFwdTrackMaker:INFO  - GenericFitSeeder::makeSeed::pt = 14989.5
StFwdTrackMaker:WARN  - Seed momentum is too high, setting to (0,0,1)
StFwdTrackMaker:INFO  - Track Setup complete, track has 3 points
StFwdTrackMaker:INFO  -  sorting changed track points: 0
StFwdTrackMaker:INFO  - Fit status:  1
StFwdTrackMaker:INFO  - -Fit pvalue: 0.645243
StFwdTrackMaker:INFO  - -Fit Chi2:   0.21195
StFwdTrackMaker:INFO  - -Fit Chi2:   0.21195
StFwdTrackMaker:INFO  - Track fit charge: 1Fit momentum: -0.00107859, -0.00579722, 0.0551794
StFwdTrackMaker:INFO  - 	Fit Pt: 0.0058967, eta: 2.93219, phi: -1.75475
StFwdTrackMaker:INFO  - Track fit update complete!
StFwdTrackMaker:INFO  - Track Reps: 1
StFwdTrackMaker:INFO  - Track Rep 0 
genfit::AbsTrackRep, pdgCode = -211. PropDir = 0
fitStatus 
 track has been fitted, fit has converged fully, 0 TrackPoints could not be processed, fitted charge = 1, PruneFlags: 
 track has been fitted with reference track, numIterations = 6, track length = 28.5877, fChi2 = 0.21195, bChi2 = 0.21195, fNdf = 1, bNdf = 1, fPVal = 0.645243, bPVal = 0.645243

StFwdTrackMaker:INFO  - GenFitTrackResult::mIdTruth = 3, QaTruth = 0.666667
StFwdTrackMaker:INFO  - GTR Setting momentum from track
StFwdTrackMaker:INFO  - --isFitConvergedPartially() = 1
StFwdTrackMaker:INFO  - --isFitConverged() = 1
StFwdTrackMaker:INFO  - --isFitConvergedFully() = 1
StFwdTrackMaker:INFO  - Looking for FTT strips near projected state on disk 0
StFwdTrackMaker:INFO  - There are 6 available FTT strips on this disk
AAA FTT proj z= 312.25  x=-10.056 y= -9.907  r= 14.116 phi=-2.3636  sigU=24.498 sigV= 0.036
AAA FTT momentum at proj: pT= 0.006 eta= 2.892 phi=-0.0980  px=  0.006 py= -0.001 pz=  0.055
AAA FTT search thresholds: dPhi<0.1200 dR<30.00 dx<7.50 dy<7.50  nHits=6
findFttHitsNearProjectedState, msp = (-10.055616, -9.906844)
AAA FTT hit H pos=( -8.038+/-4.33, -29.507+/-0.01)  dx= 2.018 dy=19.601 dR=16.466 dPhi=0.5269 (tid=1)  dPhi:FAIL dR:OK XY:OK
AAA FTT hit H pos=(-10.668+/-4.33, -29.140+/-0.01)  dx= 0.612 dy=19.233 dR=16.915 dPhi=0.4419 (tid=2)  dPhi:FAIL dR:OK XY:OK
AAA FTT hit H pos=(-17.051+/-4.33, -29.473+/-0.01)  dx= 6.996 dy=19.566 dR=19.934 dPhi=0.2684 (tid=3)  dPhi:FAIL dR:OK XY:OK
AAA FTT hit V pos=(-11.261+/-0.01, -35.226+/-4.33)  dx= 1.205 dy=25.319 dR=22.866 dPhi=0.4834 (tid=1)  dPhi:FAIL dR:OK XY:OK
AAA FTT hit V pos=(-13.726+/-0.01, -35.547+/-4.33)  dx= 3.671 dy=25.640 dR=23.989 dPhi=0.4243 (tid=2)  dPhi:FAIL dR:OK XY:OK
AAA FTT hit V pos=(-11.508+/-0.01, -33.711+/-4.33)  dx= 1.453 dy=23.804 dR=21.505 dPhi=0.4639 (tid=3)  dPhi:FAIL dR:OK XY:OK
StFwdTrackMaker:INFO  - Closest horizontal FTT strip to FST state: dR=19.933779, dPhi=0.268356, dx=6.995672, dy=19.565852 (tid=3) 
AAA FTT closest-H dPhi=0.2684(<0.1200) dR=19.934(< 30.0) dx= 6.996 dy=19.566(< 7.50) tid=3 -> REJECT
StFwdTrackMaker:INFO  - Closest vertical FTT strip to FST state: dR=23.989075, dPhi=0.424341, dx=3.670802, dy=25.640039 (tid=2) 
AAA FTT closest-V dPhi=0.4243(<0.1200) dR=23.989(< 30.0) dx= 3.671 dy=25.640(< 7.50) tid=2 -> REJECT
AAA FTT result: 0 hits added (H:REJECT V:REJECT)
StFwdTrackMaker:INFO  -  Found #FTT strips on plane #0 = [0]
StFwdTrackMaker:INFO  - Found 3 existing seed points
StFwdTrackMaker:INFO  - Looking for FTT strips near projected state on disk 1
StFwdTrackMaker:INFO  - There are 6 available FTT strips on this disk
AAA FTT proj z= 312.25  x=-10.056 y= -9.907  r= 14.116 phi=-2.3636  sigU=24.498 sigV= 0.647
AAA FTT momentum at proj: pT= 0.006 eta= 2.892 phi=-0.0980  px=  0.006 py= -0.001 pz=  0.055
AAA FTT search thresholds: dPhi<0.1200 dR<30.00 dx<7.50 dy<7.50  nHits=6
findFttHitsNearProjectedState, msp = (-10.055616, -9.906844)
AAA FTT hit H pos=(-12.848+/-4.33, -31.237+/-0.01)  dx= 2.792 dy=21.330 dR=19.660 dPhi=0.4026 (tid=1)  dPhi:FAIL dR:OK XY:OK
AAA FTT hit H pos=(-11.676+/-4.33, -30.839+/-0.01)  dx= 1.621 dy=20.932 dR=18.860 dPhi=0.4309 (tid=2)  dPhi:FAIL dR:OK XY:OK
AAA FTT hit H pos=(-18.890+/-4.33, -31.204+/-0.01)  dx= 8.834 dy=21.297 dR=22.360 dPhi=0.2485 (tid=3)  dPhi:FAIL dR:OK XY:FAIL
AAA FTT hit V pos=(-11.856+/-0.01, -27.745+/-4.33)  dx= 1.800 dy=17.838 dR=16.056 dPhi=0.3890 (tid=1)  dPhi:FAIL dR:OK XY:OK
AAA FTT hit V pos=(-14.555+/-0.01, -31.528+/-4.33)  dx= 4.499 dy=21.621 dR=20.610 dPhi=0.3604 (tid=2)  dPhi:FAIL dR:OK XY:OK
AAA FTT hit V pos=(-12.136+/-0.01, -28.632+/-4.33)  dx= 2.081 dy=18.725 dR=16.982 dPhi=0.3919 (tid=3)  dPhi:FAIL dR:OK XY:OK
StFwdTrackMaker:INFO  - Closest horizontal FTT strip to FST state: dR=22.360324, dPhi=0.248500, dx=8.834099, dy=21.297317 (tid=3) 
AAA FTT closest-H dPhi=0.2485(<0.1200) dR=22.360(< 30.0) dx= 8.834 dy=21.297(< 7.50) tid=3 -> REJECT
StFwdTrackMaker:INFO  - Closest vertical FTT strip to FST state: dR=20.609534, dPhi=0.360351, dx=4.499287, dy=21.621181 (tid=2) 
AAA FTT closest-V dPhi=0.3604(<0.1200) dR=20.610(< 30.0) dx= 4.499 dy=21.621(< 7.50) tid=2 -> REJECT
AAA FTT result: 0 hits added (H:REJECT V:REJECT)
StFwdTrackMaker:INFO  -  Found #FTT strips on plane #1 = [0]
StFwdTrackMaker:INFO  - Found 3 existing seed points
StFwdTrackMaker:INFO  - Looking for FTT strips near projected state on disk 2
StFwdTrackMaker:INFO  - There are 6 available FTT strips on this disk
AAA FTT proj z= 312.25  x=-10.056 y= -9.907  r= 14.116 phi=-2.3636  sigU=24.498 sigV= 0.036
AAA FTT momentum at proj: pT= 0.006 eta= 2.892 phi=-0.0980  px=  0.006 py= -0.001 pz=  0.055
AAA FTT search thresholds: dPhi<0.1200 dR<30.00 dx<7.50 dy<7.50  nHits=6
findFttHitsNearProjectedState, msp = (-10.055616, -9.906844)
AAA FTT hit H pos=( -9.371+/-4.33, -32.772+/-0.01)  dx= 0.684 dy=22.866 dR=19.970 dPhi=0.5143 (tid=1)  dPhi:FAIL dR:OK XY:OK
AAA FTT hit H pos=(-17.632+/-4.33, -32.285+/-0.01)  dx= 7.577 dy=22.378 dR=22.670 dPhi=0.2930 (tid=2)  dPhi:FAIL dR:OK XY:FAIL
AAA FTT hit H pos=(-13.540+/-4.33, -32.718+/-0.01)  dx= 3.485 dy=22.811 dR=21.293 dPhi=0.4005 (tid=3)  dPhi:FAIL dR:OK XY:OK
AAA FTT hit V pos=(-12.405+/-0.01, -31.014+/-4.33)  dx= 2.349 dy=21.107 dR=19.286 dPhi=0.4124 (tid=1)  dPhi:FAIL dR:OK XY:OK
AAA FTT hit V pos=(-15.265+/-0.01, -34.369+/-4.33)  dx= 5.209 dy=24.462 dR=23.490 dPhi=0.3749 (tid=2)  dPhi:FAIL dR:OK XY:OK
AAA FTT hit V pos=(-12.647+/-0.01, -38.210+/-4.33)  dx= 2.591 dy=28.303 dR=26.132 dPhi=0.4732 (tid=3)  dPhi:FAIL dR:OK XY:OK
StFwdTrackMaker:INFO  - Closest horizontal FTT strip to FST state: dR=22.670320, dPhi=0.292979, dx=7.576531, dy=22.378438 (tid=2) 
AAA FTT closest-H dPhi=0.2930(<0.1200) dR=22.670(< 30.0) dx= 7.577 dy=22.378(< 7.50) tid=2 -> REJECT
StFwdTrackMaker:INFO  - Closest vertical FTT strip to FST state: dR=23.490052, dPhi=0.374869, dx=5.209301, dy=24.461690 (tid=2) 
AAA FTT closest-V dPhi=0.3749(<0.1200) dR=23.490(< 30.0) dx= 5.209 dy=24.462(< 7.50) tid=2 -> REJECT
AAA FTT result: 0 hits added (H:REJECT V:REJECT)
StFwdTrackMaker:INFO  -  Found #FTT strips on plane #2 = [0]
StFwdTrackMaker:INFO  - Found 3 existing seed points
StFwdTrackMaker:INFO  - Looking for FTT strips near projected state on disk 3
StFwdTrackMaker:INFO  - There are 6 available FTT strips on this disk
AAA FTT proj z= 312.25  x=-10.056 y= -9.907  r= 14.116 phi=-2.3636  sigU=24.498 sigV= 0.647
AAA FTT momentum at proj: pT= 0.006 eta= 2.892 phi=-0.0980  px=  0.006 py= -0.001 pz=  0.055
AAA FTT search thresholds: dPhi<0.1200 dR<30.00 dx<7.50 dy<7.50  nHits=6
findFttHitsNearProjectedState, msp = (-10.055616, -9.906844)
AAA FTT hit H pos=( -9.324+/-4.33, -34.467+/-0.01)  dx= 0.732 dy=24.560 dR=21.590 dPhi=0.5287 (tid=1)  dPhi:FAIL dR:OK XY:OK
AAA FTT hit H pos=(-17.670+/-4.33, -33.987+/-0.01)  dx= 7.615 dy=24.080 dR=24.190 dPhi=0.3134 (tid=2)  dPhi:FAIL dR:OK XY:FAIL
AAA FTT hit H pos=(-15.498+/-4.33, -34.390+/-0.01)  dx= 5.443 dy=24.483 dR=23.605 dPhi=0.3694 (tid=3)  dPhi:FAIL dR:OK XY:OK
AAA FTT hit V pos=(-13.022+/-0.01, -33.551+/-4.33)  dx= 2.966 dy=23.644 dR=21.873 dPhi=0.4226 (tid=1)  dPhi:FAIL dR:OK XY:OK
AAA FTT hit V pos=(-16.124+/-0.01, -40.969+/-4.33)  dx= 6.068 dy=31.062 dR=29.912 dPhi=0.4179 (tid=2)  dPhi:FAIL dR:OK XY:OK
AAA FTT hit V pos=(-13.242+/-0.01, -38.369+/-4.33)  dx= 3.186 dy=28.462 dR=26.474 dPhi=0.4605 (tid=3)  dPhi:FAIL dR:OK XY:OK
StFwdTrackMaker:INFO  - Closest horizontal FTT strip to FST state: dR=24.190187, dPhi=0.313395, dx=7.614867, dy=24.080163 (tid=2) 
AAA FTT closest-H dPhi=0.3134(<0.1200) dR=24.190(< 30.0) dx= 7.615 dy=24.080(< 7.50) tid=2 -> REJECT
StFwdTrackMaker:INFO  - Closest vertical FTT strip to FST state: dR=29.911633, dPhi=0.417905, dx=6.068268, dy=31.062063 (tid=2) 
AAA FTT closest-V dPhi=0.4179(<0.1200) dR=29.912(< 30.0) dx= 6.068 dy=31.062(< 7.50) tid=2 -> REJECT
AAA FTT result: 0 hits added (H:REJECT V:REJECT)
StFwdTrackMaker:INFO  -  Found #FTT strips on plane #3 = [0]
StFwdTrackMaker:INFO  - Found 3 existing seed points
StFwdTrackMaker:INFO  - Closest EPD hit to state: dR=-20.987655, dPhi=0.218892
StFwdTrackMaker:INFO  - GenFitTrackResult::mIdTruth = 3, QaTruth = 0.666667
The points are collinear, curvature is undefined.
p1 = -5.96087, -14.308
p2 = -5.96087, -14.308
p3 = -7.6006, -16.8666
StFwdTrackMaker:INFO  - GenericFitSeeder::makeSeed::Curvature: -1e-07
StFwdTrackMaker:INFO  - GenericFitSeeder::makeSeed::pt = 14989.5
StFwdTrackMaker:WARN  - Seed momentum is too high, setting to (0,0,1)
StFwdTrackMaker:INFO  - Note: Using externally provided seed momentum
StFwdTrackMaker:INFO  - Track Setup complete, track has 3 points
StFwdTrackMaker:INFO  -  sorting changed track points: 0
StFwdTrackMaker:INFO  - Fit status:  1
StFwdTrackMaker:INFO  - -Fit pvalue: 0.459165
StFwdTrackMaker:INFO  - -Fit Chi2:   0.547928
StFwdTrackMaker:INFO  - -Fit Chi2:   0.547928
StFwdTrackMaker:INFO  - Track fit charge: -1Fit momentum: 0.0011541, -0.000456806, 0.00748883
StFwdTrackMaker:INFO  - 	Fit Pt: 0.00124121, eta: 2.49727, phi: -0.376891
StFwdTrackMaker:INFO  - Track fit update complete!
StFwdTrackMaker:INFO  - Track Reps: 1
StFwdTrackMaker:INFO  - Track Rep 0 
genfit::AbsTrackRep, pdgCode = -211. PropDir = 0
fitStatus 
 track has been fitted, fit has converged fully, 0 TrackPoints could not be processed, fitted charge = -1, PruneFlags: 
 track has been fitted with reference track, numIterations = 5, track length = 28.8507, fChi2 = 0.547928, bChi2 = 0.547928, fNdf = 1, bNdf = 1, fPVal = 0.459165, bPVal = 0.459165

StFwdTrackMaker:INFO  - GenFitTrackResult::mIdTruth = 3, QaTruth = 0.666667
StFwdTrackMaker:INFO  - GTR Setting momentum from track
StFwdTrackMaker:INFO  - --isFitConvergedPartially() = 1
StFwdTrackMaker:INFO  - --isFitConverged() = 1
StFwdTrackMaker:INFO  - --isFitConvergedFully() = 1
StFwdTrackMaker:INFO  - 		Mc Match idTruth=2, quality = 0.666667
StFwdTrackMaker:INFO  - GenFitTrackResult::mIdTruth = 2, QaTruth = 0.666667
StFwdTrackMaker:INFO  - GenericFitSeeder::makeSeed::Curvature: -0.657664
StFwdTrackMaker:INFO  - GenericFitSeeder::makeSeed::pt = 0.0022792
StFwdTrackMaker:INFO  - Track Setup complete, track has 3 points
StFwdTrackMaker:INFO  -  sorting changed track points: 0
StFwdTrackMaker:INFO  - Fit status:  1
StFwdTrackMaker:INFO  - -Fit pvalue: 0.508334
StFwdTrackMaker:INFO  - -Fit Chi2:   0.437495
StFwdTrackMaker:INFO  - -Fit Chi2:   0.437495
StFwdTrackMaker:INFO  - Track fit charge: -1Fit momentum: -0.000961941, 0.000421555, 0.00769938
StFwdTrackMaker:INFO  - 	Fit Pt: 0.00105026, eta: 2.68987, phi: 2.72857
StFwdTrackMaker:INFO  - Track fit update complete!
StFwdTrackMaker:INFO  - Track Reps: 1
StFwdTrackMaker:INFO  - Track Rep 0 
genfit::AbsTrackRep, pdgCode = -211. PropDir = 0
fitStatus 
 track has been fitted, fit has converged fully, 0 TrackPoints could not be processed, fitted charge = -1, PruneFlags: 
 track has been fitted with reference track, numIterations = 4, track length = 28.7055, fChi2 = 0.437495, bChi2 = 0.437495, fNdf = 1, bNdf = 1, fPVal = 0.508334, bPVal = 0.508334

StFwdTrackMaker:INFO  - GenFitTrackResult::mIdTruth = 2, QaTruth = 0.666667
StFwdTrackMaker:INFO  - GTR Setting momentum from track
StFwdTrackMaker:INFO  - --isFitConvergedPartially() = 1
StFwdTrackMaker:INFO  - --isFitConverged() = 1
StFwdTrackMaker:INFO  - --isFitConvergedFully() = 1
StFwdTrackMaker:INFO  - Looking for FTT strips near projected state on disk 0
StFwdTrackMaker:INFO  - There are 6 available FTT strips on this disk
AAA FTT proj z= 312.25  x= -7.824 y=-17.891  r= 19.527 phi=-1.9831  sigU=41.903 sigV= 1.387
AAA FTT momentum at proj: pT= 0.001 eta= 3.335 phi= 2.5220  px= -0.000 py=  0.000 pz=  0.008
AAA FTT search thresholds: dPhi<0.1200 dR<30.00 dx<7.50 dy<7.50  nHits=6
findFttHitsNearProjectedState, msp = (-7.824142, -17.891258)
AAA FTT hit H pos=( -8.038+/-4.33, -29.507+/-0.01)  dx= 0.213 dy=11.616 dR=11.055 dPhi=0.1463 (tid=1)  dPhi:FAIL dR:OK XY:OK
	 vs. hit@(-10.667669+/-4.330127, -29.139639+/-0.010000) => dx=2.843527, dy=11.248381, dR=11.503645, dPhi=0.061322 (tid=2), strip=horizontal
AAA FTT hit H pos=(-10.668+/-4.33, -29.140+/-0.01)  dx= 2.844 dy=11.248 dR=11.504 dPhi=0.0613 (tid=2)  dPhi:OK dR:OK XY:OK
	 vs. hit@(-17.051289+/-4.330127, -29.472696+/-0.010000) => dx=9.227146, dy=11.581439, dR=14.522491, dPhi=0.112238 (tid=3), strip=horizontal
AAA FTT hit H pos=(-17.051+/-4.33, -29.473+/-0.01)  dx= 9.227 dy=11.581 dR=14.522 dPhi=0.1122 (tid=3)  dPhi:OK dR:OK XY:FAIL
	 vs. hit@(-11.260900+/-0.010000, -35.226025+/-4.330127) => dx=3.436758, dy=17.334767, dR=17.454897, dPhi=0.102848 (tid=1), strip=vertical
AAA FTT hit V pos=(-11.261+/-0.01, -35.226+/-4.33)  dx= 3.437 dy=17.335 dR=17.455 dPhi=0.1028 (tid=1)  dPhi:OK dR:OK XY:OK
	 vs. hit@(-13.726418+/-0.010000, -35.546883+/-4.330127) => dx=5.902276, dy=17.655625, dR=18.577787, dPhi=0.043747 (tid=2), strip=vertical
AAA FTT hit V pos=(-13.726+/-0.01, -35.547+/-4.33)  dx= 5.902 dy=17.656 dR=18.578 dPhi=0.0437 (tid=2)  dPhi:OK dR:OK XY:OK
	 vs. hit@(-11.508279+/-0.010000, -33.710602+/-4.330127) => dx=3.684136, dy=15.819344, dR=16.093582, dPhi=0.083277 (tid=3), strip=vertical
AAA FTT hit V pos=(-11.508+/-0.01, -33.711+/-4.33)  dx= 3.684 dy=15.819 dR=16.094 dPhi=0.0833 (tid=3)  dPhi:OK dR:OK XY:OK
StFwdTrackMaker:INFO  - Adding horizontal strip hit with dPhi = 0.0613219, dR = 11.5036, dx = 2.84353, dy = 11.2484
StFwdTrackMaker:INFO  - Adding vertical strip hit with dPhi = 0.0437467, dR = 18.5778, dx = 5.90228, dy = 17.6556
StFwdTrackMaker:INFO  - Closest horizontal FTT strip to FST state: dR=11.503645, dPhi=0.061322, dx=2.843527, dy=11.248381 (tid=2) 
AAA FTT closest-H dPhi=0.0613(<0.1200) dR=11.504(< 30.0) dx= 2.844 dy=11.248(< 7.50) tid=2 -> ACCEPT
StFwdTrackMaker:INFO  - Closest vertical FTT strip to FST state: dR=18.577787, dPhi=0.043747, dx=5.902276, dy=17.655625 (tid=2) 
AAA FTT closest-V dPhi=0.0437(<0.1200) dR=18.578(< 30.0) dx= 5.902 dy=17.656(< 7.50) tid=2 -> ACCEPT
AAA FTT result: 2 hits added (H:ACCEPT V:ACCEPT)
StFwdTrackMaker:INFO  -  Found #FTT strips on plane #0 = [2]
StFwdTrackMaker:INFO  - Found 3 existing seed points
StFwdTrackMaker:INFO  - Adding 2 new FTT seed points
StFwdTrackMaker:INFO  - Looking for FTT strips near projected state on disk 1
StFwdTrackMaker:INFO  - There are 6 available FTT strips on this disk
AAA FTT proj z= 312.25  x= -7.824 y=-17.891  r= 19.527 phi=-1.9831  sigU=41.903 sigV= 0.278
AAA FTT momentum at proj: pT= 0.001 eta= 3.335 phi= 2.5220  px= -0.000 py=  0.000 pz=  0.008
AAA FTT search thresholds: dPhi<0.1200 dR<30.00 dx<7.50 dy<7.50  nHits=6
findFttHitsNearProjectedState, msp = (-7.824142, -17.891258)
	 vs. hit@(-12.847940+/-4.330127, -31.236794+/-0.010000) => dx=5.023798, dy=13.345536, dR=14.248562, dPhi=0.022040 (tid=1), strip=horizontal
AAA FTT hit H pos=(-12.848+/-4.33, -31.237+/-0.01)  dx= 5.024 dy=13.346 dR=14.249 dPhi=0.0220 (tid=1)  dPhi:OK dR:OK XY:OK
	 vs. hit@(-11.676448+/-4.330127, -30.839258+/-0.010000) => dx=3.852305, dy=12.948001, dR=13.448467, dPhi=0.050313 (tid=2), strip=horizontal
AAA FTT hit H pos=(-11.676+/-4.33, -30.839+/-0.01)  dx= 3.852 dy=12.948 dR=13.448 dPhi=0.0503 (tid=2)  dPhi:OK dR:OK XY:OK
AAA FTT hit H pos=(-18.890+/-4.33, -31.204+/-0.01)  dx=11.066 dy=13.313 dR=16.949 dPhi=0.1321 (tid=3)  dPhi:FAIL dR:OK XY:FAIL
	 vs. hit@(-11.855920+/-0.010000, -27.745050+/-4.330127) => dx=4.031777, dy=9.853793, dR=10.644747, dPhi=0.008425 (tid=1), strip=vertical
AAA FTT hit V pos=(-11.856+/-0.01, -27.745+/-4.33)  dx= 4.032 dy= 9.854 dR=10.645 dPhi=0.0084 (tid=1)  dPhi:OK dR:OK XY:OK
	 vs. hit@(-14.554903+/-0.010000, -31.528025+/-4.330127) => dx=6.730761, dy=13.636767, dR=15.198246, dPhi=0.020243 (tid=2), strip=vertical
AAA FTT hit V pos=(-14.555+/-0.01, -31.528+/-4.33)  dx= 6.731 dy=13.637 dR=15.198 dPhi=0.0202 (tid=2)  dPhi:OK dR:OK XY:OK
	 vs. hit@(-12.136179+/-0.010000, -28.631783+/-4.330127) => dx=4.312037, dy=10.740525, dR=11.570411, dPhi=0.011343 (tid=3), strip=vertical
AAA FTT hit V pos=(-12.136+/-0.01, -28.632+/-4.33)  dx= 4.312 dy=10.741 dR=11.570 dPhi=0.0113 (tid=3)  dPhi:OK dR:OK XY:OK
StFwdTrackMaker:INFO  - Adding horizontal strip hit with dPhi = 0.02204, dR = 14.2486, dx = 5.0238, dy = 13.3455
StFwdTrackMaker:INFO  - Adding vertical strip hit with dPhi = 0.00842526, dR = 10.6447, dx = 4.03178, dy = 9.85379
StFwdTrackMaker:INFO  - Closest horizontal FTT strip to FST state: dR=14.248562, dPhi=0.022040, dx=5.023798, dy=13.345536 (tid=1) 
AAA FTT closest-H dPhi=0.0220(<0.1200) dR=14.249(< 30.0) dx= 5.024 dy=13.346(< 7.50) tid=1 -> ACCEPT
StFwdTrackMaker:INFO  - Closest vertical FTT strip to FST state: dR=10.644747, dPhi=0.008425, dx=4.031777, dy=9.853793 (tid=1) 
AAA FTT closest-V dPhi=0.0084(<0.1200) dR=10.645(< 30.0) dx= 4.032 dy= 9.854(< 7.50) tid=1 -> ACCEPT
AAA FTT result: 2 hits added (H:ACCEPT V:ACCEPT)
StFwdTrackMaker:INFO  -  Found #FTT strips on plane #1 = [2]
StFwdTrackMaker:INFO  - Found 5 existing seed points
StFwdTrackMaker:INFO  - Adding 2 new FTT seed points
StFwdTrackMaker:INFO  - Looking for FTT strips near projected state on disk 2
StFwdTrackMaker:INFO  - There are 6 available FTT strips on this disk
AAA FTT proj z= 312.25  x= -7.824 y=-17.891  r= 19.527 phi=-1.9831  sigU=41.903 sigV= 1.387
AAA FTT momentum at proj: pT= 0.001 eta= 3.335 phi= 2.5220  px= -0.000 py=  0.000 pz=  0.008
AAA FTT search thresholds: dPhi<0.1200 dR<30.00 dx<7.50 dy<7.50  nHits=6
findFttHitsNearProjectedState, msp = (-7.824142, -17.891258)
AAA FTT hit H pos=( -9.371+/-4.33, -32.772+/-0.01)  dx= 1.547 dy=14.881 dR=14.559 dPhi=0.1337 (tid=1)  dPhi:FAIL dR:OK XY:OK
	 vs. hit@(-17.632147+/-4.330127, -32.285282+/-0.010000) => dx=9.808004, dy=14.394025, dR=17.259032, dPhi=0.087615 (tid=2), strip=horizontal
AAA FTT hit H pos=(-17.632+/-4.33, -32.285+/-0.01)  dx= 9.808 dy=14.394 dR=17.259 dPhi=0.0876 (tid=2)  dPhi:OK dR:OK XY:FAIL
	 vs. hit@(-13.540433+/-4.330127, -32.718029+/-0.010000) => dx=5.716290, dy=14.826771, dR=15.881948, dPhi=0.019866 (tid=3), strip=horizontal
AAA FTT hit H pos=(-13.540+/-4.33, -32.718+/-0.01)  dx= 5.716 dy=14.827 dR=15.882 dPhi=0.0199 (tid=3)  dPhi:OK dR:OK XY:OK
	 vs. hit@(-12.404651+/-0.010000, -31.013594+/-4.330127) => dx=4.580508, dy=13.122336, dR=13.875100, dPhi=0.031772 (tid=1), strip=vertical
AAA FTT hit V pos=(-12.405+/-0.01, -31.014+/-4.33)  dx= 4.581 dy=13.122 dR=13.875 dPhi=0.0318 (tid=1)  dPhi:OK dR:OK XY:OK
	 vs. hit@(-15.264917+/-0.010000, -34.368534+/-4.330127) => dx=7.440775, dy=16.477277, dR=18.078764, dPhi=0.005725 (tid=2), strip=vertical
AAA FTT hit V pos=(-15.265+/-0.01, -34.369+/-4.33)  dx= 7.441 dy=16.477 dR=18.079 dPhi=0.0057 (tid=2)  dPhi:OK dR:OK XY:OK
	 vs. hit@(-12.646589+/-0.010000, -38.209621+/-4.330127) => dx=4.822447, dy=20.318364, dR=20.720852, dPhi=0.092626 (tid=3), strip=vertical
AAA FTT hit V pos=(-12.647+/-0.01, -38.210+/-4.33)  dx= 4.822 dy=20.318 dR=20.721 dPhi=0.0926 (tid=3)  dPhi:OK dR:OK XY:OK
StFwdTrackMaker:INFO  - Adding horizontal strip hit with dPhi = 0.0198657, dR = 15.8819, dx = 5.71629, dy = 14.8268
StFwdTrackMaker:INFO  - Adding vertical strip hit with dPhi = 0.00572523, dR = 18.0788, dx = 7.44077, dy = 16.4773
StFwdTrackMaker:INFO  - Closest horizontal FTT strip to FST state: dR=15.881948, dPhi=0.019866, dx=5.716290, dy=14.826771 (tid=3) 
AAA FTT closest-H dPhi=0.0199(<0.1200) dR=15.882(< 30.0) dx= 5.716 dy=14.827(< 7.50) tid=3 -> ACCEPT
StFwdTrackMaker:INFO  - Closest vertical FTT strip to FST state: dR=18.078764, dPhi=0.005725, dx=7.440775, dy=16.477277 (tid=2) 
AAA FTT closest-V dPhi=0.0057(<0.1200) dR=18.079(< 30.0) dx= 7.441 dy=16.477(< 7.50) tid=2 -> ACCEPT
AAA FTT result: 2 hits added (H:ACCEPT V:ACCEPT)
StFwdTrackMaker:INFO  -  Found #FTT strips on plane #2 = [2]
StFwdTrackMaker:INFO  - Found 7 existing seed points
StFwdTrackMaker:INFO  - Adding 2 new FTT seed points
StFwdTrackMaker:INFO  - Looking for FTT strips near projected state on disk 3
StFwdTrackMaker:INFO  - There are 6 available FTT strips on this disk
AAA FTT proj z= 312.25  x= -7.824 y=-17.891  r= 19.527 phi=-1.9831  sigU=41.903 sigV= 0.278
AAA FTT momentum at proj: pT= 0.001 eta= 3.335 phi= 2.5220  px= -0.000 py=  0.000 pz=  0.008
AAA FTT search thresholds: dPhi<0.1200 dR<30.00 dx<7.50 dy<7.50  nHits=6
findFttHitsNearProjectedState, msp = (-7.824142, -17.891258)
AAA FTT hit H pos=( -9.324+/-4.33, -34.467+/-0.01)  dx= 1.500 dy=16.575 dR=16.178 dPhi=0.1481 (tid=1)  dPhi:FAIL dR:OK XY:OK
	 vs. hit@(-17.670483+/-4.330127, -33.987007+/-0.010000) => dx=9.846340, dy=16.095750, dR=18.778899, dPhi=0.067199 (tid=2), strip=horizontal
AAA FTT hit H pos=(-17.670+/-4.33, -33.987+/-0.01)  dx= 9.846 dy=16.096 dR=18.779 dPhi=0.0672 (tid=2)  dPhi:OK dR:OK XY:FAIL
	 vs. hit@(-15.498422+/-4.330127, -34.389561+/-0.010000) => dx=7.674279, dy=16.498303, dR=18.193320, dPhi=0.011156 (tid=3), strip=horizontal
AAA FTT hit H pos=(-15.498+/-4.33, -34.390+/-0.01)  dx= 7.674 dy=16.498 dR=18.193 dPhi=0.0112 (tid=3)  dPhi:OK dR:OK XY:FAIL
	 vs. hit@(-13.021799+/-0.010000, -33.550606+/-4.330127) => dx=5.197657, dy=15.659348, dR=16.461761, dPhi=0.042030 (tid=1), strip=vertical
AAA FTT hit V pos=(-13.022+/-0.01, -33.551+/-4.33)  dx= 5.198 dy=15.659 dR=16.462 dPhi=0.0420 (tid=1)  dPhi:OK dR:OK XY:OK
	 vs. hit@(-16.123884+/-0.010000, -40.968906+/-4.330127) => dx=8.299742, dy=23.077649, dR=24.500345, dPhi=0.037311 (tid=2), strip=vertical
AAA FTT hit V pos=(-16.124+/-0.01, -40.969+/-4.33)  dx= 8.300 dy=23.078 dR=24.500 dPhi=0.0373 (tid=2)  dPhi:OK dR:OK XY:FAIL
	 vs. hit@(-13.241864+/-0.010000, -38.369137+/-4.330127) => dx=5.417722, dy=20.477879, dR=21.062600, dPhi=0.079938 (tid=3), strip=vertical
AAA FTT hit V pos=(-13.242+/-0.01, -38.369+/-4.33)  dx= 5.418 dy=20.478 dR=21.063 dPhi=0.0799 (tid=3)  dPhi:OK dR:OK XY:OK
StFwdTrackMaker:INFO  - Closest horizontal FTT strip to FST state: dR=18.193320, dPhi=0.011156, dx=7.674279, dy=16.498303 (tid=3) 
AAA FTT closest-H dPhi=0.0112(<0.1200) dR=18.193(< 30.0) dx= 7.674 dy=16.498(< 7.50) tid=3 -> REJECT
StFwdTrackMaker:INFO  - Closest vertical FTT strip to FST state: dR=24.500345, dPhi=0.037311, dx=8.299742, dy=23.077649 (tid=2) 
AAA FTT closest-V dPhi=0.0373(<0.1200) dR=24.500(< 30.0) dx= 8.300 dy=23.078(< 7.50) tid=2 -> REJECT
AAA FTT result: 0 hits added (H:REJECT V:REJECT)
StFwdTrackMaker:INFO  -  Found #FTT strips on plane #3 = [0]
StFwdTrackMaker:INFO  - Found 9 existing seed points
StFwdTrackMaker:INFO  - Closest EPD hit to state: dR=-6.406043, dPhi=-0.111699
StFwdTrackMaker:INFO  - GenFitTrackResult::mIdTruth = 2, QaTruth = 0.555556
StFwdTrackMaker:INFO  - GenericFitSeeder::makeSeed::Curvature: 0.0302216
StFwdTrackMaker:INFO  - GenericFitSeeder::makeSeed::pt = 0.0495986
StFwdTrackMaker:INFO  - Note: Using externally provided seed momentum
StFwdTrackMaker:INFO  - Track Setup complete, track has 9 points
StFwdTrackMaker:INFO  -  sorting changed track points: 0
StFwdTrackMaker:INFO  - Fit status:  0
StFwdTrackMaker:INFO  - -Fit pvalue: 0
StFwdTrackMaker:INFO  - -Fit Chi2:   2.76736e-52
StFwdTrackMaker:INFO  - -Fit Chi2:   2.76736e-52
StFwdTrackMaker:INFO  - Track fit update complete!
StFwdTrackMaker:INFO  - Track Reps: 1
StFwdTrackMaker:INFO  - Track Rep 0 
genfit::AbsTrackRep, pdgCode = 211. PropDir = 0
fitStatus 
 track has been fitted, fit has NOT converged, 8 TrackPoints could not be processed, fitted charge = 1, PruneFlags: 
 track has been fitted with reference track, numIterations = 10, track length = 0, fChi2 = 3.4177e-36, bChi2 = 2.76736e-52, fNdf = -3, bNdf = -3, fPVal = 0, bPVal = 0

StFwdTrackMaker:ERROR - --FitTrack is nullptr or fit did not converge, setting seed only
StFwdTrackMaker:INFO  - GenFitTrackResult::mIdTruth = 2, QaTruth = 0.555556
StFwdTrackMaker:INFO  - Global track fitting completed, found 3 global tracks from 3 track seed candidates
StFwdTrackMaker:INFO  - >>doBeamlineTrackFitting( #globals = 3 )
StFwdTrackMaker:INFO  - doBeamlineTrackFitting>>0 McId=2 with Beamline, seed already has: 11 hits
StFwdTrackMaker:INFO  - mBeamlineHit: 0, 0, 0
StFwdTrackMaker:INFO  - This fit is for a global that converged? = 1
StFwdTrackMaker:INFO  - GenFitTrackResult::mIdTruth = 2, QaTruth = 0.5
StFwdTrackMaker:INFO  - GenericFitSeeder::makeSeed::Curvature: -0.0110969
StFwdTrackMaker:INFO  - GenericFitSeeder::makeSeed::pt = 0.135078
StFwdTrackMaker:INFO  - Track Setup complete, track has 12 points
StFwdTrackMaker:INFO  -  sorting changed track points: 0
StFwdTrackMaker:INFO  - Fit status:  1
StFwdTrackMaker:INFO  - -Fit pvalue: 3.48725e-109
StFwdTrackMaker:INFO  - -Fit Chi2:   572.308
StFwdTrackMaker:INFO  - -Fit Chi2:   572.308
StFwdTrackMaker:INFO  - Track fit charge: 1Fit momentum: -0.102477, -0.270554, 2.98473
StFwdTrackMaker:INFO  - 	Fit Pt: 0.289311, eta: 3.02925, phi: -1.93287
StFwdTrackMaker:INFO  - Track fit update complete!
StFwdTrackMaker:INFO  - Track Reps: 1
StFwdTrackMaker:INFO  - Track Rep 0 
genfit::AbsTrackRep, pdgCode = -211. PropDir = 0
fitStatus 
 track has been fitted, fit has converged fully, 0 TrackPoints could not be processed, fitted charge = 1, PruneFlags: 
 track has been fitted with reference track, numIterations = 4, track length = 391.427, fChi2 = 572.308, bChi2 = 572.308, fNdf = 19, bNdf = 19, fPVal = 3.48724e-109, bPVal = 3.48725e-109

StFwdTrackMaker:INFO  - GenFitTrackResult::mIdTruth = 2, QaTruth = 0.5
StFwdTrackMaker:INFO  - GTR Setting momentum from track
StFwdTrackMaker:INFO  - --isFitConvergedPartially() = 1
StFwdTrackMaker:INFO  - --isFitConverged() = 1
StFwdTrackMaker:INFO  - --isFitConvergedFully() = 1
StFwdTrackMaker:INFO  - SEED momentum:-1.14472, -2.14546, 25.1637
StFwdTrackMaker:INFO  - 	Initial Beamline fit completed, now refitting with additional hits
StFwdTrackMaker:INFO  - Looking for FTT strips near projected state on disk 0
StFwdTrackMaker:INFO  - There are 6 available FTT strips on this disk
AAA FTT proj z= 312.25  x=-13.654 y=-29.542  r= 32.545 phi=-2.0037  sigU= 0.059 sigV= 0.000
AAA FTT momentum at proj: pT= 0.289 eta= 3.031 phi=-2.0826  px= -0.142 py= -0.252 pz=  2.985
AAA FTT search thresholds: dPhi<0.1200 dR<30.00 dx<7.50 dy<7.50  nHits=6
findFttHitsNearProjectedState, msp = (-13.653845, -29.541986)
AAA FTT hit H pos=( -8.038+/-4.33, -29.507+/-0.01)  dx= 5.616 dy= 0.035 dR= 1.962 dPhi=0.1670 (tid=1)  dPhi:FAIL dR:OK XY:OK
	 vs. hit@(-10.667669+/-4.330127, -29.139639+/-0.010000) => dx=2.986176, dy=0.402347, dR=1.513768, dPhi=0.082006 (tid=2), strip=horizontal
AAA FTT hit H pos=(-10.668+/-4.33, -29.140+/-0.01)  dx= 2.986 dy= 0.402 dR= 1.514 dPhi=0.0820 (tid=2)  dPhi:OK dR:OK XY:OK
	 vs. hit@(-17.051289+/-4.330127, -29.472696+/-0.010000) => dx=3.397443, dy=0.069290, dR=1.505078, dPhi=0.091554 (tid=3), strip=horizontal
AAA FTT hit H pos=(-17.051+/-4.33, -29.473+/-0.01)  dx= 3.397 dy= 0.069 dR= 1.505 dPhi=0.0916 (tid=3)  dPhi:OK dR:OK XY:OK
AAA FTT hit V pos=(-11.261+/-0.01, -35.226+/-4.33)  dx= 2.393 dy= 5.684 dR= 4.437 dPhi=0.1235 (tid=1)  dPhi:FAIL dR:OK XY:OK
	 vs. hit@(-13.726418+/-0.010000, -35.546883+/-4.330127) => dx=0.072573, dy=6.004896, dR=5.560374, dPhi=0.064430 (tid=2), strip=vertical
AAA FTT hit V pos=(-13.726+/-0.01, -35.547+/-4.33)  dx= 0.073 dy= 6.005 dR= 5.560 dPhi=0.0644 (tid=2)  dPhi:OK dR:OK XY:OK
	 vs. hit@(-11.508279+/-0.010000, -33.710602+/-4.330127) => dx=2.145567, dy=4.168615, dR=3.076169, dPhi=0.103961 (tid=3), strip=vertical
AAA FTT hit V pos=(-11.508+/-0.01, -33.711+/-4.33)  dx= 2.146 dy= 4.169 dR= 3.076 dPhi=0.1040 (tid=3)  dPhi:OK dR:OK XY:OK
StFwdTrackMaker:INFO  - Adding horizontal strip hit with dPhi = 0.0820056, dR = 1.51377, dx = 2.98618, dy = 0.402347
StFwdTrackMaker:INFO  - Adding vertical strip hit with dPhi = 0.0644304, dR = 5.56037, dx = 0.072573, dy = 6.0049
StFwdTrackMaker:INFO  - Closest horizontal FTT strip to FST state: dR=1.513768, dPhi=0.082006, dx=2.986176, dy=0.402347 (tid=2) 
AAA FTT closest-H dPhi=0.0820(<0.1200) dR= 1.514(< 30.0) dx= 2.986 dy= 0.402(< 7.50) tid=2 -> ACCEPT
StFwdTrackMaker:INFO  - Closest vertical FTT strip to FST state: dR=5.560374, dPhi=0.064430, dx=0.072573, dy=6.004896 (tid=2) 
AAA FTT closest-V dPhi=0.0644(<0.1200) dR= 5.560(< 30.0) dx= 0.073 dy= 6.005(< 7.50) tid=2 -> ACCEPT
AAA FTT result: 2 hits added (H:ACCEPT V:ACCEPT)
StFwdTrackMaker:INFO  -  Found #FTT strips on plane #0 = [2]
StFwdTrackMaker:INFO  - Found 12 existing seed points
StFwdTrackMaker:INFO  - Adding 2 new FTT seed points
StFwdTrackMaker:INFO  - Hit already in seed, skipping
StFwdTrackMaker:INFO  - Looking for FTT strips near projected state on disk 1
StFwdTrackMaker:INFO  - There are 6 available FTT strips on this disk
AAA FTT proj z= 312.25  x=-13.654 y=-29.542  r= 32.545 phi=-2.0037  sigU= 0.059 sigV= 0.000
AAA FTT momentum at proj: pT= 0.289 eta= 3.031 phi=-2.0826  px= -0.142 py= -0.252 pz=  2.985
AAA FTT search thresholds: dPhi<0.1200 dR<30.00 dx<7.50 dy<7.50  nHits=6
findFttHitsNearProjectedState, msp = (-13.653845, -29.541986)
	 vs. hit@(-12.847940+/-4.330127, -31.236794+/-0.010000) => dx=0.805905, dy=1.694807, dR=1.231148, dPhi=0.042724 (tid=1), strip=horizontal
AAA FTT hit H pos=(-12.848+/-4.33, -31.237+/-0.01)  dx= 0.806 dy= 1.695 dR= 1.231 dPhi=0.0427 (tid=1)  dPhi:OK dR:OK XY:OK
	 vs. hit@(-11.676448+/-4.330127, -30.839258+/-0.010000) => dx=1.977398, dy=1.297272, dR=0.431054, dPhi=0.070997 (tid=2), strip=horizontal
AAA FTT hit H pos=(-11.676+/-4.33, -30.839+/-0.01)  dx= 1.977 dy= 1.297 dR= 0.431 dPhi=0.0710 (tid=2)  dPhi:OK dR:OK XY:OK
	 vs. hit@(-18.889715+/-4.330127, -31.204161+/-0.010000) => dx=5.235870, dy=1.662174, dR=3.931623, dPhi=0.111410 (tid=3), strip=horizontal
AAA FTT hit H pos=(-18.890+/-4.33, -31.204+/-0.01)  dx= 5.236 dy= 1.662 dR= 3.932 dPhi=0.1114 (tid=3)  dPhi:OK dR:OK XY:OK
	 vs. hit@(-11.855920+/-0.010000, -27.745050+/-4.330127) => dx=1.797926, dy=1.796936, dR=2.372666, dPhi=0.029109 (tid=1), strip=vertical
AAA FTT hit V pos=(-11.856+/-0.01, -27.745+/-4.33)  dx= 1.798 dy= 1.797 dR= 2.373 dPhi=0.0291 (tid=1)  dPhi:OK dR:OK XY:OK
	 vs. hit@(-14.554903+/-0.010000, -31.528025+/-4.330127) => dx=0.901058, dy=1.986038, dR=2.180833, dPhi=0.000441 (tid=2), strip=vertical
AAA FTT hit V pos=(-14.555+/-0.01, -31.528+/-4.33)  dx= 0.901 dy= 1.986 dR= 2.181 dPhi=0.0004 (tid=2)  dPhi:OK dR:OK XY:OK
	 vs. hit@(-12.136179+/-0.010000, -28.631783+/-4.330127) => dx=1.517666, dy=0.910204, dR=1.447002, dPhi=0.032026 (tid=3), strip=vertical
AAA FTT hit V pos=(-12.136+/-0.01, -28.632+/-4.33)  dx= 1.518 dy= 0.910 dR= 1.447 dPhi=0.0320 (tid=3)  dPhi:OK dR:OK XY:OK
StFwdTrackMaker:INFO  - Adding horizontal strip hit with dPhi = 0.0427237, dR = 1.23115, dx = 0.805905, dy = 1.69481
StFwdTrackMaker:INFO  - Adding vertical strip hit with dPhi = 0.000440683, dR = 2.18083, dx = 0.901058, dy = 1.98604
StFwdTrackMaker:INFO  - Closest horizontal FTT strip to FST state: dR=1.231148, dPhi=0.042724, dx=0.805905, dy=1.694807 (tid=1) 
AAA FTT closest-H dPhi=0.0427(<0.1200) dR= 1.231(< 30.0) dx= 0.806 dy= 1.695(< 7.50) tid=1 -> ACCEPT
StFwdTrackMaker:INFO  - Closest vertical FTT strip to FST state: dR=2.180833, dPhi=0.000441, dx=0.901058, dy=1.986038 (tid=2) 
AAA FTT closest-V dPhi=0.0004(<0.1200) dR= 2.181(< 30.0) dx= 0.901 dy= 1.986(< 7.50) tid=2 -> ACCEPT
AAA FTT result: 2 hits added (H:ACCEPT V:ACCEPT)
StFwdTrackMaker:INFO  -  Found #FTT strips on plane #1 = [2]
StFwdTrackMaker:INFO  - Found 13 existing seed points
StFwdTrackMaker:INFO  - Adding 2 new FTT seed points
StFwdTrackMaker:INFO  - Hit already in seed, skipping
StFwdTrackMaker:INFO  - Hit already in seed, skipping
StFwdTrackMaker:INFO  - Looking for FTT strips near projected state on disk 2
StFwdTrackMaker:INFO  - There are 6 available FTT strips on this disk
AAA FTT proj z= 312.25  x=-13.654 y=-29.542  r= 32.545 phi=-2.0037  sigU= 0.059 sigV= 0.000
AAA FTT momentum at proj: pT= 0.289 eta= 3.031 phi=-2.0826  px= -0.142 py= -0.252 pz=  2.985
AAA FTT search thresholds: dPhi<0.1200 dR<30.00 dx<7.50 dy<7.50  nHits=6
findFttHitsNearProjectedState, msp = (-13.653845, -29.541986)
AAA FTT hit H pos=( -9.371+/-4.33, -32.772+/-0.01)  dx= 4.282 dy= 3.230 dR= 1.541 dPhi=0.1544 (tid=1)  dPhi:FAIL dR:OK XY:OK
	 vs. hit@(-17.632147+/-4.330127, -32.285282+/-0.010000) => dx=3.978301, dy=2.743296, dR=4.241618, dPhi=0.066931 (tid=2), strip=horizontal
AAA FTT hit H pos=(-17.632+/-4.33, -32.285+/-0.01)  dx= 3.978 dy= 2.743 dR= 4.242 dPhi=0.0669 (tid=2)  dPhi:OK dR:OK XY:OK
	 vs. hit@(-13.540433+/-4.330127, -32.718029+/-0.010000) => dx=0.113413, dy=3.176043, dR=2.864534, dPhi=0.040549 (tid=3), strip=horizontal
AAA FTT hit H pos=(-13.540+/-4.33, -32.718+/-0.01)  dx= 0.113 dy= 3.176 dR= 2.865 dPhi=0.0405 (tid=3)  dPhi:OK dR:OK XY:OK
	 vs. hit@(-12.404651+/-0.010000, -31.013594+/-4.330127) => dx=1.249195, dy=1.471607, dR=0.857686, dPhi=0.052456 (tid=1), strip=vertical
AAA FTT hit V pos=(-12.405+/-0.01, -31.014+/-4.33)  dx= 1.249 dy= 1.472 dR= 0.858 dPhi=0.0525 (tid=1)  dPhi:OK dR:OK XY:OK
	 vs. hit@(-15.264917+/-0.010000, -34.368534+/-4.330127) => dx=1.611072, dy=4.826548, dR=5.061351, dPhi=0.014958 (tid=2), strip=vertical
AAA FTT hit V pos=(-15.265+/-0.01, -34.369+/-4.33)  dx= 1.611 dy= 4.827 dR= 5.061 dPhi=0.0150 (tid=2)  dPhi:OK dR:OK XY:OK
	 vs. hit@(-12.646589+/-0.010000, -38.209621+/-4.330127) => dx=1.007256, dy=8.667635, dR=7.703439, dPhi=0.113310 (tid=3), strip=vertical
AAA FTT hit V pos=(-12.647+/-0.01, -38.210+/-4.33)  dx= 1.007 dy= 8.668 dR= 7.703 dPhi=0.1133 (tid=3)  dPhi:OK dR:OK XY:OK
StFwdTrackMaker:INFO  - Adding horizontal strip hit with dPhi = 0.0405494, dR = 2.86453, dx = 0.113413, dy = 3.17604
StFwdTrackMaker:INFO  - Adding vertical strip hit with dPhi = 0.0149585, dR = 5.06135, dx = 1.61107, dy = 4.82655
StFwdTrackMaker:INFO  - Closest horizontal FTT strip to FST state: dR=2.864534, dPhi=0.040549, dx=0.113413, dy=3.176043 (tid=3) 
AAA FTT closest-H dPhi=0.0405(<0.1200) dR= 2.865(< 30.0) dx= 0.113 dy= 3.176(< 7.50) tid=3 -> ACCEPT
StFwdTrackMaker:INFO  - Closest vertical FTT strip to FST state: dR=5.061351, dPhi=0.014958, dx=1.611072, dy=4.826548 (tid=2) 
AAA FTT closest-V dPhi=0.0150(<0.1200) dR= 5.061(< 30.0) dx= 1.611 dy= 4.827(< 7.50) tid=2 -> ACCEPT
AAA FTT result: 2 hits added (H:ACCEPT V:ACCEPT)
StFwdTrackMaker:INFO  -  Found #FTT strips on plane #2 = [2]
StFwdTrackMaker:INFO  - Found 13 existing seed points
StFwdTrackMaker:INFO  - Adding 2 new FTT seed points
StFwdTrackMaker:INFO  - Hit already in seed, skipping
StFwdTrackMaker:INFO  - Looking for FTT strips near projected state on disk 3
StFwdTrackMaker:INFO  - There are 6 available FTT strips on this disk
AAA FTT proj z= 312.25  x=-13.654 y=-29.542  r= 32.545 phi=-2.0037  sigU= 0.059 sigV= 0.000
AAA FTT momentum at proj: pT= 0.289 eta= 3.031 phi=-2.0826  px= -0.142 py= -0.252 pz=  2.985
AAA FTT search thresholds: dPhi<0.1200 dR<30.00 dx<7.50 dy<7.50  nHits=6
findFttHitsNearProjectedState, msp = (-13.653845, -29.541986)
AAA FTT hit H pos=( -9.324+/-4.33, -34.467+/-0.01)  dx= 4.330 dy= 4.925 dR= 3.161 dPhi=0.1687 (tid=1)  dPhi:FAIL dR:OK XY:OK
	 vs. hit@(-17.670483+/-4.330127, -33.987007+/-0.010000) => dx=4.016637, dy=4.445021, dR=5.761485, dPhi=0.046515 (tid=2), strip=horizontal
AAA FTT hit H pos=(-17.670+/-4.33, -33.987+/-0.01)  dx= 4.017 dy= 4.445 dR= 5.761 dPhi=0.0465 (tid=2)  dPhi:OK dR:OK XY:OK
	 vs. hit@(-15.498422+/-4.330127, -34.389561+/-0.010000) => dx=1.844576, dy=4.847574, dR=5.175907, dPhi=0.009527 (tid=3), strip=horizontal
AAA FTT hit H pos=(-15.498+/-4.33, -34.390+/-0.01)  dx= 1.845 dy= 4.848 dR= 5.176 dPhi=0.0095 (tid=3)  dPhi:OK dR:OK XY:OK
	 vs. hit@(-13.021799+/-0.010000, -33.550606+/-4.330127) => dx=0.632046, dy=4.008619, dR=3.444348, dPhi=0.062713 (tid=1), strip=vertical
AAA FTT hit V pos=(-13.022+/-0.01, -33.551+/-4.33)  dx= 0.632 dy= 4.009 dR= 3.444 dPhi=0.0627 (tid=1)  dPhi:OK dR:OK XY:OK
	 vs. hit@(-16.123884+/-0.010000, -40.968906+/-4.330127) => dx=2.470039, dy=11.426920, dR=11.482932, dPhi=0.057994 (tid=2), strip=vertical
AAA FTT hit V pos=(-16.124+/-0.01, -40.969+/-4.33)  dx= 2.470 dy=11.427 dR=11.483 dPhi=0.0580 (tid=2)  dPhi:OK dR:OK XY:OK
	 vs. hit@(-13.241864+/-0.010000, -38.369137+/-4.330127) => dx=0.411981, dy=8.827150, dR=8.045187, dPhi=0.100622 (tid=3), strip=vertical
AAA FTT hit V pos=(-13.242+/-0.01, -38.369+/-4.33)  dx= 0.412 dy= 8.827 dR= 8.045 dPhi=0.1006 (tid=3)  dPhi:OK dR:OK XY:OK
StFwdTrackMaker:INFO  - Adding horizontal strip hit with dPhi = 0.0095273, dR = 5.17591, dx = 1.84458, dy = 4.84757
StFwdTrackMaker:INFO  - Adding vertical strip hit with dPhi = 0.0579944, dR = 11.4829, dx = 2.47004, dy = 11.4269
StFwdTrackMaker:INFO  - Closest horizontal FTT strip to FST state: dR=5.175907, dPhi=0.009527, dx=1.844576, dy=4.847574 (tid=3) 
AAA FTT closest-H dPhi=0.0095(<0.1200) dR= 5.176(< 30.0) dx= 1.845 dy= 4.848(< 7.50) tid=3 -> ACCEPT
StFwdTrackMaker:INFO  - Closest vertical FTT strip to FST state: dR=11.482932, dPhi=0.057994, dx=2.470039, dy=11.426920 (tid=2) 
AAA FTT closest-V dPhi=0.0580(<0.1200) dR=11.483(< 30.0) dx= 2.470 dy=11.427(< 7.50) tid=2 -> ACCEPT
AAA FTT result: 2 hits added (H:ACCEPT V:ACCEPT)
StFwdTrackMaker:INFO  -  Found #FTT strips on plane #3 = [2]
StFwdTrackMaker:INFO  - Found 14 existing seed points
StFwdTrackMaker:INFO  - Adding 2 new FTT seed points
StFwdTrackMaker:INFO  - Hit already in seed, skipping
StFwdTrackMaker:INFO  - Closest EPD hit to state: dR=1.442858, dPhi=-0.050406
StFwdTrackMaker:INFO  - GenFitTrackResult::mIdTruth = 2, QaTruth = 0.466667
StFwdTrackMaker:INFO  - GenericFitSeeder::makeSeed::Curvature: -0.00969075
StFwdTrackMaker:INFO  - GenericFitSeeder::makeSeed::pt = 0.154678
StFwdTrackMaker:INFO  - Note: Using externally provided seed momentum
StFwdTrackMaker:INFO  - Track Setup complete, track has 15 points
StFwdTrackMaker:INFO  -  sorting changed track points: 0
StFwdTrackMaker:INFO  - Fit status:  1
StFwdTrackMaker:INFO  - -Fit pvalue: 0
StFwdTrackMaker:INFO  - -Fit Chi2:   2845.2
StFwdTrackMaker:INFO  - -Fit Chi2:   2845.2
StFwdTrackMaker:INFO  - Track fit charge: -1Fit momentum: -0.378278, -0.657316, 7.28075
StFwdTrackMaker:INFO  - 	Fit Pt: 0.758392, eta: 2.95764, phi: -2.093
StFwdTrackMaker:INFO  - Track fit update complete!
StFwdTrackMaker:INFO  - Track Reps: 1
StFwdTrackMaker:INFO  - Track Rep 0 
genfit::AbsTrackRep, pdgCode = -211. PropDir = 0
fitStatus 
 track has been fitted, fit has converged fully, 0 TrackPoints could not be processed, fitted charge = -1, PruneFlags: 
 track has been fitted with reference track, numIterations = 4, track length = 364.996, fChi2 = 2845.2, bChi2 = 2845.2, fNdf = 25, bNdf = 25, fPVal = 0, bPVal = 0

StFwdTrackMaker:INFO  - GenFitTrackResult::mIdTruth = 2, QaTruth = 0.466667
StFwdTrackMaker:INFO  - GTR Setting momentum from track
StFwdTrackMaker:INFO  - --isFitConvergedPartially() = 1
StFwdTrackMaker:INFO  - --isFitConverged() = 1
StFwdTrackMaker:INFO  - --isFitConvergedFully() = 1
StFwdTrackMaker:INFO  - doBeamlineTrackFitting>>1 McId=3 with Beamline, seed already has: 3 hits
StFwdTrackMaker:INFO  - mBeamlineHit: 0, 0, 0
StFwdTrackMaker:INFO  - This fit is for a global that converged? = 1
StFwdTrackMaker:INFO  - GenFitTrackResult::mIdTruth = 3, QaTruth = 0.5
The points are collinear, curvature is undefined.
p1 = 0, 0
p2 = -5.96087, -14.308
p3 = -5.96087, -14.308
The points are collinear, curvature is undefined.
p1 = -5.96087, -14.308
p2 = -5.96087, -14.308
p3 = -7.6006, -16.8666
StFwdTrackMaker:INFO  - GenericFitSeeder::makeSeed::Curvature: 0.0188424
StFwdTrackMaker:INFO  - GenericFitSeeder::makeSeed::pt = 0.0795519
StFwdTrackMaker:INFO  - Track Setup complete, track has 4 points
StFwdTrackMaker:INFO  -  sorting changed track points: 0
StFwdTrackMaker:INFO  - Fit status:  1
StFwdTrackMaker:INFO  - -Fit pvalue: 0.0227281
StFwdTrackMaker:INFO  - -Fit Chi2:   9.55743
StFwdTrackMaker:INFO  - -Fit Chi2:   9.55743
StFwdTrackMaker:INFO  - Track fit charge: 1Fit momentum: -0.0165555, -0.0672158, 0.765166
StFwdTrackMaker:INFO  - 	Fit Pt: 0.0692246, eta: 3.09792, phi: -1.81229
StFwdTrackMaker:INFO  - Track fit update complete!
StFwdTrackMaker:INFO  - Track Reps: 1
StFwdTrackMaker:INFO  - Track Rep 0 
genfit::AbsTrackRep, pdgCode = 211. PropDir = 0
fitStatus 
 track has been fitted, fit has converged fully, 0 TrackPoints could not be processed, fitted charge = 1, PruneFlags: 
 track has been fitted with reference track, numIterations = 4, track length = 181.517, fChi2 = 9.55743, bChi2 = 9.55743, fNdf = 3, bNdf = 3, fPVal = 0.0227281, bPVal = 0.0227281

StFwdTrackMaker:INFO  - GenFitTrackResult::mIdTruth = 3, QaTruth = 0.5
StFwdTrackMaker:INFO  - GTR Setting momentum from track
StFwdTrackMaker:INFO  - --isFitConvergedPartially() = 1
StFwdTrackMaker:INFO  - --isFitConverged() = 1
StFwdTrackMaker:INFO  - --isFitConvergedFully() = 1
StFwdTrackMaker:INFO  - SEED momentum:0.0011541, -0.000456806, 0.00748883
StFwdTrackMaker:INFO  - 	Initial Beamline fit completed, now refitting with additional hits
StFwdTrackMaker:INFO  - Looking for FTT strips near projected state on disk 0
StFwdTrackMaker:INFO  - There are 6 available FTT strips on this disk
AAA FTT proj z= 312.25  x=-14.346 y=-23.811  r= 27.798 phi=-2.1130  sigU= 0.358 sigV= 0.048
AAA FTT momentum at proj: pT= 0.068 eta= 3.113 phi=-2.3534  px= -0.048 py= -0.048 pz=  0.765
AAA FTT search thresholds: dPhi<0.1200 dR<30.00 dx<7.50 dy<7.50  nHits=6
findFttHitsNearProjectedState, msp = (-14.345715, -23.810525)
AAA FTT hit H pos=( -8.038+/-4.33, -29.507+/-0.01)  dx= 6.308 dy= 5.697 dR= 2.784 dPhi=0.2763 (tid=1)  dPhi:FAIL dR:OK XY:OK
AAA FTT hit H pos=(-10.668+/-4.33, -29.140+/-0.01)  dx= 3.678 dy= 5.329 dR= 3.233 dPhi=0.1913 (tid=2)  dPhi:FAIL dR:OK XY:OK
	 vs. hit@(-17.051289+/-4.330127, -29.472696+/-0.010000) => dx=2.705574, dy=5.662172, dR=6.251549, dPhi=0.017757 (tid=3), strip=horizontal
AAA FTT hit H pos=(-17.051+/-4.33, -29.473+/-0.01)  dx= 2.706 dy= 5.662 dR= 6.252 dPhi=0.0178 (tid=3)  dPhi:OK dR:OK XY:OK
AAA FTT hit V pos=(-11.261+/-0.01, -35.226+/-4.33)  dx= 3.085 dy=11.415 dR= 9.184 dPhi=0.2328 (tid=1)  dPhi:FAIL dR:OK XY:OK
AAA FTT hit V pos=(-13.726+/-0.01, -35.547+/-4.33)  dx= 0.619 dy=11.736 dR=10.307 dPhi=0.1737 (tid=2)  dPhi:FAIL dR:OK XY:OK
AAA FTT hit V pos=(-11.508+/-0.01, -33.711+/-4.33)  dx= 2.837 dy= 9.900 dR= 7.823 dPhi=0.2133 (tid=3)  dPhi:FAIL dR:OK XY:OK
StFwdTrackMaker:INFO  - Adding horizontal strip hit with dPhi = 0.0177573, dR = 6.25155, dx = 2.70557, dy = 5.66217
StFwdTrackMaker:INFO  - Closest horizontal FTT strip to FST state: dR=6.251549, dPhi=0.017757, dx=2.705574, dy=5.662172 (tid=3) 
AAA FTT closest-H dPhi=0.0178(<0.1200) dR= 6.252(< 30.0) dx= 2.706 dy= 5.662(< 7.50) tid=3 -> ACCEPT
StFwdTrackMaker:INFO  - Closest vertical FTT strip to FST state: dR=10.306845, dPhi=0.173742, dx=0.619296, dy=11.736358 (tid=2) 
AAA FTT closest-V dPhi=0.1737(<0.1200) dR=10.307(< 30.0) dx= 0.619 dy=11.736(< 7.50) tid=2 -> REJECT
AAA FTT result: 1 hits added (H:ACCEPT V:REJECT)
StFwdTrackMaker:INFO  -  Found #FTT strips on plane #0 = [1]
StFwdTrackMaker:INFO  - Found 4 existing seed points
StFwdTrackMaker:INFO  - Adding 1 new FTT seed points
StFwdTrackMaker:INFO  - Looking for FTT strips near projected state on disk 1
StFwdTrackMaker:INFO  - There are 6 available FTT strips on this disk
AAA FTT proj z= 312.25  x=-14.346 y=-23.811  r= 27.798 phi=-2.1130  sigU= 0.358 sigV= 0.031
AAA FTT momentum at proj: pT= 0.068 eta= 3.113 phi=-2.3534  px= -0.048 py= -0.048 pz=  0.765
AAA FTT search thresholds: dPhi<0.1200 dR<30.00 dx<7.50 dy<7.50  nHits=6
findFttHitsNearProjectedState, msp = (-14.345715, -23.810525)
AAA FTT hit H pos=(-12.848+/-4.33, -31.237+/-0.01)  dx= 1.498 dy= 7.426 dR= 5.978 dPhi=0.1520 (tid=1)  dPhi:FAIL dR:OK XY:OK
AAA FTT hit H pos=(-11.676+/-4.33, -30.839+/-0.01)  dx= 2.669 dy= 7.029 dR= 5.178 dPhi=0.1803 (tid=2)  dPhi:FAIL dR:OK XY:OK
	 vs. hit@(-18.889715+/-4.330127, -31.204161+/-0.010000) => dx=4.544000, dy=7.393636, dR=8.678094, dPhi=0.002099 (tid=3), strip=horizontal
AAA FTT hit H pos=(-18.890+/-4.33, -31.204+/-0.01)  dx= 4.544 dy= 7.394 dR= 8.678 dPhi=0.0021 (tid=3)  dPhi:OK dR:OK XY:OK
AAA FTT hit V pos=(-11.856+/-0.01, -27.745+/-4.33)  dx= 2.490 dy= 3.935 dR= 2.374 dPhi=0.1384 (tid=1)  dPhi:FAIL dR:OK XY:OK
	 vs. hit@(-14.554903+/-0.010000, -31.528025+/-4.330127) => dx=0.209188, dy=7.717500, dR=6.927304, dPhi=0.109752 (tid=2), strip=vertical
AAA FTT hit V pos=(-14.555+/-0.01, -31.528+/-4.33)  dx= 0.209 dy= 7.717 dR= 6.927 dPhi=0.1098 (tid=2)  dPhi:OK dR:OK XY:OK
AAA FTT hit V pos=(-12.136+/-0.01, -28.632+/-4.33)  dx= 2.210 dy= 4.821 dR= 3.299 dPhi=0.1413 (tid=3)  dPhi:FAIL dR:OK XY:OK
StFwdTrackMaker:INFO  - Adding horizontal strip hit with dPhi = 0.00209871, dR = 8.67809, dx = 4.544, dy = 7.39364
StFwdTrackMaker:INFO  - Adding vertical strip hit with dPhi = 0.109752, dR = 6.9273, dx = 0.209188, dy = 7.7175
StFwdTrackMaker:INFO  - Closest horizontal FTT strip to FST state: dR=8.678094, dPhi=0.002099, dx=4.544000, dy=7.393636 (tid=3) 
AAA FTT closest-H dPhi=0.0021(<0.1200) dR= 8.678(< 30.0) dx= 4.544 dy= 7.394(< 7.50) tid=3 -> ACCEPT
StFwdTrackMaker:INFO  - Closest vertical FTT strip to FST state: dR=6.927304, dPhi=0.109752, dx=0.209188, dy=7.717500 (tid=2) 
AAA FTT closest-V dPhi=0.1098(<0.1200) dR= 6.927(< 30.0) dx= 0.209 dy= 7.717(< 7.50) tid=2 -> ACCEPT
AAA FTT result: 2 hits added (H:ACCEPT V:ACCEPT)
StFwdTrackMaker:INFO  -  Found #FTT strips on plane #1 = [2]
StFwdTrackMaker:INFO  - Found 5 existing seed points
StFwdTrackMaker:INFO  - Adding 2 new FTT seed points
StFwdTrackMaker:INFO  - Looking for FTT strips near projected state on disk 2
StFwdTrackMaker:INFO  - There are 6 available FTT strips on this disk
AAA FTT proj z= 312.25  x=-14.346 y=-23.811  r= 27.798 phi=-2.1130  sigU= 0.358 sigV= 0.048
AAA FTT momentum at proj: pT= 0.068 eta= 3.113 phi=-2.3534  px= -0.048 py= -0.048 pz=  0.765
AAA FTT search thresholds: dPhi<0.1200 dR<30.00 dx<7.50 dy<7.50  nHits=6
findFttHitsNearProjectedState, msp = (-14.345715, -23.810525)
AAA FTT hit H pos=( -9.371+/-4.33, -32.772+/-0.01)  dx= 4.974 dy= 8.962 dR= 6.288 dPhi=0.2637 (tid=1)  dPhi:FAIL dR:OK XY:OK
	 vs. hit@(-17.632147+/-4.330127, -32.285282+/-0.010000) => dx=3.286432, dy=8.474757, dR=8.988090, dPhi=0.042380 (tid=2), strip=horizontal
AAA FTT hit H pos=(-17.632+/-4.33, -32.285+/-0.01)  dx= 3.286 dy= 8.475 dR= 8.988 dPhi=0.0424 (tid=2)  dPhi:OK dR:OK XY:OK
AAA FTT hit H pos=(-13.540+/-4.33, -32.718+/-0.01)  dx= 0.805 dy= 8.908 dR= 7.611 dPhi=0.1499 (tid=3)  dPhi:FAIL dR:OK XY:OK
AAA FTT hit V pos=(-12.405+/-0.01, -31.014+/-4.33)  dx= 1.941 dy= 7.203 dR= 5.604 dPhi=0.1618 (tid=1)  dPhi:FAIL dR:OK XY:OK
AAA FTT hit V pos=(-15.265+/-0.01, -34.369+/-4.33)  dx= 0.919 dy=10.558 dR= 9.808 dPhi=0.1243 (tid=2)  dPhi:FAIL dR:OK XY:OK
AAA FTT hit V pos=(-12.647+/-0.01, -38.210+/-4.33)  dx= 1.699 dy=14.399 dR=12.450 dPhi=0.2226 (tid=3)  dPhi:FAIL dR:OK XY:OK
StFwdTrackMaker:INFO  - Adding horizontal strip hit with dPhi = 0.0423802, dR = 8.98809, dx = 3.28643, dy = 8.47476
StFwdTrackMaker:INFO  - Closest horizontal FTT strip to FST state: dR=8.988090, dPhi=0.042380, dx=3.286432, dy=8.474757 (tid=2) 
AAA FTT closest-H dPhi=0.0424(<0.1200) dR= 8.988(< 30.0) dx= 3.286 dy= 8.475(< 7.50) tid=2 -> ACCEPT
StFwdTrackMaker:INFO  - Closest vertical FTT strip to FST state: dR=9.807822, dPhi=0.124270, dx=0.919202, dy=10.558009 (tid=2) 
AAA FTT closest-V dPhi=0.1243(<0.1200) dR= 9.808(< 30.0) dx= 0.919 dy=10.558(< 7.50) tid=2 -> REJECT
AAA FTT result: 1 hits added (H:ACCEPT V:REJECT)
StFwdTrackMaker:INFO  -  Found #FTT strips on plane #2 = [1]
StFwdTrackMaker:INFO  - Found 7 existing seed points
StFwdTrackMaker:INFO  - Adding 1 new FTT seed points
StFwdTrackMaker:INFO  - Looking for FTT strips near projected state on disk 3
StFwdTrackMaker:INFO  - There are 6 available FTT strips on this disk
AAA FTT proj z= 312.25  x=-14.346 y=-23.811  r= 27.798 phi=-2.1130  sigU= 0.358 sigV= 0.031
AAA FTT momentum at proj: pT= 0.068 eta= 3.113 phi=-2.3534  px= -0.048 py= -0.048 pz=  0.765
AAA FTT search thresholds: dPhi<0.1200 dR<30.00 dx<7.50 dy<7.50  nHits=6
findFttHitsNearProjectedState, msp = (-14.345715, -23.810525)
AAA FTT hit H pos=( -9.324+/-4.33, -34.467+/-0.01)  dx= 5.022 dy=10.656 dR= 7.907 dPhi=0.2781 (tid=1)  dPhi:FAIL dR:OK XY:OK
	 vs. hit@(-17.670483+/-4.330127, -33.987007+/-0.010000) => dx=3.324768, dy=10.176482, dR=10.507957, dPhi=0.062796 (tid=2), strip=horizontal
AAA FTT hit H pos=(-17.670+/-4.33, -33.987+/-0.01)  dx= 3.325 dy=10.176 dR=10.508 dPhi=0.0628 (tid=2)  dPhi:OK dR:OK XY:OK
	 vs. hit@(-15.498422+/-4.330127, -34.389561+/-0.010000) => dx=1.152707, dy=10.579036, dR=9.922378, dPhi=0.118839 (tid=3), strip=horizontal
AAA FTT hit H pos=(-15.498+/-4.33, -34.390+/-0.01)  dx= 1.153 dy=10.579 dR= 9.922 dPhi=0.1188 (tid=3)  dPhi:OK dR:OK XY:OK
AAA FTT hit V pos=(-13.022+/-0.01, -33.551+/-4.33)  dx= 1.324 dy= 9.740 dR= 8.191 dPhi=0.1720 (tid=1)  dPhi:FAIL dR:OK XY:OK
AAA FTT hit V pos=(-16.124+/-0.01, -40.969+/-4.33)  dx= 1.778 dy=17.158 dR=16.229 dPhi=0.1673 (tid=2)  dPhi:FAIL dR:OK XY:OK
AAA FTT hit V pos=(-13.242+/-0.01, -38.369+/-4.33)  dx= 1.104 dy=14.559 dR=12.792 dPhi=0.2099 (tid=3)  dPhi:FAIL dR:OK XY:OK
StFwdTrackMaker:INFO  - Adding horizontal strip hit with dPhi = 0.0627965, dR = 10.508, dx = 3.32477, dy = 10.1765
StFwdTrackMaker:INFO  - Closest horizontal FTT strip to FST state: dR=10.507957, dPhi=0.062796, dx=3.324768, dy=10.176482 (tid=2) 
AAA FTT closest-H dPhi=0.0628(<0.1200) dR=10.508(< 30.0) dx= 3.325 dy=10.176(< 7.50) tid=2 -> ACCEPT
StFwdTrackMaker:INFO  - Closest vertical FTT strip to FST state: dR=16.229403, dPhi=0.167306, dx=1.778169, dy=17.158382 (tid=2) 
AAA FTT closest-V dPhi=0.1673(<0.1200) dR=16.229(< 30.0) dx= 1.778 dy=17.158(< 7.50) tid=2 -> REJECT
AAA FTT result: 1 hits added (H:ACCEPT V:REJECT)
StFwdTrackMaker:INFO  -  Found #FTT strips on plane #3 = [1]
StFwdTrackMaker:INFO  - Found 8 existing seed points
StFwdTrackMaker:INFO  - Adding 1 new FTT seed points
StFwdTrackMaker:INFO  - Closest EPD hit to state: dR=-3.945885, dPhi=-0.181676
StFwdTrackMaker:INFO  - GenFitTrackResult::mIdTruth = 3, QaTruth = 0.444444
The points are collinear, curvature is undefined.
p1 = 0, 0
p2 = -5.96087, -14.308
p3 = -5.96087, -14.308
The points are collinear, curvature is undefined.
p1 = -5.96087, -14.308
p2 = -5.96087, -14.308
p3 = -7.6006, -16.8666
The points are collinear, curvature is undefined.
p1 = -5.96087, -14.308
p2 = -5.96087, -14.308
p3 = -17.0513, -29.4727
The points are collinear, curvature is undefined.
p1 = -5.96087, -14.308
p2 = -5.96087, -14.308
p3 = -18.8897, -31.2042
The points are collinear, curvature is undefined.
p1 = -5.96087, -14.308
p2 = -5.96087, -14.308
p3 = -14.5549, -31.528
The points are collinear, curvature is undefined.
p1 = -5.96087, -14.308
p2 = -5.96087, -14.308
p3 = -17.6321, -32.2853
The points are collinear, curvature is undefined.
p1 = -5.96087, -14.308
p2 = -5.96087, -14.308
p3 = -17.6705, -33.987
StFwdTrackMaker:INFO  - GenericFitSeeder::makeSeed::Curvature: -0.00605189
StFwdTrackMaker:INFO  - GenericFitSeeder::makeSeed::pt = 0.247683
StFwdTrackMaker:INFO  - Note: Using externally provided seed momentum
StFwdTrackMaker:INFO  - Track Setup complete, track has 9 points
StFwdTrackMaker:INFO  -  sorting changed track points: 0
StFwdTrackMaker:INFO  - Fit status:  1
StFwdTrackMaker:INFO  - -Fit pvalue: 2.84135e-91
StFwdTrackMaker:INFO  - -Fit Chi2:   465.658
StFwdTrackMaker:INFO  - -Fit Chi2:   465.658
StFwdTrackMaker:INFO  - Track fit charge: 1Fit momentum: -0.150518, -0.374183, 4.19249
StFwdTrackMaker:INFO  - 	Fit Pt: 0.403322, eta: 3.03677, phi: -1.95325
StFwdTrackMaker:INFO  - Track fit update complete!
StFwdTrackMaker:INFO  - Track Reps: 1
StFwdTrackMaker:INFO  - Track Rep 0 
genfit::AbsTrackRep, pdgCode = -211. PropDir = 0
fitStatus 
 track has been fitted, fit has converged fully, 0 TrackPoints could not be processed, fitted charge = 1, PruneFlags: 
 track has been fitted with reference track, numIterations = 5, track length = 392.415, fChi2 = 465.658, bChi2 = 465.658, fNdf = 13, bNdf = 13, fPVal = 2.84083e-91, bPVal = 2.84135e-91

StFwdTrackMaker:INFO  - GenFitTrackResult::mIdTruth = 3, QaTruth = 0.444444
StFwdTrackMaker:INFO  - GTR Setting momentum from track
StFwdTrackMaker:INFO  - --isFitConvergedPartially() = 1
StFwdTrackMaker:INFO  - --isFitConverged() = 1
StFwdTrackMaker:INFO  - --isFitConvergedFully() = 1
StFwdTrackMaker:INFO  - doBeamlineTrackFitting>>2 McId=2 with Beamline, seed already has: 3 hits
StFwdTrackMaker:INFO  - mBeamlineHit: 0, 0, 0
StFwdTrackMaker:INFO  - This fit is for a global that converged? = 1
StFwdTrackMaker:INFO  - GenFitTrackResult::mIdTruth = 2, QaTruth = 0.5
StFwdTrackMaker:INFO  - GenericFitSeeder::makeSeed::Curvature: -0.063468
StFwdTrackMaker:INFO  - GenericFitSeeder::makeSeed::pt = 0.0236174
StFwdTrackMaker:INFO  - Track Setup complete, track has 4 points
StFwdTrackMaker:INFO  -  sorting changed track points: 0
StFwdTrackMaker:INFO  - Fit status:  1
StFwdTrackMaker:INFO  - -Fit pvalue: 0.00454713
StFwdTrackMaker:INFO  - -Fit Chi2:   13.0418
StFwdTrackMaker:INFO  - -Fit Chi2:   13.0418
StFwdTrackMaker:INFO  - Track fit charge: -1Fit momentum: -0.0389428, -0.0605541, 0.765543
StFwdTrackMaker:INFO  - 	Fit Pt: 0.0719954, eta: 3.05933, phi: -2.14231
StFwdTrackMaker:INFO  - Track fit update complete!
StFwdTrackMaker:INFO  - Track Reps: 1
StFwdTrackMaker:INFO  - Track Rep 0 
genfit::AbsTrackRep, pdgCode = -211. PropDir = 0
fitStatus 
 track has been fitted, fit has converged fully, 0 TrackPoints could not be processed, fitted charge = -1, PruneFlags: 
 track has been fitted with reference track, numIterations = 8, track length = 177.552, fChi2 = 13.0418, bChi2 = 13.0418, fNdf = 3, bNdf = 3, fPVal = 0.00454713, bPVal = 0.00454713

StFwdTrackMaker:INFO  - GenFitTrackResult::mIdTruth = 2, QaTruth = 0.5
StFwdTrackMaker:INFO  - GTR Setting momentum from track
StFwdTrackMaker:INFO  - --isFitConvergedPartially() = 1
StFwdTrackMaker:INFO  - --isFitConverged() = 1
StFwdTrackMaker:INFO  - --isFitConvergedFully() = 1
StFwdTrackMaker:INFO  - SEED momentum:-0.000961941, 0.000421555, 0.00769938
StFwdTrackMaker:INFO  - 	Initial Beamline fit completed, now refitting with additional hits
StFwdTrackMaker:INFO  - Looking for FTT strips near projected state on disk 0
StFwdTrackMaker:INFO  - There are 6 available FTT strips on this disk
AAA FTT proj z= 312.25  x= -7.742 y=-27.751  r= 28.811 phi=-1.8429  sigU= 0.350 sigV= 0.013
AAA FTT momentum at proj: pT= 0.071 eta= 3.074 phi=-1.6044  px= -0.002 py= -0.071 pz=  0.766
AAA FTT search thresholds: dPhi<0.1200 dR<30.00 dx<7.50 dy<7.50  nHits=6
findFttHitsNearProjectedState, msp = (-7.742137, -27.750925)
	 vs. hit@(-8.037513+/-4.330127, -29.507374+/-0.010000) => dx=0.295376, dy=1.756449, dR=1.771791, dPhi=0.006131 (tid=1), strip=horizontal
AAA FTT hit H pos=( -8.038+/-4.33, -29.507+/-0.01)  dx= 0.295 dy= 1.756 dR= 1.772 dPhi=0.0061 (tid=1)  dPhi:OK dR:OK XY:OK
	 vs. hit@(-10.667669+/-4.330127, -29.139639+/-0.010000) => dx=2.925532, dy=1.388714, dR=2.220249, dPhi=0.078866 (tid=2), strip=horizontal
AAA FTT hit H pos=(-10.668+/-4.33, -29.140+/-0.01)  dx= 2.926 dy= 1.389 dR= 2.220 dPhi=0.0789 (tid=2)  dPhi:OK dR:OK XY:OK
AAA FTT hit H pos=(-17.051+/-4.33, -29.473+/-0.01)  dx= 9.309 dy= 1.722 dR= 5.239 dPhi=0.2524 (tid=3)  dPhi:FAIL dR:OK XY:OK
	 vs. hit@(-11.260900+/-0.010000, -35.226025+/-4.330127) => dx=3.518764, dy=7.475099, dR=8.171500, dPhi=0.037340 (tid=1), strip=vertical
AAA FTT hit V pos=(-11.261+/-0.01, -35.226+/-4.33)  dx= 3.519 dy= 7.475 dR= 8.172 dPhi=0.0373 (tid=1)  dPhi:OK dR:OK XY:OK
	 vs. hit@(-13.726418+/-0.010000, -35.546883+/-4.330127) => dx=5.984282, dy=7.795957, dR=9.294391, dPhi=0.096441 (tid=2), strip=vertical
AAA FTT hit V pos=(-13.726+/-0.01, -35.547+/-4.33)  dx= 5.984 dy= 7.796 dR= 9.294 dPhi=0.0964 (tid=2)  dPhi:OK dR:OK XY:OK
	 vs. hit@(-11.508279+/-0.010000, -33.710602+/-4.330127) => dx=3.766142, dy=5.959677, dR=6.810186, dPhi=0.056910 (tid=3), strip=vertical
AAA FTT hit V pos=(-11.508+/-0.01, -33.711+/-4.33)  dx= 3.766 dy= 5.960 dR= 6.810 dPhi=0.0569 (tid=3)  dPhi:OK dR:OK XY:OK
StFwdTrackMaker:INFO  - Adding horizontal strip hit with dPhi = 0.00613068, dR = 1.77179, dx = 0.295376, dy = 1.75645
StFwdTrackMaker:INFO  - Adding vertical strip hit with dPhi = 0.0373399, dR = 8.1715, dx = 3.51876, dy = 7.4751
StFwdTrackMaker:INFO  - Closest horizontal FTT strip to FST state: dR=1.771791, dPhi=0.006131, dx=0.295376, dy=1.756449 (tid=1) 
AAA FTT closest-H dPhi=0.0061(<0.1200) dR= 1.772(< 30.0) dx= 0.295 dy= 1.756(< 7.50) tid=1 -> ACCEPT
StFwdTrackMaker:INFO  - Closest vertical FTT strip to FST state: dR=8.171500, dPhi=0.037340, dx=3.518764, dy=7.475099 (tid=1) 
AAA FTT closest-V dPhi=0.0373(<0.1200) dR= 8.172(< 30.0) dx= 3.519 dy= 7.475(< 7.50) tid=1 -> ACCEPT
AAA FTT result: 2 hits added (H:ACCEPT V:ACCEPT)
StFwdTrackMaker:INFO  -  Found #FTT strips on plane #0 = [2]
StFwdTrackMaker:INFO  - Found 4 existing seed points
StFwdTrackMaker:INFO  - Adding 2 new FTT seed points
StFwdTrackMaker:INFO  - Looking for FTT strips near projected state on disk 1
StFwdTrackMaker:INFO  - There are 6 available FTT strips on this disk
AAA FTT proj z= 312.25  x= -7.742 y=-27.751  r= 28.811 phi=-1.8429  sigU= 0.350 sigV= 0.057
AAA FTT momentum at proj: pT= 0.071 eta= 3.074 phi=-1.6044  px= -0.002 py= -0.071 pz=  0.766
AAA FTT search thresholds: dPhi<0.1200 dR<30.00 dx<7.50 dy<7.50  nHits=6
findFttHitsNearProjectedState, msp = (-7.742137, -27.750925)
	 vs. hit@(-12.847940+/-4.330127, -31.236794+/-0.010000) => dx=5.105804, dy=3.485868, dR=4.965165, dPhi=0.118148 (tid=1), strip=horizontal
AAA FTT hit H pos=(-12.848+/-4.33, -31.237+/-0.01)  dx= 5.106 dy= 3.486 dR= 4.965 dPhi=0.1181 (tid=1)  dPhi:OK dR:OK XY:OK
	 vs. hit@(-11.676448+/-4.330127, -30.839258+/-0.010000) => dx=3.934311, dy=3.088333, dR=4.165071, dPhi=0.089874 (tid=2), strip=horizontal
AAA FTT hit H pos=(-11.676+/-4.33, -30.839+/-0.01)  dx= 3.934 dy= 3.088 dR= 4.165 dPhi=0.0899 (tid=2)  dPhi:OK dR:OK XY:OK
AAA FTT hit H pos=(-18.890+/-4.33, -31.204+/-0.01)  dx=11.148 dy= 3.453 dR= 7.666 dPhi=0.2723 (tid=3)  dPhi:FAIL dR:OK XY:OK
AAA FTT hit V pos=(-11.856+/-0.01, -27.745+/-4.33)  dx= 4.114 dy= 0.006 dR= 1.361 dPhi=0.1318 (tid=1)  dPhi:FAIL dR:OK XY:OK
AAA FTT hit V pos=(-14.555+/-0.01, -31.528+/-4.33)  dx= 6.813 dy= 3.777 dR= 5.915 dPhi=0.1604 (tid=2)  dPhi:FAIL dR:OK XY:OK
AAA FTT hit V pos=(-12.136+/-0.01, -28.632+/-4.33)  dx= 4.394 dy= 0.881 dR= 2.287 dPhi=0.1288 (tid=3)  dPhi:FAIL dR:OK XY:OK
StFwdTrackMaker:INFO  - Adding horizontal strip hit with dPhi = 0.0898743, dR = 4.16507, dx = 3.93431, dy = 3.08833
StFwdTrackMaker:INFO  - Closest horizontal FTT strip to FST state: dR=4.165071, dPhi=0.089874, dx=3.934311, dy=3.088333 (tid=2) 
AAA FTT closest-H dPhi=0.0899(<0.1200) dR= 4.165(< 30.0) dx= 3.934 dy= 3.088(< 7.50) tid=2 -> ACCEPT
StFwdTrackMaker:INFO  - Closest vertical FTT strip to FST state: dR=2.287015, dPhi=0.128845, dx=4.394042, dy=0.880857 (tid=3) 
AAA FTT closest-V dPhi=0.1288(<0.1200) dR= 2.287(< 30.0) dx= 4.394 dy= 0.881(< 7.50) tid=3 -> REJECT
AAA FTT result: 1 hits added (H:ACCEPT V:REJECT)
StFwdTrackMaker:INFO  -  Found #FTT strips on plane #1 = [1]
StFwdTrackMaker:INFO  - Found 6 existing seed points
StFwdTrackMaker:INFO  - Adding 1 new FTT seed points
StFwdTrackMaker:INFO  - Looking for FTT strips near projected state on disk 2
StFwdTrackMaker:INFO  - There are 6 available FTT strips on this disk
AAA FTT proj z= 312.25  x= -7.742 y=-27.751  r= 28.811 phi=-1.8429  sigU= 0.350 sigV= 0.013
AAA FTT momentum at proj: pT= 0.071 eta= 3.074 phi=-1.6044  px= -0.002 py= -0.071 pz=  0.766
AAA FTT search thresholds: dPhi<0.1200 dR<30.00 dx<7.50 dy<7.50  nHits=6
findFttHitsNearProjectedState, msp = (-7.742137, -27.750925)
	 vs. hit@(-9.371473+/-4.330127, -32.772484+/-0.010000) => dx=1.629336, dy=5.021559, dR=5.275403, dPhi=0.006454 (tid=1), strip=horizontal
AAA FTT hit H pos=( -9.371+/-4.33, -32.772+/-0.01)  dx= 1.629 dy= 5.022 dR= 5.275 dPhi=0.0065 (tid=1)  dPhi:OK dR:OK XY:OK
AAA FTT hit H pos=(-17.632+/-4.33, -32.285+/-0.01)  dx= 9.890 dy= 4.534 dR= 7.976 dPhi=0.2278 (tid=2)  dPhi:FAIL dR:OK XY:OK
AAA FTT hit H pos=(-13.540+/-4.33, -32.718+/-0.01)  dx= 5.798 dy= 4.967 dR= 6.599 dPhi=0.1203 (tid=3)  dPhi:FAIL dR:OK XY:OK
	 vs. hit@(-12.404651+/-0.010000, -31.013594+/-4.330127) => dx=4.662514, dy=3.262668, dR=4.591703, dPhi=0.108416 (tid=1), strip=vertical
AAA FTT hit V pos=(-12.405+/-0.01, -31.014+/-4.33)  dx= 4.663 dy= 3.263 dR= 4.592 dPhi=0.1084 (tid=1)  dPhi:OK dR:OK XY:OK
AAA FTT hit V pos=(-15.265+/-0.01, -34.369+/-4.33)  dx= 7.523 dy= 6.618 dR= 8.795 dPhi=0.1459 (tid=2)  dPhi:FAIL dR:OK XY:OK
	 vs. hit@(-12.646589+/-0.010000, -38.209621+/-4.330127) => dx=4.904452, dy=10.458696, dR=11.437456, dPhi=0.047562 (tid=3), strip=vertical
AAA FTT hit V pos=(-12.647+/-0.01, -38.210+/-4.33)  dx= 4.904 dy=10.459 dR=11.437 dPhi=0.0476 (tid=3)  dPhi:OK dR:OK XY:OK
StFwdTrackMaker:INFO  - Adding horizontal strip hit with dPhi = 0.00645394, dR = 5.2754, dx = 1.62934, dy = 5.02156
StFwdTrackMaker:INFO  - Adding vertical strip hit with dPhi = 0.0475616, dR = 11.4375, dx = 4.90445, dy = 10.4587
StFwdTrackMaker:INFO  - Closest horizontal FTT strip to FST state: dR=5.275403, dPhi=0.006454, dx=1.629336, dy=5.021559 (tid=1) 
AAA FTT closest-H dPhi=0.0065(<0.1200) dR= 5.275(< 30.0) dx= 1.629 dy= 5.022(< 7.50) tid=1 -> ACCEPT
StFwdTrackMaker:INFO  - Closest vertical FTT strip to FST state: dR=11.437456, dPhi=0.047562, dx=4.904452, dy=10.458696 (tid=3) 
AAA FTT closest-V dPhi=0.0476(<0.1200) dR=11.437(< 30.0) dx= 4.904 dy=10.459(< 7.50) tid=3 -> ACCEPT
AAA FTT result: 2 hits added (H:ACCEPT V:ACCEPT)
StFwdTrackMaker:INFO  -  Found #FTT strips on plane #2 = [2]
StFwdTrackMaker:INFO  - Found 7 existing seed points
StFwdTrackMaker:INFO  - Adding 2 new FTT seed points
StFwdTrackMaker:INFO  - Looking for FTT strips near projected state on disk 3
StFwdTrackMaker:INFO  - There are 6 available FTT strips on this disk
AAA FTT proj z= 312.25  x= -7.742 y=-27.751  r= 28.811 phi=-1.8429  sigU= 0.350 sigV= 0.057
AAA FTT momentum at proj: pT= 0.071 eta= 3.074 phi=-1.6044  px= -0.002 py= -0.071 pz=  0.766
AAA FTT search thresholds: dPhi<0.1200 dR<30.00 dx<7.50 dy<7.50  nHits=6
findFttHitsNearProjectedState, msp = (-7.742137, -27.750925)
	 vs. hit@(-9.324011+/-4.330127, -34.466702+/-0.010000) => dx=1.581874, dy=6.715776, dR=6.894944, dPhi=0.007870 (tid=1), strip=horizontal
AAA FTT hit H pos=( -9.324+/-4.33, -34.467+/-0.01)  dx= 1.582 dy= 6.716 dR= 6.895 dPhi=0.0079 (tid=1)  dPhi:OK dR:OK XY:OK
AAA FTT hit H pos=(-17.670+/-4.33, -33.987+/-0.01)  dx= 9.928 dy= 6.236 dR= 9.496 dPhi=0.2074 (tid=2)  dPhi:FAIL dR:OK XY:OK
AAA FTT hit H pos=(-15.498+/-4.33, -34.390+/-0.01)  dx= 7.756 dy= 6.639 dR= 8.910 dPhi=0.1513 (tid=3)  dPhi:FAIL dR:OK XY:OK
	 vs. hit@(-13.021799+/-0.010000, -33.550606+/-4.330127) => dx=5.279662, dy=5.799680, dR=7.178365, dPhi=0.098158 (tid=1), strip=vertical
AAA FTT hit V pos=(-13.022+/-0.01, -33.551+/-4.33)  dx= 5.280 dy= 5.800 dR= 7.178 dPhi=0.0982 (tid=1)  dPhi:OK dR:OK XY:OK
	 vs. hit@(-16.123884+/-0.010000, -40.968906+/-4.330127) => dx=8.381747, dy=13.217981, dR=15.216948, dPhi=0.102877 (tid=2), strip=vertical
AAA FTT hit V pos=(-16.124+/-0.01, -40.969+/-4.33)  dx= 8.382 dy=13.218 dR=15.217 dPhi=0.1029 (tid=2)  dPhi:OK dR:OK XY:FAIL
	 vs. hit@(-13.241864+/-0.010000, -38.369137+/-4.330127) => dx=5.499727, dy=10.618212, dR=11.779204, dPhi=0.060250 (tid=3), strip=vertical
AAA FTT hit V pos=(-13.242+/-0.01, -38.369+/-4.33)  dx= 5.500 dy=10.618 dR=11.779 dPhi=0.0602 (tid=3)  dPhi:OK dR:OK XY:OK
StFwdTrackMaker:INFO  - Adding horizontal strip hit with dPhi = 0.00787018, dR = 6.89494, dx = 1.58187, dy = 6.71578
StFwdTrackMaker:INFO  - Adding vertical strip hit with dPhi = 0.0602499, dR = 11.7792, dx = 5.49973, dy = 10.6182
StFwdTrackMaker:INFO  - Closest horizontal FTT strip to FST state: dR=6.894944, dPhi=0.007870, dx=1.581874, dy=6.715776 (tid=1) 
AAA FTT closest-H dPhi=0.0079(<0.1200) dR= 6.895(< 30.0) dx= 1.582 dy= 6.716(< 7.50) tid=1 -> ACCEPT
StFwdTrackMaker:INFO  - Closest vertical FTT strip to FST state: dR=11.779204, dPhi=0.060250, dx=5.499727, dy=10.618212 (tid=3) 
AAA FTT closest-V dPhi=0.0602(<0.1200) dR=11.779(< 30.0) dx= 5.500 dy=10.618(< 7.50) tid=3 -> ACCEPT
AAA FTT result: 2 hits added (H:ACCEPT V:ACCEPT)
StFwdTrackMaker:INFO  -  Found #FTT strips on plane #3 = [2]
StFwdTrackMaker:INFO  - Found 9 existing seed points
StFwdTrackMaker:INFO  - Adding 2 new FTT seed points
StFwdTrackMaker:INFO  - Closest EPD hit to state: dR=-2.717826, dPhi=0.152457
StFwdTrackMaker:INFO  - GenFitTrackResult::mIdTruth = 1, QaTruth = 0.363636
StFwdTrackMaker:INFO  - GenericFitSeeder::makeSeed::Curvature: 0.00875474
StFwdTrackMaker:INFO  - GenericFitSeeder::makeSeed::pt = 0.171216
StFwdTrackMaker:INFO  - Note: Using externally provided seed momentum
StFwdTrackMaker:INFO  - Track Setup complete, track has 11 points
StFwdTrackMaker:INFO  -  sorting changed track points: 0
StFwdTrackMaker:INFO  - Fit status:  1
StFwdTrackMaker:INFO  - -Fit pvalue: 5.66184e-252
StFwdTrackMaker:INFO  - -Fit Chi2:   1234.34
StFwdTrackMaker:INFO  - -Fit Chi2:   1234.34
StFwdTrackMaker:INFO  - Track fit charge: 1Fit momentum: -0.0220862, -0.163786, 1.57162
StFwdTrackMaker:INFO  - 	Fit Pt: 0.165269, eta: 2.94819, phi: -1.70484
StFwdTrackMaker:INFO  - Track fit update complete!
StFwdTrackMaker:INFO  - Track Reps: 1
StFwdTrackMaker:INFO  - Track Rep 0 
genfit::AbsTrackRep, pdgCode = 211. PropDir = 0
fitStatus 
 track has been fitted, fit has converged fully, 0 TrackPoints could not be processed, fitted charge = 1, PruneFlags: 
 track has been fitted with reference track, numIterations = 5, track length = 349.561, fChi2 = 1234.34, bChi2 = 1234.34, fNdf = 17, bNdf = 17, fPVal = 5.66176e-252, bPVal = 5.66184e-252

StFwdTrackMaker:INFO  - GenFitTrackResult::mIdTruth = 1, QaTruth = 0.363636
StFwdTrackMaker:INFO  - GTR Setting momentum from track
StFwdTrackMaker:INFO  - --isFitConvergedPartially() = 1
StFwdTrackMaker:INFO  - --isFitConverged() = 1
StFwdTrackMaker:INFO  - --isFitConvergedFully() = 1
StFwdTrackMaker:INFO  - >>doPrimaryTrackFitting( #globals = 3 )
StFwdTrackMaker:INFO  - Refitting Track 0, McId=2 with Primary Vertex, seed already has: 11 hits
StFwdTrackMaker:INFO  - mEventVertexHit: 0, 0, 0
StFwdTrackMaker:INFO  - This fit is for a global that converged? = 1
StFwdTrackMaker:INFO  - GenFitTrackResult::mIdTruth = 2, QaTruth = 0.5
StFwdTrackMaker:INFO  - GenericFitSeeder::makeSeed::Curvature: -0.0110969
StFwdTrackMaker:INFO  - GenericFitSeeder::makeSeed::pt = 0.135078
StFwdTrackMaker:INFO  - Note: Using externally provided seed momentum
StFwdTrackMaker:INFO  - Track Setup complete, track has 12 points
StFwdTrackMaker:INFO  -  sorting changed track points: 0
StFwdTrackMaker:INFO  - Fit status:  1
StFwdTrackMaker:INFO  - -Fit pvalue: 5.04337e-237
StFwdTrackMaker:INFO  - -Fit Chi2:   1173.2
StFwdTrackMaker:INFO  - -Fit Chi2:   1173.2
StFwdTrackMaker:INFO  - Track fit charge: 1Fit momentum: -0.0749422, -0.218748, 2.24408
StFwdTrackMaker:INFO  - 	Fit Pt: 0.231229, eta: 2.96843, phi: -1.90086
StFwdTrackMaker:INFO  - Track fit update complete!
StFwdTrackMaker:INFO  - Track Reps: 1
StFwdTrackMaker:INFO  - Track Rep 0 
genfit::AbsTrackRep, pdgCode = -211. PropDir = 0
fitStatus 
 track has been fitted, fit has converged fully, 0 TrackPoints could not be processed, fitted charge = 1, PruneFlags: 
 track has been fitted with reference track, numIterations = 3, track length = 367.389, fChi2 = 1173.2, bChi2 = 1173.2, fNdf = 19, bNdf = 19, fPVal = 5.04337e-237, bPVal = 5.04337e-237

StFwdTrackMaker:INFO  - GenFitTrackResult::mIdTruth = 2, QaTruth = 0.5
StFwdTrackMaker:INFO  - GTR Setting momentum from track
StFwdTrackMaker:INFO  - --isFitConvergedPartially() = 1
StFwdTrackMaker:INFO  - --isFitConverged() = 1
StFwdTrackMaker:INFO  - --isFitConvergedFully() = 1
StFwdTrackMaker:INFO  - 	Initial fit complete, now refitting with additional points
StFwdTrackMaker:INFO  - Looking for FTT strips near projected state on disk 0
StFwdTrackMaker:INFO  - There are 6 available FTT strips on this disk
AAA FTT proj z= 312.25  x=-13.571 y=-29.400  r= 32.381 phi=-2.0033  sigU= 0.015 sigV= 0.000
AAA FTT momentum at proj: pT= 0.231 eta= 2.970 phi=-2.0853  px= -0.114 py= -0.201 pz=  2.244
AAA FTT search thresholds: dPhi<0.1200 dR<30.00 dx<7.50 dy<7.50  nHits=6
findFttHitsNearProjectedState, msp = (-13.571042, -29.399603)
AAA FTT hit H pos=( -8.038+/-4.33, -29.507+/-0.01)  dx= 5.534 dy= 0.108 dR= 1.798 dPhi=0.1665 (tid=1)  dPhi:FAIL dR:OK XY:OK
	 vs. hit@(-10.667669+/-4.330127, -29.139639+/-0.010000) => dx=2.903373, dy=0.259964, dR=1.349786, dPhi=0.081529 (tid=2), strip=horizontal
AAA FTT hit H pos=(-10.668+/-4.33, -29.140+/-0.01)  dx= 2.903 dy= 0.260 dR= 1.350 dPhi=0.0815 (tid=2)  dPhi:OK dR:OK XY:OK
	 vs. hit@(-17.051289+/-4.330127, -29.472696+/-0.010000) => dx=3.480246, dy=0.073093, dR=1.669060, dPhi=0.092031 (tid=3), strip=horizontal
AAA FTT hit H pos=(-17.051+/-4.33, -29.473+/-0.01)  dx= 3.480 dy= 0.073 dR= 1.669 dPhi=0.0920 (tid=3)  dPhi:OK dR:OK XY:OK
AAA FTT hit V pos=(-11.261+/-0.01, -35.226+/-4.33)  dx= 2.310 dy= 5.826 dR= 4.601 dPhi=0.1231 (tid=1)  dPhi:FAIL dR:OK XY:OK
	 vs. hit@(-13.726418+/-0.010000, -35.546883+/-4.330127) => dx=0.155376, dy=6.147279, dR=5.724356, dPhi=0.063954 (tid=2), strip=vertical
AAA FTT hit V pos=(-13.726+/-0.01, -35.547+/-4.33)  dx= 0.155 dy= 6.147 dR= 5.724 dPhi=0.0640 (tid=2)  dPhi:OK dR:OK XY:OK
	 vs. hit@(-11.508279+/-0.010000, -33.710602+/-4.330127) => dx=2.062764, dy=4.310998, dR=3.240151, dPhi=0.103485 (tid=3), strip=vertical
AAA FTT hit V pos=(-11.508+/-0.01, -33.711+/-4.33)  dx= 2.063 dy= 4.311 dR= 3.240 dPhi=0.1035 (tid=3)  dPhi:OK dR:OK XY:OK
StFwdTrackMaker:INFO  - Adding horizontal strip hit with dPhi = 0.0815292, dR = 1.34979, dx = 2.90337, dy = 0.259964
StFwdTrackMaker:INFO  - Adding vertical strip hit with dPhi = 0.063954, dR = 5.72436, dx = 0.155376, dy = 6.14728
StFwdTrackMaker:INFO  - Closest horizontal FTT strip to FST state: dR=1.349786, dPhi=0.081529, dx=2.903373, dy=0.259964 (tid=2) 
AAA FTT closest-H dPhi=0.0815(<0.1200) dR= 1.350(< 30.0) dx= 2.903 dy= 0.260(< 7.50) tid=2 -> ACCEPT
StFwdTrackMaker:INFO  - Closest vertical FTT strip to FST state: dR=5.724356, dPhi=0.063954, dx=0.155376, dy=6.147279 (tid=2) 
AAA FTT closest-V dPhi=0.0640(<0.1200) dR= 5.724(< 30.0) dx= 0.155 dy= 6.147(< 7.50) tid=2 -> ACCEPT
AAA FTT result: 2 hits added (H:ACCEPT V:ACCEPT)
StFwdTrackMaker:INFO  -  Found #FTT strips on plane #0 = [2]
StFwdTrackMaker:INFO  - Found 12 existing seed points
StFwdTrackMaker:INFO  - Adding 2 new FTT seed points
StFwdTrackMaker:INFO  - Hit already in seed, skipping
StFwdTrackMaker:INFO  - Looking for FTT strips near projected state on disk 1
StFwdTrackMaker:INFO  - There are 6 available FTT strips on this disk
AAA FTT proj z= 312.25  x=-13.571 y=-29.400  r= 32.381 phi=-2.0033  sigU= 0.015 sigV= 0.000
AAA FTT momentum at proj: pT= 0.231 eta= 2.970 phi=-2.0853  px= -0.114 py= -0.201 pz=  2.244
AAA FTT search thresholds: dPhi<0.1200 dR<30.00 dx<7.50 dy<7.50  nHits=6
findFttHitsNearProjectedState, msp = (-13.571042, -29.399603)
	 vs. hit@(-12.847940+/-4.330127, -31.236794+/-0.010000) => dx=0.723102, dy=1.837190, dR=1.395130, dPhi=0.042247 (tid=1), strip=horizontal
AAA FTT hit H pos=(-12.848+/-4.33, -31.237+/-0.01)  dx= 0.723 dy= 1.837 dR= 1.395 dPhi=0.0422 (tid=1)  dPhi:OK dR:OK XY:OK
	 vs. hit@(-11.676448+/-4.330127, -30.839258+/-0.010000) => dx=1.894595, dy=1.439655, dR=0.595036, dPhi=0.070521 (tid=2), strip=horizontal
AAA FTT hit H pos=(-11.676+/-4.33, -30.839+/-0.01)  dx= 1.895 dy= 1.440 dR= 0.595 dPhi=0.0705 (tid=2)  dPhi:OK dR:OK XY:OK
	 vs. hit@(-18.889715+/-4.330127, -31.204161+/-0.010000) => dx=5.318673, dy=1.804557, dR=4.095605, dPhi=0.111887 (tid=3), strip=horizontal
AAA FTT hit H pos=(-18.890+/-4.33, -31.204+/-0.01)  dx= 5.319 dy= 1.805 dR= 4.096 dPhi=0.1119 (tid=3)  dPhi:OK dR:OK XY:OK
	 vs. hit@(-11.855920+/-0.010000, -27.745050+/-4.330127) => dx=1.715123, dy=1.654553, dR=2.208684, dPhi=0.028633 (tid=1), strip=vertical
AAA FTT hit V pos=(-11.856+/-0.01, -27.745+/-4.33)  dx= 1.715 dy= 1.655 dR= 2.209 dPhi=0.0286 (tid=1)  dPhi:OK dR:OK XY:OK
	 vs. hit@(-14.554903+/-0.010000, -31.528025+/-4.330127) => dx=0.983861, dy=2.128421, dR=2.344815, dPhi=0.000036 (tid=2), strip=vertical
AAA FTT hit V pos=(-14.555+/-0.01, -31.528+/-4.33)  dx= 0.984 dy= 2.128 dR= 2.345 dPhi=0.0000 (tid=2)  dPhi:OK dR:OK XY:OK
	 vs. hit@(-12.136179+/-0.010000, -28.631783+/-4.330127) => dx=1.434863, dy=0.767821, dR=1.283020, dPhi=0.031550 (tid=3), strip=vertical
AAA FTT hit V pos=(-12.136+/-0.01, -28.632+/-4.33)  dx= 1.435 dy= 0.768 dR= 1.283 dPhi=0.0315 (tid=3)  dPhi:OK dR:OK XY:OK
StFwdTrackMaker:INFO  - Adding horizontal strip hit with dPhi = 0.0422473, dR = 1.39513, dx = 0.723102, dy = 1.83719
StFwdTrackMaker:INFO  - Adding vertical strip hit with dPhi = 3.57641e-05, dR = 2.34482, dx = 0.983861, dy = 2.12842
StFwdTrackMaker:INFO  - Closest horizontal FTT strip to FST state: dR=1.395130, dPhi=0.042247, dx=0.723102, dy=1.837190 (tid=1) 
AAA FTT closest-H dPhi=0.0422(<0.1200) dR= 1.395(< 30.0) dx= 0.723 dy= 1.837(< 7.50) tid=1 -> ACCEPT
StFwdTrackMaker:INFO  - Closest vertical FTT strip to FST state: dR=2.344815, dPhi=0.000036, dx=0.983861, dy=2.128421 (tid=2) 
AAA FTT closest-V dPhi=0.0000(<0.1200) dR= 2.345(< 30.0) dx= 0.984 dy= 2.128(< 7.50) tid=2 -> ACCEPT
AAA FTT result: 2 hits added (H:ACCEPT V:ACCEPT)
StFwdTrackMaker:INFO  -  Found #FTT strips on plane #1 = [2]
StFwdTrackMaker:INFO  - Found 13 existing seed points
StFwdTrackMaker:INFO  - Adding 2 new FTT seed points
StFwdTrackMaker:INFO  - Hit already in seed, skipping
StFwdTrackMaker:INFO  - Hit already in seed, skipping
StFwdTrackMaker:INFO  - Looking for FTT strips near projected state on disk 2
StFwdTrackMaker:INFO  - There are 6 available FTT strips on this disk
AAA FTT proj z= 312.25  x=-13.571 y=-29.400  r= 32.381 phi=-2.0033  sigU= 0.015 sigV= 0.000
AAA FTT momentum at proj: pT= 0.231 eta= 2.970 phi=-2.0853  px= -0.114 py= -0.201 pz=  2.244
AAA FTT search thresholds: dPhi<0.1200 dR<30.00 dx<7.50 dy<7.50  nHits=6
findFttHitsNearProjectedState, msp = (-13.571042, -29.399603)
AAA FTT hit H pos=( -9.371+/-4.33, -32.772+/-0.01)  dx= 4.200 dy= 3.373 dR= 1.705 dPhi=0.1539 (tid=1)  dPhi:FAIL dR:OK XY:OK
	 vs. hit@(-17.632147+/-4.330127, -32.285282+/-0.010000) => dx=4.061104, dy=2.885679, dR=4.405600, dPhi=0.067408 (tid=2), strip=horizontal
AAA FTT hit H pos=(-17.632+/-4.33, -32.285+/-0.01)  dx= 4.061 dy= 2.886 dR= 4.406 dPhi=0.0674 (tid=2)  dPhi:OK dR:OK XY:OK
	 vs. hit@(-13.540433+/-4.330127, -32.718029+/-0.010000) => dx=0.030610, dy=3.318426, dR=3.028516, dPhi=0.040073 (tid=3), strip=horizontal
AAA FTT hit H pos=(-13.540+/-4.33, -32.718+/-0.01)  dx= 0.031 dy= 3.318 dR= 3.029 dPhi=0.0401 (tid=3)  dPhi:OK dR:OK XY:OK
	 vs. hit@(-12.404651+/-0.010000, -31.013594+/-4.330127) => dx=1.166392, dy=1.613990, dR=1.021668, dPhi=0.051979 (tid=1), strip=vertical
AAA FTT hit V pos=(-12.405+/-0.01, -31.014+/-4.33)  dx= 1.166 dy= 1.614 dR= 1.022 dPhi=0.0520 (tid=1)  dPhi:OK dR:OK XY:OK
	 vs. hit@(-15.264917+/-0.010000, -34.368534+/-4.330127) => dx=1.693875, dy=4.968931, dR=5.225332, dPhi=0.014482 (tid=2), strip=vertical
AAA FTT hit V pos=(-15.265+/-0.01, -34.369+/-4.33)  dx= 1.694 dy= 4.969 dR= 5.225 dPhi=0.0145 (tid=2)  dPhi:OK dR:OK XY:OK
	 vs. hit@(-12.646589+/-0.010000, -38.209621+/-4.330127) => dx=0.924453, dy=8.810018, dR=7.867421, dPhi=0.112833 (tid=3), strip=vertical
AAA FTT hit V pos=(-12.647+/-0.01, -38.210+/-4.33)  dx= 0.924 dy= 8.810 dR= 7.867 dPhi=0.1128 (tid=3)  dPhi:OK dR:OK XY:OK
StFwdTrackMaker:INFO  - Adding horizontal strip hit with dPhi = 0.040073, dR = 3.02852, dx = 0.0306095, dy = 3.31843
StFwdTrackMaker:INFO  - Adding vertical strip hit with dPhi = 0.0144821, dR = 5.22533, dx = 1.69387, dy = 4.96893
StFwdTrackMaker:INFO  - Closest horizontal FTT strip to FST state: dR=3.028516, dPhi=0.040073, dx=0.030610, dy=3.318426 (tid=3) 
AAA FTT closest-H dPhi=0.0401(<0.1200) dR= 3.029(< 30.0) dx= 0.031 dy= 3.318(< 7.50) tid=3 -> ACCEPT
StFwdTrackMaker:INFO  - Closest vertical FTT strip to FST state: dR=5.225332, dPhi=0.014482, dx=1.693875, dy=4.968931 (tid=2) 
AAA FTT closest-V dPhi=0.0145(<0.1200) dR= 5.225(< 30.0) dx= 1.694 dy= 4.969(< 7.50) tid=2 -> ACCEPT
AAA FTT result: 2 hits added (H:ACCEPT V:ACCEPT)
StFwdTrackMaker:INFO  -  Found #FTT strips on plane #2 = [2]
StFwdTrackMaker:INFO  - Found 13 existing seed points
StFwdTrackMaker:INFO  - Adding 2 new FTT seed points
StFwdTrackMaker:INFO  - Hit already in seed, skipping
StFwdTrackMaker:INFO  - Looking for FTT strips near projected state on disk 3
StFwdTrackMaker:INFO  - There are 6 available FTT strips on this disk
AAA FTT proj z= 312.25  x=-13.571 y=-29.400  r= 32.381 phi=-2.0033  sigU= 0.015 sigV= 0.000
AAA FTT momentum at proj: pT= 0.231 eta= 2.970 phi=-2.0853  px= -0.114 py= -0.201 pz=  2.244
AAA FTT search thresholds: dPhi<0.1200 dR<30.00 dx<7.50 dy<7.50  nHits=6
findFttHitsNearProjectedState, msp = (-13.571042, -29.399603)
AAA FTT hit H pos=( -9.324+/-4.33, -34.467+/-0.01)  dx= 4.247 dy= 5.067 dR= 3.325 dPhi=0.1683 (tid=1)  dPhi:FAIL dR:OK XY:OK
	 vs. hit@(-17.670483+/-4.330127, -33.987007+/-0.010000) => dx=4.099440, dy=4.587404, dR=5.925467, dPhi=0.046992 (tid=2), strip=horizontal
AAA FTT hit H pos=(-17.670+/-4.33, -33.987+/-0.01)  dx= 4.099 dy= 4.587 dR= 5.925 dPhi=0.0470 (tid=2)  dPhi:OK dR:OK XY:OK
	 vs. hit@(-15.498422+/-4.330127, -34.389561+/-0.010000) => dx=1.927379, dy=4.989957, dR=5.339889, dPhi=0.009051 (tid=3), strip=horizontal
AAA FTT hit H pos=(-15.498+/-4.33, -34.390+/-0.01)  dx= 1.927 dy= 4.990 dR= 5.340 dPhi=0.0091 (tid=3)  dPhi:OK dR:OK XY:OK
	 vs. hit@(-13.021799+/-0.010000, -33.550606+/-4.330127) => dx=0.549243, dy=4.151002, dR=3.608330, dPhi=0.062237 (tid=1), strip=vertical
AAA FTT hit V pos=(-13.022+/-0.01, -33.551+/-4.33)  dx= 0.549 dy= 4.151 dR= 3.608 dPhi=0.0622 (tid=1)  dPhi:OK dR:OK XY:OK
	 vs. hit@(-16.123884+/-0.010000, -40.968906+/-4.330127) => dx=2.552842, dy=11.569303, dR=11.646913, dPhi=0.057518 (tid=2), strip=vertical
AAA FTT hit V pos=(-16.124+/-0.01, -40.969+/-4.33)  dx= 2.553 dy=11.569 dR=11.647 dPhi=0.0575 (tid=2)  dPhi:OK dR:OK XY:OK
	 vs. hit@(-13.241864+/-0.010000, -38.369137+/-4.330127) => dx=0.329178, dy=8.969533, dR=8.209169, dPhi=0.100145 (tid=3), strip=vertical
AAA FTT hit V pos=(-13.242+/-0.01, -38.369+/-4.33)  dx= 0.329 dy= 8.970 dR= 8.209 dPhi=0.1001 (tid=3)  dPhi:OK dR:OK XY:OK
StFwdTrackMaker:INFO  - Adding horizontal strip hit with dPhi = 0.00905086, dR = 5.33989, dx = 1.92738, dy = 4.98996
StFwdTrackMaker:INFO  - Adding vertical strip hit with dPhi = 0.0575179, dR = 11.6469, dx = 2.55284, dy = 11.5693
StFwdTrackMaker:INFO  - Closest horizontal FTT strip to FST state: dR=5.339889, dPhi=0.009051, dx=1.927379, dy=4.989957 (tid=3) 
AAA FTT closest-H dPhi=0.0091(<0.1200) dR= 5.340(< 30.0) dx= 1.927 dy= 4.990(< 7.50) tid=3 -> ACCEPT
StFwdTrackMaker:INFO  - Closest vertical FTT strip to FST state: dR=11.646913, dPhi=0.057518, dx=2.552842, dy=11.569303 (tid=2) 
AAA FTT closest-V dPhi=0.0575(<0.1200) dR=11.647(< 30.0) dx= 2.553 dy=11.569(< 7.50) tid=2 -> ACCEPT
AAA FTT result: 2 hits added (H:ACCEPT V:ACCEPT)
StFwdTrackMaker:INFO  -  Found #FTT strips on plane #3 = [2]
StFwdTrackMaker:INFO  - Found 14 existing seed points
StFwdTrackMaker:INFO  - Adding 2 new FTT seed points
StFwdTrackMaker:INFO  - Hit already in seed, skipping
StFwdTrackMaker:INFO  - Closest EPD hit to state: dR=1.654969, dPhi=-0.050564
StFwdTrackMaker:INFO  - GenFitTrackResult::mIdTruth = 2, QaTruth = 0.466667
StFwdTrackMaker:INFO  - GenericFitSeeder::makeSeed::Curvature: -0.00969075
StFwdTrackMaker:INFO  - GenericFitSeeder::makeSeed::pt = 0.154678
StFwdTrackMaker:INFO  - Note: Using externally provided seed momentum
StFwdTrackMaker:INFO  - Track Setup complete, track has 15 points
StFwdTrackMaker:INFO  -  sorting changed track points: 0
StFwdTrackMaker:INFO  - Fit status:  1
StFwdTrackMaker:INFO  - -Fit pvalue: 0
StFwdTrackMaker:INFO  - -Fit Chi2:   2906.23
StFwdTrackMaker:INFO  - -Fit Chi2:   2906.23
StFwdTrackMaker:INFO  - Track fit charge: 1Fit momentum: -0.143678, -0.365935, 3.78263
StFwdTrackMaker:INFO  - 	Fit Pt: 0.393131, eta: 2.95987, phi: -1.94494
StFwdTrackMaker:INFO  - Track fit update complete!
StFwdTrackMaker:INFO  - Track Reps: 1
StFwdTrackMaker:INFO  - Track Rep 0 
genfit::AbsTrackRep, pdgCode = -211. PropDir = 0
fitStatus 
 track has been fitted, fit has converged fully, 0 TrackPoints could not be processed, fitted charge = 1, PruneFlags: 
 track has been fitted with reference track, numIterations = 3, track length = 367.395, fChi2 = 2906.23, bChi2 = 2906.23, fNdf = 25, bNdf = 25, fPVal = 0, bPVal = 0

StFwdTrackMaker:INFO  - GenFitTrackResult::mIdTruth = 2, QaTruth = 0.466667
StFwdTrackMaker:INFO  - GTR Setting momentum from track
StFwdTrackMaker:INFO  - --isFitConvergedPartially() = 1
StFwdTrackMaker:INFO  - --isFitConverged() = 1
StFwdTrackMaker:INFO  - --isFitConvergedFully() = 1
StFwdTrackMaker:INFO  - Refitting Track 1, McId=3 with Primary Vertex, seed already has: 3 hits
StFwdTrackMaker:INFO  - mEventVertexHit: 0, 0, 0
StFwdTrackMaker:INFO  - This fit is for a global that converged? = 1
StFwdTrackMaker:INFO  - GenFitTrackResult::mIdTruth = 3, QaTruth = 0.5
The points are collinear, curvature is undefined.
p1 = 0, 0
p2 = -5.96087, -14.308
p3 = -5.96087, -14.308
The points are collinear, curvature is undefined.
p1 = -5.96087, -14.308
p2 = -5.96087, -14.308
p3 = -7.6006, -16.8666
StFwdTrackMaker:INFO  - GenericFitSeeder::makeSeed::Curvature: 0.0188424
StFwdTrackMaker:INFO  - GenericFitSeeder::makeSeed::pt = 0.0795519
StFwdTrackMaker:INFO  - Note: Using externally provided seed momentum
StFwdTrackMaker:INFO  - Track Setup complete, track has 4 points
StFwdTrackMaker:INFO  -  sorting changed track points: 0
StFwdTrackMaker:INFO  - Fit status:  1
StFwdTrackMaker:INFO  - -Fit pvalue: 1.16047e-19
StFwdTrackMaker:INFO  - -Fit Chi2:   91.2845
StFwdTrackMaker:INFO  - -Fit Chi2:   91.2845
StFwdTrackMaker:INFO  - Track fit charge: 1Fit momentum: 2.09626e-05, -1.25729e-05, 0.00928698
StFwdTrackMaker:INFO  - 	Fit Pt: 2.4444e-05, eta: 6.63313, phi: -0.540257
StFwdTrackMaker:INFO  - Track fit update complete!
StFwdTrackMaker:INFO  - Track Reps: 1
StFwdTrackMaker:INFO  - Track Rep 0 
genfit::AbsTrackRep, pdgCode = 211. PropDir = 0
fitStatus 
 track has been fitted, fit has converged fully, 0 TrackPoints could not be processed, fitted charge = 1, PruneFlags: 
 track has been fitted with reference track, numIterations = 5, track length = 178.436, fChi2 = 91.2845, bChi2 = 91.2845, fNdf = 3, bNdf = 3, fPVal = 1.16047e-19, bPVal = 1.16047e-19

StFwdTrackMaker:INFO  - GenFitTrackResult::mIdTruth = 3, QaTruth = 0.5
StFwdTrackMaker:INFO  - GTR Setting momentum from track
StFwdTrackMaker:INFO  - --isFitConvergedPartially() = 1
StFwdTrackMaker:INFO  - --isFitConverged() = 1
StFwdTrackMaker:INFO  - --isFitConvergedFully() = 1
StFwdTrackMaker:INFO  - 	Initial fit complete, now refitting with additional points
StFwdTrackMaker:INFO  - Looking for FTT strips near projected state on disk 0
StFwdTrackMaker:INFO  - There are 6 available FTT strips on this disk
AAA FTT proj z= 312.25  x= -0.028 y= -0.039  r=  0.048 phi=-2.2031  sigU=23.519 sigV= 0.013
AAA FTT momentum at proj: pT= 0.000 eta= 6.968 phi= 0.3439  px=  0.000 py=  0.000 pz=  0.009
AAA FTT search thresholds: dPhi<0.1200 dR<30.00 dx<7.50 dy<7.50  nHits=6
findFttHitsNearProjectedState, msp = (-0.028457, -0.038840)
AAA FTT hit H pos=( -8.038+/-4.33, -29.507+/-0.01)  dx= 8.009 dy=29.469 dR=30.534 dPhi=0.3664 (tid=1)  dPhi:FAIL dR:FAIL XY:FAIL
AAA FTT hit H pos=(-10.668+/-4.33, -29.140+/-0.01)  dx=10.639 dy=29.101 dR=30.983 dPhi=0.2814 (tid=2)  dPhi:FAIL dR:FAIL XY:FAIL
AAA FTT hit H pos=(-17.051+/-4.33, -29.473+/-0.01)  dx=17.023 dy=29.434 dR=34.002 dPhi=0.1078 (tid=3)  dPhi:OK dR:FAIL XY:FAIL
AAA FTT hit V pos=(-11.261+/-0.01, -35.226+/-4.33)  dx=11.232 dy=35.187 dR=36.934 dPhi=0.3229 (tid=1)  dPhi:FAIL dR:FAIL XY:FAIL
AAA FTT hit V pos=(-13.726+/-0.01, -35.547+/-4.33)  dx=13.698 dy=35.508 dR=38.057 dPhi=0.2638 (tid=2)  dPhi:FAIL dR:FAIL XY:FAIL
AAA FTT hit V pos=(-11.508+/-0.01, -33.711+/-4.33)  dx=11.480 dy=33.672 dR=35.573 dPhi=0.3033 (tid=3)  dPhi:FAIL dR:FAIL XY:FAIL
StFwdTrackMaker:INFO  - Closest horizontal FTT strip to FST state: dR=34.001613, dPhi=0.107826, dx=17.022832, dy=29.433856 (tid=3) 
AAA FTT closest-H dPhi=0.1078(<0.1200) dR=34.002(< 30.0) dx=17.023 dy=29.434(< 7.50) tid=3 -> REJECT
StFwdTrackMaker:INFO  - Closest vertical FTT strip to FST state: dR=38.056909, dPhi=0.263811, dx=13.697961, dy=35.508043 (tid=2) 
AAA FTT closest-V dPhi=0.2638(<0.1200) dR=38.057(< 30.0) dx=13.698 dy=35.508(< 7.50) tid=2 -> REJECT
AAA FTT result: 0 hits added (H:REJECT V:REJECT)
StFwdTrackMaker:INFO  -  Found #FTT strips on plane #0 = [0]
StFwdTrackMaker:INFO  - Found 4 existing seed points
StFwdTrackMaker:INFO  - Looking for FTT strips near projected state on disk 1
StFwdTrackMaker:INFO  - There are 6 available FTT strips on this disk
AAA FTT proj z= 312.25  x= -0.028 y= -0.039  r=  0.048 phi=-2.2031  sigU=23.519 sigV= 0.017
AAA FTT momentum at proj: pT= 0.000 eta= 6.968 phi= 0.3439  px=  0.000 py=  0.000 pz=  0.009
AAA FTT search thresholds: dPhi<0.1200 dR<30.00 dx<7.50 dy<7.50  nHits=6
findFttHitsNearProjectedState, msp = (-0.028457, -0.038840)
AAA FTT hit H pos=(-12.848+/-4.33, -31.237+/-0.01)  dx=12.819 dy=31.198 dR=33.728 dPhi=0.2421 (tid=1)  dPhi:FAIL dR:FAIL XY:FAIL
AAA FTT hit H pos=(-11.676+/-4.33, -30.839+/-0.01)  dx=11.648 dy=30.800 dR=32.928 dPhi=0.2704 (tid=2)  dPhi:FAIL dR:FAIL XY:FAIL
AAA FTT hit H pos=(-18.890+/-4.33, -31.204+/-0.01)  dx=18.861 dy=31.165 dR=36.428 dPhi=0.0880 (tid=3)  dPhi:OK dR:FAIL XY:FAIL
AAA FTT hit V pos=(-11.856+/-0.01, -27.745+/-4.33)  dx=11.827 dy=27.706 dR=30.124 dPhi=0.2285 (tid=1)  dPhi:FAIL dR:FAIL XY:FAIL
AAA FTT hit V pos=(-14.555+/-0.01, -31.528+/-4.33)  dx=14.526 dy=31.489 dR=34.677 dPhi=0.1998 (tid=2)  dPhi:FAIL dR:FAIL XY:FAIL
AAA FTT hit V pos=(-12.136+/-0.01, -28.632+/-4.33)  dx=12.108 dy=28.593 dR=31.050 dPhi=0.2314 (tid=3)  dPhi:FAIL dR:FAIL XY:FAIL
StFwdTrackMaker:INFO  - Closest horizontal FTT strip to FST state: dR=36.428158, dPhi=0.087970, dx=18.861258, dy=31.165321 (tid=3) 
AAA FTT closest-H dPhi=0.0880(<0.1200) dR=36.428(< 30.0) dx=18.861 dy=31.165(< 7.50) tid=3 -> REJECT
StFwdTrackMaker:INFO  - Closest vertical FTT strip to FST state: dR=34.677368, dPhi=0.199821, dx=14.526446, dy=31.489185 (tid=2) 
AAA FTT closest-V dPhi=0.1998(<0.1200) dR=34.677(< 30.0) dx=14.526 dy=31.489(< 7.50) tid=2 -> REJECT
AAA FTT result: 0 hits added (H:REJECT V:REJECT)
StFwdTrackMaker:INFO  -  Found #FTT strips on plane #1 = [0]
StFwdTrackMaker:INFO  - Found 4 existing seed points
StFwdTrackMaker:INFO  - Looking for FTT strips near projected state on disk 2
StFwdTrackMaker:INFO  - There are 6 available FTT strips on this disk
AAA FTT proj z= 312.25  x= -0.028 y= -0.039  r=  0.048 phi=-2.2031  sigU=23.519 sigV= 0.013
AAA FTT momentum at proj: pT= 0.000 eta= 6.968 phi= 0.3439  px=  0.000 py=  0.000 pz=  0.009
AAA FTT search thresholds: dPhi<0.1200 dR<30.00 dx<7.50 dy<7.50  nHits=6
findFttHitsNearProjectedState, msp = (-0.028457, -0.038840)
AAA FTT hit H pos=( -9.371+/-4.33, -32.772+/-0.01)  dx= 9.343 dy=32.734 dR=34.038 dPhi=0.3538 (tid=1)  dPhi:FAIL dR:FAIL XY:FAIL
AAA FTT hit H pos=(-17.632+/-4.33, -32.285+/-0.01)  dx=17.604 dy=32.246 dR=36.738 dPhi=0.1324 (tid=2)  dPhi:FAIL dR:FAIL XY:FAIL
AAA FTT hit H pos=(-13.540+/-4.33, -32.718+/-0.01)  dx=13.512 dy=32.679 dR=35.361 dPhi=0.2399 (tid=3)  dPhi:FAIL dR:FAIL XY:FAIL
AAA FTT hit V pos=(-12.405+/-0.01, -31.014+/-4.33)  dx=12.376 dy=30.975 dR=33.354 dPhi=0.2518 (tid=1)  dPhi:FAIL dR:FAIL XY:FAIL
AAA FTT hit V pos=(-15.265+/-0.01, -34.369+/-4.33)  dx=15.236 dy=34.330 dR=37.558 dPhi=0.2143 (tid=2)  dPhi:FAIL dR:FAIL XY:FAIL
AAA FTT hit V pos=(-12.647+/-0.01, -38.210+/-4.33)  dx=12.618 dy=38.171 dR=40.200 dPhi=0.3127 (tid=3)  dPhi:FAIL dR:FAIL XY:FAIL
StFwdTrackMaker:INFO  - Closest horizontal FTT strip to FST state: dR=36.738153, dPhi=0.132449, dx=17.603690, dy=32.246442 (tid=2) 
AAA FTT closest-H dPhi=0.1324(<0.1200) dR=36.738(< 30.0) dx=17.604 dy=32.246(< 7.50) tid=2 -> REJECT
StFwdTrackMaker:INFO  - Closest vertical FTT strip to FST state: dR=37.557885, dPhi=0.214339, dx=15.236460, dy=34.329694 (tid=2) 
AAA FTT closest-V dPhi=0.2143(<0.1200) dR=37.558(< 30.0) dx=15.236 dy=34.330(< 7.50) tid=2 -> REJECT
AAA FTT result: 0 hits added (H:REJECT V:REJECT)
StFwdTrackMaker:INFO  -  Found #FTT strips on plane #2 = [0]
StFwdTrackMaker:INFO  - Found 4 existing seed points
StFwdTrackMaker:INFO  - Looking for FTT strips near projected state on disk 3
StFwdTrackMaker:INFO  - There are 6 available FTT strips on this disk
AAA FTT proj z= 312.25  x= -0.028 y= -0.039  r=  0.048 phi=-2.2031  sigU=23.519 sigV= 0.017
AAA FTT momentum at proj: pT= 0.000 eta= 6.968 phi= 0.3439  px=  0.000 py=  0.000 pz=  0.009
AAA FTT search thresholds: dPhi<0.1200 dR<30.00 dx<7.50 dy<7.50  nHits=6
findFttHitsNearProjectedState, msp = (-0.028457, -0.038840)
AAA FTT hit H pos=( -9.324+/-4.33, -34.467+/-0.01)  dx= 9.296 dy=34.428 dR=35.657 dPhi=0.3681 (tid=1)  dPhi:FAIL dR:FAIL XY:FAIL
AAA FTT hit H pos=(-17.670+/-4.33, -33.987+/-0.01)  dx=17.642 dy=33.948 dR=38.258 dPhi=0.1529 (tid=2)  dPhi:FAIL dR:FAIL XY:FAIL
AAA FTT hit H pos=(-15.498+/-4.33, -34.390+/-0.01)  dx=15.470 dy=34.351 dR=37.672 dPhi=0.2089 (tid=3)  dPhi:FAIL dR:FAIL XY:FAIL
AAA FTT hit V pos=(-13.022+/-0.01, -33.551+/-4.33)  dx=12.993 dy=33.512 dR=35.941 dPhi=0.2621 (tid=1)  dPhi:FAIL dR:FAIL XY:FAIL
AAA FTT hit V pos=(-16.124+/-0.01, -40.969+/-4.33)  dx=16.095 dy=40.930 dR=43.979 dPhi=0.2574 (tid=2)  dPhi:FAIL dR:FAIL XY:FAIL
AAA FTT hit V pos=(-13.242+/-0.01, -38.369+/-4.33)  dx=13.213 dy=38.330 dR=40.542 dPhi=0.3000 (tid=3)  dPhi:FAIL dR:FAIL XY:FAIL
StFwdTrackMaker:INFO  - Closest horizontal FTT strip to FST state: dR=38.258020, dPhi=0.152865, dx=17.642026, dy=33.948167 (tid=2) 
AAA FTT closest-H dPhi=0.1529(<0.1200) dR=38.258(< 30.0) dx=17.642 dy=33.948(< 7.50) tid=2 -> REJECT
StFwdTrackMaker:INFO  - Closest vertical FTT strip to FST state: dR=43.979466, dPhi=0.257375, dx=16.095427, dy=40.930066 (tid=2) 
AAA FTT closest-V dPhi=0.2574(<0.1200) dR=43.979(< 30.0) dx=16.095 dy=40.930(< 7.50) tid=2 -> REJECT
AAA FTT result: 0 hits added (H:REJECT V:REJECT)
StFwdTrackMaker:INFO  -  Found #FTT strips on plane #3 = [0]
StFwdTrackMaker:INFO  - Found 4 existing seed points
StFwdTrackMaker:INFO  - Closest EPD hit to state: dR=-37.057931, dPhi=-0.153814
StFwdTrackMaker:INFO  - GenFitTrackResult::mIdTruth = 3, QaTruth = 0.5
The points are collinear, curvature is undefined.
p1 = 0, 0
p2 = -5.96087, -14.308
p3 = -5.96087, -14.308
The points are collinear, curvature is undefined.
p1 = -5.96087, -14.308
p2 = -5.96087, -14.308
p3 = -7.6006, -16.8666
StFwdTrackMaker:INFO  - GenericFitSeeder::makeSeed::Curvature: 0.0188424
StFwdTrackMaker:INFO  - GenericFitSeeder::makeSeed::pt = 0.0795519
StFwdTrackMaker:INFO  - Note: Using externally provided seed momentum
StFwdTrackMaker:INFO  - Track Setup complete, track has 4 points
StFwdTrackMaker:INFO  -  sorting changed track points: 0
StFwdTrackMaker:INFO  - Fit status:  1
StFwdTrackMaker:INFO  - -Fit pvalue: 1.16057e-19
StFwdTrackMaker:INFO  - -Fit Chi2:   91.2844
StFwdTrackMaker:INFO  - -Fit Chi2:   91.2844
StFwdTrackMaker:INFO  - Track fit charge: 1Fit momentum: 2.39284e-05, -6.17395e-06, 0.00916692
StFwdTrackMaker:INFO  - 	Fit Pt: 2.47121e-05, eta: 6.60921, phi: -0.25251
StFwdTrackMaker:INFO  - Track fit update complete!
StFwdTrackMaker:INFO  - Track Reps: 1
StFwdTrackMaker:INFO  - Track Rep 0 
genfit::AbsTrackRep, pdgCode = 211. PropDir = 0
fitStatus 
 track has been fitted, fit has converged fully, 0 TrackPoints could not be processed, fitted charge = 1, PruneFlags: 
 track has been fitted with reference track, numIterations = 1, track length = 178.436, fChi2 = 91.2844, bChi2 = 91.2844, fNdf = 3, bNdf = 3, fPVal = 1.16057e-19, bPVal = 1.16057e-19

StFwdTrackMaker:INFO  - GenFitTrackResult::mIdTruth = 3, QaTruth = 0.5
StFwdTrackMaker:INFO  - GTR Setting momentum from track
StFwdTrackMaker:INFO  - --isFitConvergedPartially() = 1
StFwdTrackMaker:INFO  - --isFitConverged() = 1
StFwdTrackMaker:INFO  - --isFitConvergedFully() = 1
StFwdTrackMaker:INFO  - Refitting Track 2, McId=2 with Primary Vertex, seed already has: 3 hits
StFwdTrackMaker:INFO  - mEventVertexHit: 0, 0, 0
StFwdTrackMaker:INFO  - This fit is for a global that converged? = 1
StFwdTrackMaker:INFO  - GenFitTrackResult::mIdTruth = 2, QaTruth = 0.5
StFwdTrackMaker:INFO  - GenericFitSeeder::makeSeed::Curvature: -0.063468
StFwdTrackMaker:INFO  - GenericFitSeeder::makeSeed::pt = 0.0236174
StFwdTrackMaker:INFO  - Note: Using externally provided seed momentum
StFwdTrackMaker:INFO  - Track Setup complete, track has 4 points
StFwdTrackMaker:INFO  -  sorting changed track points: 0
StFwdTrackMaker:INFO  - Fit status:  1
StFwdTrackMaker:INFO  - -Fit pvalue: 5.47421e-22
StFwdTrackMaker:INFO  - -Fit Chi2:   102.107
StFwdTrackMaker:INFO  - -Fit Chi2:   102.107
StFwdTrackMaker:INFO  - Track fit charge: -1Fit momentum: -0.000117933, 4.80871e-05, 0.00783884
StFwdTrackMaker:INFO  - 	Fit Pt: 0.00012736, eta: 4.81304, phi: 2.75442
StFwdTrackMaker:INFO  - Track fit update complete!
StFwdTrackMaker:INFO  - Track Reps: 1
StFwdTrackMaker:INFO  - Track Rep 0 
genfit::AbsTrackRep, pdgCode = -211. PropDir = 0
fitStatus 
 track has been fitted, fit has converged fully, 0 TrackPoints could not be processed, fitted charge = -1, PruneFlags: 
 track has been fitted with reference track, numIterations = 5, track length = 178.46, fChi2 = 102.107, bChi2 = 102.107, fNdf = 3, bNdf = 3, fPVal = 5.47421e-22, bPVal = 5.47421e-22

StFwdTrackMaker:INFO  - GenFitTrackResult::mIdTruth = 2, QaTruth = 0.5
StFwdTrackMaker:INFO  - GTR Setting momentum from track
StFwdTrackMaker:INFO  - --isFitConvergedPartially() = 1
StFwdTrackMaker:INFO  - --isFitConverged() = 1
StFwdTrackMaker:INFO  - --isFitConvergedFully() = 1
StFwdTrackMaker:INFO  - 	Initial fit complete, now refitting with additional points
StFwdTrackMaker:INFO  - Looking for FTT strips near projected state on disk 0
StFwdTrackMaker:INFO  - There are 6 available FTT strips on this disk
AAA FTT proj z= 312.25  x= -0.132 y= -0.092  r=  0.161 phi=-2.5295  sigU= 3.839 sigV= 0.020
AAA FTT momentum at proj: pT= 0.000 eta= 5.064 phi=-1.9090  px= -0.000 py= -0.000 pz=  0.008
AAA FTT search thresholds: dPhi<0.1200 dR<30.00 dx<7.50 dy<7.50  nHits=6
findFttHitsNearProjectedState, msp = (-0.131750, -0.092490)
AAA FTT hit H pos=( -8.038+/-4.33, -29.507+/-0.01)  dx= 7.906 dy=29.415 dR=30.421 dPhi=0.6928 (tid=1)  dPhi:FAIL dR:FAIL XY:FAIL
AAA FTT hit H pos=(-10.668+/-4.33, -29.140+/-0.01)  dx=10.536 dy=29.047 dR=30.870 dPhi=0.6078 (tid=2)  dPhi:FAIL dR:FAIL XY:FAIL
AAA FTT hit H pos=(-17.051+/-4.33, -29.473+/-0.01)  dx=16.920 dy=29.380 dR=33.889 dPhi=0.4342 (tid=3)  dPhi:FAIL dR:FAIL XY:FAIL
AAA FTT hit V pos=(-11.261+/-0.01, -35.226+/-4.33)  dx=11.129 dy=35.134 dR=36.821 dPhi=0.6493 (tid=1)  dPhi:FAIL dR:FAIL XY:FAIL
AAA FTT hit V pos=(-13.726+/-0.01, -35.547+/-4.33)  dx=13.595 dy=35.454 dR=37.944 dPhi=0.5902 (tid=2)  dPhi:FAIL dR:FAIL XY:FAIL
AAA FTT hit V pos=(-11.508+/-0.01, -33.711+/-4.33)  dx=11.377 dy=33.618 dR=35.460 dPhi=0.6297 (tid=3)  dPhi:FAIL dR:FAIL XY:FAIL
StFwdTrackMaker:INFO  - Closest horizontal FTT strip to FST state: dR=33.888788, dPhi=0.434226, dx=16.919539, dy=29.380206 (tid=3) 
AAA FTT closest-H dPhi=0.4342(<0.1200) dR=33.889(< 30.0) dx=16.920 dy=29.380(< 7.50) tid=3 -> REJECT
StFwdTrackMaker:INFO  - Closest vertical FTT strip to FST state: dR=37.944084, dPhi=0.590211, dx=13.594668, dy=35.454392 (tid=2) 
AAA FTT closest-V dPhi=0.5902(<0.1200) dR=37.944(< 30.0) dx=13.595 dy=35.454(< 7.50) tid=2 -> REJECT
AAA FTT result: 0 hits added (H:REJECT V:REJECT)
StFwdTrackMaker:INFO  -  Found #FTT strips on plane #0 = [0]
StFwdTrackMaker:INFO  - Found 4 existing seed points
StFwdTrackMaker:INFO  - Looking for FTT strips near projected state on disk 1
StFwdTrackMaker:INFO  - There are 6 available FTT strips on this disk
AAA FTT proj z= 312.25  x= -0.132 y= -0.092  r=  0.161 phi=-2.5295  sigU= 3.839 sigV= 0.020
AAA FTT momentum at proj: pT= 0.000 eta= 5.064 phi=-1.9090  px= -0.000 py= -0.000 pz=  0.008
AAA FTT search thresholds: dPhi<0.1200 dR<30.00 dx<7.50 dy<7.50  nHits=6
findFttHitsNearProjectedState, msp = (-0.131750, -0.092490)
AAA FTT hit H pos=(-12.848+/-4.33, -31.237+/-0.01)  dx=12.716 dy=31.144 dR=33.615 dPhi=0.5685 (tid=1)  dPhi:FAIL dR:FAIL XY:FAIL
AAA FTT hit H pos=(-11.676+/-4.33, -30.839+/-0.01)  dx=11.545 dy=30.747 dR=32.815 dPhi=0.5968 (tid=2)  dPhi:FAIL dR:FAIL XY:FAIL
AAA FTT hit H pos=(-18.890+/-4.33, -31.204+/-0.01)  dx=18.758 dy=31.112 dR=36.315 dPhi=0.4144 (tid=3)  dPhi:FAIL dR:FAIL XY:FAIL
AAA FTT hit V pos=(-11.856+/-0.01, -27.745+/-4.33)  dx=11.724 dy=27.653 dR=30.011 dPhi=0.5549 (tid=1)  dPhi:FAIL dR:FAIL XY:FAIL
AAA FTT hit V pos=(-14.555+/-0.01, -31.528+/-4.33)  dx=14.423 dy=31.436 dR=34.565 dPhi=0.5262 (tid=2)  dPhi:FAIL dR:FAIL XY:FAIL
AAA FTT hit V pos=(-12.136+/-0.01, -28.632+/-4.33)  dx=12.004 dy=28.539 dR=30.937 dPhi=0.5578 (tid=3)  dPhi:FAIL dR:FAIL XY:FAIL
StFwdTrackMaker:INFO  - Closest horizontal FTT strip to FST state: dR=36.315334, dPhi=0.414370, dx=18.757965, dy=31.111670 (tid=3) 
AAA FTT closest-H dPhi=0.4144(<0.1200) dR=36.315(< 30.0) dx=18.758 dy=31.112(< 7.50) tid=3 -> REJECT
StFwdTrackMaker:INFO  - Closest vertical FTT strip to FST state: dR=34.564544, dPhi=0.526221, dx=14.423153, dy=31.435534 (tid=2) 
AAA FTT closest-V dPhi=0.5262(<0.1200) dR=34.565(< 30.0) dx=14.423 dy=31.436(< 7.50) tid=2 -> REJECT
AAA FTT result: 0 hits added (H:REJECT V:REJECT)
StFwdTrackMaker:INFO  -  Found #FTT strips on plane #1 = [0]
StFwdTrackMaker:INFO  - Found 4 existing seed points
StFwdTrackMaker:INFO  - Looking for FTT strips near projected state on disk 2
StFwdTrackMaker:INFO  - There are 6 available FTT strips on this disk
AAA FTT proj z= 312.25  x= -0.132 y= -0.092  r=  0.161 phi=-2.5295  sigU= 3.839 sigV= 0.020
AAA FTT momentum at proj: pT= 0.000 eta= 5.064 phi=-1.9090  px= -0.000 py= -0.000 pz=  0.008
AAA FTT search thresholds: dPhi<0.1200 dR<30.00 dx<7.50 dy<7.50  nHits=6
findFttHitsNearProjectedState, msp = (-0.131750, -0.092490)
AAA FTT hit H pos=( -9.371+/-4.33, -32.772+/-0.01)  dx= 9.240 dy=32.680 dR=33.925 dPhi=0.6802 (tid=1)  dPhi:FAIL dR:FAIL XY:FAIL
AAA FTT hit H pos=(-17.632+/-4.33, -32.285+/-0.01)  dx=17.500 dy=32.193 dR=36.625 dPhi=0.4588 (tid=2)  dPhi:FAIL dR:FAIL XY:FAIL
AAA FTT hit H pos=(-13.540+/-4.33, -32.718+/-0.01)  dx=13.409 dy=32.626 dR=35.248 dPhi=0.5663 (tid=3)  dPhi:FAIL dR:FAIL XY:FAIL
AAA FTT hit V pos=(-12.405+/-0.01, -31.014+/-4.33)  dx=12.273 dy=30.921 dR=33.241 dPhi=0.5782 (tid=1)  dPhi:FAIL dR:FAIL XY:FAIL
AAA FTT hit V pos=(-15.265+/-0.01, -34.369+/-4.33)  dx=15.133 dy=34.276 dR=37.445 dPhi=0.5407 (tid=2)  dPhi:FAIL dR:FAIL XY:FAIL
AAA FTT hit V pos=(-12.647+/-0.01, -38.210+/-4.33)  dx=12.515 dy=38.117 dR=40.087 dPhi=0.6391 (tid=3)  dPhi:FAIL dR:FAIL XY:FAIL
StFwdTrackMaker:INFO  - Closest horizontal FTT strip to FST state: dR=36.625329, dPhi=0.458849, dx=17.500397, dy=32.192792 (tid=2) 
AAA FTT closest-H dPhi=0.4588(<0.1200) dR=36.625(< 30.0) dx=17.500 dy=32.193(< 7.50) tid=2 -> REJECT
StFwdTrackMaker:INFO  - Closest vertical FTT strip to FST state: dR=37.445061, dPhi=0.540739, dx=15.133167, dy=34.276044 (tid=2) 
AAA FTT closest-V dPhi=0.5407(<0.1200) dR=37.445(< 30.0) dx=15.133 dy=34.276(< 7.50) tid=2 -> REJECT
AAA FTT result: 0 hits added (H:REJECT V:REJECT)
StFwdTrackMaker:INFO  -  Found #FTT strips on plane #2 = [0]
StFwdTrackMaker:INFO  - Found 4 existing seed points
StFwdTrackMaker:INFO  - Looking for FTT strips near projected state on disk 3
StFwdTrackMaker:INFO  - There are 6 available FTT strips on this disk
AAA FTT proj z= 312.25  x= -0.132 y= -0.092  r=  0.161 phi=-2.5295  sigU= 3.839 sigV= 0.020
AAA FTT momentum at proj: pT= 0.000 eta= 5.064 phi=-1.9090  px= -0.000 py= -0.000 pz=  0.008
AAA FTT search thresholds: dPhi<0.1200 dR<30.00 dx<7.50 dy<7.50  nHits=6
findFttHitsNearProjectedState, msp = (-0.131750, -0.092490)
AAA FTT hit H pos=( -9.324+/-4.33, -34.467+/-0.01)  dx= 9.192 dy=34.374 dR=35.545 dPhi=0.6945 (tid=1)  dPhi:FAIL dR:FAIL XY:FAIL
AAA FTT hit H pos=(-17.670+/-4.33, -33.987+/-0.01)  dx=17.539 dy=33.895 dR=38.145 dPhi=0.4793 (tid=2)  dPhi:FAIL dR:FAIL XY:FAIL
AAA FTT hit H pos=(-15.498+/-4.33, -34.390+/-0.01)  dx=15.367 dy=34.297 dR=37.560 dPhi=0.5353 (tid=3)  dPhi:FAIL dR:FAIL XY:FAIL
AAA FTT hit V pos=(-13.022+/-0.01, -33.551+/-4.33)  dx=12.890 dy=33.458 dR=35.828 dPhi=0.5885 (tid=1)  dPhi:FAIL dR:FAIL XY:FAIL
AAA FTT hit V pos=(-16.124+/-0.01, -40.969+/-4.33)  dx=15.992 dy=40.876 dR=43.867 dPhi=0.5838 (tid=2)  dPhi:FAIL dR:FAIL XY:FAIL
AAA FTT hit V pos=(-13.242+/-0.01, -38.369+/-4.33)  dx=13.110 dy=38.277 dR=40.429 dPhi=0.6264 (tid=3)  dPhi:FAIL dR:FAIL XY:FAIL
StFwdTrackMaker:INFO  - Closest horizontal FTT strip to FST state: dR=38.145196, dPhi=0.479265, dx=17.538733, dy=33.894517 (tid=2) 
AAA FTT closest-H dPhi=0.4793(<0.1200) dR=38.145(< 30.0) dx=17.539 dy=33.895(< 7.50) tid=2 -> REJECT
StFwdTrackMaker:INFO  - Closest vertical FTT strip to FST state: dR=43.866642, dPhi=0.583775, dx=15.992134, dy=40.876416 (tid=2) 
AAA FTT closest-V dPhi=0.5838(<0.1200) dR=43.867(< 30.0) dx=15.992 dy=40.876(< 7.50) tid=2 -> REJECT
AAA FTT result: 0 hits added (H:REJECT V:REJECT)
StFwdTrackMaker:INFO  -  Found #FTT strips on plane #3 = [0]
StFwdTrackMaker:INFO  - Found 4 existing seed points
StFwdTrackMaker:INFO  - Closest EPD hit to state: dR=-36.894950, dPhi=-0.604239
StFwdTrackMaker:INFO  - GenFitTrackResult::mIdTruth = 2, QaTruth = 0.5
StFwdTrackMaker:INFO  - GenericFitSeeder::makeSeed::Curvature: -0.063468
StFwdTrackMaker:INFO  - GenericFitSeeder::makeSeed::pt = 0.0236174
StFwdTrackMaker:INFO  - Note: Using externally provided seed momentum
StFwdTrackMaker:INFO  - Track Setup complete, track has 4 points
StFwdTrackMaker:INFO  -  sorting changed track points: 0
StFwdTrackMaker:INFO  - Fit status:  1
StFwdTrackMaker:INFO  - -Fit pvalue: 5.47423e-22
StFwdTrackMaker:INFO  - -Fit Chi2:   102.107
StFwdTrackMaker:INFO  - -Fit Chi2:   102.107
StFwdTrackMaker:INFO  - Track fit charge: -1Fit momentum: -0.000117775, 4.78771e-05, 0.00783883
StFwdTrackMaker:INFO  - 	Fit Pt: 0.000127134, eta: 4.81481, phi: 2.75548
StFwdTrackMaker:INFO  - Track fit update complete!
StFwdTrackMaker:INFO  - Track Reps: 1
StFwdTrackMaker:INFO  - Track Rep 0 
genfit::AbsTrackRep, pdgCode = -211. PropDir = 0
fitStatus 
 track has been fitted, fit has converged fully, 0 TrackPoints could not be processed, fitted charge = -1, PruneFlags: 
 track has been fitted with reference track, numIterations = 1, track length = 178.459, fChi2 = 102.107, bChi2 = 102.107, fNdf = 3, bNdf = 3, fPVal = 5.47423e-22, bPVal = 5.47423e-22

StFwdTrackMaker:INFO  - GenFitTrackResult::mIdTruth = 2, QaTruth = 0.5
StFwdTrackMaker:INFO  - GTR Setting momentum from track
StFwdTrackMaker:INFO  - --isFitConvergedPartially() = 1
StFwdTrackMaker:INFO  - --isFitConverged() = 1
StFwdTrackMaker:INFO  - --isFitConvergedFully() = 1
StFwdTrackMaker:INFO  - >>doSecondaryTrackFitting( #globals = 3 )
StFwdTrackMaker:INFO  - FwdVertex: 7, -6.28725, -15.8546, 151.382
StFwdTrackMaker:INFO  - 	nTracks: 3
StFwdTrackMaker:INFO  - 	Chi2: 752.665
StFwdTrackMaker:INFO  - 	Ndf: 3
StFwdTrackMaker:INFO  - FOUND global track for vertex 7, iVtxTrack = 0
StFwdTrackMaker:INFO  - GenFitTrackResult::mIdTruth = 2, QaTruth = 0.5
StFwdTrackMaker:INFO  - GenericFitSeeder::makeSeed::Curvature: -0.0108823
StFwdTrackMaker:INFO  - GenericFitSeeder::makeSeed::pt = 0.137742
StFwdTrackMaker:INFO  - Note: Using externally provided seed momentum
StFwdTrackMaker:INFO  - Track Setup complete, track has 12 points
StFwdTrackMaker:INFO  -  sorting changed track points: 1
StFwdTrackMaker:INFO  - Fit status:  1
StFwdTrackMaker:INFO  - -Fit pvalue: 1.20762e-107
StFwdTrackMaker:INFO  - -Fit Chi2:   565.001
StFwdTrackMaker:INFO  - -Fit Chi2:   565.001
StFwdTrackMaker:INFO  - Track fit charge: 1Fit momentum: -1.11568, -2.0914, 24.5287
StFwdTrackMaker:INFO  - 	Fit Pt: 2.37038, eta: 3.03227, phi: -2.06085
StFwdTrackMaker:INFO  - Track fit update complete!
StFwdTrackMaker:INFO  - Track Reps: 1
StFwdTrackMaker:INFO  - Track Rep 0 
genfit::AbsTrackRep, pdgCode = -211. PropDir = 0
fitStatus 
 track has been fitted, fit has converged fully, 0 TrackPoints could not be processed, fitted charge = 1, PruneFlags: 
 track has been fitted with reference track, numIterations = 3, track length = 215.045, fChi2 = 565.001, bChi2 = 565.001, fNdf = 19, bNdf = 19, fPVal = 1.20763e-107, bPVal = 1.20762e-107

StFwdTrackMaker:INFO  - GenFitTrackResult::mIdTruth = 2, QaTruth = 0.5
StFwdTrackMaker:INFO  - GTR Setting momentum from track
StFwdTrackMaker:INFO  - --isFitConvergedPartially() = 1
StFwdTrackMaker:INFO  - --isFitConverged() = 1
StFwdTrackMaker:INFO  - --isFitConvergedFully() = 1
StFwdTrackMaker:INFO  - 	Initial fit complete, now refitting with additional points
StFwdTrackMaker:INFO  - Looking for FTT strips near projected state on disk 0
StFwdTrackMaker:INFO  - There are 6 available FTT strips on this disk
AAA FTT proj z= 312.25  x=-13.667 y=-29.537  r= 32.546 phi=-2.0042  sigU= 0.101 sigV= 0.000
AAA FTT momentum at proj: pT= 2.370 eta= 3.032 phi=-2.0683  px= -1.131 py= -2.083 pz= 24.529
AAA FTT search thresholds: dPhi<0.1200 dR<30.00 dx<7.50 dy<7.50  nHits=6
findFttHitsNearProjectedState, msp = (-13.666681, -29.537339)
AAA FTT hit H pos=( -8.038+/-4.33, -29.507+/-0.01)  dx= 5.629 dy= 0.030 dR= 1.963 dPhi=0.1674 (tid=1)  dPhi:FAIL dR:OK XY:OK
	 vs. hit@(-10.667669+/-4.330127, -29.139639+/-0.010000) => dx=2.999012, dy=0.397700, dR=1.514937, dPhi=0.082424 (tid=2), strip=horizontal
AAA FTT hit H pos=(-10.668+/-4.33, -29.140+/-0.01)  dx= 2.999 dy= 0.398 dR= 1.515 dPhi=0.0824 (tid=2)  dPhi:OK dR:OK XY:OK
	 vs. hit@(-17.051289+/-4.330127, -29.472696+/-0.010000) => dx=3.384608, dy=0.064642, dR=1.503909, dPhi=0.091136 (tid=3), strip=horizontal
AAA FTT hit H pos=(-17.051+/-4.33, -29.473+/-0.01)  dx= 3.385 dy= 0.065 dR= 1.504 dPhi=0.0911 (tid=3)  dPhi:OK dR:OK XY:OK
AAA FTT hit V pos=(-11.261+/-0.01, -35.226+/-4.33)  dx= 2.406 dy= 5.689 dR= 4.436 dPhi=0.1239 (tid=1)  dPhi:FAIL dR:OK XY:OK
	 vs. hit@(-13.726418+/-0.010000, -35.546883+/-4.330127) => dx=0.059738, dy=6.009544, dR=5.559205, dPhi=0.064848 (tid=2), strip=vertical
AAA FTT hit V pos=(-13.726+/-0.01, -35.547+/-4.33)  dx= 0.060 dy= 6.010 dR= 5.559 dPhi=0.0648 (tid=2)  dPhi:OK dR:OK XY:OK
	 vs. hit@(-11.508279+/-0.010000, -33.710602+/-4.330127) => dx=2.158402, dy=4.173263, dR=3.075000, dPhi=0.104379 (tid=3), strip=vertical
AAA FTT hit V pos=(-11.508+/-0.01, -33.711+/-4.33)  dx= 2.158 dy= 4.173 dR= 3.075 dPhi=0.1044 (tid=3)  dPhi:OK dR:OK XY:OK
StFwdTrackMaker:INFO  - Adding horizontal strip hit with dPhi = 0.0824235, dR = 1.51494, dx = 2.99901, dy = 0.3977
StFwdTrackMaker:INFO  - Adding vertical strip hit with dPhi = 0.0648483, dR = 5.5592, dx = 0.0597375, dy = 6.00954
StFwdTrackMaker:INFO  - Closest horizontal FTT strip to FST state: dR=1.514937, dPhi=0.082424, dx=2.999012, dy=0.397700 (tid=2) 
AAA FTT closest-H dPhi=0.0824(<0.1200) dR= 1.515(< 30.0) dx= 2.999 dy= 0.398(< 7.50) tid=2 -> ACCEPT
StFwdTrackMaker:INFO  - Closest vertical FTT strip to FST state: dR=5.559205, dPhi=0.064848, dx=0.059738, dy=6.009544 (tid=2) 
AAA FTT closest-V dPhi=0.0648(<0.1200) dR= 5.559(< 30.0) dx= 0.060 dy= 6.010(< 7.50) tid=2 -> ACCEPT
AAA FTT result: 2 hits added (H:ACCEPT V:ACCEPT)
StFwdTrackMaker:INFO  -  Found #FTT strips on plane #0 = [2]
StFwdTrackMaker:INFO  - Found 12 existing seed points
StFwdTrackMaker:INFO  - Adding 2 new FTT seed points
StFwdTrackMaker:INFO  - Hit already in seed, skipping
StFwdTrackMaker:INFO  - Looking for FTT strips near projected state on disk 1
StFwdTrackMaker:INFO  - There are 6 available FTT strips on this disk
AAA FTT proj z= 312.25  x=-13.667 y=-29.537  r= 32.546 phi=-2.0042  sigU= 0.101 sigV= 0.000
AAA FTT momentum at proj: pT= 2.370 eta= 3.032 phi=-2.0683  px= -1.131 py= -2.083 pz= 24.529
AAA FTT search thresholds: dPhi<0.1200 dR<30.00 dx<7.50 dy<7.50  nHits=6
findFttHitsNearProjectedState, msp = (-13.666681, -29.537339)
	 vs. hit@(-12.847940+/-4.330127, -31.236794+/-0.010000) => dx=0.818741, dy=1.699455, dR=1.229979, dPhi=0.043142 (tid=1), strip=horizontal
AAA FTT hit H pos=(-12.848+/-4.33, -31.237+/-0.01)  dx= 0.819 dy= 1.699 dR= 1.230 dPhi=0.0431 (tid=1)  dPhi:OK dR:OK XY:OK
	 vs. hit@(-11.676448+/-4.330127, -30.839258+/-0.010000) => dx=1.990233, dy=1.301920, dR=0.429885, dPhi=0.071415 (tid=2), strip=horizontal
AAA FTT hit H pos=(-11.676+/-4.33, -30.839+/-0.01)  dx= 1.990 dy= 1.302 dR= 0.430 dPhi=0.0714 (tid=2)  dPhi:OK dR:OK XY:OK
	 vs. hit@(-18.889715+/-4.330127, -31.204161+/-0.010000) => dx=5.223034, dy=1.666822, dR=3.930454, dPhi=0.110992 (tid=3), strip=horizontal
AAA FTT hit H pos=(-18.890+/-4.33, -31.204+/-0.01)  dx= 5.223 dy= 1.667 dR= 3.930 dPhi=0.1110 (tid=3)  dPhi:OK dR:OK XY:OK
	 vs. hit@(-11.855920+/-0.010000, -27.745050+/-4.330127) => dx=1.810761, dy=1.792288, dR=2.373835, dPhi=0.029527 (tid=1), strip=vertical
AAA FTT hit V pos=(-11.856+/-0.01, -27.745+/-4.33)  dx= 1.811 dy= 1.792 dR= 2.374 dPhi=0.0295 (tid=1)  dPhi:OK dR:OK XY:OK
	 vs. hit@(-14.554903+/-0.010000, -31.528025+/-4.330127) => dx=0.888222, dy=1.990686, dR=2.179664, dPhi=0.000859 (tid=2), strip=vertical
AAA FTT hit V pos=(-14.555+/-0.01, -31.528+/-4.33)  dx= 0.888 dy= 1.991 dR= 2.180 dPhi=0.0009 (tid=2)  dPhi:OK dR:OK XY:OK
	 vs. hit@(-12.136179+/-0.010000, -28.631783+/-4.330127) => dx=1.530502, dy=0.905556, dR=1.448171, dPhi=0.032444 (tid=3), strip=vertical
AAA FTT hit V pos=(-12.136+/-0.01, -28.632+/-4.33)  dx= 1.531 dy= 0.906 dR= 1.448 dPhi=0.0324 (tid=3)  dPhi:OK dR:OK XY:OK
StFwdTrackMaker:INFO  - Adding horizontal strip hit with dPhi = 0.0431417, dR = 1.22998, dx = 0.818741, dy = 1.69945
StFwdTrackMaker:INFO  - Adding vertical strip hit with dPhi = 0.000858592, dR = 2.17966, dx = 0.888222, dy = 1.99069
StFwdTrackMaker:INFO  - Closest horizontal FTT strip to FST state: dR=1.229979, dPhi=0.043142, dx=0.818741, dy=1.699455 (tid=1) 
AAA FTT closest-H dPhi=0.0431(<0.1200) dR= 1.230(< 30.0) dx= 0.819 dy= 1.699(< 7.50) tid=1 -> ACCEPT
StFwdTrackMaker:INFO  - Closest vertical FTT strip to FST state: dR=2.179664, dPhi=0.000859, dx=0.888222, dy=1.990686 (tid=2) 
AAA FTT closest-V dPhi=0.0009(<0.1200) dR= 2.180(< 30.0) dx= 0.888 dy= 1.991(< 7.50) tid=2 -> ACCEPT
AAA FTT result: 2 hits added (H:ACCEPT V:ACCEPT)
StFwdTrackMaker:INFO  -  Found #FTT strips on plane #1 = [2]
StFwdTrackMaker:INFO  - Found 13 existing seed points
StFwdTrackMaker:INFO  - Adding 2 new FTT seed points
StFwdTrackMaker:INFO  - Hit already in seed, skipping
StFwdTrackMaker:INFO  - Hit already in seed, skipping
StFwdTrackMaker:INFO  - Looking for FTT strips near projected state on disk 2
StFwdTrackMaker:INFO  - There are 6 available FTT strips on this disk
AAA FTT proj z= 312.25  x=-13.667 y=-29.537  r= 32.546 phi=-2.0042  sigU= 0.101 sigV= 0.000
AAA FTT momentum at proj: pT= 2.370 eta= 3.032 phi=-2.0683  px= -1.131 py= -2.083 pz= 24.529
AAA FTT search thresholds: dPhi<0.1200 dR<30.00 dx<7.50 dy<7.50  nHits=6
findFttHitsNearProjectedState, msp = (-13.666681, -29.537339)
AAA FTT hit H pos=( -9.371+/-4.33, -32.772+/-0.01)  dx= 4.295 dy= 3.235 dR= 1.540 dPhi=0.1548 (tid=1)  dPhi:FAIL dR:OK XY:OK
	 vs. hit@(-17.632147+/-4.330127, -32.285282+/-0.010000) => dx=3.965466, dy=2.747944, dR=4.240450, dPhi=0.066514 (tid=2), strip=horizontal
AAA FTT hit H pos=(-17.632+/-4.33, -32.285+/-0.01)  dx= 3.965 dy= 2.748 dR= 4.240 dPhi=0.0665 (tid=2)  dPhi:OK dR:OK XY:OK
	 vs. hit@(-13.540433+/-4.330127, -32.718029+/-0.010000) => dx=0.126248, dy=3.180691, dR=2.863366, dPhi=0.040967 (tid=3), strip=horizontal
AAA FTT hit H pos=(-13.540+/-4.33, -32.718+/-0.01)  dx= 0.126 dy= 3.181 dR= 2.863 dPhi=0.0410 (tid=3)  dPhi:OK dR:OK XY:OK
	 vs. hit@(-12.404651+/-0.010000, -31.013594+/-4.330127) => dx=1.262030, dy=1.476255, dR=0.856518, dPhi=0.052874 (tid=1), strip=vertical
AAA FTT hit V pos=(-12.405+/-0.01, -31.014+/-4.33)  dx= 1.262 dy= 1.476 dR= 0.857 dPhi=0.0529 (tid=1)  dPhi:OK dR:OK XY:OK
	 vs. hit@(-15.264917+/-0.010000, -34.368534+/-4.330127) => dx=1.598236, dy=4.831196, dR=5.060182, dPhi=0.015376 (tid=2), strip=vertical
AAA FTT hit V pos=(-15.265+/-0.01, -34.369+/-4.33)  dx= 1.598 dy= 4.831 dR= 5.060 dPhi=0.0154 (tid=2)  dPhi:OK dR:OK XY:OK
	 vs. hit@(-12.646589+/-0.010000, -38.209621+/-4.330127) => dx=1.020092, dy=8.672283, dR=7.702270, dPhi=0.113728 (tid=3), strip=vertical
AAA FTT hit V pos=(-12.647+/-0.01, -38.210+/-4.33)  dx= 1.020 dy= 8.672 dR= 7.702 dPhi=0.1137 (tid=3)  dPhi:OK dR:OK XY:OK
StFwdTrackMaker:INFO  - Adding horizontal strip hit with dPhi = 0.0409673, dR = 2.86337, dx = 0.126248, dy = 3.18069
StFwdTrackMaker:INFO  - Adding vertical strip hit with dPhi = 0.0153764, dR = 5.06018, dx = 1.59824, dy = 4.8312
StFwdTrackMaker:INFO  - Closest horizontal FTT strip to FST state: dR=2.863366, dPhi=0.040967, dx=0.126248, dy=3.180691 (tid=3) 
AAA FTT closest-H dPhi=0.0410(<0.1200) dR= 2.863(< 30.0) dx= 0.126 dy= 3.181(< 7.50) tid=3 -> ACCEPT
StFwdTrackMaker:INFO  - Closest vertical FTT strip to FST state: dR=5.060182, dPhi=0.015376, dx=1.598236, dy=4.831196 (tid=2) 
AAA FTT closest-V dPhi=0.0154(<0.1200) dR= 5.060(< 30.0) dx= 1.598 dy= 4.831(< 7.50) tid=2 -> ACCEPT
AAA FTT result: 2 hits added (H:ACCEPT V:ACCEPT)
StFwdTrackMaker:INFO  -  Found #FTT strips on plane #2 = [2]
StFwdTrackMaker:INFO  - Found 13 existing seed points
StFwdTrackMaker:INFO  - Adding 2 new FTT seed points
StFwdTrackMaker:INFO  - Hit already in seed, skipping
StFwdTrackMaker:INFO  - Looking for FTT strips near projected state on disk 3
StFwdTrackMaker:INFO  - There are 6 available FTT strips on this disk
AAA FTT proj z= 312.25  x=-13.667 y=-29.537  r= 32.546 phi=-2.0042  sigU= 0.101 sigV= 0.000
AAA FTT momentum at proj: pT= 2.370 eta= 3.032 phi=-2.0683  px= -1.131 py= -2.083 pz= 24.529
AAA FTT search thresholds: dPhi<0.1200 dR<30.00 dx<7.50 dy<7.50  nHits=6
findFttHitsNearProjectedState, msp = (-13.666681, -29.537339)
AAA FTT hit H pos=( -9.324+/-4.33, -34.467+/-0.01)  dx= 4.343 dy= 4.929 dR= 3.160 dPhi=0.1692 (tid=1)  dPhi:FAIL dR:OK XY:OK
	 vs. hit@(-17.670483+/-4.330127, -33.987007+/-0.010000) => dx=4.003802, dy=4.449669, dR=5.760317, dPhi=0.046097 (tid=2), strip=horizontal
AAA FTT hit H pos=(-17.670+/-4.33, -33.987+/-0.01)  dx= 4.004 dy= 4.450 dR= 5.760 dPhi=0.0461 (tid=2)  dPhi:OK dR:OK XY:OK
	 vs. hit@(-15.498422+/-4.330127, -34.389561+/-0.010000) => dx=1.831741, dy=4.852222, dR=5.174738, dPhi=0.009945 (tid=3), strip=horizontal
AAA FTT hit H pos=(-15.498+/-4.33, -34.390+/-0.01)  dx= 1.832 dy= 4.852 dR= 5.175 dPhi=0.0099 (tid=3)  dPhi:OK dR:OK XY:OK
	 vs. hit@(-13.021799+/-0.010000, -33.550606+/-4.330127) => dx=0.644882, dy=4.013267, dR=3.443179, dPhi=0.063131 (tid=1), strip=vertical
AAA FTT hit V pos=(-13.022+/-0.01, -33.551+/-4.33)  dx= 0.645 dy= 4.013 dR= 3.443 dPhi=0.0631 (tid=1)  dPhi:OK dR:OK XY:OK
	 vs. hit@(-16.123884+/-0.010000, -40.968906+/-4.330127) => dx=2.457203, dy=11.431568, dR=11.481763, dPhi=0.058412 (tid=2), strip=vertical
AAA FTT hit V pos=(-16.124+/-0.01, -40.969+/-4.33)  dx= 2.457 dy=11.432 dR=11.482 dPhi=0.0584 (tid=2)  dPhi:OK dR:OK XY:OK
	 vs. hit@(-13.241864+/-0.010000, -38.369137+/-4.330127) => dx=0.424817, dy=8.831798, dR=8.044018, dPhi=0.101039 (tid=3), strip=vertical
AAA FTT hit V pos=(-13.242+/-0.01, -38.369+/-4.33)  dx= 0.425 dy= 8.832 dR= 8.044 dPhi=0.1010 (tid=3)  dPhi:OK dR:OK XY:OK
StFwdTrackMaker:INFO  - Adding horizontal strip hit with dPhi = 0.00994521, dR = 5.17474, dx = 1.83174, dy = 4.85222
StFwdTrackMaker:INFO  - Adding vertical strip hit with dPhi = 0.0584123, dR = 11.4818, dx = 2.4572, dy = 11.4316
StFwdTrackMaker:INFO  - Closest horizontal FTT strip to FST state: dR=5.174738, dPhi=0.009945, dx=1.831741, dy=4.852222 (tid=3) 
AAA FTT closest-H dPhi=0.0099(<0.1200) dR= 5.175(< 30.0) dx= 1.832 dy= 4.852(< 7.50) tid=3 -> ACCEPT
StFwdTrackMaker:INFO  - Closest vertical FTT strip to FST state: dR=11.481763, dPhi=0.058412, dx=2.457203, dy=11.431568 (tid=2) 
AAA FTT closest-V dPhi=0.0584(<0.1200) dR=11.482(< 30.0) dx= 2.457 dy=11.432(< 7.50) tid=2 -> ACCEPT
AAA FTT result: 2 hits added (H:ACCEPT V:ACCEPT)
StFwdTrackMaker:INFO  -  Found #FTT strips on plane #3 = [2]
StFwdTrackMaker:INFO  - Found 14 existing seed points
StFwdTrackMaker:INFO  - Adding 2 new FTT seed points
StFwdTrackMaker:INFO  - Hit already in seed, skipping
StFwdTrackMaker:INFO  - Closest EPD hit to state: dR=1.442537, dPhi=-0.050456
StFwdTrackMaker:INFO  - GenFitTrackResult::mIdTruth = 2, QaTruth = 0.466667
StFwdTrackMaker:INFO  - GenericFitSeeder::makeSeed::Curvature: -0.0101172
StFwdTrackMaker:INFO  - GenericFitSeeder::makeSeed::pt = 0.148158
StFwdTrackMaker:INFO  - Note: Using externally provided seed momentum
StFwdTrackMaker:INFO  - Track Setup complete, track has 15 points
StFwdTrackMaker:INFO  -  sorting changed track points: 1
StFwdTrackMaker:INFO  - Fit status:  1
StFwdTrackMaker:INFO  - -Fit pvalue: 0
StFwdTrackMaker:INFO  - -Fit Chi2:   3919.48
StFwdTrackMaker:INFO  - -Fit Chi2:   3919.48
StFwdTrackMaker:INFO  - Track fit charge: -1Fit momentum: -0.0410433, -0.050933, 0.671679
StFwdTrackMaker:INFO  - 	Fit Pt: 0.0654119, eta: 3.02459, phi: -2.24908
StFwdTrackMaker:INFO  - Track fit update complete!
StFwdTrackMaker:INFO  - Track Reps: 1
StFwdTrackMaker:INFO  - Track Rep 0 
genfit::AbsTrackRep, pdgCode = -211. PropDir = 0
fitStatus 
 track has been fitted, fit has converged fully, 0 TrackPoints could not be processed, fitted charge = -1, PruneFlags: 
 track has been fitted with reference track, numIterations = 7, track length = 216.421, fChi2 = 3919.48, bChi2 = 3919.48, fNdf = 25, bNdf = 25, fPVal = 0, bPVal = 0

StFwdTrackMaker:INFO  - GenFitTrackResult::mIdTruth = 2, QaTruth = 0.466667
StFwdTrackMaker:INFO  - GTR Setting momentum from track
StFwdTrackMaker:INFO  - --isFitConvergedPartially() = 1
StFwdTrackMaker:INFO  - --isFitConverged() = 1
StFwdTrackMaker:INFO  - --isFitConvergedFully() = 1
StFwdTrackMaker:INFO  - FOUND global track for vertex 7, iVtxTrack = 1
StFwdTrackMaker:INFO  - GenFitTrackResult::mIdTruth = 3, QaTruth = 0.5
The points are collinear, curvature is undefined.
p1 = -5.96087, -14.308
p2 = -6.28725, -15.8546
p3 = -5.96087, -14.308
The points are collinear, curvature is undefined.
p1 = -5.96087, -14.308
p2 = -5.96087, -14.308
p3 = -7.6006, -16.8666
StFwdTrackMaker:INFO  - GenericFitSeeder::makeSeed::Curvature: 0.213576
StFwdTrackMaker:INFO  - GenericFitSeeder::makeSeed::pt = 0.00701836
StFwdTrackMaker:INFO  - Note: Using externally provided seed momentum
StFwdTrackMaker:INFO  - Track Setup complete, track has 4 points
StFwdTrackMaker:INFO  -  sorting changed track points: 1
StFwdTrackMaker:INFO  - Fit status:  0
StFwdTrackMaker:INFO  - -Fit pvalue: 0.924259
StFwdTrackMaker:INFO  - -Fit Chi2:   0.475413
StFwdTrackMaker:INFO  - -Fit Chi2:   0.475413
StFwdTrackMaker:INFO  - Track fit update complete!
StFwdTrackMaker:INFO  - Track Reps: 1
StFwdTrackMaker:INFO  - Track Rep 0 
genfit::AbsTrackRep, pdgCode = 211. PropDir = 0
fitStatus 
 track has been fitted, fit has NOT converged, 0 TrackPoints could not be processed, fitted charge = 1, PruneFlags: 
 track has been fitted with reference track, numIterations = 20, track length = 32.5618, fChi2 = 0.475423, bChi2 = 0.475413, fNdf = 3, bNdf = 3, fPVal = 0.924257, bPVal = 0.924259

StFwdTrackMaker:ERROR - --FitTrack is nullptr or fit did not converge, setting seed only
StFwdTrackMaker:INFO  - GenFitTrackResult::mIdTruth = 3, QaTruth = 0.5
StFwdTrackMaker:INFO  - FOUND global track for vertex 7, iVtxTrack = 2
StFwdTrackMaker:INFO  - GenFitTrackResult::mIdTruth = 2, QaTruth = 0.5
StFwdTrackMaker:INFO  - GenericFitSeeder::makeSeed::Curvature: -0.154671
StFwdTrackMaker:INFO  - GenericFitSeeder::makeSeed::pt = 0.00969119
StFwdTrackMaker:INFO  - Note: Using externally provided seed momentum
StFwdTrackMaker:INFO  - Track Setup complete, track has 4 points
StFwdTrackMaker:INFO  -  sorting changed track points: 1
genfit::Exception thrown with excString:
RKTrackRep::RKutta ==> momentum too low: 0.397633 MeV
in line: 1844 in file: /cvmfs/star.sdcc.bnl.gov/star-spack/spack/var/spack/stage/smirnovd/spack-stage-genfit-b496504a-mlcdbxg7bmdsbfrppi7qmzppfw4lh52r/spack-src/trackReps/src/RKTrackRep.cc
with fatal flag 0
StFwdTrackMaker:INFO  - Fit status:  0
StFwdTrackMaker:INFO  - -Fit pvalue: 0
StFwdTrackMaker:INFO  - -Fit Chi2:   -1e+99
StFwdTrackMaker:INFO  - -Fit Chi2:   -1e+99
StFwdTrackMaker:INFO  - Track fit update complete!
StFwdTrackMaker:INFO  - Track Reps: 1
StFwdTrackMaker:INFO  - Track Rep 0 
genfit::AbsTrackRep, pdgCode = -211. PropDir = 0
fitStatus 
 track has NOT been fitted, track has been fitted with reference track,
StFwdTrackMaker:ERROR - --FitTrack is nullptr or fit did not converge, setting seed only
StFwdTrackMaker:INFO  - GenFitTrackResult::mIdTruth = 2, QaTruth = 0.5
StFwdTrackMaker:INFO  - <<Fwd Tracking Fit :10 GenFit Tracks
StFwdTrackMaker:INFO  - TAttr::Found : fillevent = 1

StFwdTrackMaker:INFO  - Creating the StFwdTrackCollection
StFwdTrackMaker:INFO  - Processing GenfitTrackResult(type=0): 0 mIsFitConverged=1, mIsFitConvergedPartially=1, mNumFitPoints=11
AAA FCS StraightLine: det=0 xyzdet=(-17.399,-5.26,710.16) norm=(-0.0301896,0,0.999544)
AAA projectAsStraightLine: tv3A=(-25.6492,-51.824,574.225) tv3B=(-27.9282,-56.074,624.156)
AAA   xyzf=(-17.399,-5.26,710.16) norm=(-0.0301896,0,0.999544)
AAA   tintersection=2.71371 result=(-31.8338,-63.3571,709.724)
AAA FCS StraightLine result: tv3=(-31.8338,-63.3571,709.724)
AAA FCS StraightLine: det=2 xyzdet=(-21.285,1.8,782.63) norm=(-0.0301896,0,0.999544)
AAA projectAsStraightLine: tv3A=(-25.6492,-51.824,574.225) tv3B=(-27.9282,-56.074,624.156)
AAA   xyzf=(-21.285,1.8,782.63) norm=(-0.0301896,0,0.999544)
AAA   tintersection=4.16545 result=(-35.1424,-69.527,782.211)
AAA FCS StraightLine result: tv3=(-35.1424,-69.527,782.211)
StFwdTrackMaker:INFO  - Processing GenfitTrackResult(type=0): 1 mIsFitConverged=1, mIsFitConvergedPartially=1, mNumFitPoints=3
AAA FCS StraightLine: det=1 xyzdet=(17.399,-5.26,710.16) norm=(0.0301896,0,0.999544)
AAA projectAsStraightLine: tv3A=(-55.7774,-74.5763,576.685) tv3B=(-67.2904,-87.0115,627.032)
AAA   xyzf=(17.399,-5.26,710.16) norm=(0.0301896,0,0.999544)
AAA   tintersection=2.71371 result=(-87.0204,-108.322,713.314)
AAA FCS StraightLine result: tv3=(-87.0204,-108.322,713.314)
AAA FCS StraightLine: det=3 xyzdet=(21.285,1.8,782.63) norm=(0.0301896,0,0.999544)
AAA projectAsStraightLine: tv3A=(-55.7774,-74.5763,576.685) tv3B=(-67.2904,-87.0115,627.032)
AAA   xyzf=(21.285,1.8,782.63) norm=(0.0301896,0,0.999544)
AAA   tintersection=4.16546 result=(-103.734,-126.375,786.406)
AAA FCS StraightLine result: tv3=(-103.734,-126.375,786.406)
StFwdTrackMaker:INFO  - Processing GenfitTrackResult(type=0): 2 mIsFitConverged=1, mIsFitConvergedPartially=1, mNumFitPoints=3
AAA FCS StraightLine: det=0 xyzdet=(-17.399,-5.26,710.16) norm=(-0.0301896,0,0.999544)
AAA projectAsStraightLine: tv3A=(-67.9129,-92.5005,572.949) tv3B=(-81.0268,-110.404,622.553)
AAA   xyzf=(-17.399,-5.26,710.16) norm=(-0.0301896,0,0.999544)
AAA   tintersection=2.71371 result=(-103.5,-141.086,707.559)
AAA FCS StraightLine result: tv3=(-103.5,-141.086,707.559)
AAA FCS StraightLine: det=2 xyzdet=(-21.285,1.8,782.63) norm=(-0.0301896,0,0.999544)
AAA projectAsStraightLine: tv3A=(-67.9129,-92.5005,572.949) tv3B=(-81.0268,-110.404,622.553)
AAA   xyzf=(-21.285,1.8,782.63) norm=(-0.0301896,0,0.999544)
AAA   tintersection=4.16546 result=(-122.538,-167.078,779.572)
AAA FCS StraightLine result: tv3=(-122.538,-167.078,779.572)
StFwdTrackMaker:INFO  - Processing GenfitTrackResult(type=2): 3 mIsFitConverged=1, mIsFitConvergedPartially=1, mNumFitPoints=15
AAA FCS StraightLine: det=0 xyzdet=(-17.399,-5.26,710.16) norm=(-0.0301896,0,0.999544)
AAA projectAsStraightLine: tv3A=(-25.6379,-53.7595,574.226) tv3B=(-27.8979,-58.4189,624.157)
AAA   xyzf=(-17.399,-5.26,710.16) norm=(-0.0301896,0,0.999544)
AAA   tintersection=2.71371 result=(-31.771,-66.4036,709.726)
AAA FCS StraightLine result: tv3=(-31.771,-66.4036,709.726)
AAA FCS StraightLine: det=2 xyzdet=(-21.285,1.8,782.63) norm=(-0.0301896,0,0.999544)
AAA projectAsStraightLine: tv3A=(-25.6379,-53.7595,574.226) tv3B=(-27.8979,-58.4189,624.157)
AAA   xyzf=(-21.285,1.8,782.63) norm=(-0.0301896,0,0.999544)
AAA   tintersection=4.16546 result=(-35.0521,-73.1678,782.214)
AAA FCS StraightLine result: tv3=(-35.0521,-73.1678,782.214)
StFwdTrackMaker:INFO  - Processing GenfitTrackResult(type=2): 4 mIsFitConverged=1, mIsFitConvergedPartially=1, mNumFitPoints=4
AAA FCS StraightLine: det=1 xyzdet=(17.399,-5.26,710.16) norm=(0.0301896,0,0.999544)
AAA projectAsStraightLine: tv3A=(0.0741325,-0.333467,574.998) tv3B=(0.095663,-0.411627,624.997)
AAA   xyzf=(17.399,-5.26,710.16) norm=(0.0301896,0,0.999544)
AAA   tintersection=2.71371 result=(0.13256,-0.545572,710.681)
AAA FCS StraightLine result: tv3=(0.13256,-0.545572,710.681)
AAA FCS StraightLine: det=3 xyzdet=(21.285,1.8,782.63) norm=(0.0301896,0,0.999544)
AAA projectAsStraightLine: tv3A=(0.0741325,-0.333467,574.998) tv3B=(0.095663,-0.411627,624.997)
AAA   xyzf=(21.285,1.8,782.63) norm=(0.0301896,0,0.999544)
AAA   tintersection=4.16545 result=(0.163817,-0.659041,783.268)
AAA FCS StraightLine result: tv3=(0.163817,-0.659041,783.268)
StFwdTrackMaker:INFO  - Processing GenfitTrackResult(type=2): 5 mIsFitConverged=1, mIsFitConvergedPartially=1, mNumFitPoints=4
AAA FCS StraightLine: det=0 xyzdet=(-17.399,-5.26,710.16) norm=(-0.0301896,0,0.999544)
AAA projectAsStraightLine: tv3A=(0.331934,-0.498476,575.01) tv3B=(0.48219,-0.507808,625.015)
AAA   xyzf=(-17.399,-5.26,710.16) norm=(-0.0301896,0,0.999544)
AAA   tintersection=2.71371 result=(0.739686,-0.5238,710.708)
AAA FCS StraightLine result: tv3=(0.739686,-0.5238,710.708)
AAA FCS StraightLine: det=2 xyzdet=(-21.285,1.8,782.63) norm=(-0.0301896,0,0.999544)
AAA projectAsStraightLine: tv3A=(0.331934,-0.498476,575.01) tv3B=(0.48219,-0.507808,625.015)
AAA   xyzf=(-21.285,1.8,782.63) norm=(-0.0301896,0,0.999544)
AAA   tintersection=4.16545 result=(0.95782,-0.537348,783.302)
AAA FCS StraightLine result: tv3=(0.95782,-0.537348,783.302)
StFwdTrackMaker:INFO  - Processing GenfitTrackResult(type=1): 6 mIsFitConverged=1, mIsFitConvergedPartially=1, mNumFitPoints=15
AAA FCS StraightLine: det=0 xyzdet=(-17.399,-5.26,710.16) norm=(-0.0301896,0,0.999544)
AAA projectAsStraightLine: tv3A=(-26.2244,-53.604,574.208) tv3B=(-28.6396,-58.2162,624.135)
AAA   xyzf=(-17.399,-5.26,710.16) norm=(-0.0301896,0,0.999544)
AAA   tintersection=2.71371 result=(-32.7785,-66.1201,709.695)
AAA FCS StraightLine result: tv3=(-32.7785,-66.1201,709.695)
AAA FCS StraightLine: det=2 xyzdet=(-21.285,1.8,782.63) norm=(-0.0301896,0,0.999544)
AAA projectAsStraightLine: tv3A=(-26.2244,-53.604,574.208) tv3B=(-28.6396,-58.2162,624.135)
AAA   xyzf=(-21.285,1.8,782.63) norm=(-0.0301896,0,0.999544)
AAA   tintersection=4.16546 result=(-36.2848,-72.8159,782.177)
AAA FCS StraightLine result: tv3=(-36.2848,-72.8159,782.177)
StFwdTrackMaker:INFO  - Processing GenfitTrackResult(type=1): 7 mIsFitConverged=1, mIsFitConvergedPartially=1, mNumFitPoints=9
AAA FCS StraightLine: det=0 xyzdet=(-17.399,-5.26,710.16) norm=(-0.0301896,0,0.999544)
AAA projectAsStraightLine: tv3A=(-24.9482,-52.0155,574.246) tv3B=(-27.0652,-56.3152,624.183)
AAA   xyzf=(-17.399,-5.26,710.16) norm=(-0.0301896,0,0.999544)
AAA   tintersection=2.71371 result=(-30.693,-63.6836,709.758)
AAA FCS StraightLine result: tv3=(-30.693,-63.6836,709.758)
AAA FCS StraightLine: det=2 xyzdet=(-21.285,1.8,782.63) norm=(-0.0301896,0,0.999544)
AAA projectAsStraightLine: tv3A=(-24.9482,-52.0155,574.246) tv3B=(-27.0652,-56.3152,624.183)
AAA   xyzf=(-21.285,1.8,782.63) norm=(-0.0301896,0,0.999544)
AAA   tintersection=4.16546 result=(-33.7663,-69.9256,782.253)
AAA FCS StraightLine result: tv3=(-33.7663,-69.9256,782.253)
StFwdTrackMaker:INFO  - Processing GenfitTrackResult(type=1): 8 mIsFitConverged=1, mIsFitConvergedPartially=1, mNumFitPoints=11
AAA FCS StraightLine: det=0 xyzdet=(-17.399,-5.26,710.16) norm=(-0.0301896,0,0.999544)
AAA projectAsStraightLine: tv3A=(-20.0047,-55.515,574.396) tv3B=(-21.5971,-60.5307,624.348)
AAA   xyzf=(-17.399,-5.26,710.16) norm=(-0.0301896,0,0.999544)
AAA   tintersection=2.71371 result=(-24.3259,-69.1261,709.951)
AAA FCS StraightLine result: tv3=(-24.3259,-69.1261,709.951)
AAA FCS StraightLine: det=2 xyzdet=(-21.285,1.8,782.63) norm=(-0.0301896,0,0.999544)
AAA projectAsStraightLine: tv3A=(-20.0047,-55.515,574.396) tv3B=(-21.5971,-60.5307,624.348)
AAA   xyzf=(-21.285,1.8,782.63) norm=(-0.0301896,0,0.999544)
AAA   tintersection=4.16546 result=(-26.6376,-76.4076,782.468)
AAA FCS StraightLine result: tv3=(-26.6376,-76.4076,782.468)
StFwdTrackMaker:INFO  - Processing GenfitTrackResult(type=3): 9 mIsFitConverged=1, mIsFitConvergedPartially=1, mNumFitPoints=15
AAA FCS StraightLine: det=0 xyzdet=(-17.399,-5.26,710.16) norm=(-0.0301896,0,0.999544)
AAA projectAsStraightLine: tv3A=(-27.4062,-51.288,574.172) tv3B=(-30.1741,-55.3602,624.089)
AAA   xyzf=(-17.399,-5.26,710.16) norm=(-0.0301896,0,0.999544)
AAA   tintersection=2.71371 result=(-34.9176,-62.3386,709.631)
AAA FCS StraightLine result: tv3=(-34.9176,-62.3386,709.631)
AAA FCS StraightLine: det=2 xyzdet=(-21.285,1.8,782.63) norm=(-0.0301896,0,0.999544)
AAA projectAsStraightLine: tv3A=(-27.4062,-51.288,574.172) tv3B=(-30.1741,-55.3602,624.089)
AAA   xyzf=(-21.285,1.8,782.63) norm=(-0.0301896,0,0.999544)
AAA   tintersection=4.16546 result=(-38.9359,-68.2503,782.097)
AAA FCS StraightLine result: tv3=(-38.9359,-68.2503,782.097)
StFwdTrackMaker:INFO  - StFwdTrackCollection has 10 tracks now
StFwdTrackMaker:INFO  - StFwdTrackCollection has 10 tracks now
StFwdTrackMaker:INFO  - *** StFwdTrackMaker::Make() == StOK(0) ***
StFcsTrackMatchMaker:INFO  - *** StFcsTrackMatchMaker::Make() == StOK(0) ***
StStrangeMuDstMaker:INFO  - StV0Controller: found 0 V0 candidates
StStrangeMuDstMaker:INFO  - StXiController: found 0 Xi candidates
StStrangeMuDstMaker:INFO  - StKinkController: found 0 Kink candidates
StStrangeMuDstMaker:INFO  - *** StStrangeMuDstMaker::Make() == StOK(0) ***
StMuDstMaker:INFO  - fillMuFtt
StMuDstMaker:INFO  - fillMuFttRawHits
StMuDstMaker:INFO  - fillMuFttPoints
StMuDstMaker:INFO  - fillMuFttClusters
StMuDstMaker:INFO  - StMuDstMaker::fillFwdTrack(StEvent* ev)
StMuDstMaker:INFO  - StMuDSTMaker filling StMuFwdTrackCollection from StEvent
StMuDstMaker:INFO  - Adding 10 StMuFwdTracks to MuDSt
StMuDstMaker:INFO  - *** StMuDstMaker::Make() == StOK(0) ***
StTreeMaker:INFO  - *** StTreeMaker::Make() == StOK(0) ***
StPicoDstMaker:WARN  - No trigger data bank available!
StPicoDstMaker:INFO  - StPicoDstMaker::fillFcsHits filled 25
StPicoDstMaker:INFO  - StPicoDstMaker::fillFcsClusters filled 2
StPicoDstMaker:INFO  - *** StPicoDstMaker::Make() == StOK(0) ***
MEM after Chain::Clear + Make	 total =794.273438 heap =209.127808 and   0.139221( +0.622925)
<---------- END EVENT
--------->START EVENT: 3
MEM before Chain::Clear + Make	 total =794.273438 heap =209.128006 and   0.138947( +0.000198)
St_geant_Maker:INFO  - *** St_geant_Maker::Make() == StOK(0) ***
St_db_Maker:INFO  - *** St_db_Maker::Make() == StOK(0) ***
StMagFMaker:INFO  - *** StMagFMaker::Make() == StOK(0) ***
StDetectorDbMaker:INFO  - *** StDetectorDbMaker::Make() == StOK(0) ***
StTpcDbMaker:INFO  - *** StTpcDbMaker::Make() == StOK(0) ***
StFcsDbMaker:INFO  - *** StFcsDbMaker::Make() == StOK(0) ***
StEventMaker:INFO  - get trigDetSums from Calibrations/rich/trigDetSums
StEventMaker:WARN  - StEventMaker: No StDAQReader found
StEventMaker:INFO  - *** StEventMaker::Make() == StOK(0) ***
StMcEventMaker:INFO  - StMcEventMaker:   g2t_tpc_hit Table Not found 
StMcEventMaker:INFO  - StMcEventMaker:   particle    Table Not found 
StMcEventMaker:INFO  - *** StMcEventMaker::Make() == StOK(0) ***
StFcsFastSimulatorMaker:DEBUG - StFcsFastSimulatorMaker::Make
StFcsFastSimulatorMaker:DEBUG - Creating StFcsCollection
StFcsFastSimulatorMaker:INFO  - TAttr::Found : fcsleakyhcal = 0

StFcsFastSimulatorMaker:INFO  - TAttr::Found : fcshcalzdepeff = 0

StFcsFastSimulatorMaker:INFO  - g2t_wca_hit table has 28 hit
StFcsFastSimulatorMaker:INFO  - ECAL det=0 id=442 volid=1443 e=0.000362
StFcsFastSimulatorMaker:INFO  - ECAL det=0 id=485 volid=1486 e=0.000701
StFcsFastSimulatorMaker:INFO  - ECAL det=0 id=486 volid=1487 e=0.001525
StFcsFastSimulatorMaker:INFO  - ECAL det=0 id=506 volid=1507 e=0.008449
StFcsFastSimulatorMaker:INFO  - ECAL det=0 id=507 volid=1508 e=0.018414
StFcsFastSimulatorMaker:INFO  - ECAL det=0 id=508 volid=1509 e=0.007446
StFcsFastSimulatorMaker:INFO  - ECAL det=0 id=528 volid=1529 e=0.170093
StFcsFastSimulatorMaker:INFO  - ECAL det=0 id=529 volid=1530 e=3.067843
StFcsFastSimulatorMaker:INFO  - ECAL det=0 id=530 volid=1531 e=0.025576
StFcsFastSimulatorMaker:INFO  - ECAL det=0 id=531 volid=1532 e=0.000820
StFcsFastSimulatorMaker:INFO  - ECAL det=0 id=532 volid=1533 e=0.003393
StFcsFastSimulatorMaker:INFO  - ECAL det=0 id=550 volid=1551 e=0.094687
StFcsFastSimulatorMaker:INFO  - ECAL det=0 id=551 volid=1552 e=0.505243
StFcsFastSimulatorMaker:INFO  - ECAL det=0 id=552 volid=1553 e=0.011749
StFcsFastSimulatorMaker:INFO  - ECAL det=0 id=553 volid=1554 e=0.006384
StFcsFastSimulatorMaker:INFO  - ECAL det=0 id=572 volid=1573 e=0.008029
StFcsFastSimulatorMaker:INFO  - ECAL det=0 id=573 volid=1574 e=0.003167
StFcsFastSimulatorMaker:INFO  - ECAL det=0 id=574 volid=1575 e=0.002078
StFcsFastSimulatorMaker:INFO  - ECAL det=0 id=575 volid=1576 e=0.000641
StFcsFastSimulatorMaker:INFO  - ECAL det=0 id=594 volid=1595 e=0.004862
StFcsFastSimulatorMaker:INFO  - ECAL det=0 id=595 volid=1596 e=0.005051
StFcsFastSimulatorMaker:INFO  - ECAL det=0 id=596 volid=1597 e=0.004990
StFcsFastSimulatorMaker:INFO  - ECAL det=0 id=597 volid=1598 e=0.000523
StFcsFastSimulatorMaker:INFO  - ECAL det=0 id=598 volid=1599 e=0.000840
StFcsFastSimulatorMaker:INFO  - ECAL det=0 id=641 volid=1642 e=0.000009
StFcsFastSimulatorMaker:INFO  - ECAL det=1 id=331 volid=2332 e=0.000925
StFcsFastSimulatorMaker:INFO  - ECAL det=1 id=462 volid=2463 e=0.001291
StFcsFastSimulatorMaker:INFO  - ECAL det=1 id=726 volid=2727 e=0.000553
StFcsFastSimulatorMaker:INFO  - g2t_hca_hit table has 18 hit
StFcsFastSimulatorMaker:INFO  - HCAL det=2 id=157 volid= 1158 e=0.001007
StFcsFastSimulatorMaker:INFO  - HCAL det=2 id=170 volid= 1171 e=0.001253
StFcsFastSimulatorMaker:INFO  - HCAL det=2 id=171 volid= 1172 e=0.000578
StFcsFastSimulatorMaker:INFO  - HCAL det=2 id=182 volid= 1183 e=0.000181
StFcsFastSimulatorMaker:INFO  - HCAL det=2 id=183 volid= 1184 e=0.002655
StFcsFastSimulatorMaker:INFO  - HCAL det=2 id=195 volid= 1196 e=0.012082
StFcsFastSimulatorMaker:INFO  - HCAL det=2 id=196 volid= 1197 e=0.000597
StFcsFastSimulatorMaker:INFO  - HCAL det=2 id=208 volid= 1209 e=0.000077
StFcsFastSimulatorMaker:INFO  - HCAL det=2 id=209 volid= 1210 e=0.000040
StFcsFastSimulatorMaker:INFO  - HCAL det=2 id=212 volid= 1213 e=0.000180
StFcsFastSimulatorMaker:INFO  - HCAL det=3 id=182 volid= 2183 e=0.000908
StFcsFastSimulatorMaker:INFO  - HCAL det=3 id=195 volid= 2196 e=0.000133
StFcsFastSimulatorMaker:INFO  - HCAL det=3 id=200 volid= 2201 e=0.002518
StFcsFastSimulatorMaker:INFO  - HCAL det=3 id=208 volid= 2209 e=0.000069
StFcsFastSimulatorMaker:INFO  - HCAL det=3 id=209 volid= 2210 e=0.000770
StFcsFastSimulatorMaker:INFO  - HCAL det=3 id=221 volid= 2222 e=0.002661
StFcsFastSimulatorMaker:INFO  - HCAL det=3 id=234 volid= 2235 e=0.001742
StFcsFastSimulatorMaker:INFO  - HCAL det=3 id=251 volid= 2252 e=0.000006
StFcsFastSimulatorMaker:INFO  - g2t_epd_hit table has 1 hit
StFcsFastSimulatorMaker:INFO  - Pres det=4 id=164 volid=206080 e=  1.921551
StFcsFastSimulatorMaker:INFO  - Det=0 id=442 dE=   0.000 SF= 0.200 gain= 0.005 corr= 1.000 ADC=   0 ZS= 1 digiE=   0.000
StFcsFastSimulatorMaker:INFO  - Det=0 id=485 dE=   0.001 SF= 0.200 gain= 0.005 corr= 1.000 ADC=   0 ZS= 1 digiE=   0.000
StFcsFastSimulatorMaker:INFO  - Det=0 id=486 dE=   0.002 SF= 0.200 gain= 0.005 corr= 1.000 ADC=   1 ZS= 1 digiE=   0.005
StFcsFastSimulatorMaker:INFO  - Det=0 id=506 dE=   0.008 SF= 0.200 gain= 0.005 corr= 1.000 ADC=   7 ZS= 1 digiE=   0.037
StFcsFastSimulatorMaker:INFO  - Det=0 id=507 dE=   0.018 SF= 0.200 gain= 0.005 corr= 1.000 ADC=  17 ZS= 1 digiE=   0.090
StFcsFastSimulatorMaker:INFO  - Det=0 id=508 dE=   0.007 SF= 0.200 gain= 0.005 corr= 1.000 ADC=   7 ZS= 1 digiE=   0.037
StFcsFastSimulatorMaker:INFO  - Det=0 id=528 dE=   0.170 SF= 0.200 gain= 0.005 corr= 1.000 ADC= 160 ZS= 1 digiE=   0.848
StFcsFastSimulatorMaker:INFO  - Det=0 id=529 dE=   3.068 SF= 0.200 gain= 0.005 corr= 1.000 ADC=2894 ZS= 1 digiE=  15.338
StFcsFastSimulatorMaker:INFO  - Det=0 id=530 dE=   0.026 SF= 0.200 gain= 0.005 corr= 1.000 ADC=  24 ZS= 1 digiE=   0.127
StFcsFastSimulatorMaker:INFO  - Det=0 id=531 dE=   0.001 SF= 0.200 gain= 0.005 corr= 1.000 ADC=   0 ZS= 1 digiE=   0.000
StFcsFastSimulatorMaker:INFO  - Det=0 id=532 dE=   0.003 SF= 0.200 gain= 0.005 corr= 1.000 ADC=   3 ZS= 1 digiE=   0.016
StFcsFastSimulatorMaker:INFO  - Det=0 id=550 dE=   0.095 SF= 0.200 gain= 0.005 corr= 1.000 ADC=  89 ZS= 1 digiE=   0.472
StFcsFastSimulatorMaker:INFO  - Det=0 id=551 dE=   0.505 SF= 0.200 gain= 0.005 corr= 1.000 ADC= 476 ZS= 1 digiE=   2.523
StFcsFastSimulatorMaker:INFO  - Det=0 id=552 dE=   0.012 SF= 0.200 gain= 0.005 corr= 1.000 ADC=  11 ZS= 1 digiE=   0.058
StFcsFastSimulatorMaker:INFO  - Det=0 id=553 dE=   0.006 SF= 0.200 gain= 0.005 corr= 1.000 ADC=   6 ZS= 1 digiE=   0.032
StFcsFastSimulatorMaker:INFO  - Det=0 id=572 dE=   0.008 SF= 0.200 gain= 0.005 corr= 1.000 ADC=   7 ZS= 1 digiE=   0.037
StFcsFastSimulatorMaker:INFO  - Det=0 id=573 dE=   0.003 SF= 0.200 gain= 0.005 corr= 1.000 ADC=   2 ZS= 1 digiE=   0.011
StFcsFastSimulatorMaker:INFO  - Det=0 id=574 dE=   0.002 SF= 0.200 gain= 0.005 corr= 1.000 ADC=   1 ZS= 1 digiE=   0.005
StFcsFastSimulatorMaker:INFO  - Det=0 id=575 dE=   0.001 SF= 0.200 gain= 0.005 corr= 1.000 ADC=   0 ZS= 1 digiE=   0.000
StFcsFastSimulatorMaker:INFO  - Det=0 id=594 dE=   0.005 SF= 0.200 gain= 0.005 corr= 1.000 ADC=   4 ZS= 1 digiE=   0.021
StFcsFastSimulatorMaker:INFO  - Det=0 id=595 dE=   0.005 SF= 0.200 gain= 0.005 corr= 1.000 ADC=   4 ZS= 1 digiE=   0.021
StFcsFastSimulatorMaker:INFO  - Det=0 id=596 dE=   0.005 SF= 0.200 gain= 0.005 corr= 1.000 ADC=   4 ZS= 1 digiE=   0.021
StFcsFastSimulatorMaker:INFO  - Det=0 id=597 dE=   0.001 SF= 0.200 gain= 0.005 corr= 1.000 ADC=   0 ZS= 1 digiE=   0.000
StFcsFastSimulatorMaker:INFO  - Det=0 id=598 dE=   0.001 SF= 0.200 gain= 0.005 corr= 1.000 ADC=   0 ZS= 1 digiE=   0.000
StFcsFastSimulatorMaker:INFO  - Det=0 id=641 dE=   0.000 SF= 0.200 gain= 0.005 corr= 1.000 ADC=   0 ZS= 1 digiE=   0.000
StFcsFastSimulatorMaker:INFO  - Det=1 id=331 dE=   0.001 SF= 0.200 gain= 0.005 corr= 1.000 ADC=   0 ZS= 1 digiE=   0.000
StFcsFastSimulatorMaker:INFO  - Det=1 id=462 dE=   0.001 SF= 0.200 gain= 0.005 corr= 1.000 ADC=   1 ZS= 1 digiE=   0.005
StFcsFastSimulatorMaker:INFO  - Det=1 id=726 dE=   0.001 SF= 0.200 gain= 0.005 corr= 1.000 ADC=   0 ZS= 1 digiE=   0.000
StFcsFastSimulatorMaker:INFO  - Det=2 id=157 dE=   0.001 SF= 0.014 gain= 0.005 corr= 1.000 ADC=  13 ZS= 1 digiE=   0.069
StFcsFastSimulatorMaker:INFO  - Det=2 id=170 dE=   0.001 SF= 0.014 gain= 0.005 corr= 1.000 ADC=  16 ZS= 1 digiE=   0.085
StFcsFastSimulatorMaker:INFO  - Det=2 id=171 dE=   0.001 SF= 0.014 gain= 0.005 corr= 1.000 ADC=   7 ZS= 1 digiE=   0.037
StFcsFastSimulatorMaker:INFO  - Det=2 id=182 dE=   0.000 SF= 0.014 gain= 0.005 corr= 1.000 ADC=   2 ZS= 1 digiE=   0.011
StFcsFastSimulatorMaker:INFO  - Det=2 id=183 dE=   0.003 SF= 0.014 gain= 0.005 corr= 1.000 ADC=  34 ZS= 1 digiE=   0.180
StFcsFastSimulatorMaker:INFO  - Det=2 id=195 dE=   0.012 SF= 0.014 gain= 0.005 corr= 1.000 ADC= 157 ZS= 1 digiE=   0.832
StFcsFastSimulatorMaker:INFO  - Det=2 id=196 dE=   0.001 SF= 0.014 gain= 0.005 corr= 1.000 ADC=   7 ZS= 1 digiE=   0.037
StFcsFastSimulatorMaker:INFO  - Det=2 id=208 dE=   0.000 SF= 0.014 gain= 0.005 corr= 1.000 ADC=   0 ZS= 1 digiE=   0.000
StFcsFastSimulatorMaker:INFO  - Det=2 id=209 dE=   0.000 SF= 0.014 gain= 0.005 corr= 1.000 ADC=   0 ZS= 1 digiE=   0.000
StFcsFastSimulatorMaker:INFO  - Det=2 id=212 dE=   0.000 SF= 0.014 gain= 0.005 corr= 1.000 ADC=   2 ZS= 1 digiE=   0.011
StFcsFastSimulatorMaker:INFO  - Det=3 id=182 dE=   0.001 SF= 0.014 gain= 0.005 corr= 1.000 ADC=  11 ZS= 1 digiE=   0.058
StFcsFastSimulatorMaker:INFO  - Det=3 id=195 dE=   0.000 SF= 0.014 gain= 0.005 corr= 1.000 ADC=   1 ZS= 1 digiE=   0.005
StFcsFastSimulatorMaker:INFO  - Det=3 id=200 dE=   0.003 SF= 0.014 gain= 0.005 corr= 1.000 ADC=  32 ZS= 1 digiE=   0.170
StFcsFastSimulatorMaker:INFO  - Det=3 id=208 dE=   0.000 SF= 0.014 gain= 0.005 corr= 1.000 ADC=   0 ZS= 1 digiE=   0.000
StFcsFastSimulatorMaker:INFO  - Det=3 id=209 dE=   0.001 SF= 0.014 gain= 0.005 corr= 1.000 ADC=  10 ZS= 1 digiE=   0.053
StFcsFastSimulatorMaker:INFO  - Det=3 id=221 dE=   0.003 SF= 0.014 gain= 0.005 corr= 1.000 ADC=  34 ZS= 1 digiE=   0.180
StFcsFastSimulatorMaker:INFO  - Det=3 id=234 dE=   0.002 SF= 0.014 gain= 0.005 corr= 1.000 ADC=  22 ZS= 1 digiE=   0.117
StFcsFastSimulatorMaker:INFO  - Det=3 id=251 dE=   0.000 SF= 0.014 gain= 0.005 corr= 1.000 ADC=   0 ZS= 1 digiE=   0.000
StFcsFastSimulatorMaker:INFO  - Det=4 id=164 dE=   1.922 SF= 2.000 gain= 0.010 corr= 0.500 ADC= 192 ZS= 1 digiE=   0.960
StFcsFastSimulatorMaker:INFO  - wca Found 28 g2t hits in 16 cells, created 16 hits with ADC>ZS(1) and Etot=  19.689
StFcsFastSimulatorMaker:INFO  - hca Found 18 g2t hits in 13 cells, created 13 hits with ADC>ZS(1) and Etot=   1.839
StFcsFastSimulatorMaker:INFO  - pre Found 1 g2t hits in 1 cells, created 1 hits with ADC>ZS(1) and Etot=   0.960
StFcsFastSimulatorMaker:INFO  - *** StFcsFastSimulatorMaker::Make() == StOK(0) ***
StFcsWaveformFitMaker:INFO  - *** StFcsWaveformFitMaker::Make() == StOK(0) ***
StFcsClusterMaker:DEBUG - StFcsClusterMaker Make!!!
  *** Print FCS collection ***  RecFlag=0
  *** FCS Det=0 *** NHit= 16 NCluster=  1 NPoint=  0
StFcsHit: det= 0 id=529 | ns=0 ehp=0 dep=10 ch=28 | Ntb=  1 Sum=     0 Fit=  0.00   0.00 E= 15.34 | 2894 (  0) 
StFcsHit: det= 0 id=551 | ns=0 ehp=0 dep=15 ch= 0 | Ntb=  1 Sum=     0 Fit=  0.00   0.00 E=  2.52 |  476 (  0) 
StFcsHit: det= 0 id=528 | ns=0 ehp=0 dep=22 ch=23 | Ntb=  1 Sum=     0 Fit=  0.00   0.00 E=  0.85 |  160 (  0) 
StFcsHit: det= 0 id=550 | ns=0 ehp=0 dep=22 ch=24 | Ntb=  1 Sum=     0 Fit=  0.00   0.00 E=  0.47 |   89 (  0) 
StFcsHit: det= 0 id=530 | ns=0 ehp=0 dep=10 ch=29 | Ntb=  1 Sum=     0 Fit=  0.00   0.00 E=  0.13 |   24 (  0) 
StFcsHit: det= 0 id=507 | ns=0 ehp=0 dep=10 ch=24 | Ntb=  1 Sum=     0 Fit=  0.00   0.00 E=  0.09 |   17 (  0) 
StFcsHit: det= 0 id=552 | ns=0 ehp=0 dep=15 ch= 1 | Ntb=  1 Sum=     0 Fit=  0.00   0.00 E=  0.06 |   11 (  0) 
StFcsHit: det= 0 id=506 | ns=0 ehp=0 dep=22 ch=22 | Ntb=  1 Sum=     0 Fit=  0.00   0.00 E=  0.04 |    7 (  0) 
StFcsHit: det= 0 id=508 | ns=0 ehp=0 dep=10 ch=25 | Ntb=  1 Sum=     0 Fit=  0.00   0.00 E=  0.04 |    7 (  0) 
StFcsHit: det= 0 id=572 | ns=0 ehp=0 dep=22 ch=25 | Ntb=  1 Sum=     0 Fit=  0.00   0.00 E=  0.04 |    7 (  0) 
StFcsHit: det= 0 id=553 | ns=0 ehp=0 dep=15 ch= 2 | Ntb=  1 Sum=     0 Fit=  0.00   0.00 E=  0.03 |    6 (  0) 
StFcsHit: det= 0 id=594 | ns=0 ehp=0 dep=22 ch=26 | Ntb=  1 Sum=     0 Fit=  0.00   0.00 E=  0.02 |    4 (  0) 
StFcsHit: det= 0 id=595 | ns=0 ehp=0 dep=15 ch= 8 | Ntb=  1 Sum=     0 Fit=  0.00   0.00 E=  0.02 |    4 (  0) 
StFcsHit: det= 0 id=596 | ns=0 ehp=0 dep=15 ch= 9 | Ntb=  1 Sum=     0 Fit=  0.00   0.00 E=  0.02 |    4 (  0) 
StFcsHit: det= 0 id=532 | ns=0 ehp=0 dep=10 ch=31 | Ntb=  1 Sum=     0 Fit=  0.00   0.00 E=  0.02 |    3 (  0) 
StFcsHit: det= 0 id=573 | ns=0 ehp=0 dep=15 ch= 4 | Ntb=  1 Sum=     0 Fit=  0.00   0.00 E=  0.01 |    2 (  0) 
StFcsCluster id=   0 ctg=1 n=15 nNeigh=0 nPoints=0 loc=   1.33   24.81 PXYZE=  -0.68   -1.32   19.62   19.67 E=  19.67 sigMin/max=   0.39    0.47 Chi2=   0.00    0.00
  *** FCS Det=1 *** NHit=  0 NCluster=  0 NPoint=  0
  *** FCS Det=2 *** NHit=  8 NCluster=  1 NPoint=  0
StFcsHit: det= 2 id=195 | ns=0 ehp=1 dep= 3 ch=20 | Ntb=  1 Sum=     0 Fit=  0.00   0.00 E=  0.83 |  157 (  0) 
StFcsHit: det= 2 id=183 | ns=0 ehp=1 dep= 3 ch=17 | Ntb=  1 Sum=     0 Fit=  0.00   0.00 E=  0.18 |   34 (  0) 
StFcsHit: det= 2 id=170 | ns=0 ehp=1 dep= 3 ch=13 | Ntb=  1 Sum=     0 Fit=  0.00   0.00 E=  0.08 |   16 (  0) 
StFcsHit: det= 2 id=157 | ns=0 ehp=1 dep= 3 ch= 9 | Ntb=  1 Sum=     0 Fit=  0.00   0.00 E=  0.07 |   13 (  0) 
StFcsHit: det= 2 id=171 | ns=0 ehp=1 dep= 3 ch=14 | Ntb=  1 Sum=     0 Fit=  0.00   0.00 E=  0.04 |    7 (  0) 
StFcsHit: det= 2 id=196 | ns=0 ehp=1 dep= 3 ch=21 | Ntb=  1 Sum=     0 Fit=  0.00   0.00 E=  0.04 |    7 (  0) 
StFcsHit: det= 2 id=182 | ns=0 ehp=1 dep= 3 ch=16 | Ntb=  1 Sum=     0 Fit=  0.00   0.00 E=  0.01 |    2 (  0) 
StFcsHit: det= 2 id=212 | ns=0 ehp=1 dep= 4 ch=24 | Ntb=  1 Sum=     0 Fit=  0.00   0.00 E=  0.01 |    2 (  0) 
StFcsCluster id=   0 ctg=1 n= 7 nNeigh=0 nPoints=0 loc=   0.62   15.38 PXYZE=  -0.04   -0.08    1.25    1.25 E=   1.25 sigMin/max=   0.00    0.46 Chi2=   0.00    0.00
  *** FCS Det=3 *** NHit=  5 NCluster=  2 NPoint=  0
StFcsHit: det= 3 id=221 | ns=1 ehp=1 dep= 3 ch=28 | Ntb=  1 Sum=     0 Fit=  0.00   0.00 E=  0.18 |   34 (  0) 
StFcsHit: det= 3 id=200 | ns=1 ehp=1 dep= 4 ch=21 | Ntb=  1 Sum=     0 Fit=  0.00   0.00 E=  0.17 |   32 (  0) 
StFcsHit: det= 3 id=234 | ns=1 ehp=1 dep= 7 ch= 0 | Ntb=  1 Sum=     0 Fit=  0.00   0.00 E=  0.12 |   22 (  0) 
StFcsHit: det= 3 id=182 | ns=1 ehp=1 dep= 3 ch=16 | Ntb=  1 Sum=     0 Fit=  0.00   0.00 E=  0.06 |   11 (  0) 
StFcsHit: det= 3 id=209 | ns=1 ehp=1 dep= 3 ch=25 | Ntb=  1 Sum=     0 Fit=  0.00   0.00 E=  0.05 |   10 (  0) 
StFcsCluster id=   0 ctg=1 n= 3 nNeigh=0 nPoints=0 loc=   0.50   17.68 PXYZE=   0.01   -0.03    0.35    0.35 E=   0.35 sigMin/max=   0.00    0.38 Chi2=   0.00    0.00
StFcsCluster id=   1 ctg=1 n= 1 nNeigh=0 nPoints=0 loc=   5.50   15.50 PXYZE=   0.02   -0.01    0.17    0.17 E=   0.17 sigMin/max=   0.00    0.00 Chi2=   0.00    0.00
  *** FCS Det=4 *** NHit=  1 NCluster=  0 NPoint=  0
StFcsHit: det= 4 id=164 | ns=0 ehp=2 dep= 5 ch= 4 | Ntb=  1 Sum=     0 Fit=  0.00   0.00 E=  0.96 |  192 (  0) 
  *** FCS Det=5 *** NHit=  0 NCluster=  0 NPoint=  0
  *** FCS Det=6 *** NHit=  0 NCluster=  1 NPoint=  0
StFcsClusterMaker:INFO  - *** StFcsClusterMaker::Make() == StOK(0) ***
StFttClusterPointMaker:INFO  - Creating FttCollection
StFttClusterPointMaker:INFO  - Making Geant points
StFttClusterPointMaker:INFO  - *** StFttClusterPointMaker::Make() == StOK(0) ***
StFwdTrackMaker:INFO  - Setting Event Vertex from geant/g2t_vertex[0]: 0xc0121f0
StFwdTrackMaker:INFO  - TAttr::Found : useftt = 1

StFwdTrackMaker:INFO  - TAttr::Found : usefst = 1

StFwdTrackMaker:INFO  - TAttr::Found : useepd = 1

StFwdTrackMaker:INFO  - There are: 0 with 0 FST, 0 with 1 FST, 0 with 2 FST, 1 with 3 FST
StFwdTrackMaker:INFO  - There are: 0 with 0 FTT, 0 with 1 FTT, 0 with 2 FTT, 0 with 3 FTT, 0 with 4 FTT, 0 with 5 FTT, 0 with 6 FTT, 0 with 7 FTT, 1 with 8 FTT
StFwdTrackMaker:INFO  - There are 1 McTracks with > 2 FST hits (#of possible seeds)
StFwdTrackMaker:INFO  - 	Finding FWD Track Seeds
StFwdTrackMaker:INFO  - Hitmap Source: fst
StFwdTrackMaker:INFO  - Performing Fwd Seed finding with mode: fst = 
StFwdTrackMaker:INFO  - Found 1 seeds in 1 iterations
StFwdTrackMaker:INFO  - Total Hits removed: 0
StFwdTrackMaker:INFO  - Seed [0] with 3 hits : id=2@2id=1@1id=0@0
StFwdTrackMaker:INFO  - <<Fwd Tracking Found : 1 Track Seeds from 3 FST hits and 4 sTGC hits
StFwdTrackMaker:INFO  -     (vs. 1 McTracks with FST>2, eff = 1)
StFwdTrackMaker:INFO  - 	Fitting FWD Track Seeds
StFwdTrackMaker:INFO  - TrackFitter:refit = 1
StFwdTrackMaker:INFO  - Starting Track fitting loop with 1 track seeds
StFwdTrackMaker:INFO  - TrackFitter:refit = 1
StFwdTrackMaker:INFO  - 		Mc Match idTruth=1, quality = 1
StFwdTrackMaker:INFO  - GenFitTrackResult::mIdTruth = 1, QaTruth = 1
The points are collinear, curvature is undefined.
p1 = -5.95999, -10.9877
p2 = -5.91499, -11.0119
p3 = -5.91499, -11.0119
StFwdTrackMaker:INFO  - GenericFitSeeder::makeSeed::Curvature: -1e-07
StFwdTrackMaker:INFO  - GenericFitSeeder::makeSeed::pt = 14989.5
StFwdTrackMaker:WARN  - Seed momentum is too high, setting to (0,0,1)
StFwdTrackMaker:INFO  - Track Setup complete, track has 3 points
StFwdTrackMaker:INFO  -  sorting changed track points: 0
StFwdTrackMaker:INFO  - Fit status:  1
StFwdTrackMaker:INFO  - -Fit pvalue: 0.981596
StFwdTrackMaker:INFO  - -Fit Chi2:   0.000532153
StFwdTrackMaker:INFO  - -Fit Chi2:   0.000532153
StFwdTrackMaker:INFO  - Track fit charge: -1Fit momentum: -8.43403e-05, -3.48884e-05, 0.0047229
StFwdTrackMaker:INFO  - 	Fit Pt: 9.12715e-05, eta: 4.63958, phi: -2.74936
StFwdTrackMaker:INFO  - Track fit update complete!
StFwdTrackMaker:INFO  - Track Reps: 1
StFwdTrackMaker:INFO  - Track Rep 0 
genfit::AbsTrackRep, pdgCode = -211. PropDir = 0
fitStatus 
 track has been fitted, fit has converged fully, 0 TrackPoints could not be processed, fitted charge = -1, PruneFlags: 
 track has been fitted with reference track, numIterations = 5, track length = 27.0352, fChi2 = 0.000532961, bChi2 = 0.000532153, fNdf = 1, bNdf = 1, fPVal = 0.981582, bPVal = 0.981596

StFwdTrackMaker:INFO  - GenFitTrackResult::mIdTruth = 1, QaTruth = 1
StFwdTrackMaker:INFO  - GTR Setting momentum from track
StFwdTrackMaker:INFO  - --isFitConvergedPartially() = 1
StFwdTrackMaker:INFO  - --isFitConverged() = 1
StFwdTrackMaker:INFO  - --isFitConvergedFully() = 1
StFwdTrackMaker:INFO  - Looking for FTT strips near projected state on disk 0
StFwdTrackMaker:INFO  - There are 2 available FTT strips on this disk
AAA FTT proj z= 312.25  x= -6.874 y=-12.313  r= 14.101 phi=-2.0800  sigU=1357.931 sigV= 2.777
AAA FTT momentum at proj: pT= 0.000 eta= 3.477 phi=-2.3688  px= -0.000 py= -0.000 pz=  0.005
AAA FTT search thresholds: dPhi<0.1200 dR<30.00 dx<7.50 dy<7.50  nHits=2
findFttHitsNearProjectedState, msp = (-6.873845, -12.312639)
	 vs. hit@(-8.382616+/-4.330127, -20.343037+/-0.010000) => dx=1.508771, dy=8.030398, dR=7.900993, dPhi=0.118312 (tid=1), strip=horizontal
AAA FTT hit H pos=( -8.383+/-4.33, -20.343+/-0.01)  dx= 1.509 dy= 8.030 dR= 7.901 dPhi=0.1183 (tid=1)  dPhi:OK dR:OK XY:OK
AAA FTT hit V pos=(-10.911+/-0.01, -13.434+/-4.33)  dx= 4.038 dy= 1.122 dR= 3.206 dPhi=0.1730 (tid=1)  dPhi:FAIL dR:OK XY:OK
StFwdTrackMaker:INFO  - Adding horizontal strip hit with dPhi = 0.118312, dR = 7.90099, dx = 1.50877, dy = 8.0304
StFwdTrackMaker:INFO  - Closest horizontal FTT strip to FST state: dR=7.900993, dPhi=0.118312, dx=1.508771, dy=8.030398 (tid=1) 
AAA FTT closest-H dPhi=0.1183(<0.1200) dR= 7.901(< 30.0) dx= 1.509 dy= 8.030(< 7.50) tid=1 -> ACCEPT
StFwdTrackMaker:INFO  - Closest vertical FTT strip to FST state: dR=3.205631, dPhi=0.172967, dx=4.037523, dy=1.121534 (tid=1) 
AAA FTT closest-V dPhi=0.1730(<0.1200) dR= 3.206(< 30.0) dx= 4.038 dy= 1.122(< 7.50) tid=1 -> REJECT
AAA FTT result: 1 hits added (H:ACCEPT V:REJECT)
StFwdTrackMaker:INFO  -  Found #FTT strips on plane #0 = [1]
StFwdTrackMaker:INFO  - Found 3 existing seed points
StFwdTrackMaker:INFO  - Adding 1 new FTT seed points
StFwdTrackMaker:INFO  - Looking for FTT strips near projected state on disk 1
StFwdTrackMaker:INFO  - There are 2 available FTT strips on this disk
AAA FTT proj z= 312.25  x= -6.874 y=-12.313  r= 14.101 phi=-2.0800  sigU=1357.931 sigV= 3.676
AAA FTT momentum at proj: pT= 0.000 eta= 3.477 phi=-2.3688  px= -0.000 py= -0.000 pz=  0.005
AAA FTT search thresholds: dPhi<0.1200 dR<30.00 dx<7.50 dy<7.50  nHits=2
findFttHitsNearProjectedState, msp = (-6.873845, -12.312639)
AAA FTT hit H pos=( -5.967+/-4.33, -21.500+/-0.01)  dx= 0.906 dy= 9.187 dR= 8.211 dPhi=0.2384 (tid=1)  dPhi:FAIL dR:OK XY:OK
	 vs. hit@(-11.508456+/-0.010000, -26.411396+/-4.330127) => dx=4.634611, dy=14.098757, dR=14.708384, dPhi=0.098244 (tid=1), strip=vertical
AAA FTT hit V pos=(-11.508+/-0.01, -26.411+/-4.33)  dx= 4.635 dy=14.099 dR=14.708 dPhi=0.0982 (tid=1)  dPhi:OK dR:OK XY:OK
StFwdTrackMaker:INFO  - Adding vertical strip hit with dPhi = 0.0982438, dR = 14.7084, dx = 4.63461, dy = 14.0988
StFwdTrackMaker:INFO  - Closest horizontal FTT strip to FST state: dR=8.211352, dPhi=0.238433, dx=0.906370, dy=9.187367 (tid=1) 
AAA FTT closest-H dPhi=0.2384(<0.1200) dR= 8.211(< 30.0) dx= 0.906 dy= 9.187(< 7.50) tid=1 -> REJECT
StFwdTrackMaker:INFO  - Closest vertical FTT strip to FST state: dR=14.708384, dPhi=0.098244, dx=4.634611, dy=14.098757 (tid=1) 
AAA FTT closest-V dPhi=0.0982(<0.1200) dR=14.708(< 30.0) dx= 4.635 dy=14.099(< 7.50) tid=1 -> ACCEPT
AAA FTT result: 1 hits added (H:REJECT V:ACCEPT)
StFwdTrackMaker:INFO  -  Found #FTT strips on plane #1 = [1]
StFwdTrackMaker:INFO  - Found 4 existing seed points
StFwdTrackMaker:INFO  - Adding 1 new FTT seed points
StFwdTrackMaker:INFO  - Looking for FTT strips near projected state on disk 2
StFwdTrackMaker:INFO  - There are 2 available FTT strips on this disk
AAA FTT proj z= 312.25  x= -6.874 y=-12.313  r= 14.101 phi=-2.0800  sigU=1357.931 sigV= 2.777
AAA FTT momentum at proj: pT= 0.000 eta= 3.477 phi=-2.3688  px= -0.000 py= -0.000 pz=  0.005
AAA FTT search thresholds: dPhi<0.1200 dR<30.00 dx<7.50 dy<7.50  nHits=2
findFttHitsNearProjectedState, msp = (-6.873845, -12.312639)
	 vs. hit@(-9.344719+/-4.330127, -22.573395+/-0.010000) => dx=2.470874, dy=10.260756, dR=10.329719, dPhi=0.116683 (tid=1), strip=horizontal
AAA FTT hit H pos=( -9.345+/-4.33, -22.573+/-0.01)  dx= 2.471 dy=10.261 dR=10.330 dPhi=0.1167 (tid=1)  dPhi:OK dR:OK XY:OK
	 vs. hit@(-12.060439+/-0.010000, -23.518124+/-4.330127) => dx=5.186594, dy=11.205484, dR=12.328769, dPhi=0.035328 (tid=1), strip=vertical
AAA FTT hit V pos=(-12.060+/-0.01, -23.518+/-4.33)  dx= 5.187 dy=11.205 dR=12.329 dPhi=0.0353 (tid=1)  dPhi:OK dR:OK XY:OK
StFwdTrackMaker:INFO  - Adding horizontal strip hit with dPhi = 0.116683, dR = 10.3297, dx = 2.47087, dy = 10.2608
StFwdTrackMaker:INFO  - Adding vertical strip hit with dPhi = 0.0353278, dR = 12.3288, dx = 5.18659, dy = 11.2055
StFwdTrackMaker:INFO  - Closest horizontal FTT strip to FST state: dR=10.329719, dPhi=0.116683, dx=2.470874, dy=10.260756 (tid=1) 
AAA FTT closest-H dPhi=0.1167(<0.1200) dR=10.330(< 30.0) dx= 2.471 dy=10.261(< 7.50) tid=1 -> ACCEPT
StFwdTrackMaker:INFO  - Closest vertical FTT strip to FST state: dR=12.328769, dPhi=0.035328, dx=5.186594, dy=11.205484 (tid=1) 
AAA FTT closest-V dPhi=0.0353(<0.1200) dR=12.329(< 30.0) dx= 5.187 dy=11.205(< 7.50) tid=1 -> ACCEPT
AAA FTT result: 2 hits added (H:ACCEPT V:ACCEPT)
StFwdTrackMaker:INFO  -  Found #FTT strips on plane #2 = [2]
StFwdTrackMaker:INFO  - Found 5 existing seed points
StFwdTrackMaker:INFO  - Adding 2 new FTT seed points
StFwdTrackMaker:INFO  - Looking for FTT strips near projected state on disk 3
StFwdTrackMaker:INFO  - There are 2 available FTT strips on this disk
AAA FTT proj z= 312.25  x= -6.874 y=-12.313  r= 14.101 phi=-2.0800  sigU=1357.931 sigV= 3.676
AAA FTT momentum at proj: pT= 0.000 eta= 3.477 phi=-2.3688  px= -0.000 py= -0.000 pz=  0.005
AAA FTT search thresholds: dPhi<0.1200 dR<30.00 dx<7.50 dy<7.50  nHits=2
findFttHitsNearProjectedState, msp = (-6.873845, -12.312639)
AAA FTT hit H pos=( -8.079+/-4.33, -23.718+/-0.01)  dx= 1.205 dy=11.405 dR=10.954 dPhi=0.1809 (tid=1)  dPhi:FAIL dR:OK XY:OK
	 vs. hit@(-12.689061+/-0.010000, -27.480450+/-4.330127) => dx=5.815216, dy=15.167811, dR=16.167140, dPhi=0.076594 (tid=1), strip=vertical
AAA FTT hit V pos=(-12.689+/-0.01, -27.480+/-4.33)  dx= 5.815 dy=15.168 dR=16.167 dPhi=0.0766 (tid=1)  dPhi:OK dR:OK XY:OK
StFwdTrackMaker:INFO  - Adding vertical strip hit with dPhi = 0.0765935, dR = 16.1671, dx = 5.81522, dy = 15.1678
StFwdTrackMaker:INFO  - Closest horizontal FTT strip to FST state: dR=10.954323, dPhi=0.180887, dx=1.204693, dy=11.405052 (tid=1) 
AAA FTT closest-H dPhi=0.1809(<0.1200) dR=10.954(< 30.0) dx= 1.205 dy=11.405(< 7.50) tid=1 -> REJECT
StFwdTrackMaker:INFO  - Closest vertical FTT strip to FST state: dR=16.167140, dPhi=0.076594, dx=5.815216, dy=15.167811 (tid=1) 
AAA FTT closest-V dPhi=0.0766(<0.1200) dR=16.167(< 30.0) dx= 5.815 dy=15.168(< 7.50) tid=1 -> ACCEPT
AAA FTT result: 1 hits added (H:REJECT V:ACCEPT)
StFwdTrackMaker:INFO  -  Found #FTT strips on plane #3 = [1]
StFwdTrackMaker:INFO  - Found 7 existing seed points
StFwdTrackMaker:INFO  - Adding 1 new FTT seed points
StFwdTrackMaker:INFO  - Closest EPD hit to state: dR=-3.356596, dPhi=-0.167615
StFwdTrackMaker:INFO  - GenFitTrackResult::mIdTruth = 1, QaTruth = 1
The points are collinear, curvature is undefined.
p1 = -5.95999, -10.9877
p2 = -5.91499, -11.0119
p3 = -5.91499, -11.0119
The points are collinear, curvature is undefined.
p1 = -5.91499, -11.0119
p2 = -5.91499, -11.0119
p3 = -8.38262, -20.343
The points are collinear, curvature is undefined.
p1 = -5.91499, -11.0119
p2 = -5.91499, -11.0119
p3 = -11.5085, -26.4114
The points are collinear, curvature is undefined.
p1 = -5.91499, -11.0119
p2 = -5.91499, -11.0119
p3 = -9.34472, -22.5734
The points are collinear, curvature is undefined.
p1 = -5.91499, -11.0119
p2 = -5.91499, -11.0119
p3 = -12.0604, -23.5181
The points are collinear, curvature is undefined.
p1 = -5.91499, -11.0119
p2 = -5.91499, -11.0119
p3 = -12.6891, -27.4804
StFwdTrackMaker:INFO  - GenericFitSeeder::makeSeed::Curvature: 0.0516901
StFwdTrackMaker:INFO  - GenericFitSeeder::makeSeed::pt = 0.0289988
StFwdTrackMaker:INFO  - Note: Using externally provided seed momentum
StFwdTrackMaker:INFO  - Track Setup complete, track has 8 points
StFwdTrackMaker:INFO  -  sorting changed track points: 0
StFwdTrackMaker:INFO  - Fit status:  1
StFwdTrackMaker:INFO  - -Fit pvalue: 0.987935
StFwdTrackMaker:INFO  - -Fit Chi2:   3.19213
StFwdTrackMaker:INFO  - -Fit Chi2:   3.19213
StFwdTrackMaker:INFO  - Track fit charge: 1Fit momentum: -0.328687, -0.644639, 9.74525
StFwdTrackMaker:INFO  - 	Fit Pt: 0.723598, eta: 3.29482, phi: -2.04231
StFwdTrackMaker:INFO  - Track fit update complete!
StFwdTrackMaker:INFO  - Track Reps: 1
StFwdTrackMaker:INFO  - Track Rep 0 
genfit::AbsTrackRep, pdgCode = 211. PropDir = 0
fitStatus 
 track has been fitted, fit has converged fully, 0 TrackPoints could not be processed, fitted charge = 1, PruneFlags: 
 track has been fitted with reference track, numIterations = 11, track length = 216.017, fChi2 = 3.19212, bChi2 = 3.19213, fNdf = 11, bNdf = 11, fPVal = 0.987935, bPVal = 0.987935

StFwdTrackMaker:INFO  - GenFitTrackResult::mIdTruth = 1, QaTruth = 1
StFwdTrackMaker:INFO  - GTR Setting momentum from track
StFwdTrackMaker:INFO  - --isFitConvergedPartially() = 1
StFwdTrackMaker:INFO  - --isFitConverged() = 1
StFwdTrackMaker:INFO  - --isFitConvergedFully() = 1
StFwdTrackMaker:INFO  - Global track fitting completed, found 1 global tracks from 1 track seed candidates
StFwdTrackMaker:INFO  - >>doBeamlineTrackFitting( #globals = 1 )
StFwdTrackMaker:INFO  - doBeamlineTrackFitting>>0 McId=1 with Beamline, seed already has: 8 hits
StFwdTrackMaker:INFO  - mBeamlineHit: 0, 0, 0
StFwdTrackMaker:INFO  - This fit is for a global that converged? = 1
StFwdTrackMaker:INFO  - GenFitTrackResult::mIdTruth = 1, QaTruth = 0.888889
The points are collinear, curvature is undefined.
p1 = 0, 0
p2 = -5.91499, -11.0119
p3 = -5.91499, -11.0119
The points are collinear, curvature is undefined.
p1 = -5.95999, -10.9877
p2 = -5.91499, -11.0119
p3 = -5.91499, -11.0119
The points are collinear, curvature is undefined.
p1 = -5.91499, -11.0119
p2 = -5.91499, -11.0119
p3 = -8.38262, -20.343
The points are collinear, curvature is undefined.
p1 = -5.91499, -11.0119
p2 = -5.91499, -11.0119
p3 = -11.5085, -26.4114
The points are collinear, curvature is undefined.
p1 = -5.91499, -11.0119
p2 = -5.91499, -11.0119
p3 = -9.34472, -22.5734
The points are collinear, curvature is undefined.
p1 = -5.91499, -11.0119
p2 = -5.91499, -11.0119
p3 = -12.0604, -23.5181
The points are collinear, curvature is undefined.
p1 = -5.91499, -11.0119
p2 = -5.91499, -11.0119
p3 = -12.6891, -27.4804
StFwdTrackMaker:INFO  - GenericFitSeeder::makeSeed::Curvature: 0.0013356
StFwdTrackMaker:INFO  - GenericFitSeeder::makeSeed::pt = 1.1223
StFwdTrackMaker:INFO  - Track Setup complete, track has 9 points
StFwdTrackMaker:INFO  -  sorting changed track points: 0
StFwdTrackMaker:INFO  - Fit status:  1
StFwdTrackMaker:INFO  - -Fit pvalue: 0.995041
StFwdTrackMaker:INFO  - -Fit Chi2:   3.55918
StFwdTrackMaker:INFO  - -Fit Chi2:   3.55918
StFwdTrackMaker:INFO  - Track fit charge: -1Fit momentum: -10.4971, -19.843, 302.658
StFwdTrackMaker:INFO  - 	Fit Pt: 22.4485, eta: 3.2959, phi: -2.05738
StFwdTrackMaker:INFO  - Track fit update complete!
StFwdTrackMaker:INFO  - Track Reps: 1
StFwdTrackMaker:INFO  - Track Rep 0 
genfit::AbsTrackRep, pdgCode = 211. PropDir = 0
fitStatus 
 track has been fitted, fit has converged fully, 0 TrackPoints could not be processed, fitted charge = -1, PruneFlags: 
 track has been fitted with reference track, numIterations = 3, track length = 364.998, fChi2 = 3.55918, bChi2 = 3.55918, fNdf = 13, bNdf = 13, fPVal = 0.995041, bPVal = 0.995041

StFwdTrackMaker:INFO  - GenFitTrackResult::mIdTruth = 1, QaTruth = 0.888889
StFwdTrackMaker:INFO  - GTR Setting momentum from track
StFwdTrackMaker:INFO  - --isFitConvergedPartially() = 1
StFwdTrackMaker:INFO  - --isFitConverged() = 1
StFwdTrackMaker:INFO  - --isFitConvergedFully() = 1
StFwdTrackMaker:INFO  - SEED momentum:-0.328687, -0.644639, 9.74525
StFwdTrackMaker:INFO  - 	Initial Beamline fit completed, now refitting with additional hits
StFwdTrackMaker:INFO  - Looking for FTT strips near projected state on disk 0
StFwdTrackMaker:INFO  - There are 2 available FTT strips on this disk
AAA FTT proj z= 312.25  x=-10.846 y=-20.343  r= 23.054 phi=-2.0606  sigU= 0.098 sigV= 0.000
AAA FTT momentum at proj: pT=22.448 eta= 3.296 phi=-2.0560  px=-10.470 py=-19.857 pz=302.658
AAA FTT search thresholds: dPhi<0.1200 dR<30.00 dx<7.50 dy<7.50  nHits=2
findFttHitsNearProjectedState, msp = (-10.845936, -20.342835)
	 vs. hit@(-8.382616+/-4.330127, -20.343037+/-0.010000) => dx=2.463320, dy=0.000202, dR=1.051090, dPhi=0.098958 (tid=1), strip=horizontal
AAA FTT hit H pos=( -8.383+/-4.33, -20.343+/-0.01)  dx= 2.463 dy= 0.000 dR= 1.051 dPhi=0.0990 (tid=1)  dPhi:OK dR:OK XY:OK
AAA FTT hit V pos=(-10.911+/-0.01, -13.434+/-4.33)  dx= 0.065 dy= 6.909 dR= 5.746 dPhi=0.1923 (tid=1)  dPhi:FAIL dR:OK XY:OK
StFwdTrackMaker:INFO  - Adding horizontal strip hit with dPhi = 0.0989582, dR = 1.05109, dx = 2.46332, dy = 0.000201585
StFwdTrackMaker:INFO  - Closest horizontal FTT strip to FST state: dR=1.051090, dPhi=0.098958, dx=2.463320, dy=0.000202 (tid=1) 
AAA FTT closest-H dPhi=0.0990(<0.1200) dR= 1.051(< 30.0) dx= 2.463 dy= 0.000(< 7.50) tid=1 -> ACCEPT
StFwdTrackMaker:INFO  - Closest vertical FTT strip to FST state: dR=5.746451, dPhi=0.192321, dx=0.065433, dy=6.908661 (tid=1) 
AAA FTT closest-V dPhi=0.1923(<0.1200) dR= 5.746(< 30.0) dx= 0.065 dy= 6.909(< 7.50) tid=1 -> REJECT
AAA FTT result: 1 hits added (H:ACCEPT V:REJECT)
StFwdTrackMaker:INFO  -  Found #FTT strips on plane #0 = [1]
StFwdTrackMaker:INFO  - Found 9 existing seed points
StFwdTrackMaker:INFO  - Adding 1 new FTT seed points
StFwdTrackMaker:INFO  - Hit already in seed, skipping
StFwdTrackMaker:INFO  - Looking for FTT strips near projected state on disk 1
StFwdTrackMaker:INFO  - There are 2 available FTT strips on this disk
AAA FTT proj z= 312.25  x=-10.846 y=-20.343  r= 23.054 phi=-2.0606  sigU= 0.098 sigV= 0.000
AAA FTT momentum at proj: pT=22.448 eta= 3.296 phi=-2.0560  px=-10.470 py=-19.857 pz=302.658
AAA FTT search thresholds: dPhi<0.1200 dR<30.00 dx<7.50 dy<7.50  nHits=2
findFttHitsNearProjectedState, msp = (-10.845936, -20.342835)
AAA FTT hit H pos=( -5.967+/-4.33, -21.500+/-0.01)  dx= 4.878 dy= 1.157 dR= 0.741 dPhi=0.2191 (tid=1)  dPhi:FAIL dR:OK XY:OK
	 vs. hit@(-11.508456+/-0.010000, -26.411396+/-4.330127) => dx=0.662521, dy=6.068561, dR=5.756301, dPhi=0.078890 (tid=1), strip=vertical
AAA FTT hit V pos=(-11.508+/-0.01, -26.411+/-4.33)  dx= 0.663 dy= 6.069 dR= 5.756 dPhi=0.0789 (tid=1)  dPhi:OK dR:OK XY:OK
StFwdTrackMaker:INFO  - Adding vertical strip hit with dPhi = 0.0788896, dR = 5.7563, dx = 0.662521, dy = 6.06856
StFwdTrackMaker:INFO  - Closest horizontal FTT strip to FST state: dR=0.740731, dPhi=0.219079, dx=4.878460, dy=1.157171 (tid=1) 
AAA FTT closest-H dPhi=0.2191(<0.1200) dR= 0.741(< 30.0) dx= 4.878 dy= 1.157(< 7.50) tid=1 -> REJECT
StFwdTrackMaker:INFO  - Closest vertical FTT strip to FST state: dR=5.756301, dPhi=0.078890, dx=0.662521, dy=6.068561 (tid=1) 
AAA FTT closest-V dPhi=0.0789(<0.1200) dR= 5.756(< 30.0) dx= 0.663 dy= 6.069(< 7.50) tid=1 -> ACCEPT
AAA FTT result: 1 hits added (H:REJECT V:ACCEPT)
StFwdTrackMaker:INFO  -  Found #FTT strips on plane #1 = [1]
StFwdTrackMaker:INFO  - Found 9 existing seed points
StFwdTrackMaker:INFO  - Adding 1 new FTT seed points
StFwdTrackMaker:INFO  - Hit already in seed, skipping
StFwdTrackMaker:INFO  - Looking for FTT strips near projected state on disk 2
StFwdTrackMaker:INFO  - There are 2 available FTT strips on this disk
AAA FTT proj z= 312.25  x=-10.846 y=-20.343  r= 23.054 phi=-2.0606  sigU= 0.098 sigV= 0.000
AAA FTT momentum at proj: pT=22.448 eta= 3.296 phi=-2.0560  px=-10.470 py=-19.857 pz=302.658
AAA FTT search thresholds: dPhi<0.1200 dR<30.00 dx<7.50 dy<7.50  nHits=2
findFttHitsNearProjectedState, msp = (-10.845936, -20.342835)
	 vs. hit@(-9.344719+/-4.330127, -22.573395+/-0.010000) => dx=1.501217, dy=2.230560, dR=1.377637, dPhi=0.097329 (tid=1), strip=horizontal
AAA FTT hit H pos=( -9.345+/-4.33, -22.573+/-0.01)  dx= 1.501 dy= 2.231 dR= 1.378 dPhi=0.0973 (tid=1)  dPhi:OK dR:OK XY:OK
	 vs. hit@(-12.060439+/-0.010000, -23.518124+/-4.330127) => dx=1.214503, dy=3.175289, dR=3.376686, dPhi=0.015974 (tid=1), strip=vertical
AAA FTT hit V pos=(-12.060+/-0.01, -23.518+/-4.33)  dx= 1.215 dy= 3.175 dR= 3.377 dPhi=0.0160 (tid=1)  dPhi:OK dR:OK XY:OK
StFwdTrackMaker:INFO  - Adding horizontal strip hit with dPhi = 0.0973289, dR = 1.37764, dx = 1.50122, dy = 2.23056
StFwdTrackMaker:INFO  - Adding vertical strip hit with dPhi = 0.0159737, dR = 3.37669, dx = 1.2145, dy = 3.17529
StFwdTrackMaker:INFO  - Closest horizontal FTT strip to FST state: dR=1.377637, dPhi=0.097329, dx=1.501217, dy=2.230560 (tid=1) 
AAA FTT closest-H dPhi=0.0973(<0.1200) dR= 1.378(< 30.0) dx= 1.501 dy= 2.231(< 7.50) tid=1 -> ACCEPT
StFwdTrackMaker:INFO  - Closest vertical FTT strip to FST state: dR=3.376686, dPhi=0.015974, dx=1.214503, dy=3.175289 (tid=1) 
AAA FTT closest-V dPhi=0.0160(<0.1200) dR= 3.377(< 30.0) dx= 1.215 dy= 3.175(< 7.50) tid=1 -> ACCEPT
AAA FTT result: 2 hits added (H:ACCEPT V:ACCEPT)
StFwdTrackMaker:INFO  -  Found #FTT strips on plane #2 = [2]
StFwdTrackMaker:INFO  - Found 9 existing seed points
StFwdTrackMaker:INFO  - Adding 2 new FTT seed points
StFwdTrackMaker:INFO  - Hit already in seed, skipping
StFwdTrackMaker:INFO  - Hit already in seed, skipping
StFwdTrackMaker:INFO  - Looking for FTT strips near projected state on disk 3
StFwdTrackMaker:INFO  - There are 2 available FTT strips on this disk
AAA FTT proj z= 312.25  x=-10.846 y=-20.343  r= 23.054 phi=-2.0606  sigU= 0.098 sigV= 0.000
AAA FTT momentum at proj: pT=22.448 eta= 3.296 phi=-2.0560  px=-10.470 py=-19.857 pz=302.658
AAA FTT search thresholds: dPhi<0.1200 dR<30.00 dx<7.50 dy<7.50  nHits=2
findFttHitsNearProjectedState, msp = (-10.845936, -20.342835)
AAA FTT hit H pos=( -8.079+/-4.33, -23.718+/-0.01)  dx= 2.767 dy= 3.375 dR= 2.002 dPhi=0.1615 (tid=1)  dPhi:FAIL dR:OK XY:OK
	 vs. hit@(-12.689061+/-0.010000, -27.480450+/-4.330127) => dx=1.843126, dy=7.137615, dR=7.215057, dPhi=0.057239 (tid=1), strip=vertical
AAA FTT hit V pos=(-12.689+/-0.01, -27.480+/-4.33)  dx= 1.843 dy= 7.138 dR= 7.215 dPhi=0.0572 (tid=1)  dPhi:OK dR:OK XY:OK
StFwdTrackMaker:INFO  - Adding vertical strip hit with dPhi = 0.0572394, dR = 7.21506, dx = 1.84313, dy = 7.13761
StFwdTrackMaker:INFO  - Closest horizontal FTT strip to FST state: dR=2.002241, dPhi=0.161533, dx=2.767398, dy=3.374856 (tid=1) 
AAA FTT closest-H dPhi=0.1615(<0.1200) dR= 2.002(< 30.0) dx= 2.767 dy= 3.375(< 7.50) tid=1 -> REJECT
StFwdTrackMaker:INFO  - Closest vertical FTT strip to FST state: dR=7.215057, dPhi=0.057239, dx=1.843126, dy=7.137615 (tid=1) 
AAA FTT closest-V dPhi=0.0572(<0.1200) dR= 7.215(< 30.0) dx= 1.843 dy= 7.138(< 7.50) tid=1 -> ACCEPT
AAA FTT result: 1 hits added (H:REJECT V:ACCEPT)
StFwdTrackMaker:INFO  -  Found #FTT strips on plane #3 = [1]
StFwdTrackMaker:INFO  - Found 9 existing seed points
StFwdTrackMaker:INFO  - Adding 1 new FTT seed points
StFwdTrackMaker:INFO  - Hit already in seed, skipping
StFwdTrackMaker:INFO  - Closest EPD hit to state: dR=1.612407, dPhi=-0.096369
StFwdTrackMaker:INFO  - GenFitTrackResult::mIdTruth = 1, QaTruth = 0.888889
The points are collinear, curvature is undefined.
p1 = 0, 0
p2 = -5.91499, -11.0119
p3 = -5.91499, -11.0119
The points are collinear, curvature is undefined.
p1 = -5.95999, -10.9877
p2 = -5.91499, -11.0119
p3 = -5.91499, -11.0119
The points are collinear, curvature is undefined.
p1 = -5.91499, -11.0119
p2 = -5.91499, -11.0119
p3 = -8.38262, -20.343
The points are collinear, curvature is undefined.
p1 = -5.91499, -11.0119
p2 = -5.91499, -11.0119
p3 = -11.5085, -26.4114
The points are collinear, curvature is undefined.
p1 = -5.91499, -11.0119
p2 = -5.91499, -11.0119
p3 = -9.34472, -22.5734
The points are collinear, curvature is undefined.
p1 = -5.91499, -11.0119
p2 = -5.91499, -11.0119
p3 = -12.0604, -23.5181
The points are collinear, curvature is undefined.
p1 = -5.91499, -11.0119
p2 = -5.91499, -11.0119
p3 = -12.6891, -27.4804
StFwdTrackMaker:INFO  - GenericFitSeeder::makeSeed::Curvature: 0.0013356
StFwdTrackMaker:INFO  - GenericFitSeeder::makeSeed::pt = 1.1223
StFwdTrackMaker:INFO  - Note: Using externally provided seed momentum
StFwdTrackMaker:INFO  - Track Setup complete, track has 9 points
StFwdTrackMaker:INFO  -  sorting changed track points: 0
StFwdTrackMaker:INFO  - Fit status:  1
StFwdTrackMaker:INFO  - -Fit pvalue: 0.995041
StFwdTrackMaker:INFO  - -Fit Chi2:   3.55918
StFwdTrackMaker:INFO  - -Fit Chi2:   3.55918
StFwdTrackMaker:INFO  - Track fit charge: -1Fit momentum: -10.5028, -19.8537, 302.82
StFwdTrackMaker:INFO  - 	Fit Pt: 22.4605, eta: 3.2959, phi: -2.05738
StFwdTrackMaker:INFO  - Track fit update complete!
StFwdTrackMaker:INFO  - Track Reps: 1
StFwdTrackMaker:INFO  - Track Rep 0 
genfit::AbsTrackRep, pdgCode = 211. PropDir = 0
fitStatus 
 track has been fitted, fit has converged fully, 0 TrackPoints could not be processed, fitted charge = -1, PruneFlags: 
 track has been fitted with reference track, numIterations = 2, track length = 364.995, fChi2 = 3.55918, bChi2 = 3.55918, fNdf = 13, bNdf = 13, fPVal = 0.995041, bPVal = 0.995041

StFwdTrackMaker:INFO  - GenFitTrackResult::mIdTruth = 1, QaTruth = 0.888889
StFwdTrackMaker:INFO  - GTR Setting momentum from track
StFwdTrackMaker:INFO  - --isFitConvergedPartially() = 1
StFwdTrackMaker:INFO  - --isFitConverged() = 1
StFwdTrackMaker:INFO  - --isFitConvergedFully() = 1
StFwdTrackMaker:INFO  - >>doPrimaryTrackFitting( #globals = 1 )
StFwdTrackMaker:INFO  - Refitting Track 0, McId=1 with Primary Vertex, seed already has: 8 hits
StFwdTrackMaker:INFO  - mEventVertexHit: 0, 0, 0
StFwdTrackMaker:INFO  - This fit is for a global that converged? = 1
StFwdTrackMaker:INFO  - GenFitTrackResult::mIdTruth = 1, QaTruth = 0.888889
The points are collinear, curvature is undefined.
p1 = 0, 0
p2 = -5.91499, -11.0119
p3 = -5.91499, -11.0119
The points are collinear, curvature is undefined.
p1 = -5.95999, -10.9877
p2 = -5.91499, -11.0119
p3 = -5.91499, -11.0119
The points are collinear, curvature is undefined.
p1 = -5.91499, -11.0119
p2 = -5.91499, -11.0119
p3 = -8.38262, -20.343
The points are collinear, curvature is undefined.
p1 = -5.91499, -11.0119
p2 = -5.91499, -11.0119
p3 = -11.5085, -26.4114
The points are collinear, curvature is undefined.
p1 = -5.91499, -11.0119
p2 = -5.91499, -11.0119
p3 = -9.34472, -22.5734
The points are collinear, curvature is undefined.
p1 = -5.91499, -11.0119
p2 = -5.91499, -11.0119
p3 = -12.0604, -23.5181
The points are collinear, curvature is undefined.
p1 = -5.91499, -11.0119
p2 = -5.91499, -11.0119
p3 = -12.6891, -27.4804
StFwdTrackMaker:INFO  - GenericFitSeeder::makeSeed::Curvature: 0.0013356
StFwdTrackMaker:INFO  - GenericFitSeeder::makeSeed::pt = 1.1223
StFwdTrackMaker:INFO  - Note: Using externally provided seed momentum
StFwdTrackMaker:INFO  - Track Setup complete, track has 9 points
StFwdTrackMaker:INFO  -  sorting changed track points: 0
StFwdTrackMaker:INFO  - Fit status:  1
StFwdTrackMaker:INFO  - -Fit pvalue: 0.989584
StFwdTrackMaker:INFO  - -Fit Chi2:   4.1421
StFwdTrackMaker:INFO  - -Fit Chi2:   4.1421
StFwdTrackMaker:INFO  - Track fit charge: -1Fit momentum: -1.01028, -1.85814, 28.6323
StFwdTrackMaker:INFO  - 	Fit Pt: 2.11503, eta: 3.29998, phi: -2.06879
StFwdTrackMaker:INFO  - Track fit update complete!
StFwdTrackMaker:INFO  - Track Reps: 1
StFwdTrackMaker:INFO  - Track Rep 0 
genfit::AbsTrackRep, pdgCode = 211. PropDir = 0
fitStatus 
 track has been fitted, fit has converged fully, 0 TrackPoints could not be processed, fitted charge = -1, PruneFlags: 
 track has been fitted with reference track, numIterations = 3, track length = 366.428, fChi2 = 4.1421, bChi2 = 4.1421, fNdf = 13, bNdf = 13, fPVal = 0.989584, bPVal = 0.989584

StFwdTrackMaker:INFO  - GenFitTrackResult::mIdTruth = 1, QaTruth = 0.888889
StFwdTrackMaker:INFO  - GTR Setting momentum from track
StFwdTrackMaker:INFO  - --isFitConvergedPartially() = 1
StFwdTrackMaker:INFO  - --isFitConverged() = 1
StFwdTrackMaker:INFO  - --isFitConvergedFully() = 1
StFwdTrackMaker:INFO  - 	Initial fit complete, now refitting with additional points
StFwdTrackMaker:INFO  - Looking for FTT strips near projected state on disk 0
StFwdTrackMaker:INFO  - There are 2 available FTT strips on this disk
AAA FTT proj z= 312.25  x=-10.853 y=-20.347  r= 23.061 phi=-2.0608  sigU= 0.021 sigV= 0.000
AAA FTT momentum at proj: pT= 2.115 eta= 3.300 phi=-2.0544  px= -0.983 py= -1.872 pz= 28.632
AAA FTT search thresholds: dPhi<0.1200 dR<30.00 dx<7.50 dy<7.50  nHits=2
findFttHitsNearProjectedState, msp = (-10.853107, -20.347085)
	 vs. hit@(-8.382616+/-4.330127, -20.343037+/-0.010000) => dx=2.470491, dy=0.004049, dR=1.058214, dPhi=0.099146 (tid=1), strip=horizontal
AAA FTT hit H pos=( -8.383+/-4.33, -20.343+/-0.01)  dx= 2.470 dy= 0.004 dR= 1.058 dPhi=0.0991 (tid=1)  dPhi:OK dR:OK XY:OK
AAA FTT hit V pos=(-10.911+/-0.01, -13.434+/-4.33)  dx= 0.058 dy= 6.913 dR= 5.754 dPhi=0.1921 (tid=1)  dPhi:FAIL dR:OK XY:OK
StFwdTrackMaker:INFO  - Adding horizontal strip hit with dPhi = 0.0991459, dR = 1.05821, dx = 2.47049, dy = 0.00404856
StFwdTrackMaker:INFO  - Closest horizontal FTT strip to FST state: dR=1.058214, dPhi=0.099146, dx=2.470491, dy=0.004049 (tid=1) 
AAA FTT closest-H dPhi=0.0991(<0.1200) dR= 1.058(< 30.0) dx= 2.470 dy= 0.004(< 7.50) tid=1 -> ACCEPT
StFwdTrackMaker:INFO  - Closest vertical FTT strip to FST state: dR=5.753576, dPhi=0.192134, dx=0.058261, dy=6.912912 (tid=1) 
AAA FTT closest-V dPhi=0.1921(<0.1200) dR= 5.754(< 30.0) dx= 0.058 dy= 6.913(< 7.50) tid=1 -> REJECT
AAA FTT result: 1 hits added (H:ACCEPT V:REJECT)
StFwdTrackMaker:INFO  -  Found #FTT strips on plane #0 = [1]
StFwdTrackMaker:INFO  - Found 9 existing seed points
StFwdTrackMaker:INFO  - Adding 1 new FTT seed points
StFwdTrackMaker:INFO  - Hit already in seed, skipping
StFwdTrackMaker:INFO  - Looking for FTT strips near projected state on disk 1
StFwdTrackMaker:INFO  - There are 2 available FTT strips on this disk
AAA FTT proj z= 312.25  x=-10.853 y=-20.347  r= 23.061 phi=-2.0608  sigU= 0.021 sigV= 0.000
AAA FTT momentum at proj: pT= 2.115 eta= 3.300 phi=-2.0544  px= -0.983 py= -1.872 pz= 28.632
AAA FTT search thresholds: dPhi<0.1200 dR<30.00 dx<7.50 dy<7.50  nHits=2
findFttHitsNearProjectedState, msp = (-10.853107, -20.347085)
AAA FTT hit H pos=( -5.967+/-4.33, -21.500+/-0.01)  dx= 4.886 dy= 1.153 dR= 0.748 dPhi=0.2193 (tid=1)  dPhi:FAIL dR:OK XY:OK
	 vs. hit@(-11.508456+/-0.010000, -26.411396+/-4.330127) => dx=0.655349, dy=6.064311, dR=5.749177, dPhi=0.079077 (tid=1), strip=vertical
AAA FTT hit V pos=(-11.508+/-0.01, -26.411+/-4.33)  dx= 0.655 dy= 6.064 dR= 5.749 dPhi=0.0791 (tid=1)  dPhi:OK dR:OK XY:OK
StFwdTrackMaker:INFO  - Adding vertical strip hit with dPhi = 0.0790774, dR = 5.74918, dx = 0.655349, dy = 6.06431
StFwdTrackMaker:INFO  - Closest horizontal FTT strip to FST state: dR=0.747856, dPhi=0.219266, dx=4.885632, dy=1.152921 (tid=1) 
AAA FTT closest-H dPhi=0.2193(<0.1200) dR= 0.748(< 30.0) dx= 4.886 dy= 1.153(< 7.50) tid=1 -> REJECT
StFwdTrackMaker:INFO  - Closest vertical FTT strip to FST state: dR=5.749177, dPhi=0.079077, dx=0.655349, dy=6.064311 (tid=1) 
AAA FTT closest-V dPhi=0.0791(<0.1200) dR= 5.749(< 30.0) dx= 0.655 dy= 6.064(< 7.50) tid=1 -> ACCEPT
AAA FTT result: 1 hits added (H:REJECT V:ACCEPT)
StFwdTrackMaker:INFO  -  Found #FTT strips on plane #1 = [1]
StFwdTrackMaker:INFO  - Found 9 existing seed points
StFwdTrackMaker:INFO  - Adding 1 new FTT seed points
StFwdTrackMaker:INFO  - Hit already in seed, skipping
StFwdTrackMaker:INFO  - Looking for FTT strips near projected state on disk 2
StFwdTrackMaker:INFO  - There are 2 available FTT strips on this disk
AAA FTT proj z= 312.25  x=-10.853 y=-20.347  r= 23.061 phi=-2.0608  sigU= 0.021 sigV= 0.000
AAA FTT momentum at proj: pT= 2.115 eta= 3.300 phi=-2.0544  px= -0.983 py= -1.872 pz= 28.632
AAA FTT search thresholds: dPhi<0.1200 dR<30.00 dx<7.50 dy<7.50  nHits=2
findFttHitsNearProjectedState, msp = (-10.853107, -20.347085)
	 vs. hit@(-9.344719+/-4.330127, -22.573395+/-0.010000) => dx=1.508388, dy=2.226310, dR=1.370512, dPhi=0.097517 (tid=1), strip=horizontal
AAA FTT hit H pos=( -9.345+/-4.33, -22.573+/-0.01)  dx= 1.508 dy= 2.226 dR= 1.371 dPhi=0.0975 (tid=1)  dPhi:OK dR:OK XY:OK
	 vs. hit@(-12.060439+/-0.010000, -23.518124+/-4.330127) => dx=1.207332, dy=3.171038, dR=3.369561, dPhi=0.016161 (tid=1), strip=vertical
AAA FTT hit V pos=(-12.060+/-0.01, -23.518+/-4.33)  dx= 1.207 dy= 3.171 dR= 3.370 dPhi=0.0162 (tid=1)  dPhi:OK dR:OK XY:OK
StFwdTrackMaker:INFO  - Adding horizontal strip hit with dPhi = 0.0975166, dR = 1.37051, dx = 1.50839, dy = 2.22631
StFwdTrackMaker:INFO  - Adding vertical strip hit with dPhi = 0.0161614, dR = 3.36956, dx = 1.20733, dy = 3.17104
StFwdTrackMaker:INFO  - Closest horizontal FTT strip to FST state: dR=1.370512, dPhi=0.097517, dx=1.508388, dy=2.226310 (tid=1) 
AAA FTT closest-H dPhi=0.0975(<0.1200) dR= 1.371(< 30.0) dx= 1.508 dy= 2.226(< 7.50) tid=1 -> ACCEPT
StFwdTrackMaker:INFO  - Closest vertical FTT strip to FST state: dR=3.369561, dPhi=0.016161, dx=1.207332, dy=3.171038 (tid=1) 
AAA FTT closest-V dPhi=0.0162(<0.1200) dR= 3.370(< 30.0) dx= 1.207 dy= 3.171(< 7.50) tid=1 -> ACCEPT
AAA FTT result: 2 hits added (H:ACCEPT V:ACCEPT)
StFwdTrackMaker:INFO  -  Found #FTT strips on plane #2 = [2]
StFwdTrackMaker:INFO  - Found 9 existing seed points
StFwdTrackMaker:INFO  - Adding 2 new FTT seed points
StFwdTrackMaker:INFO  - Hit already in seed, skipping
StFwdTrackMaker:INFO  - Hit already in seed, skipping
StFwdTrackMaker:INFO  - Looking for FTT strips near projected state on disk 3
StFwdTrackMaker:INFO  - There are 2 available FTT strips on this disk
AAA FTT proj z= 312.25  x=-10.853 y=-20.347  r= 23.061 phi=-2.0608  sigU= 0.021 sigV= 0.000
AAA FTT momentum at proj: pT= 2.115 eta= 3.300 phi=-2.0544  px= -0.983 py= -1.872 pz= 28.632
AAA FTT search thresholds: dPhi<0.1200 dR<30.00 dx<7.50 dy<7.50  nHits=2
findFttHitsNearProjectedState, msp = (-10.853107, -20.347085)
AAA FTT hit H pos=( -8.079+/-4.33, -23.718+/-0.01)  dx= 2.775 dy= 3.371 dR= 1.995 dPhi=0.1617 (tid=1)  dPhi:FAIL dR:OK XY:OK
	 vs. hit@(-12.689061+/-0.010000, -27.480450+/-4.330127) => dx=1.835954, dy=7.133364, dR=7.207932, dPhi=0.057427 (tid=1), strip=vertical
AAA FTT hit V pos=(-12.689+/-0.01, -27.480+/-4.33)  dx= 1.836 dy= 7.133 dR= 7.208 dPhi=0.0574 (tid=1)  dPhi:OK dR:OK XY:OK
StFwdTrackMaker:INFO  - Adding vertical strip hit with dPhi = 0.0574271, dR = 7.20793, dx = 1.83595, dy = 7.13336
StFwdTrackMaker:INFO  - Closest horizontal FTT strip to FST state: dR=1.995116, dPhi=0.161721, dx=2.774569, dy=3.370606 (tid=1) 
AAA FTT closest-H dPhi=0.1617(<0.1200) dR= 1.995(< 30.0) dx= 2.775 dy= 3.371(< 7.50) tid=1 -> REJECT
StFwdTrackMaker:INFO  - Closest vertical FTT strip to FST state: dR=7.207932, dPhi=0.057427, dx=1.835954, dy=7.133364 (tid=1) 
AAA FTT closest-V dPhi=0.0574(<0.1200) dR= 7.208(< 30.0) dx= 1.836 dy= 7.133(< 7.50) tid=1 -> ACCEPT
AAA FTT result: 1 hits added (H:REJECT V:ACCEPT)
StFwdTrackMaker:INFO  -  Found #FTT strips on plane #3 = [1]
StFwdTrackMaker:INFO  - Found 9 existing seed points
StFwdTrackMaker:INFO  - Adding 1 new FTT seed points
StFwdTrackMaker:INFO  - Hit already in seed, skipping
StFwdTrackMaker:INFO  - Closest EPD hit to state: dR=1.600422, dPhi=-0.096427
StFwdTrackMaker:INFO  - GenFitTrackResult::mIdTruth = 1, QaTruth = 0.888889
The points are collinear, curvature is undefined.
p1 = 0, 0
p2 = -5.91499, -11.0119
p3 = -5.91499, -11.0119
The points are collinear, curvature is undefined.
p1 = -5.95999, -10.9877
p2 = -5.91499, -11.0119
p3 = -5.91499, -11.0119
The points are collinear, curvature is undefined.
p1 = -5.91499, -11.0119
p2 = -5.91499, -11.0119
p3 = -8.38262, -20.343
The points are collinear, curvature is undefined.
p1 = -5.91499, -11.0119
p2 = -5.91499, -11.0119
p3 = -11.5085, -26.4114
The points are collinear, curvature is undefined.
p1 = -5.91499, -11.0119
p2 = -5.91499, -11.0119
p3 = -9.34472, -22.5734
The points are collinear, curvature is undefined.
p1 = -5.91499, -11.0119
p2 = -5.91499, -11.0119
p3 = -12.0604, -23.5181
The points are collinear, curvature is undefined.
p1 = -5.91499, -11.0119
p2 = -5.91499, -11.0119
p3 = -12.6891, -27.4804
StFwdTrackMaker:INFO  - GenericFitSeeder::makeSeed::Curvature: 0.0013356
StFwdTrackMaker:INFO  - GenericFitSeeder::makeSeed::pt = 1.1223
StFwdTrackMaker:INFO  - Note: Using externally provided seed momentum
StFwdTrackMaker:INFO  - Track Setup complete, track has 9 points
StFwdTrackMaker:INFO  -  sorting changed track points: 0
StFwdTrackMaker:INFO  - Fit status:  1
StFwdTrackMaker:INFO  - -Fit pvalue: 0.989584
StFwdTrackMaker:INFO  - -Fit Chi2:   4.14211
StFwdTrackMaker:INFO  - -Fit Chi2:   4.14211
StFwdTrackMaker:INFO  - Track fit charge: -1Fit momentum: -1.01031, -1.85819, 28.6332
StFwdTrackMaker:INFO  - 	Fit Pt: 2.11509, eta: 3.29998, phi: -2.06879
StFwdTrackMaker:INFO  - Track fit update complete!
StFwdTrackMaker:INFO  - Track Reps: 1
StFwdTrackMaker:INFO  - Track Rep 0 
genfit::AbsTrackRep, pdgCode = 211. PropDir = 0
fitStatus 
 track has been fitted, fit has converged fully, 0 TrackPoints could not be processed, fitted charge = -1, PruneFlags: 
 track has been fitted with reference track, numIterations = 2, track length = 366.428, fChi2 = 4.14211, bChi2 = 4.14211, fNdf = 13, bNdf = 13, fPVal = 0.989584, bPVal = 0.989584

StFwdTrackMaker:INFO  - GenFitTrackResult::mIdTruth = 1, QaTruth = 0.888889
StFwdTrackMaker:INFO  - GTR Setting momentum from track
StFwdTrackMaker:INFO  - --isFitConvergedPartially() = 1
StFwdTrackMaker:INFO  - --isFitConverged() = 1
StFwdTrackMaker:INFO  - --isFitConvergedFully() = 1
StFwdTrackMaker:INFO  - >>doSecondaryTrackFitting( #globals = 1 )
StFwdTrackMaker:INFO  - FwdVertex: 10, -0.294677, 0.302943, 0.0107882
StFwdTrackMaker:INFO  - 	nTracks: 1
StFwdTrackMaker:INFO  - 	Chi2: -1
StFwdTrackMaker:INFO  - 	Ndf: -1
StFwdTrackMaker:ERROR - TDecompChol::Decompose() : matrix not positive definite
StFwdTrackMaker:WARN  - FwdVertex: 10, covariance matrix is not valid
StFwdTrackMaker:INFO  - <<Fwd Tracking Fit :3 GenFit Tracks
StFwdTrackMaker:INFO  - TAttr::Found : fillevent = 1

StFwdTrackMaker:INFO  - Creating the StFwdTrackCollection
StFwdTrackMaker:INFO  - Processing GenfitTrackResult(type=0): 0 mIsFitConverged=1, mIsFitConvergedPartially=1, mNumFitPoints=8
AAA FCS StraightLine: det=0 xyzdet=(-17.399,-5.26,710.16) norm=(-0.0301896,0,0.999544)
AAA projectAsStraightLine: tv3A=(-19.8553,-37.594,574.4) tv3B=(-21.5655,-40.8852,624.349)
AAA   xyzf=(-17.399,-5.26,710.16) norm=(-0.0301896,0,0.999544)
AAA   tintersection=2.71371 result=(-24.4962,-46.5253,709.946)
AAA FCS StraightLine result: tv3=(-24.4962,-46.5253,709.946)
AAA FCS StraightLine: det=2 xyzdet=(-21.285,1.8,782.63) norm=(-0.0301896,0,0.999544)
AAA projectAsStraightLine: tv3A=(-19.8553,-37.594,574.4) tv3B=(-21.5655,-40.8852,624.349)
AAA   xyzf=(-21.285,1.8,782.63) norm=(-0.0301896,0,0.999544)
AAA   tintersection=4.16546 result=(-26.9789,-51.3032,782.458)
AAA FCS StraightLine result: tv3=(-26.9789,-51.3032,782.458)
StFwdTrackMaker:INFO  - Processing GenfitTrackResult(type=2): 1 mIsFitConverged=1, mIsFitConvergedPartially=1, mNumFitPoints=9
AAA FCS StraightLine: det=0 xyzdet=(-17.399,-5.26,710.16) norm=(-0.0301896,0,0.999544)
AAA projectAsStraightLine: tv3A=(-19.9104,-37.4618,574.399) tv3B=(-21.6389,-40.7213,624.346)
AAA   xyzf=(-17.399,-5.26,710.16) norm=(-0.0301896,0,0.999544)
AAA   tintersection=2.71371 result=(-24.6011,-46.3071,709.942)
AAA FCS StraightLine result: tv3=(-24.6011,-46.3071,709.942)
AAA FCS StraightLine: det=2 xyzdet=(-21.285,1.8,782.63) norm=(-0.0301896,0,0.999544)
AAA projectAsStraightLine: tv3A=(-19.9104,-37.4618,574.399) tv3B=(-21.6389,-40.7213,624.346)
AAA   xyzf=(-21.285,1.8,782.63) norm=(-0.0301896,0,0.999544)
AAA   tintersection=4.16546 result=(-27.1104,-51.039,782.454)
AAA FCS StraightLine result: tv3=(-27.1104,-51.039,782.454)
StFwdTrackMaker:INFO  - Processing GenfitTrackResult(type=1): 2 mIsFitConverged=1, mIsFitConvergedPartially=1, mNumFitPoints=9
AAA FCS StraightLine: det=0 xyzdet=(-17.399,-5.26,710.16) norm=(-0.0301896,0,0.999544)
AAA projectAsStraightLine: tv3A=(-19.9198,-37.5392,574.398) tv3B=(-21.6489,-40.8156,624.346)
AAA   xyzf=(-17.399,-5.26,710.16) norm=(-0.0301896,0,0.999544)
AAA   tintersection=2.71371 result=(-24.6121,-46.4304,709.942)
AAA FCS StraightLine result: tv3=(-24.6121,-46.4304,709.942)
AAA FCS StraightLine: det=2 xyzdet=(-21.285,1.8,782.63) norm=(-0.0301896,0,0.999544)
AAA projectAsStraightLine: tv3A=(-19.9198,-37.5392,574.398) tv3B=(-21.6489,-40.8156,624.346)
AAA   xyzf=(-21.285,1.8,782.63) norm=(-0.0301896,0,0.999544)
AAA   tintersection=4.16546 result=(-27.1224,-51.1869,782.454)
AAA FCS StraightLine result: tv3=(-27.1224,-51.1869,782.454)
StFwdTrackMaker:INFO  - StFwdTrackCollection has 3 tracks now
StFwdTrackMaker:INFO  - StFwdTrackCollection has 3 tracks now
StFwdTrackMaker:INFO  - *** StFwdTrackMaker::Make() == StOK(0) ***
StFcsTrackMatchMaker:INFO  - *** StFcsTrackMatchMaker::Make() == StOK(0) ***
StStrangeMuDstMaker:INFO  - StV0Controller: found 0 V0 candidates
StStrangeMuDstMaker:INFO  - StXiController: found 0 Xi candidates
StStrangeMuDstMaker:INFO  - StKinkController: found 0 Kink candidates
StStrangeMuDstMaker:INFO  - *** StStrangeMuDstMaker::Make() == StOK(0) ***
StMuDstMaker:INFO  - fillMuFtt
StMuDstMaker:INFO  - fillMuFttRawHits
StMuDstMaker:INFO  - fillMuFttPoints
StMuDstMaker:INFO  - fillMuFttClusters
StMuDstMaker:INFO  - StMuDstMaker::fillFwdTrack(StEvent* ev)
StMuDstMaker:INFO  - StMuDSTMaker filling StMuFwdTrackCollection from StEvent
StMuDstMaker:INFO  - Adding 3 StMuFwdTracks to MuDSt
StMuDstMaker:INFO  - *** StMuDstMaker::Make() == StOK(0) ***
StTreeMaker:INFO  - *** StTreeMaker::Make() == StOK(0) ***
StPicoDstMaker:WARN  - No trigger data bank available!
StPicoDstMaker:INFO  - StPicoDstMaker::fillFcsHits filled 30
StPicoDstMaker:INFO  - StPicoDstMaker::fillFcsClusters filled 4
StPicoDstMaker:INFO  - *** StPicoDstMaker::Make() == StOK(0) ***
MEM after Chain::Clear + Make	 total =794.273438 heap =208.580978 and   0.686020( -0.547028)
<---------- END EVENT
--------->START EVENT: 4
MEM before Chain::Clear + Make	 total =794.273438 heap =208.581177 and   0.685730( +0.000198)
St_geant_Maker:INFO  - *** St_geant_Maker::Make() == StOK(0) ***
St_db_Maker:INFO  - *** St_db_Maker::Make() == StOK(0) ***
StMagFMaker:INFO  - *** StMagFMaker::Make() == StOK(0) ***
StDetectorDbMaker:INFO  - *** StDetectorDbMaker::Make() == StOK(0) ***
StTpcDbMaker:INFO  - *** StTpcDbMaker::Make() == StOK(0) ***
StFcsDbMaker:INFO  - *** StFcsDbMaker::Make() == StOK(0) ***
StEventMaker:INFO  - get trigDetSums from Calibrations/rich/trigDetSums
StEventMaker:WARN  - StEventMaker: No StDAQReader found
StEventMaker:INFO  - *** StEventMaker::Make() == StOK(0) ***
StMcEventMaker:INFO  - StMcEventMaker:   g2t_tpc_hit Table Not found 
StMcEventMaker:INFO  - StMcEventMaker:   particle    Table Not found 
StMcEventMaker:INFO  - *** StMcEventMaker::Make() == StOK(0) ***
StFcsFastSimulatorMaker:DEBUG - StFcsFastSimulatorMaker::Make
StFcsFastSimulatorMaker:DEBUG - Creating StFcsCollection
StFcsFastSimulatorMaker:INFO  - TAttr::Found : fcsleakyhcal = 0

StFcsFastSimulatorMaker:INFO  - TAttr::Found : fcshcalzdepeff = 0

StFcsFastSimulatorMaker:INFO  - g2t_wca_hit table has 1 hit
StFcsFastSimulatorMaker:INFO  - ECAL det=1 id=110 volid=2111 e=0.000004
StFcsFastSimulatorMaker:INFO  - g2t_hca_hit table is empty
StFcsFastSimulatorMaker:INFO  - g2t_epd_hit table has 4 hit
StFcsFastSimulatorMaker:INFO  - Pres det=4 id= 17 volid=201030 e=  2.725189
StFcsFastSimulatorMaker:INFO  - Pres det=5 id= 18 volid=212040 e=  2.677972
StFcsFastSimulatorMaker:INFO  - Pres det=5 id= 18 volid=212040 e=  1.930911
StFcsFastSimulatorMaker:INFO  - Pres det=5 id= 18 volid=212040 e=  1.863437
StFcsFastSimulatorMaker:INFO  - Det=1 id=110 dE=   0.000 SF= 0.200 gain= 0.005 corr= 1.000 ADC=   0 ZS= 1 digiE=   0.000
StFcsFastSimulatorMaker:INFO  - Det=4 id= 17 dE=   2.725 SF= 2.000 gain= 0.010 corr= 0.500 ADC= 272 ZS= 1 digiE=   1.360
StFcsFastSimulatorMaker:INFO  - Det=5 id= 18 dE=   6.472 SF= 2.000 gain= 0.010 corr= 0.500 ADC= 647 ZS= 1 digiE=   3.235
StFcsFastSimulatorMaker:INFO  - wca Found 1 g2t hits in 0 cells, created 0 hits with ADC>ZS(1) and Etot=   0.000
StFcsFastSimulatorMaker:INFO  - hca Found 0 g2t hits in 0 cells, created 0 hits with ADC>ZS(1) and Etot=   0.000
StFcsFastSimulatorMaker:INFO  - pre Found 4 g2t hits in 2 cells, created 2 hits with ADC>ZS(1) and Etot=   4.595
StFcsFastSimulatorMaker:INFO  - *** StFcsFastSimulatorMaker::Make() == StOK(0) ***
StFcsWaveformFitMaker:INFO  - *** StFcsWaveformFitMaker::Make() == StOK(0) ***
StFcsClusterMaker:DEBUG - StFcsClusterMaker Make!!!
  *** Print FCS collection ***  RecFlag=0
  *** FCS Det=0 *** NHit=  0 NCluster=  0 NPoint=  0
  *** FCS Det=1 *** NHit=  0 NCluster=  0 NPoint=  0
  *** FCS Det=2 *** NHit=  0 NCluster=  0 NPoint=  0
  *** FCS Det=3 *** NHit=  0 NCluster=  0 NPoint=  0
  *** FCS Det=4 *** NHit=  1 NCluster=  0 NPoint=  0
StFcsHit: det= 4 id= 17 | ns=0 ehp=2 dep= 0 ch=17 | Ntb=  1 Sum=     0 Fit=  0.00   0.00 E=  1.36 |  272 (  0) 
  *** FCS Det=5 *** NHit=  1 NCluster=  0 NPoint=  0
StFcsHit: det= 5 id= 18 | ns=1 ehp=2 dep= 0 ch=18 | Ntb=  1 Sum=     0 Fit=  0.00   0.00 E=  3.23 |  647 (  0) 
  *** FCS Det=6 *** NHit=  0 NCluster=  0 NPoint=  0
StFcsClusterMaker:INFO  - *** StFcsClusterMaker::Make() == StOK(0) ***
StFttClusterPointMaker:INFO  - Creating FttCollection
StFttClusterPointMaker:INFO  - Making Geant points
Skipping hit on same track/vol 
Skipping hit on same track/vol 
Skipping hit on same track/vol 
Skipping hit on same track/vol 
Skipping hit on same track/vol 
Skipping hit on same track/vol 
Skipping hit on same track/vol 
StFttClusterPointMaker:INFO  - *** StFttClusterPointMaker::Make() == StOK(0) ***
StFwdTrackMaker:INFO  - Setting Event Vertex from geant/g2t_vertex[0]: 0xc6afd70
StFwdTrackMaker:INFO  - TAttr::Found : useftt = 1

StFwdTrackMaker:INFO  - TAttr::Found : usefst = 1

StFwdTrackMaker:INFO  - TAttr::Found : useepd = 1

StFwdTrackMaker:INFO  - There are: 4 with 0 FST, 0 with 1 FST, 0 with 2 FST, 1 with 3 FST
StFwdTrackMaker:INFO  - There are: 0 with 0 FTT, 0 with 1 FTT, 0 with 2 FTT, 2 with 3 FTT, 0 with 4 FTT, 2 with 5 FTT, 0 with 6 FTT, 0 with 7 FTT, 1 with 8 FTT
StFwdTrackMaker:INFO  - There are 1 McTracks with > 2 FST hits (#of possible seeds)
StFwdTrackMaker:INFO  - 	Finding FWD Track Seeds
StFwdTrackMaker:INFO  - Hitmap Source: fst
StFwdTrackMaker:INFO  - Performing Fwd Seed finding with mode: fst = 
StFwdTrackMaker:INFO  - Found 1 seeds in 1 iterations
StFwdTrackMaker:INFO  - Total Hits removed: 0
StFwdTrackMaker:INFO  - Seed [0] with 3 hits : id=2@2id=1@1id=0@0
StFwdTrackMaker:INFO  - <<Fwd Tracking Found : 1 Track Seeds from 3 FST hits and 4 sTGC hits
StFwdTrackMaker:INFO  -     (vs. 1 McTracks with FST>2, eff = 1)
StFwdTrackMaker:INFO  - 	Fitting FWD Track Seeds
StFwdTrackMaker:INFO  - TrackFitter:refit = 1
StFwdTrackMaker:INFO  - Starting Track fitting loop with 1 track seeds
StFwdTrackMaker:INFO  - TrackFitter:refit = 1
StFwdTrackMaker:INFO  - 		Mc Match idTruth=1, quality = 1
StFwdTrackMaker:INFO  - GenFitTrackResult::mIdTruth = 1, QaTruth = 1
The points are collinear, curvature is undefined.
p1 = 2.07676, 6.15931
p2 = 2.10194, 6.15076
p3 = 2.10194, 6.15076
StFwdTrackMaker:INFO  - GenericFitSeeder::makeSeed::Curvature: -1e-07
StFwdTrackMaker:INFO  - GenericFitSeeder::makeSeed::pt = 14989.5
StFwdTrackMaker:WARN  - Seed momentum is too high, setting to (0,0,1)
StFwdTrackMaker:INFO  - Track Setup complete, track has 3 points
StFwdTrackMaker:INFO  -  sorting changed track points: 0
StFwdTrackMaker:INFO  - Fit status:  0
StFwdTrackMaker:INFO  - -Fit pvalue: 0
StFwdTrackMaker:INFO  - -Fit Chi2:   1.77811e-17
StFwdTrackMaker:INFO  - -Fit Chi2:   1.77811e-17
StFwdTrackMaker:INFO  - Track fit update complete!
StFwdTrackMaker:INFO  - Track Reps: 1
StFwdTrackMaker:INFO  - Track Rep 0 
genfit::AbsTrackRep, pdgCode = -211. PropDir = 0
fitStatus 
 track has been fitted, fit has NOT converged, 0 TrackPoints could not be processed, fitted charge = -1, PruneFlags: 
 track has been fitted with reference track, numIterations = 20, track length = 0, fChi2 = 1.78016e-17, bChi2 = 1.77811e-17, fNdf = -3, bNdf = -3, fPVal = 0, bPVal = 0

StFwdTrackMaker:ERROR - --FitTrack is nullptr or fit did not converge, setting seed only
StFwdTrackMaker:INFO  - GenFitTrackResult::mIdTruth = 1, QaTruth = 1
StFwdTrackMaker:WARN  - 	Initial global fitting failed for seed 0
StFwdTrackMaker:INFO  - Global track fitting completed, found 1 global tracks from 1 track seed candidates
StFwdTrackMaker:INFO  - >>doBeamlineTrackFitting( #globals = 1 )
StFwdTrackMaker:INFO  - doBeamlineTrackFitting>>0 McId=1 with Beamline, seed already has: 3 hits
StFwdTrackMaker:INFO  - mBeamlineHit: 0, 0, 0
StFwdTrackMaker:INFO  - This fit is for a global that converged? = 0
StFwdTrackMaker:INFO  - GenFitTrackResult::mIdTruth = 1, QaTruth = 0.75
The points are collinear, curvature is undefined.
p1 = 0, 0
p2 = 2.10194, 6.15076
p3 = 2.10194, 6.15076
The points are collinear, curvature is undefined.
p1 = 2.07676, 6.15931
p2 = 2.10194, 6.15076
p3 = 2.10194, 6.15076
StFwdTrackMaker:INFO  - GenericFitSeeder::makeSeed::Curvature: 0.153846
StFwdTrackMaker:INFO  - GenericFitSeeder::makeSeed::pt = 0.0097432
StFwdTrackMaker:INFO  - Track Setup complete, track has 4 points
StFwdTrackMaker:INFO  -  sorting changed track points: 0
StFwdTrackMaker:INFO  - Fit status:  1
StFwdTrackMaker:INFO  - -Fit pvalue: 0.98458
StFwdTrackMaker:INFO  - -Fit Chi2:   0.15448
StFwdTrackMaker:INFO  - -Fit Chi2:   0.15448
StFwdTrackMaker:INFO  - Track fit charge: 1Fit momentum: 0.0568446, 0.181466, 4.9801
StFwdTrackMaker:INFO  - 	Fit Pt: 0.190161, eta: 3.95884, phi: 1.26723
StFwdTrackMaker:INFO  - Track fit update complete!
StFwdTrackMaker:INFO  - Track Reps: 1
StFwdTrackMaker:INFO  - Track Rep 0 
genfit::AbsTrackRep, pdgCode = 211. PropDir = 0
fitStatus 
 track has been fitted, fit has converged fully, 0 TrackPoints could not be processed, fitted charge = 1, PruneFlags: 
 track has been fitted with reference track, numIterations = 4, track length = 181.288, fChi2 = 0.154481, bChi2 = 0.15448, fNdf = 3, bNdf = 3, fPVal = 0.98458, bPVal = 0.98458

StFwdTrackMaker:INFO  - GenFitTrackResult::mIdTruth = 1, QaTruth = 0.75
StFwdTrackMaker:INFO  - GTR Setting momentum from track
StFwdTrackMaker:INFO  - --isFitConvergedPartially() = 1
StFwdTrackMaker:INFO  - --isFitConverged() = 1
StFwdTrackMaker:INFO  - --isFitConvergedFully() = 1
StFwdTrackMaker:INFO  - SEED momentum:0, 0, 1
StFwdTrackMaker:INFO  - 	Initial Beamline fit completed, now refitting with additional hits
StFwdTrackMaker:INFO  - Looking for FTT strips near projected state on disk 0
StFwdTrackMaker:INFO  - There are 3 available FTT strips on this disk
AAA FTT proj z= 312.25  x=  4.132 y= 11.330  r= 12.060 phi= 1.2211  sigU= 0.494 sigV= 0.011
AAA FTT momentum at proj: pT= 0.190 eta= 3.959 phi= 1.1838  px=  0.072 py=  0.176 pz=  4.980
AAA FTT search thresholds: dPhi<0.1200 dR<30.00 dx<7.50 dy<7.50  nHits=3
findFttHitsNearProjectedState, msp = (4.132178, 11.330137)
	 vs. hit@(5.182172+/-4.330127, 11.910885+/-0.010000) => dx=1.049994, dy=0.580748, dR=0.929247, dPhi=0.060660 (tid=1), strip=horizontal
AAA FTT hit H pos=(  5.182+/-4.33,  11.911+/-0.01)  dx= 1.050 dy= 0.581 dR= 0.929 dPhi=0.0607 (tid=1)  dPhi:OK dR:OK XY:OK
AAA FTT hit V pos=(  4.061+/-0.01,  19.429+/-4.33)  dx= 0.071 dy= 8.099 dR= 7.789 dPhi=0.1437 (tid=1)  dPhi:FAIL dR:OK XY:OK
AAA FTT hit V pos=( 32.764+/-0.01,   1.233+/-4.33)  dx=28.631 dy=10.097 dR=20.727 dPhi=1.1835 (tid=2)  dPhi:FAIL dR:OK XY:FAIL
StFwdTrackMaker:INFO  - Adding horizontal strip hit with dPhi = 0.0606602, dR = 0.929247, dx = 1.04999, dy = 0.580748
StFwdTrackMaker:INFO  - Closest horizontal FTT strip to FST state: dR=0.929247, dPhi=0.060660, dx=1.049994, dy=0.580748 (tid=1) 
AAA FTT closest-H dPhi=0.0607(<0.1200) dR= 0.929(< 30.0) dx= 1.050 dy= 0.581(< 7.50) tid=1 -> ACCEPT
StFwdTrackMaker:INFO  - Closest vertical FTT strip to FST state: dR=7.788691, dPhi=0.143662, dx=0.071128, dy=8.098806 (tid=1) 
AAA FTT closest-V dPhi=0.1437(<0.1200) dR= 7.789(< 30.0) dx= 0.071 dy= 8.099(< 7.50) tid=1 -> REJECT
AAA FTT result: 1 hits added (H:ACCEPT V:REJECT)
StFwdTrackMaker:INFO  -  Found #FTT strips on plane #0 = [1]
StFwdTrackMaker:INFO  - Found 4 existing seed points
StFwdTrackMaker:INFO  - Adding 1 new FTT seed points
StFwdTrackMaker:INFO  - Looking for FTT strips near projected state on disk 1
StFwdTrackMaker:INFO  - There are 6 available FTT strips on this disk
AAA FTT proj z= 312.25  x=  4.132 y= 11.330  r= 12.060 phi= 1.2211  sigU= 0.494 sigV= 0.023
AAA FTT momentum at proj: pT= 0.190 eta= 3.959 phi= 1.1838  px=  0.072 py=  0.176 pz=  4.980
AAA FTT search thresholds: dPhi<0.1200 dR<30.00 dx<7.50 dy<7.50  nHits=6
findFttHitsNearProjectedState, msp = (4.132178, 11.330137)
AAA FTT hit H pos=(  2.637+/-4.33,  12.622+/-0.01)  dx= 1.495 dy= 1.292 dR= 0.834 dPhi=0.1437 (tid=1)  dPhi:FAIL dR:OK XY:OK
AAA FTT hit H pos=( 33.058+/-4.33,  10.721+/-0.01)  dx=28.926 dy= 0.609 dR=22.693 dPhi=0.9075 (tid=2)  dPhi:FAIL dR:OK XY:OK
	 vs. hit@(4.316393+/-0.010000, 15.315194+/-4.330127) => dx=0.184215, dy=3.985057, dR=3.851696, dPhi=0.075004 (tid=1), strip=vertical
AAA FTT hit V pos=(  4.316+/-0.01,  15.315+/-4.33)  dx= 0.184 dy= 3.985 dR= 3.852 dPhi=0.0750 (tid=1)  dPhi:OK dR:OK XY:OK
AAA FTT hit V pos=( 36.548+/-0.01,  12.630+/-4.33)  dx=32.416 dy= 1.300 dR=26.609 dPhi=0.8884 (tid=2)  dPhi:FAIL dR:OK XY:OK
AAA FTT hit V pos=(  4.272+/-0.01,   6.962+/-4.33)  dx= 0.140 dy= 4.368 dR= 3.892 dPhi=0.2007 (tid=3)  dPhi:FAIL dR:OK XY:OK
	 vs. hit@(4.271584+/-0.010000, 12.229140+/-4.330127) => dx=0.139405, dy=0.899003, dR=0.893561, dPhi=0.013669 (tid=4), strip=vertical
AAA FTT hit V pos=(  4.272+/-0.01,  12.229+/-4.33)  dx= 0.139 dy= 0.899 dR= 0.894 dPhi=0.0137 (tid=4)  dPhi:OK dR:OK XY:OK
StFwdTrackMaker:INFO  - Adding vertical strip hit with dPhi = 0.0136691, dR = 0.893561, dx = 0.139405, dy = 0.899003
StFwdTrackMaker:INFO  - Closest horizontal FTT strip to FST state: dR=0.834298, dPhi=0.143731, dx=1.494856, dy=1.291708 (tid=1) 
AAA FTT closest-H dPhi=0.1437(<0.1200) dR= 0.834(< 30.0) dx= 1.495 dy= 1.292(< 7.50) tid=1 -> REJECT
StFwdTrackMaker:INFO  - Closest vertical FTT strip to FST state: dR=0.893561, dPhi=0.013669, dx=0.139405, dy=0.899003 (tid=4) 
AAA FTT closest-V dPhi=0.0137(<0.1200) dR= 0.894(< 30.0) dx= 0.139 dy= 0.899(< 7.50) tid=4 -> ACCEPT
AAA FTT result: 1 hits added (H:REJECT V:ACCEPT)
StFwdTrackMaker:INFO  -  Found #FTT strips on plane #1 = [1]
StFwdTrackMaker:INFO  - Found 5 existing seed points
StFwdTrackMaker:INFO  - Adding 1 new FTT seed points
StFwdTrackMaker:INFO  - Looking for FTT strips near projected state on disk 2
StFwdTrackMaker:INFO  - There are 7 available FTT strips on this disk
AAA FTT proj z= 312.25  x=  4.132 y= 11.330  r= 12.060 phi= 1.2211  sigU= 0.494 sigV= 0.011
AAA FTT momentum at proj: pT= 0.190 eta= 3.959 phi= 1.1838  px=  0.072 py=  0.176 pz=  4.980
AAA FTT search thresholds: dPhi<0.1200 dR<30.00 dx<7.50 dy<7.50  nHits=7
findFttHitsNearProjectedState, msp = (4.132178, 11.330137)
AAA FTT hit H pos=( 11.151+/-4.33,  13.239+/-0.01)  dx= 7.019 dy= 1.908 dR= 5.249 dPhi=0.3503 (tid=1)  dPhi:FAIL dR:OK XY:OK
AAA FTT hit H pos=(  1.959+/-4.33,  13.196+/-0.01)  dx= 2.174 dy= 1.866 dR= 1.280 dPhi=0.2024 (tid=3)  dPhi:FAIL dR:OK XY:OK
	 vs. hit@(6.712893+/-4.330127, 13.226198+/-0.010000) => dx=2.580714, dy=1.896061, dR=2.772100, dPhi=0.119949 (tid=4), strip=horizontal
AAA FTT hit H pos=(  6.713+/-4.33,  13.226+/-0.01)  dx= 2.581 dy= 1.896 dR= 2.772 dPhi=0.1199 (tid=4)  dPhi:OK dR:OK XY:OK
AAA FTT hit V pos=(  4.495+/-0.01,   7.259+/-4.33)  dx= 0.363 dy= 4.071 dR= 3.522 dPhi=0.2048 (tid=1)  dPhi:FAIL dR:OK XY:OK
	 vs. hit@(4.440587+/-0.010000, 16.793550+/-4.330127) => dx=0.308408, dy=5.463413, dR=5.310590, dPhi=0.091210 (tid=3), strip=vertical
AAA FTT hit V pos=(  4.441+/-0.01,  16.794+/-4.33)  dx= 0.308 dy= 5.463 dR= 5.311 dPhi=0.0912 (tid=3)  dPhi:OK dR:OK XY:OK
AAA FTT hit V pos=(  4.436+/-0.01,  20.203+/-4.33)  dx= 0.303 dy= 8.873 dR= 8.624 dPhi=0.1336 (tid=4)  dPhi:FAIL dR:OK XY:OK
AAA FTT hit V pos=(  4.271+/-0.01,   6.160+/-4.33)  dx= 0.139 dy= 5.170 dR= 4.564 dPhi=0.2565 (tid=5)  dPhi:FAIL dR:OK XY:OK
StFwdTrackMaker:INFO  - Adding horizontal strip hit with dPhi = 0.119949, dR = 2.7721, dx = 2.58071, dy = 1.89606
StFwdTrackMaker:INFO  - Adding vertical strip hit with dPhi = 0.0912104, dR = 5.31059, dx = 0.308408, dy = 5.46341
StFwdTrackMaker:INFO  - Closest horizontal FTT strip to FST state: dR=2.772100, dPhi=0.119949, dx=2.580714, dy=1.896061 (tid=4) 
AAA FTT closest-H dPhi=0.1199(<0.1200) dR= 2.772(< 30.0) dx= 2.581 dy= 1.896(< 7.50) tid=4 -> ACCEPT
StFwdTrackMaker:INFO  - Closest vertical FTT strip to FST state: dR=5.310590, dPhi=0.091210, dx=0.308408, dy=5.463413 (tid=3) 
AAA FTT closest-V dPhi=0.0912(<0.1200) dR= 5.311(< 30.0) dx= 0.308 dy= 5.463(< 7.50) tid=3 -> ACCEPT
AAA FTT result: 2 hits added (H:ACCEPT V:ACCEPT)
StFwdTrackMaker:INFO  -  Found #FTT strips on plane #2 = [2]
StFwdTrackMaker:INFO  - Found 6 existing seed points
StFwdTrackMaker:INFO  - Adding 2 new FTT seed points
StFwdTrackMaker:INFO  - Looking for FTT strips near projected state on disk 3
StFwdTrackMaker:INFO  - There are 8 available FTT strips on this disk
AAA FTT proj z= 312.25  x=  4.132 y= 11.330  r= 12.060 phi= 1.2211  sigU= 0.494 sigV= 0.023
AAA FTT momentum at proj: pT= 0.190 eta= 3.959 phi= 1.1838  px=  0.072 py=  0.176 pz=  4.980
AAA FTT search thresholds: dPhi<0.1200 dR<30.00 dx<7.50 dy<7.50  nHits=8
findFttHitsNearProjectedState, msp = (4.132178, 11.330137)
AAA FTT hit H pos=( 10.278+/-4.33,  13.881+/-0.01)  dx= 6.146 dy= 2.551 dR= 5.212 dPhi=0.2876 (tid=1)  dPhi:FAIL dR:OK XY:OK
AAA FTT hit H pos=( -0.358+/-4.33,  13.883+/-0.01)  dx= 4.491 dy= 2.553 dR= 1.827 dPhi=0.3755 (tid=3)  dPhi:FAIL dR:OK XY:OK
	 vs. hit@(6.189661+/-4.330127, 13.899536+/-0.010000) => dx=2.057482, dy=2.569399, dR=3.155283, dPhi=0.069234 (tid=4), strip=horizontal
AAA FTT hit H pos=(  6.190+/-4.33,  13.900+/-0.01)  dx= 2.057 dy= 2.569 dR= 3.155 dPhi=0.0692 (tid=4)  dPhi:OK dR:OK XY:OK
AAA FTT hit V pos=(  4.739+/-0.01,  20.948+/-4.33)  dx= 0.607 dy= 9.618 dR= 9.418 dPhi=0.1272 (tid=1)  dPhi:FAIL dR:OK XY:OK
	 vs. hit@(4.662242+/-0.010000, 17.126719+/-4.330127) => dx=0.530064, dy=5.796581, dR=5.689820, dPhi=0.083936 (tid=3), strip=vertical
AAA FTT hit V pos=(  4.662+/-0.01,  17.127+/-4.33)  dx= 0.530 dy= 5.797 dR= 5.690 dPhi=0.0839 (tid=3)  dPhi:OK dR:OK XY:OK
	 vs. hit@(4.615993+/-0.010000, 16.703770+/-4.330127) => dx=0.483815, dy=5.373633, dR=5.269702, dPhi=0.080100 (tid=4), strip=vertical
AAA FTT hit V pos=(  4.616+/-0.01,  16.704+/-4.33)  dx= 0.484 dy= 5.374 dR= 5.270 dPhi=0.0801 (tid=4)  dPhi:OK dR:OK XY:OK
AAA FTT hit H pos=(  0.110+/-4.33,  12.878+/-0.01)  dx= 4.022 dy= 1.548 dR= 0.818 dPhi=0.3412 (tid=5)  dPhi:FAIL dR:OK XY:OK
AAA FTT hit V pos=( -6.839+/-0.01,   9.304+/-4.33)  dx=10.971 dy= 2.026 dR= 0.513 dPhi=0.9836 (tid=5)  dPhi:FAIL dR:OK XY:OK
StFwdTrackMaker:INFO  - Adding horizontal strip hit with dPhi = 0.0692343, dR = 3.15528, dx = 2.05748, dy = 2.5694
StFwdTrackMaker:INFO  - Adding vertical strip hit with dPhi = 0.0801005, dR = 5.2697, dx = 0.483815, dy = 5.37363
StFwdTrackMaker:INFO  - Closest horizontal FTT strip to FST state: dR=3.155283, dPhi=0.069234, dx=2.057482, dy=2.569399 (tid=4) 
AAA FTT closest-H dPhi=0.0692(<0.1200) dR= 3.155(< 30.0) dx= 2.057 dy= 2.569(< 7.50) tid=4 -> ACCEPT
StFwdTrackMaker:INFO  - Closest vertical FTT strip to FST state: dR=5.269702, dPhi=0.080100, dx=0.483815, dy=5.373633 (tid=4) 
AAA FTT closest-V dPhi=0.0801(<0.1200) dR= 5.270(< 30.0) dx= 0.484 dy= 5.374(< 7.50) tid=4 -> ACCEPT
AAA FTT result: 2 hits added (H:ACCEPT V:ACCEPT)
StFwdTrackMaker:INFO  -  Found #FTT strips on plane #3 = [2]
StFwdTrackMaker:INFO  - Found 8 existing seed points
StFwdTrackMaker:INFO  - Adding 2 new FTT seed points
StFwdTrackMaker:INFO  - Closest EPD hit to state: dR=-1.146739, dPhi=0.037926
StFwdTrackMaker:INFO  - GenFitTrackResult::mIdTruth = 4, QaTruth = 0.363636
The points are collinear, curvature is undefined.
p1 = 0, 0
p2 = 2.10194, 6.15076
p3 = 2.10194, 6.15076
The points are collinear, curvature is undefined.
p1 = 2.07676, 6.15931
p2 = 2.10194, 6.15076
p3 = 2.10194, 6.15076
The points are collinear, curvature is undefined.
p1 = 2.10194, 6.15076
p2 = 2.10194, 6.15076
p3 = 5.18217, 11.9109
The points are collinear, curvature is undefined.
p1 = 2.10194, 6.15076
p2 = 2.10194, 6.15076
p3 = 4.27158, 12.2291
The points are collinear, curvature is undefined.
p1 = 2.10194, 6.15076
p2 = 2.10194, 6.15076
p3 = 6.71289, 13.2262
The points are collinear, curvature is undefined.
p1 = 2.10194, 6.15076
p2 = 2.10194, 6.15076
p3 = 4.44059, 16.7936
The points are collinear, curvature is undefined.
p1 = 2.10194, 6.15076
p2 = 2.10194, 6.15076
p3 = 6.18966, 13.8995
The points are collinear, curvature is undefined.
p1 = 2.10194, 6.15076
p2 = 2.10194, 6.15076
p3 = 4.61599, 16.7038
The points are collinear, curvature is undefined.
p1 = 2.10194, 6.15076
p2 = 2.10194, 6.15076
p3 = 5.96986, 14.4125
StFwdTrackMaker:INFO  - GenericFitSeeder::makeSeed::Curvature: 0.00588031
StFwdTrackMaker:INFO  - GenericFitSeeder::makeSeed::pt = 0.25491
StFwdTrackMaker:INFO  - Note: Using externally provided seed momentum
StFwdTrackMaker:INFO  - Track Setup complete, track has 11 points
StFwdTrackMaker:INFO  -  sorting changed track points: 1
StFwdTrackMaker:INFO  - Fit status:  1
StFwdTrackMaker:INFO  - -Fit pvalue: 0.0156778
StFwdTrackMaker:INFO  - -Fit Chi2:   31.8565
StFwdTrackMaker:INFO  - -Fit Chi2:   31.8565
StFwdTrackMaker:INFO  - Track fit charge: -1Fit momentum: 0.046272, 0.0960224, 2.67095
StFwdTrackMaker:INFO  - 	Fit Pt: 0.10659, eta: 3.91475, phi: 1.12174
StFwdTrackMaker:INFO  - Track fit update complete!
StFwdTrackMaker:INFO  - Track Reps: 1
StFwdTrackMaker:INFO  - Track Rep 0 
genfit::AbsTrackRep, pdgCode = 211. PropDir = 0
fitStatus 
 track has been fitted, fit has converged fully, 0 TrackPoints could not be processed, fitted charge = -1, PruneFlags: 
 track has been fitted with reference track, numIterations = 4, track length = 367.857, fChi2 = 31.8564, bChi2 = 31.8565, fNdf = 17, bNdf = 17, fPVal = 0.015678, bPVal = 0.0156778

StFwdTrackMaker:INFO  - GenFitTrackResult::mIdTruth = 4, QaTruth = 0.363636
StFwdTrackMaker:INFO  - GTR Setting momentum from track
StFwdTrackMaker:INFO  - --isFitConvergedPartially() = 1
StFwdTrackMaker:INFO  - --isFitConverged() = 1
StFwdTrackMaker:INFO  - --isFitConvergedFully() = 1
StFwdTrackMaker:INFO  - >>doPrimaryTrackFitting( #globals = 1 )
StFwdTrackMaker:INFO  - Refitting Track 0, McId=1 with Primary Vertex, seed already has: 3 hits
StFwdTrackMaker:INFO  - mEventVertexHit: 0, 0, 0
StFwdTrackMaker:INFO  - This fit is for a global that converged? = 0
StFwdTrackMaker:INFO  - GenFitTrackResult::mIdTruth = 1, QaTruth = 0.75
The points are collinear, curvature is undefined.
p1 = 0, 0
p2 = 2.10194, 6.15076
p3 = 2.10194, 6.15076
The points are collinear, curvature is undefined.
p1 = 2.07676, 6.15931
p2 = 2.10194, 6.15076
p3 = 2.10194, 6.15076
StFwdTrackMaker:INFO  - GenericFitSeeder::makeSeed::Curvature: 0.153846
StFwdTrackMaker:INFO  - GenericFitSeeder::makeSeed::pt = 0.0097432
StFwdTrackMaker:INFO  - Note: Using externally provided seed momentum
StFwdTrackMaker:INFO  - Track Setup complete, track has 4 points
StFwdTrackMaker:INFO  -  sorting changed track points: 0
StFwdTrackMaker:INFO  - Fit status:  1
StFwdTrackMaker:INFO  - -Fit pvalue: 0.984331
StFwdTrackMaker:INFO  - -Fit Chi2:   0.15619
StFwdTrackMaker:INFO  - -Fit Chi2:   0.15619
StFwdTrackMaker:INFO  - Track fit charge: 1Fit momentum: 0.056029, 0.179575, 4.81883
StFwdTrackMaker:INFO  - 	Fit Pt: 0.188113, eta: 3.93677, phi: 1.26836
StFwdTrackMaker:INFO  - Track fit update complete!
StFwdTrackMaker:INFO  - Track Reps: 1
StFwdTrackMaker:INFO  - Track Rep 0 
genfit::AbsTrackRep, pdgCode = 211. PropDir = 0
fitStatus 
 track has been fitted, fit has converged fully, 0 TrackPoints could not be processed, fitted charge = 1, PruneFlags: 
 track has been fitted with reference track, numIterations = 4, track length = 177.175, fChi2 = 0.15619, bChi2 = 0.15619, fNdf = 3, bNdf = 3, fPVal = 0.984331, bPVal = 0.984331

StFwdTrackMaker:INFO  - GenFitTrackResult::mIdTruth = 1, QaTruth = 0.75
StFwdTrackMaker:INFO  - GTR Setting momentum from track
StFwdTrackMaker:INFO  - --isFitConvergedPartially() = 1
StFwdTrackMaker:INFO  - --isFitConverged() = 1
StFwdTrackMaker:INFO  - --isFitConvergedFully() = 1
StFwdTrackMaker:INFO  - 	Initial fit complete, now refitting with additional points
StFwdTrackMaker:INFO  - Looking for FTT strips near projected state on disk 0
StFwdTrackMaker:INFO  - There are 3 available FTT strips on this disk
AAA FTT proj z= 312.25  x=  4.178 y= 11.446  r= 12.185 phi= 1.2208  sigU= 0.297 sigV= 0.005
AAA FTT momentum at proj: pT= 0.188 eta= 3.937 phi= 1.1834  px=  0.071 py=  0.174 pz=  4.819
AAA FTT search thresholds: dPhi<0.1200 dR<30.00 dx<7.50 dy<7.50  nHits=3
findFttHitsNearProjectedState, msp = (4.177900, 11.446147)
	 vs. hit@(5.182172+/-4.330127, 11.910885+/-0.010000) => dx=1.004272, dy=0.464738, dR=0.804593, dPhi=0.060397 (tid=1), strip=horizontal
AAA FTT hit H pos=(  5.182+/-4.33,  11.911+/-0.01)  dx= 1.004 dy= 0.465 dR= 0.805 dPhi=0.0604 (tid=1)  dPhi:OK dR:OK XY:OK
AAA FTT hit V pos=(  4.061+/-0.01,  19.429+/-4.33)  dx= 0.117 dy= 7.983 dR= 7.664 dPhi=0.1439 (tid=1)  dPhi:FAIL dR:OK XY:OK
AAA FTT hit V pos=( 32.764+/-0.01,   1.233+/-4.33)  dx=28.586 dy=10.213 dR=20.602 dPhi=1.1832 (tid=2)  dPhi:FAIL dR:OK XY:FAIL
StFwdTrackMaker:INFO  - Adding horizontal strip hit with dPhi = 0.0603971, dR = 0.804593, dx = 1.00427, dy = 0.464738
StFwdTrackMaker:INFO  - Closest horizontal FTT strip to FST state: dR=0.804593, dPhi=0.060397, dx=1.004272, dy=0.464738 (tid=1) 
AAA FTT closest-H dPhi=0.0604(<0.1200) dR= 0.805(< 30.0) dx= 1.004 dy= 0.465(< 7.50) tid=1 -> ACCEPT
StFwdTrackMaker:INFO  - Closest vertical FTT strip to FST state: dR=7.664038, dPhi=0.143925, dx=0.116849, dy=7.982797 (tid=1) 
AAA FTT closest-V dPhi=0.1439(<0.1200) dR= 7.664(< 30.0) dx= 0.117 dy= 7.983(< 7.50) tid=1 -> REJECT
AAA FTT result: 1 hits added (H:ACCEPT V:REJECT)
StFwdTrackMaker:INFO  -  Found #FTT strips on plane #0 = [1]
StFwdTrackMaker:INFO  - Found 4 existing seed points
StFwdTrackMaker:INFO  - Adding 1 new FTT seed points
StFwdTrackMaker:INFO  - Looking for FTT strips near projected state on disk 1
StFwdTrackMaker:INFO  - There are 6 available FTT strips on this disk
AAA FTT proj z= 312.25  x=  4.178 y= 11.446  r= 12.185 phi= 1.2208  sigU= 0.297 sigV= 0.010
AAA FTT momentum at proj: pT= 0.188 eta= 3.937 phi= 1.1834  px=  0.071 py=  0.174 pz=  4.819
AAA FTT search thresholds: dPhi<0.1200 dR<30.00 dx<7.50 dy<7.50  nHits=6
findFttHitsNearProjectedState, msp = (4.177900, 11.446147)
AAA FTT hit H pos=(  2.637+/-4.33,  12.622+/-0.01)  dx= 1.541 dy= 1.176 dR= 0.710 dPhi=0.1440 (tid=1)  dPhi:FAIL dR:OK XY:OK
AAA FTT hit H pos=( 33.058+/-4.33,  10.721+/-0.01)  dx=28.880 dy= 0.725 dR=22.568 dPhi=0.9072 (tid=2)  dPhi:FAIL dR:OK XY:OK
	 vs. hit@(4.316393+/-0.010000, 15.315194+/-4.330127) => dx=0.138493, dy=3.869048, dR=3.727042, dPhi=0.075268 (tid=1), strip=vertical
AAA FTT hit V pos=(  4.316+/-0.01,  15.315+/-4.33)  dx= 0.138 dy= 3.869 dR= 3.727 dPhi=0.0753 (tid=1)  dPhi:OK dR:OK XY:OK
AAA FTT hit V pos=( 36.548+/-0.01,  12.630+/-4.33)  dx=32.371 dy= 1.184 dR=26.484 dPhi=0.8881 (tid=2)  dPhi:FAIL dR:OK XY:OK
AAA FTT hit V pos=(  4.272+/-0.01,   6.962+/-4.33)  dx= 0.094 dy= 4.484 dR= 4.017 dPhi=0.2004 (tid=3)  dPhi:FAIL dR:OK XY:OK
	 vs. hit@(4.271584+/-0.010000, 12.229140+/-4.330127) => dx=0.093684, dy=0.782994, dR=0.768908, dPhi=0.013932 (tid=4), strip=vertical
AAA FTT hit V pos=(  4.272+/-0.01,  12.229+/-4.33)  dx= 0.094 dy= 0.783 dR= 0.769 dPhi=0.0139 (tid=4)  dPhi:OK dR:OK XY:OK
StFwdTrackMaker:INFO  - Adding vertical strip hit with dPhi = 0.0139321, dR = 0.768908, dx = 0.0936837, dy = 0.782994
StFwdTrackMaker:INFO  - Closest horizontal FTT strip to FST state: dR=0.709644, dPhi=0.143994, dx=1.540577, dy=1.175699 (tid=1) 
AAA FTT closest-H dPhi=0.1440(<0.1200) dR= 0.710(< 30.0) dx= 1.541 dy= 1.176(< 7.50) tid=1 -> REJECT
StFwdTrackMaker:INFO  - Closest vertical FTT strip to FST state: dR=0.768908, dPhi=0.013932, dx=0.093684, dy=0.782994 (tid=4) 
AAA FTT closest-V dPhi=0.0139(<0.1200) dR= 0.769(< 30.0) dx= 0.094 dy= 0.783(< 7.50) tid=4 -> ACCEPT
AAA FTT result: 1 hits added (H:REJECT V:ACCEPT)
StFwdTrackMaker:INFO  -  Found #FTT strips on plane #1 = [1]
StFwdTrackMaker:INFO  - Found 5 existing seed points
StFwdTrackMaker:INFO  - Adding 1 new FTT seed points
StFwdTrackMaker:INFO  - Looking for FTT strips near projected state on disk 2
StFwdTrackMaker:INFO  - There are 7 available FTT strips on this disk
AAA FTT proj z= 312.25  x=  4.178 y= 11.446  r= 12.185 phi= 1.2208  sigU= 0.297 sigV= 0.005
AAA FTT momentum at proj: pT= 0.188 eta= 3.937 phi= 1.1834  px=  0.071 py=  0.174 pz=  4.819
AAA FTT search thresholds: dPhi<0.1200 dR<30.00 dx<7.50 dy<7.50  nHits=7
findFttHitsNearProjectedState, msp = (4.177900, 11.446147)
AAA FTT hit H pos=( 11.151+/-4.33,  13.239+/-0.01)  dx= 6.973 dy= 1.792 dR= 5.124 dPhi=0.3501 (tid=1)  dPhi:FAIL dR:OK XY:OK
AAA FTT hit H pos=(  1.959+/-4.33,  13.196+/-0.01)  dx= 2.219 dy= 1.750 dR= 1.155 dPhi=0.2026 (tid=3)  dPhi:FAIL dR:OK XY:OK
	 vs. hit@(6.712893+/-4.330127, 13.226198+/-0.010000) => dx=2.534993, dy=1.780052, dR=2.647446, dPhi=0.119686 (tid=4), strip=horizontal
AAA FTT hit H pos=(  6.713+/-4.33,  13.226+/-0.01)  dx= 2.535 dy= 1.780 dR= 2.647 dPhi=0.1197 (tid=4)  dPhi:OK dR:OK XY:OK
AAA FTT hit V pos=(  4.495+/-0.01,   7.259+/-4.33)  dx= 0.317 dy= 4.187 dR= 3.647 dPhi=0.2045 (tid=1)  dPhi:FAIL dR:OK XY:OK
	 vs. hit@(4.440587+/-0.010000, 16.793550+/-4.330127) => dx=0.262687, dy=5.347404, dR=5.185936, dPhi=0.091473 (tid=3), strip=vertical
AAA FTT hit V pos=(  4.441+/-0.01,  16.794+/-4.33)  dx= 0.263 dy= 5.347 dR= 5.186 dPhi=0.0915 (tid=3)  dPhi:OK dR:OK XY:OK
AAA FTT hit V pos=(  4.436+/-0.01,  20.203+/-4.33)  dx= 0.258 dy= 8.757 dR= 8.500 dPhi=0.1339 (tid=4)  dPhi:FAIL dR:OK XY:OK
AAA FTT hit V pos=(  4.271+/-0.01,   6.160+/-4.33)  dx= 0.093 dy= 5.286 dR= 4.689 dPhi=0.2562 (tid=5)  dPhi:FAIL dR:OK XY:OK
StFwdTrackMaker:INFO  - Adding horizontal strip hit with dPhi = 0.119686, dR = 2.64745, dx = 2.53499, dy = 1.78005
StFwdTrackMaker:INFO  - Adding vertical strip hit with dPhi = 0.0914735, dR = 5.18594, dx = 0.262687, dy = 5.3474
StFwdTrackMaker:INFO  - Closest horizontal FTT strip to FST state: dR=2.647446, dPhi=0.119686, dx=2.534993, dy=1.780052 (tid=4) 
AAA FTT closest-H dPhi=0.1197(<0.1200) dR= 2.647(< 30.0) dx= 2.535 dy= 1.780(< 7.50) tid=4 -> ACCEPT
StFwdTrackMaker:INFO  - Closest vertical FTT strip to FST state: dR=5.185936, dPhi=0.091473, dx=0.262687, dy=5.347404 (tid=3) 
AAA FTT closest-V dPhi=0.0915(<0.1200) dR= 5.186(< 30.0) dx= 0.263 dy= 5.347(< 7.50) tid=3 -> ACCEPT
AAA FTT result: 2 hits added (H:ACCEPT V:ACCEPT)
StFwdTrackMaker:INFO  -  Found #FTT strips on plane #2 = [2]
StFwdTrackMaker:INFO  - Found 6 existing seed points
StFwdTrackMaker:INFO  - Adding 2 new FTT seed points
StFwdTrackMaker:INFO  - Looking for FTT strips near projected state on disk 3
StFwdTrackMaker:INFO  - There are 8 available FTT strips on this disk
AAA FTT proj z= 312.25  x=  4.178 y= 11.446  r= 12.185 phi= 1.2208  sigU= 0.297 sigV= 0.010
AAA FTT momentum at proj: pT= 0.188 eta= 3.937 phi= 1.1834  px=  0.071 py=  0.174 pz=  4.819
AAA FTT search thresholds: dPhi<0.1200 dR<30.00 dx<7.50 dy<7.50  nHits=8
findFttHitsNearProjectedState, msp = (4.177900, 11.446147)
AAA FTT hit H pos=( 10.278+/-4.33,  13.881+/-0.01)  dx= 6.100 dy= 2.435 dR= 5.087 dPhi=0.2874 (tid=1)  dPhi:FAIL dR:OK XY:OK
AAA FTT hit H pos=( -0.358+/-4.33,  13.883+/-0.01)  dx= 4.536 dy= 2.437 dR= 1.703 dPhi=0.3758 (tid=3)  dPhi:FAIL dR:OK XY:OK
	 vs. hit@(6.189661+/-4.330127, 13.899536+/-0.010000) => dx=2.011761, dy=2.453390, dR=3.030629, dPhi=0.068971 (tid=4), strip=horizontal
AAA FTT hit H pos=(  6.190+/-4.33,  13.900+/-0.01)  dx= 2.012 dy= 2.453 dR= 3.031 dPhi=0.0690 (tid=4)  dPhi:OK dR:OK XY:OK
AAA FTT hit V pos=(  4.739+/-0.01,  20.948+/-4.33)  dx= 0.562 dy= 9.502 dR= 9.293 dPhi=0.1275 (tid=1)  dPhi:FAIL dR:OK XY:OK
	 vs. hit@(4.662242+/-0.010000, 17.126719+/-4.330127) => dx=0.484342, dy=5.680572, dR=5.565167, dPhi=0.084199 (tid=3), strip=vertical
AAA FTT hit V pos=(  4.662+/-0.01,  17.127+/-4.33)  dx= 0.484 dy= 5.681 dR= 5.565 dPhi=0.0842 (tid=3)  dPhi:OK dR:OK XY:OK
	 vs. hit@(4.615993+/-0.010000, 16.703770+/-4.330127) => dx=0.438093, dy=5.257623, dR=5.145048, dPhi=0.080364 (tid=4), strip=vertical
AAA FTT hit V pos=(  4.616+/-0.01,  16.704+/-4.33)  dx= 0.438 dy= 5.258 dR= 5.145 dPhi=0.0804 (tid=4)  dPhi:OK dR:OK XY:OK
AAA FTT hit H pos=(  0.110+/-4.33,  12.878+/-0.01)  dx= 4.068 dy= 1.432 dR= 0.694 dPhi=0.3414 (tid=5)  dPhi:FAIL dR:OK XY:OK
AAA FTT hit V pos=( -6.839+/-0.01,   9.304+/-4.33)  dx=11.017 dy= 2.142 dR= 0.638 dPhi=0.9838 (tid=5)  dPhi:FAIL dR:OK XY:OK
StFwdTrackMaker:INFO  - Adding horizontal strip hit with dPhi = 0.0689712, dR = 3.03063, dx = 2.01176, dy = 2.45339
StFwdTrackMaker:INFO  - Adding vertical strip hit with dPhi = 0.0803636, dR = 5.14505, dx = 0.438093, dy = 5.25762
StFwdTrackMaker:INFO  - Closest horizontal FTT strip to FST state: dR=3.030629, dPhi=0.068971, dx=2.011761, dy=2.453390 (tid=4) 
AAA FTT closest-H dPhi=0.0690(<0.1200) dR= 3.031(< 30.0) dx= 2.012 dy= 2.453(< 7.50) tid=4 -> ACCEPT
StFwdTrackMaker:INFO  - Closest vertical FTT strip to FST state: dR=5.145048, dPhi=0.080364, dx=0.438093, dy=5.257623 (tid=4) 
AAA FTT closest-V dPhi=0.0804(<0.1200) dR= 5.145(< 30.0) dx= 0.438 dy= 5.258(< 7.50) tid=4 -> ACCEPT
AAA FTT result: 2 hits added (H:ACCEPT V:ACCEPT)
StFwdTrackMaker:INFO  -  Found #FTT strips on plane #3 = [2]
StFwdTrackMaker:INFO  - Found 8 existing seed points
StFwdTrackMaker:INFO  - Adding 2 new FTT seed points
StFwdTrackMaker:INFO  - Closest EPD hit to state: dR=-0.968708, dPhi=0.037605
StFwdTrackMaker:INFO  - GenFitTrackResult::mIdTruth = 4, QaTruth = 0.363636
The points are collinear, curvature is undefined.
p1 = 0, 0
p2 = 2.10194, 6.15076
p3 = 2.10194, 6.15076
The points are collinear, curvature is undefined.
p1 = 2.07676, 6.15931
p2 = 2.10194, 6.15076
p3 = 2.10194, 6.15076
The points are collinear, curvature is undefined.
p1 = 2.10194, 6.15076
p2 = 2.10194, 6.15076
p3 = 5.18217, 11.9109
The points are collinear, curvature is undefined.
p1 = 2.10194, 6.15076
p2 = 2.10194, 6.15076
p3 = 4.27158, 12.2291
The points are collinear, curvature is undefined.
p1 = 2.10194, 6.15076
p2 = 2.10194, 6.15076
p3 = 6.71289, 13.2262
The points are collinear, curvature is undefined.
p1 = 2.10194, 6.15076
p2 = 2.10194, 6.15076
p3 = 4.44059, 16.7936
The points are collinear, curvature is undefined.
p1 = 2.10194, 6.15076
p2 = 2.10194, 6.15076
p3 = 6.18966, 13.8995
The points are collinear, curvature is undefined.
p1 = 2.10194, 6.15076
p2 = 2.10194, 6.15076
p3 = 4.61599, 16.7038
The points are collinear, curvature is undefined.
p1 = 2.10194, 6.15076
p2 = 2.10194, 6.15076
p3 = 5.96986, 14.4125
StFwdTrackMaker:INFO  - GenericFitSeeder::makeSeed::Curvature: 0.00588031
StFwdTrackMaker:INFO  - GenericFitSeeder::makeSeed::pt = 0.25491
StFwdTrackMaker:INFO  - Note: Using externally provided seed momentum
StFwdTrackMaker:INFO  - Track Setup complete, track has 11 points
StFwdTrackMaker:INFO  -  sorting changed track points: 1
StFwdTrackMaker:INFO  - Fit status:  1
StFwdTrackMaker:INFO  - -Fit pvalue: 0.00405703
StFwdTrackMaker:INFO  - -Fit Chi2:   36.398
StFwdTrackMaker:INFO  - -Fit Chi2:   36.398
StFwdTrackMaker:INFO  - Track fit charge: -1Fit momentum: 0.180706, 0.508779, 13.4244
StFwdTrackMaker:INFO  - 	Fit Pt: 0.539917, eta: 3.90697, phi: 1.22952
StFwdTrackMaker:INFO  - Track fit update complete!
StFwdTrackMaker:INFO  - Track Reps: 1
StFwdTrackMaker:INFO  - Track Rep 0 
genfit::AbsTrackRep, pdgCode = 211. PropDir = 0
fitStatus 
 track has been fitted, fit has converged fully, 0 TrackPoints could not be processed, fitted charge = -1, PruneFlags: 
 track has been fitted with reference track, numIterations = 3, track length = 365.728, fChi2 = 36.398, bChi2 = 36.398, fNdf = 17, bNdf = 17, fPVal = 0.00405703, bPVal = 0.00405703

StFwdTrackMaker:INFO  - GenFitTrackResult::mIdTruth = 4, QaTruth = 0.363636
StFwdTrackMaker:INFO  - GTR Setting momentum from track
StFwdTrackMaker:INFO  - --isFitConvergedPartially() = 1
StFwdTrackMaker:INFO  - --isFitConverged() = 1
StFwdTrackMaker:INFO  - --isFitConvergedFully() = 1
StFwdTrackMaker:INFO  - >>doSecondaryTrackFitting( #globals = 1 )
StFwdTrackMaker:INFO  - <<Fwd Tracking Fit :3 GenFit Tracks
StFwdTrackMaker:INFO  - TAttr::Found : fillevent = 1

StFwdTrackMaker:INFO  - Creating the StFwdTrackCollection
StFwdTrackMaker:INFO  - Processing GenfitTrackResult(type=0): 0 mIsFitConverged=0, mIsFitConvergedPartially=0, mNumFitPoints=0
StFwdTrackMaker:INFO  - Processing GenfitTrackResult(type=2): 1 mIsFitConverged=1, mIsFitConvergedPartially=1, mNumFitPoints=11
AAA FCS StraightLine: det=1 xyzdet=(17.399,-5.26,710.16) norm=(0.0301896,0,0.999544)
AAA projectAsStraightLine: tv3A=(7.29261,21.9454,574.78) tv3B=(7.92343,23.8537,624.761)
AAA   xyzf=(17.399,-5.26,710.16) norm=(0.0301896,0,0.999544)
AAA   tintersection=2.71371 result=(9.00448,27.124,710.414)
AAA FCS StraightLine result: tv3=(9.00448,27.124,710.414)
AAA FCS StraightLine: det=3 xyzdet=(21.285,1.8,782.63) norm=(0.0301896,0,0.999544)
AAA projectAsStraightLine: tv3A=(7.29261,21.9454,574.78) tv3B=(7.92343,23.8537,624.761)
AAA   xyzf=(21.285,1.8,782.63) norm=(0.0301896,0,0.999544)
AAA   tintersection=4.16546 result=(9.92027,29.8944,782.973)
AAA FCS StraightLine result: tv3=(9.92027,29.8944,782.973)
StFwdTrackMaker:INFO  - Processing GenfitTrackResult(type=1): 2 mIsFitConverged=1, mIsFitConvergedPartially=1, mNumFitPoints=11
AAA FCS StraightLine: det=1 xyzdet=(17.399,-5.26,710.16) norm=(0.0301896,0,0.999544)
AAA projectAsStraightLine: tv3A=(7.38889,21.8272,574.777) tv3B=(8.04907,23.707,624.757)
AAA   xyzf=(17.399,-5.26,710.16) norm=(0.0301896,0,0.999544)
AAA   tintersection=2.71371 result=(9.18043,26.9284,710.408)
AAA FCS StraightLine result: tv3=(9.18043,26.9284,710.408)
AAA FCS StraightLine: det=3 xyzdet=(21.285,1.8,782.63) norm=(0.0301896,0,0.999544)
AAA projectAsStraightLine: tv3A=(7.38889,21.8272,574.777) tv3B=(8.04907,23.707,624.757)
AAA   xyzf=(21.285,1.8,782.63) norm=(0.0301896,0,0.999544)
AAA   tintersection=4.16546 result=(10.1388,29.6574,782.967)
AAA FCS StraightLine result: tv3=(10.1388,29.6574,782.967)
StFwdTrackMaker:INFO  - StFwdTrackCollection has 3 tracks now
StFwdTrackMaker:INFO  - StFwdTrackCollection has 3 tracks now
StFwdTrackMaker:INFO  - *** StFwdTrackMaker::Make() == StOK(0) ***
StFcsTrackMatchMaker:INFO  - *** StFcsTrackMatchMaker::Make() == StOK(0) ***
StStrangeMuDstMaker:INFO  - StV0Controller: found 0 V0 candidates
StStrangeMuDstMaker:INFO  - StXiController: found 0 Xi candidates
StStrangeMuDstMaker:INFO  - StKinkController: found 0 Kink candidates
StStrangeMuDstMaker:INFO  - *** StStrangeMuDstMaker::Make() == StOK(0) ***
StMuDstMaker:INFO  - fillMuFtt
StMuDstMaker:INFO  - fillMuFttRawHits
StMuDstMaker:INFO  - fillMuFttPoints
StMuDstMaker:INFO  - fillMuFttClusters
StMuDstMaker:INFO  - StMuDstMaker::fillFwdTrack(StEvent* ev)
StMuDstMaker:INFO  - StMuDSTMaker filling StMuFwdTrackCollection from StEvent
StMuDstMaker:INFO  - Adding 3 StMuFwdTracks to MuDSt
StMuDstMaker:INFO  - *** StMuDstMaker::Make() == StOK(0) ***
StTreeMaker:INFO  - *** StTreeMaker::Make() == StOK(0) ***
StPicoDstMaker:WARN  - No trigger data bank available!
StPicoDstMaker:INFO  - StPicoDstMaker::fillFcsHits filled 2
StPicoDstMaker:INFO  - StPicoDstMaker::fillFcsClusters filled 0
StPicoDstMaker:INFO  - *** StPicoDstMaker::Make() == StOK(0) ***
MEM after Chain::Clear + Make	 total =794.273438 heap =208.686188 and   0.581085( +0.105011)
<---------- END EVENT
--------->START EVENT: 5
MEM before Chain::Clear + Make	 total =794.273438 heap =208.686386 and   0.580811( +0.000198)
St_geant_Maker:INFO  - *** St_geant_Maker::Make() == StOK(0) ***
St_db_Maker:INFO  - *** St_db_Maker::Make() == StOK(0) ***
StMagFMaker:INFO  - *** StMagFMaker::Make() == StOK(0) ***
StDetectorDbMaker:INFO  - *** StDetectorDbMaker::Make() == StOK(0) ***
StTpcDbMaker:INFO  - *** StTpcDbMaker::Make() == StOK(0) ***
StFcsDbMaker:INFO  - *** StFcsDbMaker::Make() == StOK(0) ***
StEventMaker:INFO  - get trigDetSums from Calibrations/rich/trigDetSums
StEventMaker:WARN  - StEventMaker: No StDAQReader found
StEventMaker:INFO  - *** StEventMaker::Make() == StOK(0) ***
StMcEventMaker:INFO  - StMcEventMaker:   g2t_tpc_hit Table Not found 
StMcEventMaker:INFO  - StMcEventMaker:   particle    Table Not found 
StMcEventMaker:INFO  - *** StMcEventMaker::Make() == StOK(0) ***
StFcsFastSimulatorMaker:DEBUG - StFcsFastSimulatorMaker::Make
StFcsFastSimulatorMaker:DEBUG - Creating StFcsCollection
StFcsFastSimulatorMaker:INFO  - TAttr::Found : fcsleakyhcal = 0

StFcsFastSimulatorMaker:INFO  - TAttr::Found : fcshcalzdepeff = 0

StFcsFastSimulatorMaker:INFO  - g2t_wca_hit table has 35 hit
StFcsFastSimulatorMaker:INFO  - ECAL det=0 id=132 volid=1133 e=0.001412
StFcsFastSimulatorMaker:INFO  - ECAL det=0 id=463 volid=1464 e=0.000076
StFcsFastSimulatorMaker:INFO  - ECAL det=1 id=313 volid=2314 e=0.000345
StFcsFastSimulatorMaker:INFO  - ECAL det=1 id=396 volid=2397 e=0.000140
StFcsFastSimulatorMaker:INFO  - ECAL det=1 id=418 volid=2419 e=0.000318
StFcsFastSimulatorMaker:INFO  - ECAL det=1 id=421 volid=2422 e=0.001008
StFcsFastSimulatorMaker:INFO  - ECAL det=1 id=422 volid=2423 e=0.001494
StFcsFastSimulatorMaker:INFO  - ECAL det=1 id=442 volid=2443 e=0.001317
StFcsFastSimulatorMaker:INFO  - ECAL det=1 id=444 volid=2445 e=0.000016
StFcsFastSimulatorMaker:INFO  - ECAL det=1 id=445 volid=2446 e=0.000482
StFcsFastSimulatorMaker:INFO  - ECAL det=1 id=464 volid=2465 e=0.001203
StFcsFastSimulatorMaker:INFO  - ECAL det=1 id=465 volid=2466 e=0.006674
StFcsFastSimulatorMaker:INFO  - ECAL det=1 id=466 volid=2467 e=0.007277
StFcsFastSimulatorMaker:INFO  - ECAL det=1 id=467 volid=2468 e=0.001072
StFcsFastSimulatorMaker:INFO  - ECAL det=1 id=468 volid=2469 e=0.000854
StFcsFastSimulatorMaker:INFO  - ECAL det=1 id=486 volid=2487 e=0.005640
StFcsFastSimulatorMaker:INFO  - ECAL det=1 id=487 volid=2488 e=1.148935
StFcsFastSimulatorMaker:INFO  - ECAL det=1 id=488 volid=2489 e=0.492185
StFcsFastSimulatorMaker:INFO  - ECAL det=1 id=489 volid=2490 e=0.029858
StFcsFastSimulatorMaker:INFO  - ECAL det=1 id=490 volid=2491 e=0.003039
StFcsFastSimulatorMaker:INFO  - ECAL det=1 id=508 volid=2509 e=0.031067
StFcsFastSimulatorMaker:INFO  - ECAL det=1 id=509 volid=2510 e=1.255826
StFcsFastSimulatorMaker:INFO  - ECAL det=1 id=510 volid=2511 e=0.830724
StFcsFastSimulatorMaker:INFO  - ECAL det=1 id=511 volid=2512 e=0.009093
StFcsFastSimulatorMaker:INFO  - ECAL det=1 id=512 volid=2513 e=0.003286
StFcsFastSimulatorMaker:INFO  - ECAL det=1 id=529 volid=2530 e=0.000489
StFcsFastSimulatorMaker:INFO  - ECAL det=1 id=530 volid=2531 e=0.000048
StFcsFastSimulatorMaker:INFO  - ECAL det=1 id=531 volid=2532 e=0.007074
StFcsFastSimulatorMaker:INFO  - ECAL det=1 id=532 volid=2533 e=0.019538
StFcsFastSimulatorMaker:INFO  - ECAL det=1 id=533 volid=2534 e=0.008151
StFcsFastSimulatorMaker:INFO  - ECAL det=1 id=534 volid=2535 e=0.001054
StFcsFastSimulatorMaker:INFO  - ECAL det=1 id=552 volid=2553 e=0.000588
StFcsFastSimulatorMaker:INFO  - ECAL det=1 id=553 volid=2554 e=0.004433
StFcsFastSimulatorMaker:INFO  - ECAL det=1 id=556 volid=2557 e=0.000097
StFcsFastSimulatorMaker:INFO  - ECAL det=1 id=574 volid=2575 e=0.001847
StFcsFastSimulatorMaker:INFO  - g2t_hca_hit table has 19 hit
StFcsFastSimulatorMaker:INFO  - HCAL det=3 id=144 volid= 2145 e=0.000018
StFcsFastSimulatorMaker:INFO  - HCAL det=3 id=145 volid= 2146 e=0.000016
StFcsFastSimulatorMaker:INFO  - HCAL det=3 id=157 volid= 2158 e=0.000616
StFcsFastSimulatorMaker:INFO  - HCAL det=3 id=158 volid= 2159 e=0.001072
StFcsFastSimulatorMaker:INFO  - HCAL det=3 id=159 volid= 2160 e=0.000267
StFcsFastSimulatorMaker:INFO  - HCAL det=3 id=160 volid= 2161 e=0.002104
StFcsFastSimulatorMaker:INFO  - HCAL det=3 id=170 volid= 2171 e=0.004030
StFcsFastSimulatorMaker:INFO  - HCAL det=3 id=171 volid= 2172 e=0.000675
StFcsFastSimulatorMaker:INFO  - HCAL det=3 id=172 volid= 2173 e=0.000779
StFcsFastSimulatorMaker:INFO  - HCAL det=3 id=173 volid= 2174 e=0.000156
StFcsFastSimulatorMaker:INFO  - HCAL det=3 id=182 volid= 2183 e=0.000909
StFcsFastSimulatorMaker:INFO  - HCAL det=3 id=183 volid= 2184 e=0.000643
StFcsFastSimulatorMaker:INFO  - HCAL det=3 id=184 volid= 2185 e=0.004887
StFcsFastSimulatorMaker:INFO  - HCAL det=3 id=186 volid= 2187 e=0.000305
StFcsFastSimulatorMaker:INFO  - HCAL det=3 id=193 volid= 2194 e=0.000002
StFcsFastSimulatorMaker:INFO  - HCAL det=3 id=197 volid= 2198 e=0.001135
StFcsFastSimulatorMaker:INFO  - HCAL det=3 id=198 volid= 2199 e=0.000022
StFcsFastSimulatorMaker:INFO  - HCAL det=3 id=208 volid= 2209 e=0.001567
StFcsFastSimulatorMaker:INFO  - HCAL det=3 id=222 volid= 2223 e=0.000063
StFcsFastSimulatorMaker:INFO  - g2t_epd_hit table has 1 hit
StFcsFastSimulatorMaker:INFO  - Pres det=5 id=132 volid=208091 e=  1.724577
StFcsFastSimulatorMaker:INFO  - Det=0 id=132 dE=   0.001 SF= 0.200 gain= 0.005 corr= 1.000 ADC=   1 ZS= 1 digiE=   0.005
StFcsFastSimulatorMaker:INFO  - Det=0 id=463 dE=   0.000 SF= 0.200 gain= 0.005 corr= 1.000 ADC=   0 ZS= 1 digiE=   0.000
StFcsFastSimulatorMaker:INFO  - Det=1 id=313 dE=   0.000 SF= 0.200 gain= 0.005 corr= 1.000 ADC=   0 ZS= 1 digiE=   0.000
StFcsFastSimulatorMaker:INFO  - Det=1 id=396 dE=   0.000 SF= 0.200 gain= 0.005 corr= 1.000 ADC=   0 ZS= 1 digiE=   0.000
StFcsFastSimulatorMaker:INFO  - Det=1 id=418 dE=   0.000 SF= 0.200 gain= 0.005 corr= 1.000 ADC=   0 ZS= 1 digiE=   0.000
StFcsFastSimulatorMaker:INFO  - Det=1 id=421 dE=   0.001 SF= 0.200 gain= 0.005 corr= 1.000 ADC=   0 ZS= 1 digiE=   0.000
StFcsFastSimulatorMaker:INFO  - Det=1 id=422 dE=   0.001 SF= 0.200 gain= 0.005 corr= 1.000 ADC=   1 ZS= 1 digiE=   0.005
StFcsFastSimulatorMaker:INFO  - Det=1 id=442 dE=   0.001 SF= 0.200 gain= 0.005 corr= 1.000 ADC=   1 ZS= 1 digiE=   0.005
StFcsFastSimulatorMaker:INFO  - Det=1 id=444 dE=   0.000 SF= 0.200 gain= 0.005 corr= 1.000 ADC=   0 ZS= 1 digiE=   0.000
StFcsFastSimulatorMaker:INFO  - Det=1 id=445 dE=   0.000 SF= 0.200 gain= 0.005 corr= 1.000 ADC=   0 ZS= 1 digiE=   0.000
StFcsFastSimulatorMaker:INFO  - Det=1 id=464 dE=   0.001 SF= 0.200 gain= 0.005 corr= 1.000 ADC=   1 ZS= 1 digiE=   0.005
StFcsFastSimulatorMaker:INFO  - Det=1 id=465 dE=   0.007 SF= 0.200 gain= 0.005 corr= 1.000 ADC=   6 ZS= 1 digiE=   0.032
StFcsFastSimulatorMaker:INFO  - Det=1 id=466 dE=   0.007 SF= 0.200 gain= 0.005 corr= 1.000 ADC=   6 ZS= 1 digiE=   0.032
StFcsFastSimulatorMaker:INFO  - Det=1 id=467 dE=   0.001 SF= 0.200 gain= 0.005 corr= 1.000 ADC=   1 ZS= 1 digiE=   0.005
StFcsFastSimulatorMaker:INFO  - Det=1 id=468 dE=   0.001 SF= 0.200 gain= 0.005 corr= 1.000 ADC=   0 ZS= 1 digiE=   0.000
StFcsFastSimulatorMaker:INFO  - Det=1 id=486 dE=   0.006 SF= 0.200 gain= 0.005 corr= 1.000 ADC=   5 ZS= 1 digiE=   0.026
StFcsFastSimulatorMaker:INFO  - Det=1 id=487 dE=   1.149 SF= 0.200 gain= 0.005 corr= 1.000 ADC=1083 ZS= 1 digiE=   5.740
StFcsFastSimulatorMaker:INFO  - Det=1 id=488 dE=   0.492 SF= 0.200 gain= 0.005 corr= 1.000 ADC= 464 ZS= 1 digiE=   2.459
StFcsFastSimulatorMaker:INFO  - Det=1 id=489 dE=   0.030 SF= 0.200 gain= 0.005 corr= 1.000 ADC=  28 ZS= 1 digiE=   0.148
StFcsFastSimulatorMaker:INFO  - Det=1 id=490 dE=   0.003 SF= 0.200 gain= 0.005 corr= 1.000 ADC=   2 ZS= 1 digiE=   0.011
StFcsFastSimulatorMaker:INFO  - Det=1 id=508 dE=   0.031 SF= 0.200 gain= 0.005 corr= 1.000 ADC=  29 ZS= 1 digiE=   0.154
StFcsFastSimulatorMaker:INFO  - Det=1 id=509 dE=   1.256 SF= 0.200 gain= 0.005 corr= 1.000 ADC=1184 ZS= 1 digiE=   6.275
StFcsFastSimulatorMaker:INFO  - Det=1 id=510 dE=   0.831 SF= 0.200 gain= 0.005 corr= 1.000 ADC= 783 ZS= 1 digiE=   4.150
StFcsFastSimulatorMaker:INFO  - Det=1 id=511 dE=   0.009 SF= 0.200 gain= 0.005 corr= 1.000 ADC=   8 ZS= 1 digiE=   0.042
StFcsFastSimulatorMaker:INFO  - Det=1 id=512 dE=   0.003 SF= 0.200 gain= 0.005 corr= 1.000 ADC=   3 ZS= 1 digiE=   0.016
StFcsFastSimulatorMaker:INFO  - Det=1 id=529 dE=   0.000 SF= 0.200 gain= 0.005 corr= 1.000 ADC=   0 ZS= 1 digiE=   0.000
StFcsFastSimulatorMaker:INFO  - Det=1 id=530 dE=   0.000 SF= 0.200 gain= 0.005 corr= 1.000 ADC=   0 ZS= 1 digiE=   0.000
StFcsFastSimulatorMaker:INFO  - Det=1 id=531 dE=   0.007 SF= 0.200 gain= 0.005 corr= 1.000 ADC=   6 ZS= 1 digiE=   0.032
StFcsFastSimulatorMaker:INFO  - Det=1 id=532 dE=   0.020 SF= 0.200 gain= 0.005 corr= 1.000 ADC=  18 ZS= 1 digiE=   0.095
StFcsFastSimulatorMaker:INFO  - Det=1 id=533 dE=   0.008 SF= 0.200 gain= 0.005 corr= 1.000 ADC=   7 ZS= 1 digiE=   0.037
StFcsFastSimulatorMaker:INFO  - Det=1 id=534 dE=   0.001 SF= 0.200 gain= 0.005 corr= 1.000 ADC=   0 ZS= 1 digiE=   0.000
StFcsFastSimulatorMaker:INFO  - Det=1 id=552 dE=   0.001 SF= 0.200 gain= 0.005 corr= 1.000 ADC=   0 ZS= 1 digiE=   0.000
StFcsFastSimulatorMaker:INFO  - Det=1 id=553 dE=   0.004 SF= 0.200 gain= 0.005 corr= 1.000 ADC=   4 ZS= 1 digiE=   0.021
StFcsFastSimulatorMaker:INFO  - Det=1 id=556 dE=   0.000 SF= 0.200 gain= 0.005 corr= 1.000 ADC=   0 ZS= 1 digiE=   0.000
StFcsFastSimulatorMaker:INFO  - Det=1 id=574 dE=   0.002 SF= 0.200 gain= 0.005 corr= 1.000 ADC=   1 ZS= 1 digiE=   0.005
StFcsFastSimulatorMaker:INFO  - Det=3 id=144 dE=   0.000 SF= 0.014 gain= 0.005 corr= 1.000 ADC=   0 ZS= 1 digiE=   0.000
StFcsFastSimulatorMaker:INFO  - Det=3 id=145 dE=   0.000 SF= 0.014 gain= 0.005 corr= 1.000 ADC=   0 ZS= 1 digiE=   0.000
StFcsFastSimulatorMaker:INFO  - Det=3 id=157 dE=   0.001 SF= 0.014 gain= 0.005 corr= 1.000 ADC=   8 ZS= 1 digiE=   0.042
StFcsFastSimulatorMaker:INFO  - Det=3 id=158 dE=   0.001 SF= 0.014 gain= 0.005 corr= 1.000 ADC=  13 ZS= 1 digiE=   0.069
StFcsFastSimulatorMaker:INFO  - Det=3 id=159 dE=   0.000 SF= 0.014 gain= 0.005 corr= 1.000 ADC=   3 ZS= 1 digiE=   0.016
StFcsFastSimulatorMaker:INFO  - Det=3 id=160 dE=   0.002 SF= 0.014 gain= 0.005 corr= 1.000 ADC=  27 ZS= 1 digiE=   0.143
StFcsFastSimulatorMaker:INFO  - Det=3 id=170 dE=   0.004 SF= 0.014 gain= 0.005 corr= 1.000 ADC=  52 ZS= 1 digiE=   0.276
StFcsFastSimulatorMaker:INFO  - Det=3 id=171 dE=   0.001 SF= 0.014 gain= 0.005 corr= 1.000 ADC=   8 ZS= 1 digiE=   0.042
StFcsFastSimulatorMaker:INFO  - Det=3 id=172 dE=   0.001 SF= 0.014 gain= 0.005 corr= 1.000 ADC=  10 ZS= 1 digiE=   0.053
StFcsFastSimulatorMaker:INFO  - Det=3 id=173 dE=   0.000 SF= 0.014 gain= 0.005 corr= 1.000 ADC=   2 ZS= 1 digiE=   0.011
StFcsFastSimulatorMaker:INFO  - Det=3 id=182 dE=   0.001 SF= 0.014 gain= 0.005 corr= 1.000 ADC=  11 ZS= 1 digiE=   0.058
StFcsFastSimulatorMaker:INFO  - Det=3 id=183 dE=   0.001 SF= 0.014 gain= 0.005 corr= 1.000 ADC=   8 ZS= 1 digiE=   0.042
StFcsFastSimulatorMaker:INFO  - Det=3 id=184 dE=   0.005 SF= 0.014 gain= 0.005 corr= 1.000 ADC=  63 ZS= 1 digiE=   0.334
StFcsFastSimulatorMaker:INFO  - Det=3 id=186 dE=   0.000 SF= 0.014 gain= 0.005 corr= 1.000 ADC=   3 ZS= 1 digiE=   0.016
StFcsFastSimulatorMaker:INFO  - Det=3 id=193 dE=   0.000 SF= 0.014 gain= 0.005 corr= 1.000 ADC=   0 ZS= 1 digiE=   0.000
StFcsFastSimulatorMaker:INFO  - Det=3 id=197 dE=   0.001 SF= 0.014 gain= 0.005 corr= 1.000 ADC=  14 ZS= 1 digiE=   0.074
StFcsFastSimulatorMaker:INFO  - Det=3 id=198 dE=   0.000 SF= 0.014 gain= 0.005 corr= 1.000 ADC=   0 ZS= 1 digiE=   0.000
StFcsFastSimulatorMaker:INFO  - Det=3 id=208 dE=   0.002 SF= 0.014 gain= 0.005 corr= 1.000 ADC=  20 ZS= 1 digiE=   0.106
StFcsFastSimulatorMaker:INFO  - Det=3 id=222 dE=   0.000 SF= 0.014 gain= 0.005 corr= 1.000 ADC=   0 ZS= 1 digiE=   0.000
StFcsFastSimulatorMaker:INFO  - Det=5 id=132 dE=   1.725 SF= 2.000 gain= 0.010 corr= 0.500 ADC= 172 ZS= 1 digiE=   0.860
StFcsFastSimulatorMaker:INFO  - wca Found 35 g2t hits in 16 cells, created 16 hits with ADC>ZS(1) and Etot=  19.271
StFcsFastSimulatorMaker:INFO  - hca Found 19 g2t hits in 14 cells, created 14 hits with ADC>ZS(1) and Etot=   1.283
StFcsFastSimulatorMaker:INFO  - pre Found 1 g2t hits in 1 cells, created 1 hits with ADC>ZS(1) and Etot=   0.860
StFcsFastSimulatorMaker:INFO  - *** StFcsFastSimulatorMaker::Make() == StOK(0) ***
StFcsWaveformFitMaker:INFO  - *** StFcsWaveformFitMaker::Make() == StOK(0) ***
StFcsClusterMaker:DEBUG - StFcsClusterMaker Make!!!
  *** Print FCS collection ***  RecFlag=0
  *** FCS Det=0 *** NHit=  0 NCluster=  0 NPoint=  0
  *** FCS Det=1 *** NHit= 16 NCluster=  1 NPoint=  0
StFcsHit: det= 1 id=509 | ns=1 ehp=0 dep=10 ch=26 | Ntb=  1 Sum=     0 Fit=  0.00   0.00 E=  6.28 | 1184 (  0) 
StFcsHit: det= 1 id=487 | ns=1 ehp=0 dep=10 ch=22 | Ntb=  1 Sum=     0 Fit=  0.00   0.00 E=  5.74 | 1083 (  0) 
StFcsHit: det= 1 id=510 | ns=1 ehp=0 dep=10 ch=27 | Ntb=  1 Sum=     0 Fit=  0.00   0.00 E=  4.15 |  783 (  0) 
StFcsHit: det= 1 id=488 | ns=1 ehp=0 dep=10 ch=23 | Ntb=  1 Sum=     0 Fit=  0.00   0.00 E=  2.46 |  464 (  0) 
StFcsHit: det= 1 id=508 | ns=1 ehp=0 dep=10 ch=25 | Ntb=  1 Sum=     0 Fit=  0.00   0.00 E=  0.15 |   29 (  0) 
StFcsHit: det= 1 id=489 | ns=1 ehp=0 dep=11 ch=20 | Ntb=  1 Sum=     0 Fit=  0.00   0.00 E=  0.15 |   28 (  0) 
StFcsHit: det= 1 id=532 | ns=1 ehp=0 dep=10 ch=31 | Ntb=  1 Sum=     0 Fit=  0.00   0.00 E=  0.10 |   18 (  0) 
StFcsHit: det= 1 id=511 | ns=1 ehp=0 dep=11 ch=24 | Ntb=  1 Sum=     0 Fit=  0.00   0.00 E=  0.04 |    8 (  0) 
StFcsHit: det= 1 id=533 | ns=1 ehp=0 dep=11 ch=28 | Ntb=  1 Sum=     0 Fit=  0.00   0.00 E=  0.04 |    7 (  0) 
StFcsHit: det= 1 id=465 | ns=1 ehp=0 dep=10 ch=18 | Ntb=  1 Sum=     0 Fit=  0.00   0.00 E=  0.03 |    6 (  0) 
StFcsHit: det= 1 id=466 | ns=1 ehp=0 dep=10 ch=19 | Ntb=  1 Sum=     0 Fit=  0.00   0.00 E=  0.03 |    6 (  0) 
StFcsHit: det= 1 id=531 | ns=1 ehp=0 dep=10 ch=30 | Ntb=  1 Sum=     0 Fit=  0.00   0.00 E=  0.03 |    6 (  0) 
StFcsHit: det= 1 id=486 | ns=1 ehp=0 dep=10 ch=21 | Ntb=  1 Sum=     0 Fit=  0.00   0.00 E=  0.03 |    5 (  0) 
StFcsHit: det= 1 id=553 | ns=1 ehp=0 dep=15 ch= 2 | Ntb=  1 Sum=     0 Fit=  0.00   0.00 E=  0.02 |    4 (  0) 
StFcsHit: det= 1 id=512 | ns=1 ehp=0 dep=11 ch=25 | Ntb=  1 Sum=     0 Fit=  0.00   0.00 E=  0.02 |    3 (  0) 
StFcsHit: det= 1 id=490 | ns=1 ehp=0 dep=11 ch=21 | Ntb=  1 Sum=     0 Fit=  0.00   0.00 E=  0.01 |    2 (  0) 
StFcsCluster id=   0 ctg=1 n=16 nNeigh=0 nPoints=0 loc=   3.92   23.04 PXYZE=   1.05   -1.03   19.21   19.27 E=  19.27 sigMin/max=   0.50    0.52 Chi2=   0.00    0.00
  *** FCS Det=2 *** NHit=  0 NCluster=  0 NPoint=  0
  *** FCS Det=3 *** NHit= 14 NCluster=  3 NPoint=  0
StFcsHit: det= 3 id=184 | ns=1 ehp=1 dep= 3 ch=18 | Ntb=  1 Sum=     0 Fit=  0.00   0.00 E=  0.33 |   63 (  0) 
StFcsHit: det= 3 id=170 | ns=1 ehp=1 dep= 3 ch=13 | Ntb=  1 Sum=     0 Fit=  0.00   0.00 E=  0.28 |   52 (  0) 
StFcsHit: det= 3 id=160 | ns=1 ehp=1 dep= 4 ch= 8 | Ntb=  1 Sum=     0 Fit=  0.00   0.00 E=  0.14 |   27 (  0) 
StFcsHit: det= 3 id=208 | ns=1 ehp=1 dep= 3 ch=24 | Ntb=  1 Sum=     0 Fit=  0.00   0.00 E=  0.11 |   20 (  0) 
StFcsHit: det= 3 id=197 | ns=1 ehp=1 dep= 3 ch=22 | Ntb=  1 Sum=     0 Fit=  0.00   0.00 E=  0.07 |   14 (  0) 
StFcsHit: det= 3 id=158 | ns=1 ehp=1 dep= 3 ch=10 | Ntb=  1 Sum=     0 Fit=  0.00   0.00 E=  0.07 |   13 (  0) 
StFcsHit: det= 3 id=182 | ns=1 ehp=1 dep= 3 ch=16 | Ntb=  1 Sum=     0 Fit=  0.00   0.00 E=  0.06 |   11 (  0) 
StFcsHit: det= 3 id=172 | ns=1 ehp=1 dep= 3 ch=15 | Ntb=  1 Sum=     0 Fit=  0.00   0.00 E=  0.05 |   10 (  0) 
StFcsHit: det= 3 id=157 | ns=1 ehp=1 dep= 3 ch= 9 | Ntb=  1 Sum=     0 Fit=  0.00   0.00 E=  0.04 |    8 (  0) 
StFcsHit: det= 3 id=171 | ns=1 ehp=1 dep= 3 ch=14 | Ntb=  1 Sum=     0 Fit=  0.00   0.00 E=  0.04 |    8 (  0) 
StFcsHit: det= 3 id=183 | ns=1 ehp=1 dep= 3 ch=17 | Ntb=  1 Sum=     0 Fit=  0.00   0.00 E=  0.04 |    8 (  0) 
StFcsHit: det= 3 id=159 | ns=1 ehp=1 dep= 3 ch=11 | Ntb=  1 Sum=     0 Fit=  0.00   0.00 E=  0.02 |    3 (  0) 
StFcsHit: det= 3 id=186 | ns=1 ehp=1 dep= 4 ch=16 | Ntb=  1 Sum=     0 Fit=  0.00   0.00 E=  0.02 |    3 (  0) 
StFcsHit: det= 3 id=173 | ns=1 ehp=1 dep= 4 ch=12 | Ntb=  1 Sum=     0 Fit=  0.00   0.00 E=  0.01 |    2 (  0) 
StFcsCluster id=   0 ctg=1 n= 9 nNeigh=2 nPoints=0 loc=   2.07   14.07 PXYZE=   0.05   -0.05    0.99    0.99 E=   0.99 sigMin/max=   0.00    0.70 Chi2=   0.00    0.00
StFcsCluster id=   1 ctg=1 n= 4 nNeigh=1 nPoints=0 loc=   4.50   12.50 PXYZE=   0.02   -0.01    0.18    0.19 E=   0.19 sigMin/max=   0.00    0.00 Chi2=   0.00    0.00
StFcsCluster id=   2 ctg=1 n= 1 nNeigh=1 nPoints=0 loc=   0.50   16.50 PXYZE=   0.00   -0.01    0.11    0.11 E=   0.11 sigMin/max=   0.00    0.00 Chi2=   0.00    0.00
  *** FCS Det=4 *** NHit=  0 NCluster=  0 NPoint=  0
  *** FCS Det=5 *** NHit=  1 NCluster=  0 NPoint=  0
StFcsHit: det= 5 id=132 | ns=1 ehp=2 dep= 4 ch= 4 | Ntb=  1 Sum=     0 Fit=  0.00   0.00 E=  0.86 |  172 (  0) 
  *** FCS Det=6 *** NHit=  0 NCluster=  0 NPoint=  0
StFcsClusterMaker:INFO  - *** StFcsClusterMaker::Make() == StOK(0) ***
StFttClusterPointMaker:INFO  - Creating FttCollection
StFttClusterPointMaker:INFO  - Making Geant points
StFttClusterPointMaker:INFO  - *** StFttClusterPointMaker::Make() == StOK(0) ***
StFwdTrackMaker:INFO  - Setting Event Vertex from geant/g2t_vertex[0]: 0xbf0a820
StFwdTrackMaker:INFO  - TAttr::Found : useftt = 1

StFwdTrackMaker:INFO  - TAttr::Found : usefst = 1

StFwdTrackMaker:INFO  - TAttr::Found : useepd = 1

StFwdTrackMaker:INFO  - There are: 0 with 0 FST, 0 with 1 FST, 0 with 2 FST, 1 with 3 FST
StFwdTrackMaker:INFO  - There are: 0 with 0 FTT, 0 with 1 FTT, 0 with 2 FTT, 0 with 3 FTT, 0 with 4 FTT, 0 with 5 FTT, 0 with 6 FTT, 0 with 7 FTT, 1 with 8 FTT
StFwdTrackMaker:INFO  - There are 1 McTracks with > 2 FST hits (#of possible seeds)
StFwdTrackMaker:INFO  - 	Finding FWD Track Seeds
StFwdTrackMaker:INFO  - Hitmap Source: fst
StFwdTrackMaker:INFO  - Performing Fwd Seed finding with mode: fst = 
StFwdTrackMaker:INFO  - Found 1 seeds in 1 iterations
StFwdTrackMaker:INFO  - Total Hits removed: 0
StFwdTrackMaker:INFO  - Seed [0] with 3 hits : id=2@2id=1@1id=0@0
StFwdTrackMaker:INFO  - <<Fwd Tracking Found : 1 Track Seeds from 3 FST hits and 4 sTGC hits
StFwdTrackMaker:INFO  -     (vs. 1 McTracks with FST>2, eff = 1)
StFwdTrackMaker:INFO  - 	Fitting FWD Track Seeds
StFwdTrackMaker:INFO  - TrackFitter:refit = 1
StFwdTrackMaker:INFO  - Starting Track fitting loop with 1 track seeds
StFwdTrackMaker:INFO  - TrackFitter:refit = 1
StFwdTrackMaker:INFO  - 		Mc Match idTruth=1, quality = 1
StFwdTrackMaker:INFO  - GenFitTrackResult::mIdTruth = 1, QaTruth = 1
The points are collinear, curvature is undefined.
p1 = 8.96447, -8.71139
p2 = 8.96447, -8.71139
p3 = 8.96447, -8.71139
StFwdTrackMaker:INFO  - GenericFitSeeder::makeSeed::Curvature: -1e-07
StFwdTrackMaker:INFO  - GenericFitSeeder::makeSeed::pt = 14989.5
StFwdTrackMaker:WARN  - Seed momentum is too high, setting to (0,0,1)
StFwdTrackMaker:INFO  - Track Setup complete, track has 3 points
StFwdTrackMaker:INFO  -  sorting changed track points: 0
StFwdTrackMaker:INFO  - Fit status:  1
StFwdTrackMaker:INFO  - -Fit pvalue: 1
StFwdTrackMaker:INFO  - -Fit Chi2:   1.54368e-29
StFwdTrackMaker:INFO  - -Fit Chi2:   1.54368e-29
StFwdTrackMaker:INFO  - Track fit charge: -1Fit momentum: -1.51328e-16, 1.31733e-16, 1
StFwdTrackMaker:INFO  - TVector3::PseudoRapidity : transvers momentum = 0! return +/- 10e10
StFwdTrackMaker:INFO  - 	Fit Pt: 2.00633e-16, eta: 1e+11, phi: 2.42531
StFwdTrackMaker:INFO  - Track fit update complete!
StFwdTrackMaker:INFO  - Track Reps: 1
StFwdTrackMaker:INFO  - Track Rep 0 
genfit::AbsTrackRep, pdgCode = -211. PropDir = 0
fitStatus 
 track has been fitted, fit has converged fully, 0 TrackPoints could not be processed, fitted charge = -1, PruneFlags: 
 track has been fitted with reference track, numIterations = 2, track length = 27.031, fChi2 = 1.54368e-29, bChi2 = 1.54368e-29, fNdf = 1, bNdf = 1, fPVal = 1, bPVal = 1

StFwdTrackMaker:INFO  - GenFitTrackResult::mIdTruth = 1, QaTruth = 1
StFwdTrackMaker:INFO  - GTR Setting momentum from track
StFwdTrackMaker:INFO  - --isFitConvergedPartially() = 1
StFwdTrackMaker:INFO  - --isFitConverged() = 1
StFwdTrackMaker:INFO  - --isFitConvergedFully() = 1
StFwdTrackMaker:ERROR - CANNOT GET DCA : GenfitException: genfit::Exception thrown with excString:
RKTrackRep::RKutta ==> Total extrapolation length is longer than length limit : 3002.38 cm !
in line: 1883 in file: /cvmfs/star.sdcc.bnl.gov/star-spack/spack/var/spack/stage/smirnovd/spack-stage-genfit-b496504a-mlcdbxg7bmdsbfrppi7qmzppfw4lh52r/spack-src/trackReps/src/RKTrackRep.cc
with fatal flag 0

StFwdTrackMaker:INFO  - Looking for FTT strips near projected state on disk 0
StFwdTrackMaker:INFO  - There are 2 available FTT strips on this disk
AAA FTT proj z= 312.25  x=  8.936 y= -8.742  r= 12.501 phi=-0.7744  sigU=22360.679 sigV=29.014
AAA FTT momentum at proj: pT= 0.002 eta= 6.922 phi=-2.3162  px= -0.001 py= -0.001 pz=  1.000
AAA FTT search thresholds: dPhi<0.1200 dR<30.00 dx<7.50 dy<7.50  nHits=2
findFttHitsNearProjectedState, msp = (8.935901, -8.742058)
	 vs. hit@(13.966729+/-4.330127, -16.334658+/-0.010000) => dx=5.030828, dy=7.592600, dR=8.990684, dPhi=0.088952 (tid=1), strip=horizontal
AAA FTT hit H pos=( 13.967+/-4.33, -16.335+/-0.01)  dx= 5.031 dy= 7.593 dR= 8.991 dPhi=0.0890 (tid=1)  dPhi:OK dR:OK XY:OK
AAA FTT hit V pos=( 17.017+/-0.01, -12.603+/-4.33)  dx= 8.081 dy= 3.861 dR= 8.675 dPhi=0.1370 (tid=1)  dPhi:FAIL dR:OK XY:OK
StFwdTrackMaker:INFO  - Adding horizontal strip hit with dPhi = 0.0889522, dR = 8.99068, dx = 5.03083, dy = 7.5926
StFwdTrackMaker:INFO  - Closest horizontal FTT strip to FST state: dR=8.990684, dPhi=0.088952, dx=5.030828, dy=7.592600 (tid=1) 
AAA FTT closest-H dPhi=0.0890(<0.1200) dR= 8.991(< 30.0) dx= 5.031 dy= 7.593(< 7.50) tid=1 -> ACCEPT
StFwdTrackMaker:INFO  - Closest vertical FTT strip to FST state: dR=8.675040, dPhi=0.136971, dx=8.081311, dy=3.861010 (tid=1) 
AAA FTT closest-V dPhi=0.1370(<0.1200) dR= 8.675(< 30.0) dx= 8.081 dy= 3.861(< 7.50) tid=1 -> REJECT
AAA FTT result: 1 hits added (H:ACCEPT V:REJECT)
StFwdTrackMaker:INFO  -  Found #FTT strips on plane #0 = [1]
StFwdTrackMaker:INFO  - Found 3 existing seed points
StFwdTrackMaker:INFO  - Adding 1 new FTT seed points
StFwdTrackMaker:INFO  - Looking for FTT strips near projected state on disk 1
StFwdTrackMaker:INFO  - There are 2 available FTT strips on this disk
AAA FTT proj z= 312.25  x=  8.936 y= -8.742  r= 12.501 phi=-0.7744  sigU=22360.679 sigV=33.192
AAA FTT momentum at proj: pT= 0.002 eta= 6.922 phi=-2.3162  px= -0.001 py= -0.001 pz=  1.000
AAA FTT search thresholds: dPhi<0.1200 dR<30.00 dx<7.50 dy<7.50  nHits=2
findFttHitsNearProjectedState, msp = (8.935901, -8.742058)
	 vs. hit@(18.502678+/-4.330127, -17.302517+/-0.010000) => dx=9.566777, dy=8.560459, dR=12.831359, dPhi=0.022542 (tid=1), strip=horizontal
AAA FTT hit H pos=( 18.503+/-4.33, -17.303+/-0.01)  dx= 9.567 dy= 8.560 dR=12.831 dPhi=0.0225 (tid=1)  dPhi:OK dR:OK XY:FAIL
	 vs. hit@(18.004154+/-0.010000, -20.500280+/-4.330127) => dx=9.068253, dy=11.758223, dR=14.782942, dPhi=0.075701 (tid=1), strip=vertical
AAA FTT hit V pos=( 18.004+/-0.01, -20.500+/-4.33)  dx= 9.068 dy=11.758 dR=14.783 dPhi=0.0757 (tid=1)  dPhi:OK dR:OK XY:FAIL
StFwdTrackMaker:INFO  - Closest horizontal FTT strip to FST state: dR=12.831359, dPhi=0.022542, dx=9.566777, dy=8.560459 (tid=1) 
AAA FTT closest-H dPhi=0.0225(<0.1200) dR=12.831(< 30.0) dx= 9.567 dy= 8.560(< 7.50) tid=1 -> REJECT
StFwdTrackMaker:INFO  - Closest vertical FTT strip to FST state: dR=14.782942, dPhi=0.075701, dx=9.068253, dy=11.758223 (tid=1) 
AAA FTT closest-V dPhi=0.0757(<0.1200) dR=14.783(< 30.0) dx= 9.068 dy=11.758(< 7.50) tid=1 -> REJECT
AAA FTT result: 0 hits added (H:REJECT V:REJECT)
StFwdTrackMaker:INFO  -  Found #FTT strips on plane #1 = [0]
StFwdTrackMaker:INFO  - Found 4 existing seed points
StFwdTrackMaker:INFO  - Looking for FTT strips near projected state on disk 2
StFwdTrackMaker:INFO  - There are 2 available FTT strips on this disk
AAA FTT proj z= 312.25  x=  8.936 y= -8.742  r= 12.501 phi=-0.7744  sigU=22360.679 sigV=29.014
AAA FTT momentum at proj: pT= 0.002 eta= 6.922 phi=-2.3162  px= -0.001 py= -0.001 pz=  1.000
AAA FTT search thresholds: dPhi<0.1200 dR<30.00 dx<7.50 dy<7.50  nHits=2
findFttHitsNearProjectedState, msp = (8.935901, -8.742058)
AAA FTT hit H pos=( 11.611+/-4.33, -18.115+/-0.01)  dx= 2.675 dy= 9.372 dR= 9.015 dPhi=0.2264 (tid=1)  dPhi:FAIL dR:OK XY:OK
	 vs. hit@(18.857582+/-0.010000, -19.070446+/-4.330127) => dx=9.921681, dy=10.328388, dR=14.318632, dPhi=0.016577 (tid=1), strip=vertical
AAA FTT hit V pos=( 18.858+/-0.01, -19.070+/-4.33)  dx= 9.922 dy=10.328 dR=14.319 dPhi=0.0166 (tid=1)  dPhi:OK dR:OK XY:FAIL
StFwdTrackMaker:INFO  - Closest horizontal FTT strip to FST state: dR=9.015237, dPhi=0.226367, dx=2.674852, dy=9.372494 (tid=1) 
AAA FTT closest-H dPhi=0.2264(<0.1200) dR= 9.015(< 30.0) dx= 2.675 dy= 9.372(< 7.50) tid=1 -> REJECT
StFwdTrackMaker:INFO  - Closest vertical FTT strip to FST state: dR=14.318632, dPhi=0.016577, dx=9.921681, dy=10.328388 (tid=1) 
AAA FTT closest-V dPhi=0.0166(<0.1200) dR=14.319(< 30.0) dx= 9.922 dy=10.328(< 7.50) tid=1 -> REJECT
AAA FTT result: 0 hits added (H:REJECT V:REJECT)
StFwdTrackMaker:INFO  -  Found #FTT strips on plane #2 = [0]
StFwdTrackMaker:INFO  - Found 4 existing seed points
StFwdTrackMaker:INFO  - Looking for FTT strips near projected state on disk 3
StFwdTrackMaker:INFO  - There are 2 available FTT strips on this disk
AAA FTT proj z= 312.25  x=  8.936 y= -8.742  r= 12.501 phi=-0.7744  sigU=22360.679 sigV=33.192
AAA FTT momentum at proj: pT= 0.002 eta= 6.922 phi=-2.3162  px= -0.001 py= -0.001 pz=  1.000
AAA FTT search thresholds: dPhi<0.1200 dR<30.00 dx<7.50 dy<7.50  nHits=2
findFttHitsNearProjectedState, msp = (8.935901, -8.742058)
AAA FTT hit H pos=( 14.059+/-4.33, -19.056+/-0.01)  dx= 5.123 dy=10.314 dR=11.180 dPhi=0.1607 (tid=1)  dPhi:FAIL dR:OK XY:OK
	 vs. hit@(19.847275+/-0.010000, -24.029043+/-4.330127) => dx=10.911374, dy=15.286985, dR=18.664879, dPhi=0.105986 (tid=1), strip=vertical
AAA FTT hit V pos=( 19.847+/-0.01, -24.029+/-4.33)  dx=10.911 dy=15.287 dR=18.665 dPhi=0.1060 (tid=1)  dPhi:OK dR:OK XY:FAIL
StFwdTrackMaker:INFO  - Closest horizontal FTT strip to FST state: dR=11.180267, dPhi=0.160740, dx=5.123139, dy=10.314272 (tid=1) 
AAA FTT closest-H dPhi=0.1607(<0.1200) dR=11.180(< 30.0) dx= 5.123 dy=10.314(< 7.50) tid=1 -> REJECT
StFwdTrackMaker:INFO  - Closest vertical FTT strip to FST state: dR=18.664879, dPhi=0.105986, dx=10.911374, dy=15.286985 (tid=1) 
AAA FTT closest-V dPhi=0.1060(<0.1200) dR=18.665(< 30.0) dx=10.911 dy=15.287(< 7.50) tid=1 -> REJECT
AAA FTT result: 0 hits added (H:REJECT V:REJECT)
StFwdTrackMaker:INFO  -  Found #FTT strips on plane #3 = [0]
StFwdTrackMaker:INFO  - Found 4 existing seed points
StFwdTrackMaker:INFO  - Closest EPD hit to state: dR=-13.582550, dPhi=-0.141284
StFwdTrackMaker:INFO  - GenFitTrackResult::mIdTruth = 1, QaTruth = 1
The points are collinear, curvature is undefined.
p1 = 8.96447, -8.71139
p2 = 8.96447, -8.71139
p3 = 8.96447, -8.71139
The points are collinear, curvature is undefined.
p1 = 8.96447, -8.71139
p2 = 8.96447, -8.71139
p3 = 13.9667, -16.3347
The points are collinear, curvature is undefined.
p1 = 8.96447, -8.71139
p2 = 8.96447, -8.71139
p3 = 13.9667, -16.3347
The points are collinear, curvature is undefined.
p1 = 8.96447, -8.71139
p2 = 8.96447, -8.71139
p3 = 13.9667, -16.3347
StFwdTrackMaker:INFO  - GenericFitSeeder::makeSeed::Curvature: -1e-07
StFwdTrackMaker:INFO  - GenericFitSeeder::makeSeed::pt = 14989.5
StFwdTrackMaker:WARN  - Seed momentum is too high, setting to (0,0,1)
StFwdTrackMaker:INFO  - Note: Using externally provided seed momentum
StFwdTrackMaker:INFO  - Track Setup complete, track has 4 points
StFwdTrackMaker:INFO  -  sorting changed track points: 0
StFwdTrackMaker:INFO  - Fit status:  0
StFwdTrackMaker:INFO  - -Fit pvalue: 0
StFwdTrackMaker:INFO  - -Fit Chi2:   0
StFwdTrackMaker:INFO  - -Fit Chi2:   0
StFwdTrackMaker:INFO  - Track fit update complete!
StFwdTrackMaker:INFO  - Track Reps: 1
StFwdTrackMaker:INFO  - Track Rep 0 
genfit::AbsTrackRep, pdgCode = -211. PropDir = 0
fitStatus 
 track has NOT been fitted, track has been fitted with reference track,
StFwdTrackMaker:ERROR - --FitTrack is nullptr or fit did not converge, setting seed only
StFwdTrackMaker:INFO  - GenFitTrackResult::mIdTruth = 1, QaTruth = 1
StFwdTrackMaker:INFO  - Global track fitting completed, found 1 global tracks from 1 track seed candidates
[0;33m[KalmanVertexUpdator] S matrix inversion failed. An invalid vertex will be returned.[;0m
[0;33m[KalmanVertexUpdator] S matrix inversion failed. An invalid vertex will be returned.[;0m
[0;33m[KalmanVertexUpdator] S matrix inversion failed. An invalid vertex will be returned.[;0m
[0;33m[KalmanVertexUpdator] S matrix inversion failed. An invalid vertex will be returned.[;0m
[0;33m[KalmanVertexUpdator] S matrix inversion failed. An invalid vertex will be returned.[;0m
[0;33m[KalmanVertexUpdator] S matrix inversion failed. An invalid vertex will be returned.[;0m
[0;33m[KalmanVertexUpdator] S matrix inversion failed. An invalid vertex will be returned.[;0m
[0;33m[KalmanVertexUpdator] S matrix inversion failed. An invalid vertex will be returned.[;0m
[0;33m[KalmanVertexUpdator] S matrix inversion failed. An invalid vertex will be returned.[;0m
[0;33m[KalmanVertexUpdator] S matrix inversion failed. An invalid vertex will be returned.[;0m
StFwdTrackMaker:INFO  - >>doBeamlineTrackFitting( #globals = 1 )
StFwdTrackMaker:INFO  - doBeamlineTrackFitting>>0 McId=1 with Beamline, seed already has: 3 hits
StFwdTrackMaker:INFO  - mBeamlineHit: 0, 0, 0
StFwdTrackMaker:INFO  - This fit is for a global that converged? = 1
StFwdTrackMaker:INFO  - GenFitTrackResult::mIdTruth = 1, QaTruth = 0.75
The points are collinear, curvature is undefined.
p1 = 0, 0
p2 = 8.96447, -8.71139
p3 = 8.96447, -8.71139
The points are collinear, curvature is undefined.
p1 = 0, 0
p2 = 8.96447, -8.71139
p3 = 8.96447, -8.71139
The points are collinear, curvature is undefined.
p1 = 0, 0
p2 = 8.96447, -8.71139
p3 = 8.96447, -8.71139
The points are collinear, curvature is undefined.
p1 = 8.96447, -8.71139
p2 = 8.96447, -8.71139
p3 = 8.96447, -8.71139
StFwdTrackMaker:INFO  - GenericFitSeeder::makeSeed::Curvature: -1e-07
StFwdTrackMaker:INFO  - GenericFitSeeder::makeSeed::pt = 14989.5
StFwdTrackMaker:WARN  - Seed momentum is too high, setting to (0,0,1)
StFwdTrackMaker:INFO  - Track Setup complete, track has 4 points
StFwdTrackMaker:INFO  -  sorting changed track points: 0
StFwdTrackMaker:INFO  - Fit status:  1
StFwdTrackMaker:INFO  - -Fit pvalue: 0.9741
StFwdTrackMaker:INFO  - -Fit Chi2:   0.22118
StFwdTrackMaker:INFO  - -Fit Chi2:   0.22118
StFwdTrackMaker:INFO  - Track fit charge: 1Fit momentum: 29757, -28917, 587850
StFwdTrackMaker:INFO  - 	Fit Pt: 41493, eta: 3.34534, phi: -0.771082
StFwdTrackMaker:INFO  - Track fit update complete!
StFwdTrackMaker:INFO  - Track Reps: 1
StFwdTrackMaker:INFO  - Track Rep 0 
genfit::AbsTrackRep, pdgCode = -211. PropDir = 0
fitStatus 
 track has been fitted, fit has converged fully, 0 TrackPoints could not be processed, fitted charge = 1, PruneFlags: 
 track has been fitted with reference track, numIterations = 4, track length = 189.504, fChi2 = 0.22118, bChi2 = 0.22118, fNdf = 3, bNdf = 3, fPVal = 0.9741, bPVal = 0.9741

StFwdTrackMaker:INFO  - GenFitTrackResult::mIdTruth = 1, QaTruth = 0.75
StFwdTrackMaker:INFO  - GTR Setting momentum from track
StFwdTrackMaker:INFO  - --isFitConvergedPartially() = 1
StFwdTrackMaker:INFO  - --isFitConverged() = 1
StFwdTrackMaker:INFO  - --isFitConvergedFully() = 1
StFwdTrackMaker:INFO  - SEED momentum:-1.51328e-16, 1.31733e-16, 1
StFwdTrackMaker:INFO  - 	Initial Beamline fit completed, now refitting with additional hits
StFwdTrackMaker:INFO  - Looking for FTT strips near projected state on disk 0
StFwdTrackMaker:INFO  - There are 2 available FTT strips on this disk
AAA FTT proj z= 312.25  x= 16.399 y=-15.936  r= 22.867 phi=-0.7711  sigU= 0.351 sigV= 0.029
AAA FTT momentum at proj: pT=41493.011 eta= 3.345 phi=-0.7711  px=29756.991 py=-28916.975 pz=587849.563
AAA FTT search thresholds: dPhi<0.1200 dR<30.00 dx<7.50 dy<7.50  nHits=2
findFttHitsNearProjectedState, msp = (16.399031, -15.936089)
	 vs. hit@(13.966729+/-4.330127, -16.334658+/-0.010000) => dx=2.432302, dy=0.398569, dR=1.375086, dPhi=0.092303 (tid=1), strip=horizontal
AAA FTT hit H pos=( 13.967+/-4.33, -16.335+/-0.01)  dx= 2.432 dy= 0.399 dR= 1.375 dPhi=0.0923 (tid=1)  dPhi:OK dR:OK XY:OK
AAA FTT hit V pos=( 17.017+/-0.01, -12.603+/-4.33)  dx= 0.618 dy= 3.333 dR= 1.691 dPhi=0.1336 (tid=1)  dPhi:FAIL dR:OK XY:OK
StFwdTrackMaker:INFO  - Adding horizontal strip hit with dPhi = 0.0923034, dR = 1.37509, dx = 2.4323, dy = 0.398569
StFwdTrackMaker:INFO  - Closest horizontal FTT strip to FST state: dR=1.375086, dPhi=0.092303, dx=2.432302, dy=0.398569 (tid=1) 
AAA FTT closest-H dPhi=0.0923(<0.1200) dR= 1.375(< 30.0) dx= 2.432 dy= 0.399(< 7.50) tid=1 -> ACCEPT
StFwdTrackMaker:INFO  - Closest vertical FTT strip to FST state: dR=1.690730, dPhi=0.133620, dx=0.618181, dy=3.333021 (tid=1) 
AAA FTT closest-V dPhi=0.1336(<0.1200) dR= 1.691(< 30.0) dx= 0.618 dy= 3.333(< 7.50) tid=1 -> REJECT
AAA FTT result: 1 hits added (H:ACCEPT V:REJECT)
StFwdTrackMaker:INFO  -  Found #FTT strips on plane #0 = [1]
StFwdTrackMaker:INFO  - Found 4 existing seed points
StFwdTrackMaker:INFO  - Adding 1 new FTT seed points
StFwdTrackMaker:INFO  - Looking for FTT strips near projected state on disk 1
StFwdTrackMaker:INFO  - There are 2 available FTT strips on this disk
AAA FTT proj z= 312.25  x= 16.399 y=-15.936  r= 22.867 phi=-0.7711  sigU= 0.351 sigV= 0.028
AAA FTT momentum at proj: pT=41493.011 eta= 3.345 phi=-0.7711  px=29756.991 py=-28916.975 pz=587849.563
AAA FTT search thresholds: dPhi<0.1200 dR<30.00 dx<7.50 dy<7.50  nHits=2
findFttHitsNearProjectedState, msp = (16.399031, -15.936089)
	 vs. hit@(18.502678+/-4.330127, -17.302517+/-0.010000) => dx=2.103647, dy=1.366428, dR=2.465589, dPhi=0.019191 (tid=1), strip=horizontal
AAA FTT hit H pos=( 18.503+/-4.33, -17.303+/-0.01)  dx= 2.104 dy= 1.366 dR= 2.466 dPhi=0.0192 (tid=1)  dPhi:OK dR:OK XY:OK
	 vs. hit@(18.004154+/-0.010000, -20.500280+/-4.330127) => dx=1.605123, dy=4.564192, dR=4.417172, dPhi=0.079052 (tid=1), strip=vertical
AAA FTT hit V pos=( 18.004+/-0.01, -20.500+/-4.33)  dx= 1.605 dy= 4.564 dR= 4.417 dPhi=0.0791 (tid=1)  dPhi:OK dR:OK XY:OK
StFwdTrackMaker:INFO  - Adding horizontal strip hit with dPhi = 0.0191906, dR = 2.46559, dx = 2.10365, dy = 1.36643
StFwdTrackMaker:INFO  - Adding vertical strip hit with dPhi = 0.0790524, dR = 4.41717, dx = 1.60512, dy = 4.56419
StFwdTrackMaker:INFO  - Closest horizontal FTT strip to FST state: dR=2.465589, dPhi=0.019191, dx=2.103647, dy=1.366428 (tid=1) 
AAA FTT closest-H dPhi=0.0192(<0.1200) dR= 2.466(< 30.0) dx= 2.104 dy= 1.366(< 7.50) tid=1 -> ACCEPT
StFwdTrackMaker:INFO  - Closest vertical FTT strip to FST state: dR=4.417172, dPhi=0.079052, dx=1.605123, dy=4.564192 (tid=1) 
AAA FTT closest-V dPhi=0.0791(<0.1200) dR= 4.417(< 30.0) dx= 1.605 dy= 4.564(< 7.50) tid=1 -> ACCEPT
AAA FTT result: 2 hits added (H:ACCEPT V:ACCEPT)
StFwdTrackMaker:INFO  -  Found #FTT strips on plane #1 = [2]
StFwdTrackMaker:INFO  - Found 5 existing seed points
StFwdTrackMaker:INFO  - Adding 2 new FTT seed points
StFwdTrackMaker:INFO  - Looking for FTT strips near projected state on disk 2
StFwdTrackMaker:INFO  - There are 2 available FTT strips on this disk
AAA FTT proj z= 312.25  x= 16.399 y=-15.936  r= 22.867 phi=-0.7711  sigU= 0.351 sigV= 0.029
AAA FTT momentum at proj: pT=41493.011 eta= 3.345 phi=-0.7711  px=29756.991 py=-28916.975 pz=587849.563
AAA FTT search thresholds: dPhi<0.1200 dR<30.00 dx<7.50 dy<7.50  nHits=2
findFttHitsNearProjectedState, msp = (16.399031, -15.936089)
AAA FTT hit H pos=( 11.611+/-4.33, -18.115+/-0.01)  dx= 4.788 dy= 2.178 dR= 1.351 dPhi=0.2297 (tid=1)  dPhi:FAIL dR:OK XY:OK
	 vs. hit@(18.857582+/-0.010000, -19.070446+/-4.330127) => dx=2.458551, dy=3.134357, dR=3.952863, dPhi=0.019928 (tid=1), strip=vertical
AAA FTT hit V pos=( 18.858+/-0.01, -19.070+/-4.33)  dx= 2.459 dy= 3.134 dR= 3.953 dPhi=0.0199 (tid=1)  dPhi:OK dR:OK XY:OK
StFwdTrackMaker:INFO  - Adding vertical strip hit with dPhi = 0.0199283, dR = 3.95286, dx = 2.45855, dy = 3.13436
StFwdTrackMaker:INFO  - Closest horizontal FTT strip to FST state: dR=1.350533, dPhi=0.229718, dx=4.788278, dy=2.178463 (tid=1) 
AAA FTT closest-H dPhi=0.2297(<0.1200) dR= 1.351(< 30.0) dx= 4.788 dy= 2.178(< 7.50) tid=1 -> REJECT
StFwdTrackMaker:INFO  - Closest vertical FTT strip to FST state: dR=3.952863, dPhi=0.019928, dx=2.458551, dy=3.134357 (tid=1) 
AAA FTT closest-V dPhi=0.0199(<0.1200) dR= 3.953(< 30.0) dx= 2.459 dy= 3.134(< 7.50) tid=1 -> ACCEPT
AAA FTT result: 1 hits added (H:REJECT V:ACCEPT)
StFwdTrackMaker:INFO  -  Found #FTT strips on plane #2 = [1]
StFwdTrackMaker:INFO  - Found 7 existing seed points
StFwdTrackMaker:INFO  - Adding 1 new FTT seed points
StFwdTrackMaker:INFO  - Looking for FTT strips near projected state on disk 3
StFwdTrackMaker:INFO  - There are 2 available FTT strips on this disk
AAA FTT proj z= 312.25  x= 16.399 y=-15.936  r= 22.867 phi=-0.7711  sigU= 0.351 sigV= 0.028
AAA FTT momentum at proj: pT=41493.011 eta= 3.345 phi=-0.7711  px=29756.991 py=-28916.975 pz=587849.563
AAA FTT search thresholds: dPhi<0.1200 dR<30.00 dx<7.50 dy<7.50  nHits=2
findFttHitsNearProjectedState, msp = (16.399031, -15.936089)
AAA FTT hit H pos=( 14.059+/-4.33, -19.056+/-0.01)  dx= 2.340 dy= 3.120 dR= 0.814 dPhi=0.1641 (tid=1)  dPhi:FAIL dR:OK XY:OK
	 vs. hit@(19.847275+/-0.010000, -24.029043+/-4.330127) => dx=3.448244, dy=8.092954, dR=8.299109, dPhi=0.109337 (tid=1), strip=vertical
AAA FTT hit V pos=( 19.847+/-0.01, -24.029+/-4.33)  dx= 3.448 dy= 8.093 dR= 8.299 dPhi=0.1093 (tid=1)  dPhi:OK dR:OK XY:OK
StFwdTrackMaker:INFO  - Adding vertical strip hit with dPhi = 0.109337, dR = 8.29911, dx = 3.44824, dy = 8.09295
StFwdTrackMaker:INFO  - Closest horizontal FTT strip to FST state: dR=0.814497, dPhi=0.164091, dx=2.339991, dy=3.120241 (tid=1) 
AAA FTT closest-H dPhi=0.1641(<0.1200) dR= 0.814(< 30.0) dx= 2.340 dy= 3.120(< 7.50) tid=1 -> REJECT
StFwdTrackMaker:INFO  - Closest vertical FTT strip to FST state: dR=8.299109, dPhi=0.109337, dx=3.448244, dy=8.092954 (tid=1) 
AAA FTT closest-V dPhi=0.1093(<0.1200) dR= 8.299(< 30.0) dx= 3.448 dy= 8.093(< 7.50) tid=1 -> ACCEPT
AAA FTT result: 1 hits added (H:REJECT V:ACCEPT)
StFwdTrackMaker:INFO  -  Found #FTT strips on plane #3 = [1]
StFwdTrackMaker:INFO  - Found 8 existing seed points
StFwdTrackMaker:INFO  - Adding 1 new FTT seed points
StFwdTrackMaker:INFO  - Closest EPD hit to state: dR=1.200587, dPhi=-0.116584
StFwdTrackMaker:INFO  - GenFitTrackResult::mIdTruth = 1, QaTruth = 0.888889
The points are collinear, curvature is undefined.
p1 = 0, 0
p2 = 8.96447, -8.71139
p3 = 8.96447, -8.71139
The points are collinear, curvature is undefined.
p1 = 0, 0
p2 = 8.96447, -8.71139
p3 = 8.96447, -8.71139
The points are collinear, curvature is undefined.
p1 = 0, 0
p2 = 8.96447, -8.71139
p3 = 8.96447, -8.71139
The points are collinear, curvature is undefined.
p1 = 8.96447, -8.71139
p2 = 8.96447, -8.71139
p3 = 8.96447, -8.71139
The points are collinear, curvature is undefined.
p1 = 8.96447, -8.71139
p2 = 8.96447, -8.71139
p3 = 13.9667, -16.3347
The points are collinear, curvature is undefined.
p1 = 8.96447, -8.71139
p2 = 8.96447, -8.71139
p3 = 18.5027, -17.3025
The points are collinear, curvature is undefined.
p1 = 8.96447, -8.71139
p2 = 8.96447, -8.71139
p3 = 18.0042, -20.5003
The points are collinear, curvature is undefined.
p1 = 8.96447, -8.71139
p2 = 8.96447, -8.71139
p3 = 18.8576, -19.0704
The points are collinear, curvature is undefined.
p1 = 8.96447, -8.71139
p2 = 8.96447, -8.71139
p3 = 19.8473, -24.029
The points are collinear, curvature is undefined.
p1 = 8.96447, -8.71139
p2 = 8.96447, -8.71139
p3 = 13.9667, -16.3347
The points are collinear, curvature is undefined.
p1 = 8.96447, -8.71139
p2 = 8.96447, -8.71139
p3 = 18.5027, -17.3025
The points are collinear, curvature is undefined.
p1 = 8.96447, -8.71139
p2 = 8.96447, -8.71139
p3 = 18.0042, -20.5003
The points are collinear, curvature is undefined.
p1 = 8.96447, -8.71139
p2 = 8.96447, -8.71139
p3 = 18.8576, -19.0704
The points are collinear, curvature is undefined.
p1 = 8.96447, -8.71139
p2 = 8.96447, -8.71139
p3 = 19.8473, -24.029
The points are collinear, curvature is undefined.
p1 = 8.96447, -8.71139
p2 = 8.96447, -8.71139
p3 = 13.9667, -16.3347
The points are collinear, curvature is undefined.
p1 = 8.96447, -8.71139
p2 = 8.96447, -8.71139
p3 = 18.5027, -17.3025
The points are collinear, curvature is undefined.
p1 = 8.96447, -8.71139
p2 = 8.96447, -8.71139
p3 = 18.0042, -20.5003
The points are collinear, curvature is undefined.
p1 = 8.96447, -8.71139
p2 = 8.96447, -8.71139
p3 = 18.8576, -19.0704
The points are collinear, curvature is undefined.
p1 = 8.96447, -8.71139
p2 = 8.96447, -8.71139
p3 = 19.8473, -24.029
StFwdTrackMaker:INFO  - GenericFitSeeder::makeSeed::Curvature: 0.0180374
StFwdTrackMaker:INFO  - GenericFitSeeder::makeSeed::pt = 0.0831023
StFwdTrackMaker:INFO  - Note: Using externally provided seed momentum
StFwdTrackMaker:INFO  - Track Setup complete, track has 9 points
StFwdTrackMaker:INFO  -  sorting changed track points: 0
StFwdTrackMaker:INFO  - Fit status:  1
StFwdTrackMaker:INFO  - -Fit pvalue: 0.878733
StFwdTrackMaker:INFO  - -Fit Chi2:   7.42865
StFwdTrackMaker:INFO  - -Fit Chi2:   7.42865
StFwdTrackMaker:INFO  - Track fit charge: 1Fit momentum: 0.87294, -0.801508, 15.6373
StFwdTrackMaker:INFO  - 	Fit Pt: 1.18509, eta: 3.27442, phi: -0.742764
StFwdTrackMaker:INFO  - Track fit update complete!
StFwdTrackMaker:INFO  - Track Reps: 1
StFwdTrackMaker:INFO  - Track Rep 0 
genfit::AbsTrackRep, pdgCode = 211. PropDir = 0
fitStatus 
 track has been fitted, fit has converged fully, 0 TrackPoints could not be processed, fitted charge = 1, PruneFlags: 
 track has been fitted with reference track, numIterations = 3, track length = 364.892, fChi2 = 7.42865, bChi2 = 7.42865, fNdf = 13, bNdf = 13, fPVal = 0.878733, bPVal = 0.878733

StFwdTrackMaker:INFO  - GenFitTrackResult::mIdTruth = 1, QaTruth = 0.888889
StFwdTrackMaker:INFO  - GTR Setting momentum from track
StFwdTrackMaker:INFO  - --isFitConvergedPartially() = 1
StFwdTrackMaker:INFO  - --isFitConverged() = 1
StFwdTrackMaker:INFO  - --isFitConvergedFully() = 1
StFwdTrackMaker:INFO  - >>doPrimaryTrackFitting( #globals = 1 )
StFwdTrackMaker:INFO  - Refitting Track 0, McId=1 with Primary Vertex, seed already has: 3 hits
StFwdTrackMaker:INFO  - mEventVertexHit: 0, 0, 0
StFwdTrackMaker:INFO  - This fit is for a global that converged? = 1
StFwdTrackMaker:INFO  - GenFitTrackResult::mIdTruth = 1, QaTruth = 0.75
The points are collinear, curvature is undefined.
p1 = 0, 0
p2 = 8.96447, -8.71139
p3 = 8.96447, -8.71139
The points are collinear, curvature is undefined.
p1 = 0, 0
p2 = 8.96447, -8.71139
p3 = 8.96447, -8.71139
The points are collinear, curvature is undefined.
p1 = 0, 0
p2 = 8.96447, -8.71139
p3 = 8.96447, -8.71139
The points are collinear, curvature is undefined.
p1 = 8.96447, -8.71139
p2 = 8.96447, -8.71139
p3 = 8.96447, -8.71139
StFwdTrackMaker:INFO  - GenericFitSeeder::makeSeed::Curvature: -1e-07
StFwdTrackMaker:INFO  - GenericFitSeeder::makeSeed::pt = 14989.5
StFwdTrackMaker:WARN  - Seed momentum is too high, setting to (0,0,1)
StFwdTrackMaker:INFO  - Note: Using externally provided seed momentum
StFwdTrackMaker:INFO  - Track Setup complete, track has 4 points
StFwdTrackMaker:INFO  -  sorting changed track points: 0
StFwdTrackMaker:INFO  - Fit status:  1
StFwdTrackMaker:INFO  - -Fit pvalue: 0.971248
StFwdTrackMaker:INFO  - -Fit Chi2:   0.237914
StFwdTrackMaker:INFO  - -Fit Chi2:   0.237914
StFwdTrackMaker:INFO  - Track fit charge: 1Fit momentum: 332331, -322948, 6.13303e+06
StFwdTrackMaker:INFO  - 	Fit Pt: 463400, eta: 3.27743, phi: -0.771081
StFwdTrackMaker:INFO  - Track fit update complete!
StFwdTrackMaker:INFO  - Track Reps: 1
StFwdTrackMaker:INFO  - Track Rep 0 
genfit::AbsTrackRep, pdgCode = -211. PropDir = 0
fitStatus 
 track has been fitted, fit has converged fully, 0 TrackPoints could not be processed, fitted charge = 1, PruneFlags: 
 track has been fitted with reference track, numIterations = 4, track length = 177.544, fChi2 = 0.237914, bChi2 = 0.237914, fNdf = 3, bNdf = 3, fPVal = 0.971248, bPVal = 0.971248

StFwdTrackMaker:INFO  - GenFitTrackResult::mIdTruth = 1, QaTruth = 0.75
StFwdTrackMaker:INFO  - GTR Setting momentum from track
StFwdTrackMaker:INFO  - --isFitConvergedPartially() = 1
StFwdTrackMaker:INFO  - --isFitConverged() = 1
StFwdTrackMaker:INFO  - --isFitConvergedFully() = 1
StFwdTrackMaker:INFO  - 	Initial fit complete, now refitting with additional points
StFwdTrackMaker:INFO  - Looking for FTT strips near projected state on disk 0
StFwdTrackMaker:INFO  - There are 2 available FTT strips on this disk
AAA FTT proj z= 312.25  x= 16.920 y=-16.442  r= 23.593 phi=-0.7711  sigU= 0.293 sigV= 0.009
AAA FTT momentum at proj: pT=463399.513 eta= 3.277 phi=-0.7711  px=332330.541 py=-322948.169 pz=6133034.146
AAA FTT search thresholds: dPhi<0.1200 dR<30.00 dx<7.50 dy<7.50  nHits=2
findFttHitsNearProjectedState, msp = (16.920134, -16.442443)
	 vs. hit@(13.966729+/-4.330127, -16.334658+/-0.010000) => dx=2.953405, dy=0.107786, dR=2.101683, dPhi=0.092305 (tid=1), strip=horizontal
AAA FTT hit H pos=( 13.967+/-4.33, -16.335+/-0.01)  dx= 2.953 dy= 0.108 dR= 2.102 dPhi=0.0923 (tid=1)  dPhi:OK dR:OK XY:OK
AAA FTT hit V pos=( 17.017+/-0.01, -12.603+/-4.33)  dx= 0.097 dy= 3.839 dR= 2.417 dPhi=0.1336 (tid=1)  dPhi:FAIL dR:OK XY:OK
StFwdTrackMaker:INFO  - Adding horizontal strip hit with dPhi = 0.0923046, dR = 2.10168, dx = 2.95341, dy = 0.107786
StFwdTrackMaker:INFO  - Closest horizontal FTT strip to FST state: dR=2.101683, dPhi=0.092305, dx=2.953405, dy=0.107786 (tid=1) 
AAA FTT closest-H dPhi=0.0923(<0.1200) dR= 2.102(< 30.0) dx= 2.953 dy= 0.108(< 7.50) tid=1 -> ACCEPT
StFwdTrackMaker:INFO  - Closest vertical FTT strip to FST state: dR=2.417327, dPhi=0.133618, dx=0.097078, dy=3.839376 (tid=1) 
AAA FTT closest-V dPhi=0.1336(<0.1200) dR= 2.417(< 30.0) dx= 0.097 dy= 3.839(< 7.50) tid=1 -> REJECT
AAA FTT result: 1 hits added (H:ACCEPT V:REJECT)
StFwdTrackMaker:INFO  -  Found #FTT strips on plane #0 = [1]
StFwdTrackMaker:INFO  - Found 4 existing seed points
StFwdTrackMaker:INFO  - Adding 1 new FTT seed points
StFwdTrackMaker:INFO  - Looking for FTT strips near projected state on disk 1
StFwdTrackMaker:INFO  - There are 2 available FTT strips on this disk
AAA FTT proj z= 312.25  x= 16.920 y=-16.442  r= 23.593 phi=-0.7711  sigU= 0.293 sigV= 0.009
AAA FTT momentum at proj: pT=463399.513 eta= 3.277 phi=-0.7711  px=332330.541 py=-322948.169 pz=6133034.146
AAA FTT search thresholds: dPhi<0.1200 dR<30.00 dx<7.50 dy<7.50  nHits=2
findFttHitsNearProjectedState, msp = (16.920134, -16.442443)
	 vs. hit@(18.502678+/-4.330127, -17.302517+/-0.010000) => dx=1.582544, dy=0.860074, dR=1.738992, dPhi=0.019189 (tid=1), strip=horizontal
AAA FTT hit H pos=( 18.503+/-4.33, -17.303+/-0.01)  dx= 1.583 dy= 0.860 dR= 1.739 dPhi=0.0192 (tid=1)  dPhi:OK dR:OK XY:OK
	 vs. hit@(18.004154+/-0.010000, -20.500280+/-4.330127) => dx=1.084020, dy=4.057837, dR=3.690575, dPhi=0.079054 (tid=1), strip=vertical
AAA FTT hit V pos=( 18.004+/-0.01, -20.500+/-4.33)  dx= 1.084 dy= 4.058 dR= 3.691 dPhi=0.0791 (tid=1)  dPhi:OK dR:OK XY:OK
StFwdTrackMaker:INFO  - Adding horizontal strip hit with dPhi = 0.0191894, dR = 1.73899, dx = 1.58254, dy = 0.860074
StFwdTrackMaker:INFO  - Adding vertical strip hit with dPhi = 0.0790536, dR = 3.69057, dx = 1.08402, dy = 4.05784
StFwdTrackMaker:INFO  - Closest horizontal FTT strip to FST state: dR=1.738992, dPhi=0.019189, dx=1.582544, dy=0.860074 (tid=1) 
AAA FTT closest-H dPhi=0.0192(<0.1200) dR= 1.739(< 30.0) dx= 1.583 dy= 0.860(< 7.50) tid=1 -> ACCEPT
StFwdTrackMaker:INFO  - Closest vertical FTT strip to FST state: dR=3.690575, dPhi=0.079054, dx=1.084020, dy=4.057837 (tid=1) 
AAA FTT closest-V dPhi=0.0791(<0.1200) dR= 3.691(< 30.0) dx= 1.084 dy= 4.058(< 7.50) tid=1 -> ACCEPT
AAA FTT result: 2 hits added (H:ACCEPT V:ACCEPT)
StFwdTrackMaker:INFO  -  Found #FTT strips on plane #1 = [2]
StFwdTrackMaker:INFO  - Found 5 existing seed points
StFwdTrackMaker:INFO  - Adding 2 new FTT seed points
StFwdTrackMaker:INFO  - Looking for FTT strips near projected state on disk 2
StFwdTrackMaker:INFO  - There are 2 available FTT strips on this disk
AAA FTT proj z= 312.25  x= 16.920 y=-16.442  r= 23.593 phi=-0.7711  sigU= 0.293 sigV= 0.009
AAA FTT momentum at proj: pT=463399.513 eta= 3.277 phi=-0.7711  px=332330.541 py=-322948.169 pz=6133034.146
AAA FTT search thresholds: dPhi<0.1200 dR<30.00 dx<7.50 dy<7.50  nHits=2
findFttHitsNearProjectedState, msp = (16.920134, -16.442443)
AAA FTT hit H pos=( 11.611+/-4.33, -18.115+/-0.01)  dx= 5.309 dy= 1.672 dR= 2.077 dPhi=0.2297 (tid=1)  dPhi:FAIL dR:OK XY:OK
	 vs. hit@(18.857582+/-0.010000, -19.070446+/-4.330127) => dx=1.937448, dy=2.628003, dR=3.226265, dPhi=0.019929 (tid=1), strip=vertical
AAA FTT hit V pos=( 18.858+/-0.01, -19.070+/-4.33)  dx= 1.937 dy= 2.628 dR= 3.226 dPhi=0.0199 (tid=1)  dPhi:OK dR:OK XY:OK
StFwdTrackMaker:INFO  - Adding vertical strip hit with dPhi = 0.0199294, dR = 3.22627, dx = 1.93745, dy = 2.628
StFwdTrackMaker:INFO  - Closest horizontal FTT strip to FST state: dR=2.077130, dPhi=0.229719, dx=5.309381, dy=1.672108 (tid=1) 
AAA FTT closest-H dPhi=0.2297(<0.1200) dR= 2.077(< 30.0) dx= 5.309 dy= 1.672(< 7.50) tid=1 -> REJECT
StFwdTrackMaker:INFO  - Closest vertical FTT strip to FST state: dR=3.226265, dPhi=0.019929, dx=1.937448, dy=2.628003 (tid=1) 
AAA FTT closest-V dPhi=0.0199(<0.1200) dR= 3.226(< 30.0) dx= 1.937 dy= 2.628(< 7.50) tid=1 -> ACCEPT
AAA FTT result: 1 hits added (H:REJECT V:ACCEPT)
StFwdTrackMaker:INFO  -  Found #FTT strips on plane #2 = [1]
StFwdTrackMaker:INFO  - Found 7 existing seed points
StFwdTrackMaker:INFO  - Adding 1 new FTT seed points
StFwdTrackMaker:INFO  - Looking for FTT strips near projected state on disk 3
StFwdTrackMaker:INFO  - There are 2 available FTT strips on this disk
AAA FTT proj z= 312.25  x= 16.920 y=-16.442  r= 23.593 phi=-0.7711  sigU= 0.293 sigV= 0.009
AAA FTT momentum at proj: pT=463399.513 eta= 3.277 phi=-0.7711  px=332330.541 py=-322948.169 pz=6133034.146
AAA FTT search thresholds: dPhi<0.1200 dR<30.00 dx<7.50 dy<7.50  nHits=2
findFttHitsNearProjectedState, msp = (16.920134, -16.442443)
AAA FTT hit H pos=( 14.059+/-4.33, -19.056+/-0.01)  dx= 2.861 dy= 2.614 dR= 0.088 dPhi=0.1641 (tid=1)  dPhi:FAIL dR:OK XY:OK
	 vs. hit@(19.847275+/-0.010000, -24.029043+/-4.330127) => dx=2.927141, dy=7.586600, dR=7.572512, dPhi=0.109338 (tid=1), strip=vertical
AAA FTT hit V pos=( 19.847+/-0.01, -24.029+/-4.33)  dx= 2.927 dy= 7.587 dR= 7.573 dPhi=0.1093 (tid=1)  dPhi:OK dR:OK XY:OK
StFwdTrackMaker:INFO  - Adding vertical strip hit with dPhi = 0.109338, dR = 7.57251, dx = 2.92714, dy = 7.5866
StFwdTrackMaker:INFO  - Closest horizontal FTT strip to FST state: dR=0.087900, dPhi=0.164093, dx=2.861094, dy=2.613887 (tid=1) 
AAA FTT closest-H dPhi=0.1641(<0.1200) dR= 0.088(< 30.0) dx= 2.861 dy= 2.614(< 7.50) tid=1 -> REJECT
StFwdTrackMaker:INFO  - Closest vertical FTT strip to FST state: dR=7.572512, dPhi=0.109338, dx=2.927141, dy=7.586600 (tid=1) 
AAA FTT closest-V dPhi=0.1093(<0.1200) dR= 7.573(< 30.0) dx= 2.927 dy= 7.587(< 7.50) tid=1 -> ACCEPT
AAA FTT result: 1 hits added (H:REJECT V:ACCEPT)
StFwdTrackMaker:INFO  -  Found #FTT strips on plane #3 = [1]
StFwdTrackMaker:INFO  - Found 8 existing seed points
StFwdTrackMaker:INFO  - Adding 1 new FTT seed points
StFwdTrackMaker:INFO  - Closest EPD hit to state: dR=2.239252, dPhi=-0.116582
StFwdTrackMaker:INFO  - GenFitTrackResult::mIdTruth = 1, QaTruth = 0.888889
The points are collinear, curvature is undefined.
p1 = 0, 0
p2 = 8.96447, -8.71139
p3 = 8.96447, -8.71139
The points are collinear, curvature is undefined.
p1 = 0, 0
p2 = 8.96447, -8.71139
p3 = 8.96447, -8.71139
The points are collinear, curvature is undefined.
p1 = 0, 0
p2 = 8.96447, -8.71139
p3 = 8.96447, -8.71139
The points are collinear, curvature is undefined.
p1 = 8.96447, -8.71139
p2 = 8.96447, -8.71139
p3 = 8.96447, -8.71139
The points are collinear, curvature is undefined.
p1 = 8.96447, -8.71139
p2 = 8.96447, -8.71139
p3 = 13.9667, -16.3347
The points are collinear, curvature is undefined.
p1 = 8.96447, -8.71139
p2 = 8.96447, -8.71139
p3 = 18.5027, -17.3025
The points are collinear, curvature is undefined.
p1 = 8.96447, -8.71139
p2 = 8.96447, -8.71139
p3 = 18.0042, -20.5003
The points are collinear, curvature is undefined.
p1 = 8.96447, -8.71139
p2 = 8.96447, -8.71139
p3 = 18.8576, -19.0704
The points are collinear, curvature is undefined.
p1 = 8.96447, -8.71139
p2 = 8.96447, -8.71139
p3 = 19.8473, -24.029
The points are collinear, curvature is undefined.
p1 = 8.96447, -8.71139
p2 = 8.96447, -8.71139
p3 = 13.9667, -16.3347
The points are collinear, curvature is undefined.
p1 = 8.96447, -8.71139
p2 = 8.96447, -8.71139
p3 = 18.5027, -17.3025
The points are collinear, curvature is undefined.
p1 = 8.96447, -8.71139
p2 = 8.96447, -8.71139
p3 = 18.0042, -20.5003
The points are collinear, curvature is undefined.
p1 = 8.96447, -8.71139
p2 = 8.96447, -8.71139
p3 = 18.8576, -19.0704
The points are collinear, curvature is undefined.
p1 = 8.96447, -8.71139
p2 = 8.96447, -8.71139
p3 = 19.8473, -24.029
The points are collinear, curvature is undefined.
p1 = 8.96447, -8.71139
p2 = 8.96447, -8.71139
p3 = 13.9667, -16.3347
The points are collinear, curvature is undefined.
p1 = 8.96447, -8.71139
p2 = 8.96447, -8.71139
p3 = 18.5027, -17.3025
The points are collinear, curvature is undefined.
p1 = 8.96447, -8.71139
p2 = 8.96447, -8.71139
p3 = 18.0042, -20.5003
The points are collinear, curvature is undefined.
p1 = 8.96447, -8.71139
p2 = 8.96447, -8.71139
p3 = 18.8576, -19.0704
The points are collinear, curvature is undefined.
p1 = 8.96447, -8.71139
p2 = 8.96447, -8.71139
p3 = 19.8473, -24.029
StFwdTrackMaker:INFO  - GenericFitSeeder::makeSeed::Curvature: 0.0180374
StFwdTrackMaker:INFO  - GenericFitSeeder::makeSeed::pt = 0.0831023
StFwdTrackMaker:INFO  - Note: Using externally provided seed momentum
StFwdTrackMaker:INFO  - Track Setup complete, track has 9 points
StFwdTrackMaker:INFO  -  sorting changed track points: 0
StFwdTrackMaker:INFO  - Fit status:  1
StFwdTrackMaker:INFO  - -Fit pvalue: 0.805402
StFwdTrackMaker:INFO  - -Fit Chi2:   8.55862
StFwdTrackMaker:INFO  - -Fit Chi2:   8.55862
StFwdTrackMaker:INFO  - Track fit charge: -1Fit momentum: 2.84254, -2.7652, 52.5708
StFwdTrackMaker:INFO  - 	Fit Pt: 3.96564, eta: 3.27906, phi: -0.771608
StFwdTrackMaker:INFO  - Track fit update complete!
StFwdTrackMaker:INFO  - Track Reps: 1
StFwdTrackMaker:INFO  - Track Rep 0 
genfit::AbsTrackRep, pdgCode = 211. PropDir = 0
fitStatus 
 track has been fitted, fit has converged fully, 0 TrackPoints could not be processed, fitted charge = -1, PruneFlags: 
 track has been fitted with reference track, numIterations = 3, track length = 366.471, fChi2 = 8.55862, bChi2 = 8.55862, fNdf = 13, bNdf = 13, fPVal = 0.805402, bPVal = 0.805402

StFwdTrackMaker:INFO  - GenFitTrackResult::mIdTruth = 1, QaTruth = 0.888889
StFwdTrackMaker:INFO  - GTR Setting momentum from track
StFwdTrackMaker:INFO  - --isFitConvergedPartially() = 1
StFwdTrackMaker:INFO  - --isFitConverged() = 1
StFwdTrackMaker:INFO  - --isFitConvergedFully() = 1
StFwdTrackMaker:INFO  - >>doSecondaryTrackFitting( #globals = 1 )
StFwdTrackMaker:INFO  - <<Fwd Tracking Fit :3 GenFit Tracks
StFwdTrackMaker:INFO  - TAttr::Found : fillevent = 1

StFwdTrackMaker:INFO  - Creating the StFwdTrackCollection
StFwdTrackMaker:INFO  - Processing GenfitTrackResult(type=0): 0 mIsFitConverged=1, mIsFitConvergedPartially=1, mNumFitPoints=3
AAA FCS StraightLine: det=0 xyzdet=(-17.399,-5.26,710.16) norm=(-0.0301896,0,0.999544)
AAA projectAsStraightLine: tv3A=(7.67118,-10.1252,575.232) tv3B=(7.39095,-10.4319,625.223)
AAA   xyzf=(-17.399,-5.26,710.16) norm=(-0.0301896,0,0.999544)
AAA   tintersection=2.71371 result=(6.91072,-10.9575,710.894)
AAA FCS StraightLine result: tv3=(6.91072,-10.9575,710.894)
AAA FCS StraightLine: det=2 xyzdet=(-21.285,1.8,782.63) norm=(-0.0301896,0,0.999544)
AAA projectAsStraightLine: tv3A=(7.67118,-10.1252,575.232) tv3B=(7.39095,-10.4319,625.223)
AAA   xyzf=(-21.285,1.8,782.63) norm=(-0.0301896,0,0.999544)
AAA   tintersection=4.16546 result=(6.50389,-11.4028,783.469)
AAA FCS StraightLine result: tv3=(6.50389,-11.4028,783.469)
StFwdTrackMaker:INFO  - Processing GenfitTrackResult(type=2): 1 mIsFitConverged=1, mIsFitConvergedPartially=1, mNumFitPoints=9
AAA FCS StraightLine: det=1 xyzdet=(17.399,-5.26,710.16) norm=(0.0301896,0,0.999544)
AAA projectAsStraightLine: tv3A=(31.1905,-30.0339,574.058) tv3B=(33.9044,-32.6442,623.976)
AAA   xyzf=(17.399,-5.26,710.16) norm=(0.0301896,0,0.999544)
AAA   tintersection=2.71371 result=(38.5552,-37.1175,709.521)
AAA FCS StraightLine result: tv3=(38.5552,-37.1175,709.521)
AAA FCS StraightLine: det=3 xyzdet=(21.285,1.8,782.63) norm=(0.0301896,0,0.999544)
AAA projectAsStraightLine: tv3A=(31.1905,-30.0339,574.058) tv3B=(33.9044,-32.6442,623.976)
AAA   xyzf=(21.285,1.8,782.63) norm=(0.0301896,0,0.999544)
AAA   tintersection=4.16546 result=(42.4951,-40.907,781.989)
AAA FCS StraightLine result: tv3=(42.4951,-40.907,781.989)
StFwdTrackMaker:INFO  - Processing GenfitTrackResult(type=1): 2 mIsFitConverged=1, mIsFitConvergedPartially=1, mNumFitPoints=9
AAA FCS StraightLine: det=1 xyzdet=(17.399,-5.26,710.16) norm=(0.0301896,0,0.999544)
AAA projectAsStraightLine: tv3A=(31.2858,-30.0603,574.055) tv3B=(34.0236,-32.6711,623.972)
AAA   xyzf=(17.399,-5.26,710.16) norm=(0.0301896,0,0.999544)
AAA   tintersection=2.71371 result=(38.7153,-37.1453,709.516)
AAA FCS StraightLine result: tv3=(38.7153,-37.1453,709.516)
AAA FCS StraightLine: det=3 xyzdet=(21.285,1.8,782.63) norm=(0.0301896,0,0.999544)
AAA projectAsStraightLine: tv3A=(31.2858,-30.0603,574.055) tv3B=(34.0236,-32.6711,623.972)
AAA   xyzf=(21.285,1.8,782.63) norm=(0.0301896,0,0.999544)
AAA   tintersection=4.16546 result=(42.6898,-40.9356,781.984)
AAA FCS StraightLine result: tv3=(42.6898,-40.9356,781.984)
StFwdTrackMaker:INFO  - StFwdTrackCollection has 3 tracks now
StFwdTrackMaker:INFO  - StFwdTrackCollection has 3 tracks now
StFwdTrackMaker:INFO  - *** StFwdTrackMaker::Make() == StOK(0) ***
StFcsTrackMatchMaker:INFO  - *** StFcsTrackMatchMaker::Make() == StOK(0) ***
StStrangeMuDstMaker:INFO  - StV0Controller: found 0 V0 candidates
StStrangeMuDstMaker:INFO  - StXiController: found 0 Xi candidates
StStrangeMuDstMaker:INFO  - StKinkController: found 0 Kink candidates
StStrangeMuDstMaker:INFO  - *** StStrangeMuDstMaker::Make() == StOK(0) ***
StMuDstMaker:INFO  - fillMuFtt
StMuDstMaker:INFO  - fillMuFttRawHits
StMuDstMaker:INFO  - fillMuFttPoints
StMuDstMaker:INFO  - fillMuFttClusters
StMuDstMaker:INFO  - StMuDstMaker::fillFwdTrack(StEvent* ev)
StMuDstMaker:INFO  - StMuDSTMaker filling StMuFwdTrackCollection from StEvent
StMuDstMaker:INFO  - Adding 3 StMuFwdTracks to MuDSt
StMuDstMaker:INFO  - *** StMuDstMaker::Make() == StOK(0) ***
StTreeMaker:INFO  - *** StTreeMaker::Make() == StOK(0) ***
StPicoDstMaker:WARN  - No trigger data bank available!
StPicoDstMaker:INFO  - StPicoDstMaker::fillFcsHits filled 31
StPicoDstMaker:INFO  - StPicoDstMaker::fillFcsClusters filled 4
StPicoDstMaker:INFO  - *** StPicoDstMaker::Make() == StOK(0) ***
MEM after Chain::Clear + Make	 total =794.273438 heap =208.693512 and   0.573288( +0.007126)
<---------- END EVENT
--------->START EVENT: 6
MEM before Chain::Clear + Make	 total =794.273438 heap =208.693710 and   0.572998( +0.000198)
St_geant_Maker:INFO  - *** St_geant_Maker::Make() == StOK(0) ***
St_db_Maker:INFO  - *** St_db_Maker::Make() == StOK(0) ***
StMagFMaker:INFO  - *** StMagFMaker::Make() == StOK(0) ***
StDetectorDbMaker:INFO  - *** StDetectorDbMaker::Make() == StOK(0) ***
StTpcDbMaker:INFO  - *** StTpcDbMaker::Make() == StOK(0) ***
StFcsDbMaker:INFO  - *** StFcsDbMaker::Make() == StOK(0) ***
StEventMaker:INFO  - get trigDetSums from Calibrations/rich/trigDetSums
StEventMaker:WARN  - StEventMaker: No StDAQReader found
StEventMaker:INFO  - *** StEventMaker::Make() == StOK(0) ***
StMcEventMaker:INFO  - StMcEventMaker:   g2t_tpc_hit Table Not found 
StMcEventMaker:INFO  - StMcEventMaker:   particle    Table Not found 
StMcEventMaker:INFO  - *** StMcEventMaker::Make() == StOK(0) ***
StFcsFastSimulatorMaker:DEBUG - StFcsFastSimulatorMaker::Make
StFcsFastSimulatorMaker:DEBUG - Creating StFcsCollection
StFcsFastSimulatorMaker:INFO  - TAttr::Found : fcsleakyhcal = 0

StFcsFastSimulatorMaker:INFO  - TAttr::Found : fcshcalzdepeff = 0

StFcsFastSimulatorMaker:INFO  - g2t_wca_hit table has 48 hit
StFcsFastSimulatorMaker:INFO  - ECAL det=0 id=418 volid=1419 e=0.000090
StFcsFastSimulatorMaker:INFO  - ECAL det=1 id=200 volid=2201 e=0.000678
StFcsFastSimulatorMaker:INFO  - ECAL det=1 id=245 volid=2246 e=0.000393
StFcsFastSimulatorMaker:INFO  - ECAL det=1 id=287 volid=2288 e=0.000145
StFcsFastSimulatorMaker:INFO  - ECAL det=1 id=288 volid=2289 e=0.001674
StFcsFastSimulatorMaker:INFO  - ECAL det=1 id=310 volid=2311 e=0.006015
StFcsFastSimulatorMaker:INFO  - ECAL det=1 id=311 volid=2312 e=0.000083
StFcsFastSimulatorMaker:INFO  - ECAL det=1 id=314 volid=2315 e=0.000062
StFcsFastSimulatorMaker:INFO  - ECAL det=1 id=330 volid=2331 e=0.000117
StFcsFastSimulatorMaker:INFO  - ECAL det=1 id=331 volid=2332 e=0.001548
StFcsFastSimulatorMaker:INFO  - ECAL det=1 id=334 volid=2335 e=0.001411
StFcsFastSimulatorMaker:INFO  - ECAL det=1 id=335 volid=2336 e=0.001450
StFcsFastSimulatorMaker:INFO  - ECAL det=1 id=336 volid=2337 e=0.000844
StFcsFastSimulatorMaker:INFO  - ECAL det=1 id=338 volid=2339 e=0.000661
StFcsFastSimulatorMaker:INFO  - ECAL det=1 id=355 volid=2356 e=0.018822
StFcsFastSimulatorMaker:INFO  - ECAL det=1 id=356 volid=2357 e=0.014671
StFcsFastSimulatorMaker:INFO  - ECAL det=1 id=357 volid=2358 e=0.006581
StFcsFastSimulatorMaker:INFO  - ECAL det=1 id=358 volid=2359 e=0.002770
StFcsFastSimulatorMaker:INFO  - ECAL det=1 id=359 volid=2360 e=0.001116
StFcsFastSimulatorMaker:INFO  - ECAL det=1 id=361 volid=2362 e=0.000464
StFcsFastSimulatorMaker:INFO  - ECAL det=1 id=375 volid=2376 e=0.000032
StFcsFastSimulatorMaker:INFO  - ECAL det=1 id=376 volid=2377 e=0.007019
StFcsFastSimulatorMaker:INFO  - ECAL det=1 id=377 volid=2378 e=0.060901
StFcsFastSimulatorMaker:INFO  - ECAL det=1 id=378 volid=2379 e=1.911484
StFcsFastSimulatorMaker:INFO  - ECAL det=1 id=379 volid=2380 e=0.059403
StFcsFastSimulatorMaker:INFO  - ECAL det=1 id=380 volid=2381 e=0.011007
StFcsFastSimulatorMaker:INFO  - ECAL det=1 id=383 volid=2384 e=0.000027
StFcsFastSimulatorMaker:INFO  - ECAL det=1 id=398 volid=2399 e=0.001623
StFcsFastSimulatorMaker:INFO  - ECAL det=1 id=399 volid=2400 e=0.070079
StFcsFastSimulatorMaker:INFO  - ECAL det=1 id=400 volid=2401 e=2.604123
StFcsFastSimulatorMaker:INFO  - ECAL det=1 id=401 volid=2402 e=0.069239
StFcsFastSimulatorMaker:INFO  - ECAL det=1 id=402 volid=2403 e=0.002572
StFcsFastSimulatorMaker:INFO  - ECAL det=1 id=403 volid=2404 e=0.000946
StFcsFastSimulatorMaker:INFO  - ECAL det=1 id=420 volid=2421 e=0.000495
StFcsFastSimulatorMaker:INFO  - ECAL det=1 id=421 volid=2422 e=0.003013
StFcsFastSimulatorMaker:INFO  - ECAL det=1 id=422 volid=2423 e=0.031701
StFcsFastSimulatorMaker:INFO  - ECAL det=1 id=423 volid=2424 e=0.010001
StFcsFastSimulatorMaker:INFO  - ECAL det=1 id=427 volid=2428 e=0.001725
StFcsFastSimulatorMaker:INFO  - ECAL det=1 id=442 volid=2443 e=0.000394
StFcsFastSimulatorMaker:INFO  - ECAL det=1 id=443 volid=2444 e=0.001082
StFcsFastSimulatorMaker:INFO  - ECAL det=1 id=444 volid=2445 e=0.002197
StFcsFastSimulatorMaker:INFO  - ECAL det=1 id=445 volid=2446 e=0.003348
StFcsFastSimulatorMaker:INFO  - ECAL det=1 id=447 volid=2448 e=0.000477
StFcsFastSimulatorMaker:INFO  - ECAL det=1 id=448 volid=2449 e=0.001164
StFcsFastSimulatorMaker:INFO  - ECAL det=1 id=465 volid=2466 e=0.000029
StFcsFastSimulatorMaker:INFO  - ECAL det=1 id=466 volid=2467 e=0.000748
StFcsFastSimulatorMaker:INFO  - ECAL det=1 id=487 volid=2488 e=0.000033
StFcsFastSimulatorMaker:INFO  - ECAL det=1 id=488 volid=2489 e=0.000068
StFcsFastSimulatorMaker:INFO  - g2t_hca_hit table has 14 hit
StFcsFastSimulatorMaker:INFO  - HCAL det=3 id=118 volid= 2119 e=0.000445
StFcsFastSimulatorMaker:INFO  - HCAL det=3 id=119 volid= 2120 e=0.000862
StFcsFastSimulatorMaker:INFO  - HCAL det=3 id=131 volid= 2132 e=0.000281
StFcsFastSimulatorMaker:INFO  - HCAL det=3 id=132 volid= 2133 e=0.006370
StFcsFastSimulatorMaker:INFO  - HCAL det=3 id=133 volid= 2134 e=0.000007
StFcsFastSimulatorMaker:INFO  - HCAL det=3 id=135 volid= 2136 e=0.000206
StFcsFastSimulatorMaker:INFO  - HCAL det=3 id=144 volid= 2145 e=0.001818
StFcsFastSimulatorMaker:INFO  - HCAL det=3 id=145 volid= 2146 e=0.012350
StFcsFastSimulatorMaker:INFO  - HCAL det=3 id=146 volid= 2147 e=0.004610
StFcsFastSimulatorMaker:INFO  - HCAL det=3 id=147 volid= 2148 e=0.002883
StFcsFastSimulatorMaker:INFO  - HCAL det=3 id=158 volid= 2159 e=0.000017
StFcsFastSimulatorMaker:INFO  - HCAL det=3 id=173 volid= 2174 e=0.000573
StFcsFastSimulatorMaker:INFO  - HCAL det=3 id=182 volid= 2183 e=0.000126
StFcsFastSimulatorMaker:INFO  - HCAL det=3 id=187 volid= 2188 e=0.000020
StFcsFastSimulatorMaker:INFO  - g2t_epd_hit table has 1 hit
StFcsFastSimulatorMaker:INFO  - Pres det=5 id= 99 volid=209071 e=  1.506694
StFcsFastSimulatorMaker:INFO  - Det=0 id=418 dE=   0.000 SF= 0.200 gain= 0.005 corr= 1.000 ADC=   0 ZS= 1 digiE=   0.000
StFcsFastSimulatorMaker:INFO  - Det=1 id=200 dE=   0.001 SF= 0.200 gain= 0.005 corr= 1.000 ADC=   0 ZS= 1 digiE=   0.000
StFcsFastSimulatorMaker:INFO  - Det=1 id=245 dE=   0.000 SF= 0.200 gain= 0.005 corr= 1.000 ADC=   0 ZS= 1 digiE=   0.000
StFcsFastSimulatorMaker:INFO  - Det=1 id=287 dE=   0.000 SF= 0.200 gain= 0.005 corr= 1.000 ADC=   0 ZS= 1 digiE=   0.000
StFcsFastSimulatorMaker:INFO  - Det=1 id=288 dE=   0.002 SF= 0.200 gain= 0.005 corr= 1.000 ADC=   1 ZS= 1 digiE=   0.005
StFcsFastSimulatorMaker:INFO  - Det=1 id=310 dE=   0.006 SF= 0.200 gain= 0.005 corr= 1.000 ADC=   5 ZS= 1 digiE=   0.026
StFcsFastSimulatorMaker:INFO  - Det=1 id=311 dE=   0.000 SF= 0.200 gain= 0.005 corr= 1.000 ADC=   0 ZS= 1 digiE=   0.000
StFcsFastSimulatorMaker:INFO  - Det=1 id=314 dE=   0.000 SF= 0.200 gain= 0.005 corr= 1.000 ADC=   0 ZS= 1 digiE=   0.000
StFcsFastSimulatorMaker:INFO  - Det=1 id=330 dE=   0.000 SF= 0.200 gain= 0.005 corr= 1.000 ADC=   0 ZS= 1 digiE=   0.000
StFcsFastSimulatorMaker:INFO  - Det=1 id=331 dE=   0.002 SF= 0.200 gain= 0.005 corr= 1.000 ADC=   1 ZS= 1 digiE=   0.005
StFcsFastSimulatorMaker:INFO  - Det=1 id=334 dE=   0.001 SF= 0.200 gain= 0.005 corr= 1.000 ADC=   1 ZS= 1 digiE=   0.005
StFcsFastSimulatorMaker:INFO  - Det=1 id=335 dE=   0.001 SF= 0.200 gain= 0.005 corr= 1.000 ADC=   1 ZS= 1 digiE=   0.005
StFcsFastSimulatorMaker:INFO  - Det=1 id=336 dE=   0.001 SF= 0.200 gain= 0.005 corr= 1.000 ADC=   0 ZS= 1 digiE=   0.000
StFcsFastSimulatorMaker:INFO  - Det=1 id=338 dE=   0.001 SF= 0.200 gain= 0.005 corr= 1.000 ADC=   0 ZS= 1 digiE=   0.000
StFcsFastSimulatorMaker:INFO  - Det=1 id=355 dE=   0.019 SF= 0.200 gain= 0.005 corr= 1.000 ADC=  17 ZS= 1 digiE=   0.090
StFcsFastSimulatorMaker:INFO  - Det=1 id=356 dE=   0.015 SF= 0.200 gain= 0.005 corr= 1.000 ADC=  13 ZS= 1 digiE=   0.069
StFcsFastSimulatorMaker:INFO  - Det=1 id=357 dE=   0.007 SF= 0.200 gain= 0.005 corr= 1.000 ADC=   6 ZS= 1 digiE=   0.032
StFcsFastSimulatorMaker:INFO  - Det=1 id=358 dE=   0.003 SF= 0.200 gain= 0.005 corr= 1.000 ADC=   2 ZS= 1 digiE=   0.011
StFcsFastSimulatorMaker:INFO  - Det=1 id=359 dE=   0.001 SF= 0.200 gain= 0.005 corr= 1.000 ADC=   1 ZS= 1 digiE=   0.005
StFcsFastSimulatorMaker:INFO  - Det=1 id=361 dE=   0.000 SF= 0.200 gain= 0.005 corr= 1.000 ADC=   0 ZS= 1 digiE=   0.000
StFcsFastSimulatorMaker:INFO  - Det=1 id=375 dE=   0.000 SF= 0.200 gain= 0.005 corr= 1.000 ADC=   0 ZS= 1 digiE=   0.000
StFcsFastSimulatorMaker:INFO  - Det=1 id=376 dE=   0.007 SF= 0.200 gain= 0.005 corr= 1.000 ADC=   6 ZS= 1 digiE=   0.032
StFcsFastSimulatorMaker:INFO  - Det=1 id=377 dE=   0.061 SF= 0.200 gain= 0.005 corr= 1.000 ADC=  57 ZS= 1 digiE=   0.302
StFcsFastSimulatorMaker:INFO  - Det=1 id=378 dE=   1.911 SF= 0.200 gain= 0.005 corr= 1.000 ADC=1803 ZS= 1 digiE=   9.556
StFcsFastSimulatorMaker:INFO  - Det=1 id=379 dE=   0.059 SF= 0.200 gain= 0.005 corr= 1.000 ADC=  56 ZS= 1 digiE=   0.297
StFcsFastSimulatorMaker:INFO  - Det=1 id=380 dE=   0.011 SF= 0.200 gain= 0.005 corr= 1.000 ADC=  10 ZS= 1 digiE=   0.053
StFcsFastSimulatorMaker:INFO  - Det=1 id=383 dE=   0.000 SF= 0.200 gain= 0.005 corr= 1.000 ADC=   0 ZS= 1 digiE=   0.000
StFcsFastSimulatorMaker:INFO  - Det=1 id=398 dE=   0.002 SF= 0.200 gain= 0.005 corr= 1.000 ADC=   1 ZS= 1 digiE=   0.005
StFcsFastSimulatorMaker:INFO  - Det=1 id=399 dE=   0.070 SF= 0.200 gain= 0.005 corr= 1.000 ADC=  66 ZS= 1 digiE=   0.350
StFcsFastSimulatorMaker:INFO  - Det=1 id=400 dE=   2.604 SF= 0.200 gain= 0.005 corr= 1.000 ADC=2456 ZS= 1 digiE=  13.017
StFcsFastSimulatorMaker:INFO  - Det=1 id=401 dE=   0.069 SF= 0.200 gain= 0.005 corr= 1.000 ADC=  65 ZS= 1 digiE=   0.344
StFcsFastSimulatorMaker:INFO  - Det=1 id=402 dE=   0.003 SF= 0.200 gain= 0.005 corr= 1.000 ADC=   2 ZS= 1 digiE=   0.011
StFcsFastSimulatorMaker:INFO  - Det=1 id=403 dE=   0.001 SF= 0.200 gain= 0.005 corr= 1.000 ADC=   0 ZS= 1 digiE=   0.000
StFcsFastSimulatorMaker:INFO  - Det=1 id=420 dE=   0.000 SF= 0.200 gain= 0.005 corr= 1.000 ADC=   0 ZS= 1 digiE=   0.000
StFcsFastSimulatorMaker:INFO  - Det=1 id=421 dE=   0.003 SF= 0.200 gain= 0.005 corr= 1.000 ADC=   2 ZS= 1 digiE=   0.011
StFcsFastSimulatorMaker:INFO  - Det=1 id=422 dE=   0.032 SF= 0.200 gain= 0.005 corr= 1.000 ADC=  29 ZS= 1 digiE=   0.154
StFcsFastSimulatorMaker:INFO  - Det=1 id=423 dE=   0.010 SF= 0.200 gain= 0.005 corr= 1.000 ADC=   9 ZS= 1 digiE=   0.048
StFcsFastSimulatorMaker:INFO  - Det=1 id=427 dE=   0.002 SF= 0.200 gain= 0.005 corr= 1.000 ADC=   1 ZS= 1 digiE=   0.005
StFcsFastSimulatorMaker:INFO  - Det=1 id=442 dE=   0.000 SF= 0.200 gain= 0.005 corr= 1.000 ADC=   0 ZS= 1 digiE=   0.000
StFcsFastSimulatorMaker:INFO  - Det=1 id=443 dE=   0.001 SF= 0.200 gain= 0.005 corr= 1.000 ADC=   1 ZS= 1 digiE=   0.005
StFcsFastSimulatorMaker:INFO  - Det=1 id=444 dE=   0.002 SF= 0.200 gain= 0.005 corr= 1.000 ADC=   2 ZS= 1 digiE=   0.011
StFcsFastSimulatorMaker:INFO  - Det=1 id=445 dE=   0.003 SF= 0.200 gain= 0.005 corr= 1.000 ADC=   3 ZS= 1 digiE=   0.016
StFcsFastSimulatorMaker:INFO  - Det=1 id=447 dE=   0.000 SF= 0.200 gain= 0.005 corr= 1.000 ADC=   0 ZS= 1 digiE=   0.000
StFcsFastSimulatorMaker:INFO  - Det=1 id=448 dE=   0.001 SF= 0.200 gain= 0.005 corr= 1.000 ADC=   1 ZS= 1 digiE=   0.005
StFcsFastSimulatorMaker:INFO  - Det=1 id=465 dE=   0.000 SF= 0.200 gain= 0.005 corr= 1.000 ADC=   0 ZS= 1 digiE=   0.000
StFcsFastSimulatorMaker:INFO  - Det=1 id=466 dE=   0.001 SF= 0.200 gain= 0.005 corr= 1.000 ADC=   0 ZS= 1 digiE=   0.000
StFcsFastSimulatorMaker:INFO  - Det=1 id=487 dE=   0.000 SF= 0.200 gain= 0.005 corr= 1.000 ADC=   0 ZS= 1 digiE=   0.000
StFcsFastSimulatorMaker:INFO  - Det=1 id=488 dE=   0.000 SF= 0.200 gain= 0.005 corr= 1.000 ADC=   0 ZS= 1 digiE=   0.000
StFcsFastSimulatorMaker:INFO  - Det=3 id=118 dE=   0.000 SF= 0.014 gain= 0.005 corr= 1.000 ADC=   5 ZS= 1 digiE=   0.026
StFcsFastSimulatorMaker:INFO  - Det=3 id=119 dE=   0.001 SF= 0.014 gain= 0.005 corr= 1.000 ADC=  11 ZS= 1 digiE=   0.058
StFcsFastSimulatorMaker:INFO  - Det=3 id=131 dE=   0.000 SF= 0.014 gain= 0.005 corr= 1.000 ADC=   3 ZS= 1 digiE=   0.016
StFcsFastSimulatorMaker:INFO  - Det=3 id=132 dE=   0.006 SF= 0.014 gain= 0.005 corr= 1.000 ADC=  82 ZS= 1 digiE=   0.435
StFcsFastSimulatorMaker:INFO  - Det=3 id=133 dE=   0.000 SF= 0.014 gain= 0.005 corr= 1.000 ADC=   0 ZS= 1 digiE=   0.000
StFcsFastSimulatorMaker:INFO  - Det=3 id=135 dE=   0.000 SF= 0.014 gain= 0.005 corr= 1.000 ADC=   2 ZS= 1 digiE=   0.011
StFcsFastSimulatorMaker:INFO  - Det=3 id=144 dE=   0.002 SF= 0.014 gain= 0.005 corr= 1.000 ADC=  23 ZS= 1 digiE=   0.122
StFcsFastSimulatorMaker:INFO  - Det=3 id=145 dE=   0.012 SF= 0.014 gain= 0.005 corr= 1.000 ADC= 160 ZS= 1 digiE=   0.848
StFcsFastSimulatorMaker:INFO  - Det=3 id=146 dE=   0.005 SF= 0.014 gain= 0.005 corr= 1.000 ADC=  59 ZS= 1 digiE=   0.313
StFcsFastSimulatorMaker:INFO  - Det=3 id=147 dE=   0.003 SF= 0.014 gain= 0.005 corr= 1.000 ADC=  37 ZS= 1 digiE=   0.196
StFcsFastSimulatorMaker:INFO  - Det=3 id=158 dE=   0.000 SF= 0.014 gain= 0.005 corr= 1.000 ADC=   0 ZS= 1 digiE=   0.000
StFcsFastSimulatorMaker:INFO  - Det=3 id=173 dE=   0.001 SF= 0.014 gain= 0.005 corr= 1.000 ADC=   7 ZS= 1 digiE=   0.037
StFcsFastSimulatorMaker:INFO  - Det=3 id=182 dE=   0.000 SF= 0.014 gain= 0.005 corr= 1.000 ADC=   1 ZS= 1 digiE=   0.005
StFcsFastSimulatorMaker:INFO  - Det=3 id=187 dE=   0.000 SF= 0.014 gain= 0.005 corr= 1.000 ADC=   0 ZS= 1 digiE=   0.000
StFcsFastSimulatorMaker:INFO  - Det=5 id= 99 dE=   1.507 SF= 2.000 gain= 0.010 corr= 0.500 ADC= 150 ZS= 1 digiE=   0.750
StFcsFastSimulatorMaker:INFO  - wca Found 48 g2t hits in 19 cells, created 19 hits with ADC>ZS(1) and Etot=  24.428
StFcsFastSimulatorMaker:INFO  - hca Found 14 g2t hits in 10 cells, created 10 hits with ADC>ZS(1) and Etot=   2.062
StFcsFastSimulatorMaker:INFO  - pre Found 1 g2t hits in 1 cells, created 1 hits with ADC>ZS(1) and Etot=   0.750
StFcsFastSimulatorMaker:INFO  - *** StFcsFastSimulatorMaker::Make() == StOK(0) ***
StFcsWaveformFitMaker:INFO  - *** StFcsWaveformFitMaker::Make() == StOK(0) ***
StFcsClusterMaker:DEBUG - StFcsClusterMaker Make!!!
  *** Print FCS collection ***  RecFlag=0
  *** FCS Det=0 *** NHit=  0 NCluster=  0 NPoint=  0
  *** FCS Det=1 *** NHit= 19 NCluster=  1 NPoint=  0
StFcsHit: det= 1 id=400 | ns=1 ehp=0 dep=10 ch= 7 | Ntb=  1 Sum=     0 Fit=  0.00   0.00 E= 13.02 | 2456 (  0) 
StFcsHit: det= 1 id=378 | ns=1 ehp=0 dep=10 ch= 3 | Ntb=  1 Sum=     0 Fit=  0.00   0.00 E=  9.56 | 1803 (  0) 
StFcsHit: det= 1 id=399 | ns=1 ehp=0 dep=10 ch= 6 | Ntb=  1 Sum=     0 Fit=  0.00   0.00 E=  0.35 |   66 (  0) 
StFcsHit: det= 1 id=401 | ns=1 ehp=0 dep=11 ch= 4 | Ntb=  1 Sum=     0 Fit=  0.00   0.00 E=  0.34 |   65 (  0) 
StFcsHit: det= 1 id=377 | ns=1 ehp=0 dep=10 ch= 2 | Ntb=  1 Sum=     0 Fit=  0.00   0.00 E=  0.30 |   57 (  0) 
StFcsHit: det= 1 id=379 | ns=1 ehp=0 dep=11 ch= 0 | Ntb=  1 Sum=     0 Fit=  0.00   0.00 E=  0.30 |   56 (  0) 
StFcsHit: det= 1 id=422 | ns=1 ehp=0 dep=10 ch=11 | Ntb=  1 Sum=     0 Fit=  0.00   0.00 E=  0.15 |   29 (  0) 
StFcsHit: det= 1 id=355 | ns=1 ehp=0 dep= 5 ch=30 | Ntb=  1 Sum=     0 Fit=  0.00   0.00 E=  0.09 |   17 (  0) 
StFcsHit: det= 1 id=356 | ns=1 ehp=0 dep= 5 ch=31 | Ntb=  1 Sum=     0 Fit=  0.00   0.00 E=  0.07 |   13 (  0) 
StFcsHit: det= 1 id=380 | ns=1 ehp=0 dep=11 ch= 1 | Ntb=  1 Sum=     0 Fit=  0.00   0.00 E=  0.05 |   10 (  0) 
StFcsHit: det= 1 id=423 | ns=1 ehp=0 dep=11 ch= 8 | Ntb=  1 Sum=     0 Fit=  0.00   0.00 E=  0.05 |    9 (  0) 
StFcsHit: det= 1 id=376 | ns=1 ehp=0 dep=10 ch= 1 | Ntb=  1 Sum=     0 Fit=  0.00   0.00 E=  0.03 |    6 (  0) 
StFcsHit: det= 1 id=357 | ns=1 ehp=0 dep= 6 ch=28 | Ntb=  1 Sum=     0 Fit=  0.00   0.00 E=  0.03 |    6 (  0) 
StFcsHit: det= 1 id=310 | ns=1 ehp=0 dep= 5 ch=21 | Ntb=  1 Sum=     0 Fit=  0.00   0.00 E=  0.03 |    5 (  0) 
StFcsHit: det= 1 id=445 | ns=1 ehp=0 dep=11 ch=12 | Ntb=  1 Sum=     0 Fit=  0.00   0.00 E=  0.02 |    3 (  0) 
StFcsHit: det= 1 id=358 | ns=1 ehp=0 dep= 6 ch=29 | Ntb=  1 Sum=     0 Fit=  0.00   0.00 E=  0.01 |    2 (  0) 
StFcsHit: det= 1 id=402 | ns=1 ehp=0 dep=11 ch= 5 | Ntb=  1 Sum=     0 Fit=  0.00   0.00 E=  0.01 |    2 (  0) 
StFcsHit: det= 1 id=421 | ns=1 ehp=0 dep=10 ch=10 | Ntb=  1 Sum=     0 Fit=  0.00   0.00 E=  0.01 |    2 (  0) 
StFcsHit: det= 1 id=444 | ns=1 ehp=0 dep=10 ch=15 | Ntb=  1 Sum=     0 Fit=  0.00   0.00 E=  0.01 |    2 (  0) 
StFcsCluster id=   0 ctg=1 n=18 nNeigh=0 nPoints=0 loc=   4.50   18.04 PXYZE=   1.44   -0.37   24.36   24.40 E=  24.40 sigMin/max=   0.37    0.52 Chi2=   0.00    0.00
  *** FCS Det=2 *** NHit=  0 NCluster=  0 NPoint=  0
  *** FCS Det=3 *** NHit= 10 NCluster=  1 NPoint=  0
StFcsHit: det= 3 id=145 | ns=1 ehp=1 dep= 3 ch= 6 | Ntb=  1 Sum=     0 Fit=  0.00   0.00 E=  0.85 |  160 (  0) 
StFcsHit: det= 3 id=132 | ns=1 ehp=1 dep= 3 ch= 2 | Ntb=  1 Sum=     0 Fit=  0.00   0.00 E=  0.43 |   82 (  0) 
StFcsHit: det= 3 id=146 | ns=1 ehp=1 dep= 3 ch= 7 | Ntb=  1 Sum=     0 Fit=  0.00   0.00 E=  0.31 |   59 (  0) 
StFcsHit: det= 3 id=147 | ns=1 ehp=1 dep= 4 ch= 4 | Ntb=  1 Sum=     0 Fit=  0.00   0.00 E=  0.20 |   37 (  0) 
StFcsHit: det= 3 id=144 | ns=1 ehp=1 dep= 3 ch= 5 | Ntb=  1 Sum=     0 Fit=  0.00   0.00 E=  0.12 |   23 (  0) 
StFcsHit: det= 3 id=119 | ns=1 ehp=1 dep= 0 ch=30 | Ntb=  1 Sum=     0 Fit=  0.00   0.00 E=  0.06 |   11 (  0) 
StFcsHit: det= 3 id=173 | ns=1 ehp=1 dep= 4 ch=12 | Ntb=  1 Sum=     0 Fit=  0.00   0.00 E=  0.04 |    7 (  0) 
StFcsHit: det= 3 id=118 | ns=1 ehp=1 dep= 0 ch=29 | Ntb=  1 Sum=     0 Fit=  0.00   0.00 E=  0.03 |    5 (  0) 
StFcsHit: det= 3 id=131 | ns=1 ehp=1 dep= 3 ch= 1 | Ntb=  1 Sum=     0 Fit=  0.00   0.00 E=  0.02 |    3 (  0) 
StFcsHit: det= 3 id=135 | ns=1 ehp=1 dep= 4 ch= 1 | Ntb=  1 Sum=     0 Fit=  0.00   0.00 E=  0.01 |    2 (  0) 
StFcsCluster id=   0 ctg=1 n=10 nNeigh=0 nPoints=0 loc=   2.81   11.25 PXYZE=   0.13   -0.03    2.06    2.06 E=   2.06 sigMin/max=   0.40    0.66 Chi2=   0.00    0.00
  *** FCS Det=4 *** NHit=  0 NCluster=  0 NPoint=  0
  *** FCS Det=5 *** NHit=  1 NCluster=  0 NPoint=  0
StFcsHit: det= 5 id= 99 | ns=1 ehp=2 dep= 3 ch= 3 | Ntb=  1 Sum=     0 Fit=  0.00   0.00 E=  0.75 |  150 (  0) 
  *** FCS Det=6 *** NHit=  0 NCluster=  0 NPoint=  0
StFcsClusterMaker:INFO  - *** StFcsClusterMaker::Make() == StOK(0) ***
StFttClusterPointMaker:INFO  - Creating FttCollection
StFttClusterPointMaker:INFO  - Making Geant points
StFttClusterPointMaker:INFO  - *** StFttClusterPointMaker::Make() == StOK(0) ***
StFwdTrackMaker:INFO  - Setting Event Vertex from geant/g2t_vertex[0]: 0xbf106a0
StFwdTrackMaker:INFO  - TAttr::Found : useftt = 1

StFwdTrackMaker:INFO  - TAttr::Found : usefst = 1

StFwdTrackMaker:INFO  - TAttr::Found : useepd = 1

StFwdTrackMaker:INFO  - There are: 0 with 0 FST, 0 with 1 FST, 0 with 2 FST, 1 with 3 FST
StFwdTrackMaker:INFO  - There are: 0 with 0 FTT, 0 with 1 FTT, 0 with 2 FTT, 0 with 3 FTT, 0 with 4 FTT, 0 with 5 FTT, 0 with 6 FTT, 0 with 7 FTT, 1 with 8 FTT
StFwdTrackMaker:INFO  - There are 1 McTracks with > 2 FST hits (#of possible seeds)
StFwdTrackMaker:INFO  - 	Finding FWD Track Seeds
StFwdTrackMaker:INFO  - Hitmap Source: fst
StFwdTrackMaker:INFO  - Performing Fwd Seed finding with mode: fst = 
StFwdTrackMaker:INFO  - Found 1 seeds in 1 iterations
StFwdTrackMaker:INFO  - Total Hits removed: 0
StFwdTrackMaker:INFO  - Seed [0] with 3 hits : id=2@2id=1@1id=0@0
StFwdTrackMaker:INFO  - <<Fwd Tracking Found : 1 Track Seeds from 3 FST hits and 4 sTGC hits
StFwdTrackMaker:INFO  -     (vs. 1 McTracks with FST>2, eff = 1)
StFwdTrackMaker:INFO  - 	Fitting FWD Track Seeds
StFwdTrackMaker:INFO  - TrackFitter:refit = 1
StFwdTrackMaker:INFO  - Starting Track fitting loop with 1 track seeds
StFwdTrackMaker:INFO  - TrackFitter:refit = 1
StFwdTrackMaker:INFO  - 		Mc Match idTruth=1, quality = 1
StFwdTrackMaker:INFO  - GenFitTrackResult::mIdTruth = 1, QaTruth = 1
The points are collinear, curvature is undefined.
p1 = 9.1813, -2.44001
p2 = 9.1813, -2.44001
p3 = 9.1813, -2.44001
StFwdTrackMaker:INFO  - GenericFitSeeder::makeSeed::Curvature: -1e-07
StFwdTrackMaker:INFO  - GenericFitSeeder::makeSeed::pt = 14989.5
StFwdTrackMaker:WARN  - Seed momentum is too high, setting to (0,0,1)
StFwdTrackMaker:INFO  - Track Setup complete, track has 3 points
StFwdTrackMaker:INFO  -  sorting changed track points: 0
StFwdTrackMaker:INFO  - Fit status:  1
StFwdTrackMaker:INFO  - -Fit pvalue: 1
StFwdTrackMaker:INFO  - -Fit Chi2:   3.92021e-30
StFwdTrackMaker:INFO  - -Fit Chi2:   3.92021e-30
StFwdTrackMaker:INFO  - Track fit charge: -1Fit momentum: 1.11846e-16, -3.98952e-17, 1
StFwdTrackMaker:INFO  - TVector3::PseudoRapidity : transvers momentum = 0! return +/- 10e10
StFwdTrackMaker:INFO  - 	Fit Pt: 1.18748e-16, eta: 1e+11, phi: -0.34263
StFwdTrackMaker:INFO  - Track fit update complete!
StFwdTrackMaker:INFO  - Track Reps: 1
StFwdTrackMaker:INFO  - Track Rep 0 
genfit::AbsTrackRep, pdgCode = -211. PropDir = 0
fitStatus 
 track has been fitted, fit has converged fully, 0 TrackPoints could not be processed, fitted charge = -1, PruneFlags: 
 track has been fitted with reference track, numIterations = 2, track length = 27.031, fChi2 = 3.92021e-30, bChi2 = 3.92021e-30, fNdf = 1, bNdf = 1, fPVal = 1, bPVal = 1

StFwdTrackMaker:INFO  - GenFitTrackResult::mIdTruth = 1, QaTruth = 1
StFwdTrackMaker:INFO  - GTR Setting momentum from track
StFwdTrackMaker:INFO  - --isFitConvergedPartially() = 1
StFwdTrackMaker:INFO  - --isFitConverged() = 1
StFwdTrackMaker:INFO  - --isFitConvergedFully() = 1
StFwdTrackMaker:ERROR - CANNOT GET DCA : GenfitException: genfit::Exception thrown with excString:
RKTrackRep::RKutta ==> Total extrapolation length is longer than length limit : 3003 cm !
in line: 1883 in file: /cvmfs/star.sdcc.bnl.gov/star-spack/spack/var/spack/stage/smirnovd/spack-stage-genfit-b496504a-mlcdbxg7bmdsbfrppi7qmzppfw4lh52r/spack-src/trackReps/src/RKTrackRep.cc
with fatal flag 0

StFwdTrackMaker:INFO  - Looking for FTT strips near projected state on disk 0
StFwdTrackMaker:INFO  - There are 2 available FTT strips on this disk
AAA FTT proj z= 312.25  x=  9.173 y= -2.474  r=  9.501 phi=-0.2634  sigU=22360.680 sigV= 7.125
AAA FTT momentum at proj: pT= 0.002 eta= 7.150 phi=-1.8036  px= -0.000 py= -0.002 pz=  1.000
AAA FTT search thresholds: dPhi<0.1200 dR<30.00 dx<7.50 dy<7.50  nHits=2
findFttHitsNearProjectedState, msp = (9.173042, -2.474135)
	 vs. hit@(20.856936+/-4.330127, -4.719932+/-0.010000) => dx=11.683893, dy=2.245797, dR=11.883484, dPhi=0.040897 (tid=1), strip=horizontal
AAA FTT hit H pos=( 20.857+/-4.33,  -4.720+/-0.01)  dx=11.684 dy= 2.246 dR=11.883 dPhi=0.0409 (tid=1)  dPhi:OK dR:OK XY:OK
AAA FTT hit V pos=( 18.209+/-0.01,  -1.811+/-4.33)  dx= 9.036 dy= 0.663 dR= 8.798 dPhi=0.1643 (tid=1)  dPhi:FAIL dR:OK XY:OK
StFwdTrackMaker:INFO  - Adding horizontal strip hit with dPhi = 0.0408973, dR = 11.8835, dx = 11.6839, dy = 2.2458
StFwdTrackMaker:INFO  - Closest horizontal FTT strip to FST state: dR=11.883484, dPhi=0.040897, dx=11.683893, dy=2.245797 (tid=1) 
AAA FTT closest-H dPhi=0.0409(<0.1200) dR=11.883(< 30.0) dx=11.684 dy= 2.246(< 7.50) tid=1 -> ACCEPT
StFwdTrackMaker:INFO  - Closest vertical FTT strip to FST state: dR=8.798289, dPhi=0.164293, dx=9.036207, dy=0.662645 (tid=1) 
AAA FTT closest-V dPhi=0.1643(<0.1200) dR= 8.798(< 30.0) dx= 9.036 dy= 0.663(< 7.50) tid=1 -> REJECT
AAA FTT result: 1 hits added (H:ACCEPT V:REJECT)
StFwdTrackMaker:INFO  -  Found #FTT strips on plane #0 = [1]
StFwdTrackMaker:INFO  - Found 3 existing seed points
StFwdTrackMaker:INFO  - Adding 1 new FTT seed points
StFwdTrackMaker:INFO  - Looking for FTT strips near projected state on disk 1
StFwdTrackMaker:INFO  - There are 2 available FTT strips on this disk
AAA FTT proj z= 312.25  x=  9.173 y= -2.474  r=  9.501 phi=-0.2634  sigU=22360.680 sigV=34.367
AAA FTT momentum at proj: pT= 0.002 eta= 7.150 phi=-1.8036  px= -0.000 py= -0.002 pz=  1.000
AAA FTT search thresholds: dPhi<0.1200 dR<30.00 dx<7.50 dy<7.50  nHits=2
findFttHitsNearProjectedState, msp = (9.173042, -2.474135)
	 vs. hit@(19.216074+/-4.330127, -4.966141+/-0.010000) => dx=10.043032, dy=2.492006, dR=10.346575, dPhi=0.010546 (tid=1), strip=horizontal
AAA FTT hit H pos=( 19.216+/-4.33,  -4.966+/-0.01)  dx=10.043 dy= 2.492 dR=10.347 dPhi=0.0105 (tid=1)  dPhi:OK dR:OK XY:OK
AAA FTT hit V pos=( 19.269+/-0.01,  -1.680+/-4.33)  dx=10.096 dy= 0.794 dR= 9.841 dPhi=0.1765 (tid=1)  dPhi:FAIL dR:OK XY:OK
StFwdTrackMaker:INFO  - Adding horizontal strip hit with dPhi = 0.0105457, dR = 10.3466, dx = 10.043, dy = 2.49201
StFwdTrackMaker:INFO  - Closest horizontal FTT strip to FST state: dR=10.346575, dPhi=0.010546, dx=10.043032, dy=2.492006 (tid=1) 
AAA FTT closest-H dPhi=0.0105(<0.1200) dR=10.347(< 30.0) dx=10.043 dy= 2.492(< 7.50) tid=1 -> ACCEPT
StFwdTrackMaker:INFO  - Closest vertical FTT strip to FST state: dR=9.840854, dPhi=0.176496, dx=10.095583, dy=0.794439 (tid=1) 
AAA FTT closest-V dPhi=0.1765(<0.1200) dR= 9.841(< 30.0) dx=10.096 dy= 0.794(< 7.50) tid=1 -> REJECT
AAA FTT result: 1 hits added (H:ACCEPT V:REJECT)
StFwdTrackMaker:INFO  -  Found #FTT strips on plane #1 = [1]
StFwdTrackMaker:INFO  - Found 4 existing seed points
StFwdTrackMaker:INFO  - Adding 1 new FTT seed points
StFwdTrackMaker:INFO  - Looking for FTT strips near projected state on disk 2
StFwdTrackMaker:INFO  - There are 2 available FTT strips on this disk
AAA FTT proj z= 312.25  x=  9.173 y= -2.474  r=  9.501 phi=-0.2634  sigU=22360.680 sigV= 7.125
AAA FTT momentum at proj: pT= 0.002 eta= 7.150 phi=-1.8036  px= -0.000 py= -0.002 pz=  1.000
AAA FTT search thresholds: dPhi<0.1200 dR<30.00 dx<7.50 dy<7.50  nHits=2
findFttHitsNearProjectedState, msp = (9.173042, -2.474135)
	 vs. hit@(27.320986+/-4.330127, -5.205840+/-0.010000) => dx=18.147944, dy=2.731705, dR=18.311689, dPhi=0.075162 (tid=1), strip=horizontal
AAA FTT hit H pos=( 27.321+/-4.33,  -5.206+/-0.01)  dx=18.148 dy= 2.732 dR=18.312 dPhi=0.0752 (tid=1)  dPhi:OK dR:OK XY:OK
AAA FTT hit V pos=( 20.179+/-0.01,  -2.491+/-4.33)  dx=11.006 dy= 0.017 dR=10.831 dPhi=0.1406 (tid=1)  dPhi:FAIL dR:OK XY:OK
StFwdTrackMaker:INFO  - Adding horizontal strip hit with dPhi = 0.0751625, dR = 18.3117, dx = 18.1479, dy = 2.7317
StFwdTrackMaker:INFO  - Closest horizontal FTT strip to FST state: dR=18.311689, dPhi=0.075162, dx=18.147944, dy=2.731705 (tid=1) 
AAA FTT closest-H dPhi=0.0752(<0.1200) dR=18.312(< 30.0) dx=18.148 dy= 2.732(< 7.50) tid=1 -> ACCEPT
StFwdTrackMaker:INFO  - Closest vertical FTT strip to FST state: dR=10.831341, dPhi=0.140626, dx=11.005976, dy=0.016851 (tid=1) 
AAA FTT closest-V dPhi=0.1406(<0.1200) dR=10.831(< 30.0) dx=11.006 dy= 0.017(< 7.50) tid=1 -> REJECT
AAA FTT result: 1 hits added (H:ACCEPT V:REJECT)
StFwdTrackMaker:INFO  -  Found #FTT strips on plane #2 = [1]
StFwdTrackMaker:INFO  - Found 5 existing seed points
StFwdTrackMaker:INFO  - Adding 1 new FTT seed points
StFwdTrackMaker:INFO  - Looking for FTT strips near projected state on disk 3
StFwdTrackMaker:INFO  - There are 2 available FTT strips on this disk
AAA FTT proj z= 312.25  x=  9.173 y= -2.474  r=  9.501 phi=-0.2634  sigU=22360.680 sigV=34.367
AAA FTT momentum at proj: pT= 0.002 eta= 7.150 phi=-1.8036  px= -0.000 py= -0.002 pz=  1.000
AAA FTT search thresholds: dPhi<0.1200 dR<30.00 dx<7.50 dy<7.50  nHits=2
findFttHitsNearProjectedState, msp = (9.173042, -2.474135)
	 vs. hit@(27.994160+/-4.330127, -5.454054+/-0.010000) => dx=18.821118, dy=2.979919, dR=19.019669, dPhi=0.071031 (tid=1), strip=horizontal
AAA FTT hit H pos=( 27.994+/-4.33,  -5.454+/-0.01)  dx=18.821 dy= 2.980 dR=19.020 dPhi=0.0710 (tid=1)  dPhi:OK dR:OK XY:OK
AAA FTT hit V pos=( 21.256+/-0.01,   0.726+/-4.33)  dx=12.083 dy= 3.200 dR=11.767 dPhi=0.2976 (tid=1)  dPhi:FAIL dR:OK XY:OK
StFwdTrackMaker:INFO  - Adding horizontal strip hit with dPhi = 0.0710312, dR = 19.0197, dx = 18.8211, dy = 2.97992
StFwdTrackMaker:INFO  - Closest horizontal FTT strip to FST state: dR=19.019669, dPhi=0.071031, dx=18.821118, dy=2.979919 (tid=1) 
AAA FTT closest-H dPhi=0.0710(<0.1200) dR=19.020(< 30.0) dx=18.821 dy= 2.980(< 7.50) tid=1 -> ACCEPT
StFwdTrackMaker:INFO  - Closest vertical FTT strip to FST state: dR=11.767495, dPhi=0.297591, dx=12.082903, dy=3.200131 (tid=1) 
AAA FTT closest-V dPhi=0.2976(<0.1200) dR=11.767(< 30.0) dx=12.083 dy= 3.200(< 7.50) tid=1 -> REJECT
AAA FTT result: 1 hits added (H:ACCEPT V:REJECT)
StFwdTrackMaker:INFO  -  Found #FTT strips on plane #3 = [1]
StFwdTrackMaker:INFO  - Found 6 existing seed points
StFwdTrackMaker:INFO  - Adding 1 new FTT seed points
StFwdTrackMaker:INFO  - Closest EPD hit to state: dR=-11.054927, dPhi=-0.154377
StFwdTrackMaker:INFO  - GenFitTrackResult::mIdTruth = 1, QaTruth = 1
The points are collinear, curvature is undefined.
p1 = 9.1813, -2.44001
p2 = 9.1813, -2.44001
p3 = 9.1813, -2.44001
The points are collinear, curvature is undefined.
p1 = 9.1813, -2.44001
p2 = 9.1813, -2.44001
p3 = 20.8569, -4.71993
The points are collinear, curvature is undefined.
p1 = 9.1813, -2.44001
p2 = 9.1813, -2.44001
p3 = 19.2161, -4.96614
The points are collinear, curvature is undefined.
p1 = 9.1813, -2.44001
p2 = 9.1813, -2.44001
p3 = 27.321, -5.20584
The points are collinear, curvature is undefined.
p1 = 9.1813, -2.44001
p2 = 9.1813, -2.44001
p3 = 27.9942, -5.45405
The points are collinear, curvature is undefined.
p1 = 9.1813, -2.44001
p2 = 9.1813, -2.44001
p3 = 20.8569, -4.71993
The points are collinear, curvature is undefined.
p1 = 9.1813, -2.44001
p2 = 9.1813, -2.44001
p3 = 19.2161, -4.96614
The points are collinear, curvature is undefined.
p1 = 9.1813, -2.44001
p2 = 9.1813, -2.44001
p3 = 27.321, -5.20584
The points are collinear, curvature is undefined.
p1 = 9.1813, -2.44001
p2 = 9.1813, -2.44001
p3 = 27.9942, -5.45405
The points are collinear, curvature is undefined.
p1 = 9.1813, -2.44001
p2 = 9.1813, -2.44001
p3 = 20.8569, -4.71993
The points are collinear, curvature is undefined.
p1 = 9.1813, -2.44001
p2 = 9.1813, -2.44001
p3 = 19.2161, -4.96614
The points are collinear, curvature is undefined.
p1 = 9.1813, -2.44001
p2 = 9.1813, -2.44001
p3 = 27.321, -5.20584
The points are collinear, curvature is undefined.
p1 = 9.1813, -2.44001
p2 = 9.1813, -2.44001
p3 = 27.9942, -5.45405
StFwdTrackMaker:INFO  - GenericFitSeeder::makeSeed::Curvature: -0.00167066
StFwdTrackMaker:INFO  - GenericFitSeeder::makeSeed::pt = 0.897221
StFwdTrackMaker:INFO  - Note: Using externally provided seed momentum
StFwdTrackMaker:INFO  - Track Setup complete, track has 7 points
StFwdTrackMaker:INFO  -  sorting changed track points: 0
StFwdTrackMaker:INFO  - Fit status:  0
StFwdTrackMaker:INFO  - -Fit pvalue: 0
StFwdTrackMaker:INFO  - -Fit Chi2:   0
StFwdTrackMaker:INFO  - -Fit Chi2:   0
StFwdTrackMaker:INFO  - Track fit update complete!
StFwdTrackMaker:INFO  - Track Reps: 1
StFwdTrackMaker:INFO  - Track Rep 0 
genfit::AbsTrackRep, pdgCode = -211. PropDir = 0
fitStatus 
 track has NOT been fitted, track has been fitted with reference track,
StFwdTrackMaker:ERROR - --FitTrack is nullptr or fit did not converge, setting seed only
StFwdTrackMaker:INFO  - GenFitTrackResult::mIdTruth = 1, QaTruth = 1
StFwdTrackMaker:INFO  - Global track fitting completed, found 1 global tracks from 1 track seed candidates
[0;33m[TSCPBuilderNoMaterial] Propagation to perigee plane failed![;0m
[0;33m[TSCPBuilderNoMaterial] Propagation to perigee plane failed![;0m
[0;33m[TSCPBuilderNoMaterial] Propagation to perigee plane failed![;0m
[0;33m[ReconstructorFromFitter] cms::Exception caught: ---- TrajectoryStateClosestToPoint is invalid and cannot return any parameters BEGIN
---- TrajectoryStateClosestToPoint is invalid and cannot return any parameters END
[;0m
StFwdTrackMaker:INFO  - >>doBeamlineTrackFitting( #globals = 1 )
StFwdTrackMaker:INFO  - doBeamlineTrackFitting>>0 McId=1 with Beamline, seed already has: 3 hits
StFwdTrackMaker:INFO  - mBeamlineHit: 0, 0, 0
StFwdTrackMaker:INFO  - This fit is for a global that converged? = 1
StFwdTrackMaker:INFO  - GenFitTrackResult::mIdTruth = 1, QaTruth = 0.75
The points are collinear, curvature is undefined.
p1 = 0, 0
p2 = 9.1813, -2.44001
p3 = 9.1813, -2.44001
The points are collinear, curvature is undefined.
p1 = 0, 0
p2 = 9.1813, -2.44001
p3 = 9.1813, -2.44001
The points are collinear, curvature is undefined.
p1 = 0, 0
p2 = 9.1813, -2.44001
p3 = 9.1813, -2.44001
The points are collinear, curvature is undefined.
p1 = 9.1813, -2.44001
p2 = 9.1813, -2.44001
p3 = 9.1813, -2.44001
StFwdTrackMaker:INFO  - GenericFitSeeder::makeSeed::Curvature: -1e-07
StFwdTrackMaker:INFO  - GenericFitSeeder::makeSeed::pt = 14989.5
StFwdTrackMaker:WARN  - Seed momentum is too high, setting to (0,0,1)
StFwdTrackMaker:INFO  - Track Setup complete, track has 4 points
StFwdTrackMaker:INFO  -  sorting changed track points: 0
StFwdTrackMaker:INFO  - Fit status:  1
StFwdTrackMaker:INFO  - -Fit pvalue: 0.988045
StFwdTrackMaker:INFO  - -Fit Chi2:   0.129736
StFwdTrackMaker:INFO  - -Fit Chi2:   0.129736
StFwdTrackMaker:INFO  - Track fit charge: 1Fit momentum: 1002.15, -266.327, 18964.2
StFwdTrackMaker:INFO  - 	Fit Pt: 1036.94, eta: 3.60017, phi: -0.25975
StFwdTrackMaker:INFO  - Track fit update complete!
StFwdTrackMaker:INFO  - Track Reps: 1
StFwdTrackMaker:INFO  - Track Rep 0 
genfit::AbsTrackRep, pdgCode = -211. PropDir = 0
fitStatus 
 track has been fitted, fit has converged fully, 0 TrackPoints could not be processed, fitted charge = 1, PruneFlags: 
 track has been fitted with reference track, numIterations = 4, track length = 188.471, fChi2 = 0.129736, bChi2 = 0.129736, fNdf = 3, bNdf = 3, fPVal = 0.988045, bPVal = 0.988045

StFwdTrackMaker:INFO  - GenFitTrackResult::mIdTruth = 1, QaTruth = 0.75
StFwdTrackMaker:INFO  - GTR Setting momentum from track
StFwdTrackMaker:INFO  - --isFitConvergedPartially() = 1
StFwdTrackMaker:INFO  - --isFitConverged() = 1
StFwdTrackMaker:INFO  - --isFitConvergedFully() = 1
StFwdTrackMaker:INFO  - SEED momentum:1.11846e-16, -3.98952e-17, 1
StFwdTrackMaker:INFO  - 	Initial Beamline fit completed, now refitting with additional hits
StFwdTrackMaker:INFO  - Looking for FTT strips near projected state on disk 0
StFwdTrackMaker:INFO  - There are 2 available FTT strips on this disk
AAA FTT proj z= 312.25  x= 16.881 y= -4.486  r= 17.467 phi=-0.2598  sigU= 0.376 sigV= 0.031
AAA FTT momentum at proj: pT=1036.940 eta= 3.600 phi=-0.2598  px=1002.149 py=-266.349 pz=18964.223
AAA FTT search thresholds: dPhi<0.1200 dR<30.00 dx<7.50 dy<7.50  nHits=2
findFttHitsNearProjectedState, msp = (16.880532, -4.486291)
	 vs. hit@(20.856936+/-4.330127, -4.719932+/-0.010000) => dx=3.976404, dy=0.233641, dR=3.917813, dPhi=0.037211 (tid=1), strip=horizontal
AAA FTT hit H pos=( 20.857+/-4.33,  -4.720+/-0.01)  dx= 3.976 dy= 0.234 dR= 3.918 dPhi=0.0372 (tid=1)  dPhi:OK dR:OK XY:OK
AAA FTT hit V pos=( 18.209+/-0.01,  -1.811+/-4.33)  dx= 1.329 dy= 2.675 dR= 0.833 dPhi=0.1606 (tid=1)  dPhi:FAIL dR:OK XY:OK
StFwdTrackMaker:INFO  - Adding horizontal strip hit with dPhi = 0.0372106, dR = 3.91781, dx = 3.9764, dy = 0.233641
StFwdTrackMaker:INFO  - Closest horizontal FTT strip to FST state: dR=3.917813, dPhi=0.037211, dx=3.976404, dy=0.233641 (tid=1) 
AAA FTT closest-H dPhi=0.0372(<0.1200) dR= 3.918(< 30.0) dx= 3.976 dy= 0.234(< 7.50) tid=1 -> ACCEPT
StFwdTrackMaker:INFO  - Closest vertical FTT strip to FST state: dR=0.832618, dPhi=0.160607, dx=1.328718, dy=2.674801 (tid=1) 
AAA FTT closest-V dPhi=0.1606(<0.1200) dR= 0.833(< 30.0) dx= 1.329 dy= 2.675(< 7.50) tid=1 -> REJECT
AAA FTT result: 1 hits added (H:ACCEPT V:REJECT)
StFwdTrackMaker:INFO  -  Found #FTT strips on plane #0 = [1]
StFwdTrackMaker:INFO  - Found 4 existing seed points
StFwdTrackMaker:INFO  - Adding 1 new FTT seed points
StFwdTrackMaker:INFO  - Looking for FTT strips near projected state on disk 1
StFwdTrackMaker:INFO  - There are 2 available FTT strips on this disk
AAA FTT proj z= 312.25  x= 16.881 y= -4.486  r= 17.467 phi=-0.2598  sigU= 0.376 sigV= 0.010
AAA FTT momentum at proj: pT=1036.940 eta= 3.600 phi=-0.2598  px=1002.149 py=-266.349 pz=18964.223
AAA FTT search thresholds: dPhi<0.1200 dR<30.00 dx<7.50 dy<7.50  nHits=2
findFttHitsNearProjectedState, msp = (16.880532, -4.486291)
	 vs. hit@(19.216074+/-4.330127, -4.966141+/-0.010000) => dx=2.335542, dy=0.479850, dR=2.380904, dPhi=0.006859 (tid=1), strip=horizontal
AAA FTT hit H pos=( 19.216+/-4.33,  -4.966+/-0.01)  dx= 2.336 dy= 0.480 dR= 2.381 dPhi=0.0069 (tid=1)  dPhi:OK dR:OK XY:OK
AAA FTT hit V pos=( 19.269+/-0.01,  -1.680+/-4.33)  dx= 2.388 dy= 2.807 dR= 1.875 dPhi=0.1728 (tid=1)  dPhi:FAIL dR:OK XY:OK
StFwdTrackMaker:INFO  - Adding horizontal strip hit with dPhi = 0.00685911, dR = 2.3809, dx = 2.33554, dy = 0.47985
StFwdTrackMaker:INFO  - Closest horizontal FTT strip to FST state: dR=2.380904, dPhi=0.006859, dx=2.335542, dy=0.479850 (tid=1) 
AAA FTT closest-H dPhi=0.0069(<0.1200) dR= 2.381(< 30.0) dx= 2.336 dy= 0.480(< 7.50) tid=1 -> ACCEPT
StFwdTrackMaker:INFO  - Closest vertical FTT strip to FST state: dR=1.875183, dPhi=0.172810, dx=2.388094, dy=2.806595 (tid=1) 
AAA FTT closest-V dPhi=0.1728(<0.1200) dR= 1.875(< 30.0) dx= 2.388 dy= 2.807(< 7.50) tid=1 -> REJECT
AAA FTT result: 1 hits added (H:ACCEPT V:REJECT)
StFwdTrackMaker:INFO  -  Found #FTT strips on plane #1 = [1]
StFwdTrackMaker:INFO  - Found 5 existing seed points
StFwdTrackMaker:INFO  - Adding 1 new FTT seed points
StFwdTrackMaker:INFO  - Looking for FTT strips near projected state on disk 2
StFwdTrackMaker:INFO  - There are 2 available FTT strips on this disk
AAA FTT proj z= 312.25  x= 16.881 y= -4.486  r= 17.467 phi=-0.2598  sigU= 0.376 sigV= 0.031
AAA FTT momentum at proj: pT=1036.940 eta= 3.600 phi=-0.2598  px=1002.149 py=-266.349 pz=18964.223
AAA FTT search thresholds: dPhi<0.1200 dR<30.00 dx<7.50 dy<7.50  nHits=2
findFttHitsNearProjectedState, msp = (16.880532, -4.486291)
	 vs. hit@(27.320986+/-4.330127, -5.205840+/-0.010000) => dx=10.440454, dy=0.719549, dR=10.346019, dPhi=0.071476 (tid=1), strip=horizontal
AAA FTT hit H pos=( 27.321+/-4.33,  -5.206+/-0.01)  dx=10.440 dy= 0.720 dR=10.346 dPhi=0.0715 (tid=1)  dPhi:OK dR:OK XY:OK
AAA FTT hit V pos=( 20.179+/-0.01,  -2.491+/-4.33)  dx= 3.298 dy= 1.995 dR= 2.866 dPhi=0.1369 (tid=1)  dPhi:FAIL dR:OK XY:OK
StFwdTrackMaker:INFO  - Adding horizontal strip hit with dPhi = 0.0714758, dR = 10.346, dx = 10.4405, dy = 0.719549
StFwdTrackMaker:INFO  - Closest horizontal FTT strip to FST state: dR=10.346019, dPhi=0.071476, dx=10.440454, dy=0.719549 (tid=1) 
AAA FTT closest-H dPhi=0.0715(<0.1200) dR=10.346(< 30.0) dx=10.440 dy= 0.720(< 7.50) tid=1 -> ACCEPT
StFwdTrackMaker:INFO  - Closest vertical FTT strip to FST state: dR=2.865671, dPhi=0.136939, dx=3.298486, dy=1.995305 (tid=1) 
AAA FTT closest-V dPhi=0.1369(<0.1200) dR= 2.866(< 30.0) dx= 3.298 dy= 1.995(< 7.50) tid=1 -> REJECT
AAA FTT result: 1 hits added (H:ACCEPT V:REJECT)
StFwdTrackMaker:INFO  -  Found #FTT strips on plane #2 = [1]
StFwdTrackMaker:INFO  - Found 6 existing seed points
StFwdTrackMaker:INFO  - Adding 1 new FTT seed points
StFwdTrackMaker:INFO  - Looking for FTT strips near projected state on disk 3
StFwdTrackMaker:INFO  - There are 2 available FTT strips on this disk
AAA FTT proj z= 312.25  x= 16.881 y= -4.486  r= 17.467 phi=-0.2598  sigU= 0.376 sigV= 0.010
AAA FTT momentum at proj: pT=1036.940 eta= 3.600 phi=-0.2598  px=1002.149 py=-266.349 pz=18964.223
AAA FTT search thresholds: dPhi<0.1200 dR<30.00 dx<7.50 dy<7.50  nHits=2
findFttHitsNearProjectedState, msp = (16.880532, -4.486291)
	 vs. hit@(27.994160+/-4.330127, -5.454054+/-0.010000) => dx=11.113628, dy=0.967763, dR=11.053998, dPhi=0.067345 (tid=1), strip=horizontal
AAA FTT hit H pos=( 27.994+/-4.33,  -5.454+/-0.01)  dx=11.114 dy= 0.968 dR=11.054 dPhi=0.0673 (tid=1)  dPhi:OK dR:OK XY:OK
AAA FTT hit V pos=( 21.256+/-0.01,   0.726+/-4.33)  dx= 4.375 dy= 5.212 dR= 3.802 dPhi=0.2939 (tid=1)  dPhi:FAIL dR:OK XY:OK
StFwdTrackMaker:INFO  - Adding horizontal strip hit with dPhi = 0.0673446, dR = 11.054, dx = 11.1136, dy = 0.967763
StFwdTrackMaker:INFO  - Closest horizontal FTT strip to FST state: dR=11.053998, dPhi=0.067345, dx=11.113628, dy=0.967763 (tid=1) 
AAA FTT closest-H dPhi=0.0673(<0.1200) dR=11.054(< 30.0) dx=11.114 dy= 0.968(< 7.50) tid=1 -> ACCEPT
StFwdTrackMaker:INFO  - Closest vertical FTT strip to FST state: dR=3.801825, dPhi=0.293904, dx=4.375414, dy=5.212287 (tid=1) 
AAA FTT closest-V dPhi=0.2939(<0.1200) dR= 3.802(< 30.0) dx= 4.375 dy= 5.212(< 7.50) tid=1 -> REJECT
AAA FTT result: 1 hits added (H:ACCEPT V:REJECT)
StFwdTrackMaker:INFO  -  Found #FTT strips on plane #3 = [1]
StFwdTrackMaker:INFO  - Found 7 existing seed points
StFwdTrackMaker:INFO  - Adding 1 new FTT seed points
StFwdTrackMaker:INFO  - Closest EPD hit to state: dR=0.332366, dPhi=-0.128864
StFwdTrackMaker:INFO  - GenFitTrackResult::mIdTruth = 1, QaTruth = 0.875
The points are collinear, curvature is undefined.
p1 = 0, 0
p2 = 9.1813, -2.44001
p3 = 9.1813, -2.44001
The points are collinear, curvature is undefined.
p1 = 0, 0
p2 = 9.1813, -2.44001
p3 = 9.1813, -2.44001
The points are collinear, curvature is undefined.
p1 = 0, 0
p2 = 9.1813, -2.44001
p3 = 9.1813, -2.44001
The points are collinear, curvature is undefined.
p1 = 9.1813, -2.44001
p2 = 9.1813, -2.44001
p3 = 9.1813, -2.44001
The points are collinear, curvature is undefined.
p1 = 9.1813, -2.44001
p2 = 9.1813, -2.44001
p3 = 20.8569, -4.71993
The points are collinear, curvature is undefined.
p1 = 9.1813, -2.44001
p2 = 9.1813, -2.44001
p3 = 19.2161, -4.96614
The points are collinear, curvature is undefined.
p1 = 9.1813, -2.44001
p2 = 9.1813, -2.44001
p3 = 27.321, -5.20584
The points are collinear, curvature is undefined.
p1 = 9.1813, -2.44001
p2 = 9.1813, -2.44001
p3 = 27.9942, -5.45405
The points are collinear, curvature is undefined.
p1 = 9.1813, -2.44001
p2 = 9.1813, -2.44001
p3 = 20.8569, -4.71993
The points are collinear, curvature is undefined.
p1 = 9.1813, -2.44001
p2 = 9.1813, -2.44001
p3 = 19.2161, -4.96614
The points are collinear, curvature is undefined.
p1 = 9.1813, -2.44001
p2 = 9.1813, -2.44001
p3 = 27.321, -5.20584
The points are collinear, curvature is undefined.
p1 = 9.1813, -2.44001
p2 = 9.1813, -2.44001
p3 = 27.9942, -5.45405
The points are collinear, curvature is undefined.
p1 = 9.1813, -2.44001
p2 = 9.1813, -2.44001
p3 = 20.8569, -4.71993
The points are collinear, curvature is undefined.
p1 = 9.1813, -2.44001
p2 = 9.1813, -2.44001
p3 = 19.2161, -4.96614
The points are collinear, curvature is undefined.
p1 = 9.1813, -2.44001
p2 = 9.1813, -2.44001
p3 = 27.321, -5.20584
The points are collinear, curvature is undefined.
p1 = 9.1813, -2.44001
p2 = 9.1813, -2.44001
p3 = 27.9942, -5.45405
StFwdTrackMaker:INFO  - GenericFitSeeder::makeSeed::Curvature: -0.00530385
StFwdTrackMaker:INFO  - GenericFitSeeder::makeSeed::pt = 0.282616
StFwdTrackMaker:INFO  - Note: Using externally provided seed momentum
StFwdTrackMaker:INFO  - Track Setup complete, track has 8 points
StFwdTrackMaker:INFO  -  sorting changed track points: 0
StFwdTrackMaker:INFO  - Fit status:  1
StFwdTrackMaker:INFO  - -Fit pvalue: 0.943388
StFwdTrackMaker:INFO  - -Fit Chi2:   4.73338
StFwdTrackMaker:INFO  - -Fit Chi2:   4.73338
StFwdTrackMaker:INFO  - Track fit charge: -1Fit momentum: 0.202209, -0.0637753, 2.71339
StFwdTrackMaker:INFO  - 	Fit Pt: 0.212027, eta: 3.24391, phi: -0.305519
StFwdTrackMaker:INFO  - Track fit update complete!
StFwdTrackMaker:INFO  - Track Reps: 1
StFwdTrackMaker:INFO  - Track Rep 0 
genfit::AbsTrackRep, pdgCode = -211. PropDir = 0
fitStatus 
 track has been fitted, fit has converged fully, 0 TrackPoints could not be processed, fitted charge = -1, PruneFlags: 
 track has been fitted with reference track, numIterations = 5, track length = 321.785, fChi2 = 4.73338, bChi2 = 4.73338, fNdf = 11, bNdf = 11, fPVal = 0.943388, bPVal = 0.943388

StFwdTrackMaker:INFO  - GenFitTrackResult::mIdTruth = 1, QaTruth = 0.875
StFwdTrackMaker:INFO  - GTR Setting momentum from track
StFwdTrackMaker:INFO  - --isFitConvergedPartially() = 1
StFwdTrackMaker:INFO  - --isFitConverged() = 1
StFwdTrackMaker:INFO  - --isFitConvergedFully() = 1
StFwdTrackMaker:INFO  - >>doPrimaryTrackFitting( #globals = 1 )
StFwdTrackMaker:INFO  - Refitting Track 0, McId=1 with Primary Vertex, seed already has: 3 hits
StFwdTrackMaker:INFO  - mEventVertexHit: 0, 0, 0
StFwdTrackMaker:INFO  - This fit is for a global that converged? = 1
StFwdTrackMaker:INFO  - GenFitTrackResult::mIdTruth = 1, QaTruth = 0.75
The points are collinear, curvature is undefined.
p1 = 0, 0
p2 = 9.1813, -2.44001
p3 = 9.1813, -2.44001
The points are collinear, curvature is undefined.
p1 = 0, 0
p2 = 9.1813, -2.44001
p3 = 9.1813, -2.44001
The points are collinear, curvature is undefined.
p1 = 0, 0
p2 = 9.1813, -2.44001
p3 = 9.1813, -2.44001
The points are collinear, curvature is undefined.
p1 = 9.1813, -2.44001
p2 = 9.1813, -2.44001
p3 = 9.1813, -2.44001
StFwdTrackMaker:INFO  - GenericFitSeeder::makeSeed::Curvature: -1e-07
StFwdTrackMaker:INFO  - GenericFitSeeder::makeSeed::pt = 14989.5
StFwdTrackMaker:WARN  - Seed momentum is too high, setting to (0,0,1)
StFwdTrackMaker:INFO  - Note: Using externally provided seed momentum
StFwdTrackMaker:INFO  - Track Setup complete, track has 4 points
StFwdTrackMaker:INFO  -  sorting changed track points: 0
StFwdTrackMaker:INFO  - Fit status:  1
StFwdTrackMaker:INFO  - -Fit pvalue: 0.987251
StFwdTrackMaker:INFO  - -Fit Chi2:   0.135569
StFwdTrackMaker:INFO  - -Fit Chi2:   0.135569
StFwdTrackMaker:INFO  - Track fit charge: -1Fit momentum: 76851.9, -20424, 1.39446e+06
StFwdTrackMaker:INFO  - 	Fit Pt: 79519.5, eta: 3.55822, phi: -0.259754
StFwdTrackMaker:INFO  - Track fit update complete!
StFwdTrackMaker:INFO  - Track Reps: 1
StFwdTrackMaker:INFO  - Track Rep 0 
genfit::AbsTrackRep, pdgCode = -211. PropDir = 0
fitStatus 
 track has been fitted, fit has converged fully, 0 TrackPoints could not be processed, fitted charge = -1, PruneFlags: 
 track has been fitted with reference track, numIterations = 4, track length = 180.817, fChi2 = 0.135569, bChi2 = 0.135569, fNdf = 3, bNdf = 3, fPVal = 0.987251, bPVal = 0.987251

StFwdTrackMaker:INFO  - GenFitTrackResult::mIdTruth = 1, QaTruth = 0.75
StFwdTrackMaker:INFO  - GTR Setting momentum from track
StFwdTrackMaker:INFO  - --isFitConvergedPartially() = 1
StFwdTrackMaker:INFO  - --isFitConverged() = 1
StFwdTrackMaker:INFO  - --isFitConvergedFully() = 1
StFwdTrackMaker:INFO  - 	Initial fit complete, now refitting with additional points
StFwdTrackMaker:INFO  - Looking for FTT strips near projected state on disk 0
StFwdTrackMaker:INFO  - There are 2 available FTT strips on this disk
AAA FTT proj z= 312.25  x= 17.209 y= -4.573  r= 17.806 phi=-0.2598  sigU= 0.282 sigV= 0.010
AAA FTT momentum at proj: pT=79519.503 eta= 3.558 phi=-0.2598  px=76851.885 py=-20423.987 pz=1394456.559
AAA FTT search thresholds: dPhi<0.1200 dR<30.00 dx<7.50 dy<7.50  nHits=2
findFttHitsNearProjectedState, msp = (17.209111, -4.573458)
	 vs. hit@(20.856936+/-4.330127, -4.719932+/-0.010000) => dx=3.647825, dy=0.146474, dR=3.577869, dPhi=0.037202 (tid=1), strip=horizontal
AAA FTT hit H pos=( 20.857+/-4.33,  -4.720+/-0.01)  dx= 3.648 dy= 0.146 dR= 3.578 dPhi=0.0372 (tid=1)  dPhi:OK dR:OK XY:OK
AAA FTT hit V pos=( 18.209+/-0.01,  -1.811+/-4.33)  dx= 1.000 dy= 2.762 dR= 0.493 dPhi=0.1606 (tid=1)  dPhi:FAIL dR:OK XY:OK
StFwdTrackMaker:INFO  - Adding horizontal strip hit with dPhi = 0.037202, dR = 3.57787, dx = 3.64782, dy = 0.146474
StFwdTrackMaker:INFO  - Closest horizontal FTT strip to FST state: dR=3.577869, dPhi=0.037202, dx=3.647825, dy=0.146474 (tid=1) 
AAA FTT closest-H dPhi=0.0372(<0.1200) dR= 3.578(< 30.0) dx= 3.648 dy= 0.146(< 7.50) tid=1 -> ACCEPT
StFwdTrackMaker:INFO  - Closest vertical FTT strip to FST state: dR=0.492673, dPhi=0.160598, dx=1.000139, dy=2.761967 (tid=1) 
AAA FTT closest-V dPhi=0.1606(<0.1200) dR= 0.493(< 30.0) dx= 1.000 dy= 2.762(< 7.50) tid=1 -> REJECT
AAA FTT result: 1 hits added (H:ACCEPT V:REJECT)
StFwdTrackMaker:INFO  -  Found #FTT strips on plane #0 = [1]
StFwdTrackMaker:INFO  - Found 4 existing seed points
StFwdTrackMaker:INFO  - Adding 1 new FTT seed points
StFwdTrackMaker:INFO  - Looking for FTT strips near projected state on disk 1
StFwdTrackMaker:INFO  - There are 2 available FTT strips on this disk
AAA FTT proj z= 312.25  x= 17.209 y= -4.573  r= 17.806 phi=-0.2598  sigU= 0.282 sigV= 0.005
AAA FTT momentum at proj: pT=79519.503 eta= 3.558 phi=-0.2598  px=76851.885 py=-20423.987 pz=1394456.559
AAA FTT search thresholds: dPhi<0.1200 dR<30.00 dx<7.50 dy<7.50  nHits=2
findFttHitsNearProjectedState, msp = (17.209111, -4.573458)
	 vs. hit@(19.216074+/-4.330127, -4.966141+/-0.010000) => dx=2.006963, dy=0.392683, dR=2.040960, dPhi=0.006850 (tid=1), strip=horizontal
AAA FTT hit H pos=( 19.216+/-4.33,  -4.966+/-0.01)  dx= 2.007 dy= 0.393 dR= 2.041 dPhi=0.0069 (tid=1)  dPhi:OK dR:OK XY:OK
AAA FTT hit V pos=( 19.269+/-0.01,  -1.680+/-4.33)  dx= 2.060 dy= 2.894 dR= 1.535 dPhi=0.1728 (tid=1)  dPhi:FAIL dR:OK XY:OK
StFwdTrackMaker:INFO  - Adding horizontal strip hit with dPhi = 0.00685049, dR = 2.04096, dx = 2.00696, dy = 0.392683
StFwdTrackMaker:INFO  - Closest horizontal FTT strip to FST state: dR=2.040960, dPhi=0.006850, dx=2.006963, dy=0.392683 (tid=1) 
AAA FTT closest-H dPhi=0.0069(<0.1200) dR= 2.041(< 30.0) dx= 2.007 dy= 0.393(< 7.50) tid=1 -> ACCEPT
StFwdTrackMaker:INFO  - Closest vertical FTT strip to FST state: dR=1.535239, dPhi=0.172801, dx=2.059514, dy=2.893761 (tid=1) 
AAA FTT closest-V dPhi=0.1728(<0.1200) dR= 1.535(< 30.0) dx= 2.060 dy= 2.894(< 7.50) tid=1 -> REJECT
AAA FTT result: 1 hits added (H:ACCEPT V:REJECT)
StFwdTrackMaker:INFO  -  Found #FTT strips on plane #1 = [1]
StFwdTrackMaker:INFO  - Found 5 existing seed points
StFwdTrackMaker:INFO  - Adding 1 new FTT seed points
StFwdTrackMaker:INFO  - Looking for FTT strips near projected state on disk 2
StFwdTrackMaker:INFO  - There are 2 available FTT strips on this disk
AAA FTT proj z= 312.25  x= 17.209 y= -4.573  r= 17.806 phi=-0.2598  sigU= 0.282 sigV= 0.010
AAA FTT momentum at proj: pT=79519.503 eta= 3.558 phi=-0.2598  px=76851.885 py=-20423.987 pz=1394456.559
AAA FTT search thresholds: dPhi<0.1200 dR<30.00 dx<7.50 dy<7.50  nHits=2
findFttHitsNearProjectedState, msp = (17.209111, -4.573458)
	 vs. hit@(27.320986+/-4.330127, -5.205840+/-0.010000) => dx=10.111875, dy=0.632382, dR=10.006074, dPhi=0.071467 (tid=1), strip=horizontal
AAA FTT hit H pos=( 27.321+/-4.33,  -5.206+/-0.01)  dx=10.112 dy= 0.632 dR=10.006 dPhi=0.0715 (tid=1)  dPhi:OK dR:OK XY:OK
AAA FTT hit V pos=( 20.179+/-0.01,  -2.491+/-4.33)  dx= 2.970 dy= 2.082 dR= 2.526 dPhi=0.1369 (tid=1)  dPhi:FAIL dR:OK XY:OK
StFwdTrackMaker:INFO  - Adding horizontal strip hit with dPhi = 0.0714672, dR = 10.0061, dx = 10.1119, dy = 0.632382
StFwdTrackMaker:INFO  - Closest horizontal FTT strip to FST state: dR=10.006074, dPhi=0.071467, dx=10.111875, dy=0.632382 (tid=1) 
AAA FTT closest-H dPhi=0.0715(<0.1200) dR=10.006(< 30.0) dx=10.112 dy= 0.632(< 7.50) tid=1 -> ACCEPT
StFwdTrackMaker:INFO  - Closest vertical FTT strip to FST state: dR=2.525726, dPhi=0.136931, dx=2.969907, dy=2.082472 (tid=1) 
AAA FTT closest-V dPhi=0.1369(<0.1200) dR= 2.526(< 30.0) dx= 2.970 dy= 2.082(< 7.50) tid=1 -> REJECT
AAA FTT result: 1 hits added (H:ACCEPT V:REJECT)
StFwdTrackMaker:INFO  -  Found #FTT strips on plane #2 = [1]
StFwdTrackMaker:INFO  - Found 6 existing seed points
StFwdTrackMaker:INFO  - Adding 1 new FTT seed points
StFwdTrackMaker:INFO  - Looking for FTT strips near projected state on disk 3
StFwdTrackMaker:INFO  - There are 2 available FTT strips on this disk
AAA FTT proj z= 312.25  x= 17.209 y= -4.573  r= 17.806 phi=-0.2598  sigU= 0.282 sigV= 0.005
AAA FTT momentum at proj: pT=79519.503 eta= 3.558 phi=-0.2598  px=76851.885 py=-20423.987 pz=1394456.559
AAA FTT search thresholds: dPhi<0.1200 dR<30.00 dx<7.50 dy<7.50  nHits=2
findFttHitsNearProjectedState, msp = (17.209111, -4.573458)
	 vs. hit@(27.994160+/-4.330127, -5.454054+/-0.010000) => dx=10.785049, dy=0.880596, dR=10.714053, dPhi=0.067336 (tid=1), strip=horizontal
AAA FTT hit H pos=( 27.994+/-4.33,  -5.454+/-0.01)  dx=10.785 dy= 0.881 dR=10.714 dPhi=0.0673 (tid=1)  dPhi:OK dR:OK XY:OK
AAA FTT hit V pos=( 21.256+/-0.01,   0.726+/-4.33)  dx= 4.047 dy= 5.299 dR= 3.462 dPhi=0.2939 (tid=1)  dPhi:FAIL dR:OK XY:OK
StFwdTrackMaker:INFO  - Adding horizontal strip hit with dPhi = 0.067336, dR = 10.7141, dx = 10.785, dy = 0.880596
StFwdTrackMaker:INFO  - Closest horizontal FTT strip to FST state: dR=10.714053, dPhi=0.067336, dx=10.785049, dy=0.880596 (tid=1) 
AAA FTT closest-H dPhi=0.0673(<0.1200) dR=10.714(< 30.0) dx=10.785 dy= 0.881(< 7.50) tid=1 -> ACCEPT
StFwdTrackMaker:INFO  - Closest vertical FTT strip to FST state: dR=3.461880, dPhi=0.293895, dx=4.046834, dy=5.299454 (tid=1) 
AAA FTT closest-V dPhi=0.2939(<0.1200) dR= 3.462(< 30.0) dx= 4.047 dy= 5.299(< 7.50) tid=1 -> REJECT
AAA FTT result: 1 hits added (H:ACCEPT V:REJECT)
StFwdTrackMaker:INFO  -  Found #FTT strips on plane #3 = [1]
StFwdTrackMaker:INFO  - Found 7 existing seed points
StFwdTrackMaker:INFO  - Adding 1 new FTT seed points
StFwdTrackMaker:INFO  - Closest EPD hit to state: dR=0.819556, dPhi=-0.128854
StFwdTrackMaker:INFO  - GenFitTrackResult::mIdTruth = 1, QaTruth = 0.875
The points are collinear, curvature is undefined.
p1 = 0, 0
p2 = 9.1813, -2.44001
p3 = 9.1813, -2.44001
The points are collinear, curvature is undefined.
p1 = 0, 0
p2 = 9.1813, -2.44001
p3 = 9.1813, -2.44001
The points are collinear, curvature is undefined.
p1 = 0, 0
p2 = 9.1813, -2.44001
p3 = 9.1813, -2.44001
The points are collinear, curvature is undefined.
p1 = 9.1813, -2.44001
p2 = 9.1813, -2.44001
p3 = 9.1813, -2.44001
The points are collinear, curvature is undefined.
p1 = 9.1813, -2.44001
p2 = 9.1813, -2.44001
p3 = 20.8569, -4.71993
The points are collinear, curvature is undefined.
p1 = 9.1813, -2.44001
p2 = 9.1813, -2.44001
p3 = 19.2161, -4.96614
The points are collinear, curvature is undefined.
p1 = 9.1813, -2.44001
p2 = 9.1813, -2.44001
p3 = 27.321, -5.20584
The points are collinear, curvature is undefined.
p1 = 9.1813, -2.44001
p2 = 9.1813, -2.44001
p3 = 27.9942, -5.45405
The points are collinear, curvature is undefined.
p1 = 9.1813, -2.44001
p2 = 9.1813, -2.44001
p3 = 20.8569, -4.71993
The points are collinear, curvature is undefined.
p1 = 9.1813, -2.44001
p2 = 9.1813, -2.44001
p3 = 19.2161, -4.96614
The points are collinear, curvature is undefined.
p1 = 9.1813, -2.44001
p2 = 9.1813, -2.44001
p3 = 27.321, -5.20584
The points are collinear, curvature is undefined.
p1 = 9.1813, -2.44001
p2 = 9.1813, -2.44001
p3 = 27.9942, -5.45405
The points are collinear, curvature is undefined.
p1 = 9.1813, -2.44001
p2 = 9.1813, -2.44001
p3 = 20.8569, -4.71993
The points are collinear, curvature is undefined.
p1 = 9.1813, -2.44001
p2 = 9.1813, -2.44001
p3 = 19.2161, -4.96614
The points are collinear, curvature is undefined.
p1 = 9.1813, -2.44001
p2 = 9.1813, -2.44001
p3 = 27.321, -5.20584
The points are collinear, curvature is undefined.
p1 = 9.1813, -2.44001
p2 = 9.1813, -2.44001
p3 = 27.9942, -5.45405
StFwdTrackMaker:INFO  - GenericFitSeeder::makeSeed::Curvature: -0.00530385
StFwdTrackMaker:INFO  - GenericFitSeeder::makeSeed::pt = 0.282616
StFwdTrackMaker:INFO  - Note: Using externally provided seed momentum
StFwdTrackMaker:INFO  - Track Setup complete, track has 8 points
StFwdTrackMaker:INFO  -  sorting changed track points: 0
StFwdTrackMaker:INFO  - Fit status:  1
StFwdTrackMaker:INFO  - -Fit pvalue: 0.8623
StFwdTrackMaker:INFO  - -Fit Chi2:   6.16257
StFwdTrackMaker:INFO  - -Fit Chi2:   6.16257
StFwdTrackMaker:INFO  - Track fit charge: -1Fit momentum: 0.569239, -0.159056, 9.62087
StFwdTrackMaker:INFO  - 	Fit Pt: 0.591043, eta: 3.48389, phi: -0.27247
StFwdTrackMaker:INFO  - Track fit update complete!
StFwdTrackMaker:INFO  - Track Reps: 1
StFwdTrackMaker:INFO  - Track Rep 0 
genfit::AbsTrackRep, pdgCode = -211. PropDir = 0
fitStatus 
 track has been fitted, fit has converged fully, 0 TrackPoints could not be processed, fitted charge = -1, PruneFlags: 
 track has been fitted with reference track, numIterations = 4, track length = 364.929, fChi2 = 6.16257, bChi2 = 6.16257, fNdf = 11, bNdf = 11, fPVal = 0.8623, bPVal = 0.8623

StFwdTrackMaker:INFO  - GenFitTrackResult::mIdTruth = 1, QaTruth = 0.875
StFwdTrackMaker:INFO  - GTR Setting momentum from track
StFwdTrackMaker:INFO  - --isFitConvergedPartially() = 1
StFwdTrackMaker:INFO  - --isFitConverged() = 1
StFwdTrackMaker:INFO  - --isFitConvergedFully() = 1
StFwdTrackMaker:INFO  - >>doSecondaryTrackFitting( #globals = 1 )
StFwdTrackMaker:INFO  - <<Fwd Tracking Fit :3 GenFit Tracks
StFwdTrackMaker:INFO  - TAttr::Found : fillevent = 1

StFwdTrackMaker:INFO  - Creating the StFwdTrackCollection
StFwdTrackMaker:INFO  - Processing GenfitTrackResult(type=0): 0 mIsFitConverged=1, mIsFitConvergedPartially=1, mNumFitPoints=3
AAA FCS StraightLine: det=1 xyzdet=(17.399,-5.26,710.16) norm=(0.0301896,0,0.999544)
AAA projectAsStraightLine: tv3A=(8.8471,-3.87371,574.733) tv3B=(8.77506,-4.18358,624.735)
AAA   xyzf=(17.399,-5.26,710.16) norm=(0.0301896,0,0.999544)
AAA   tintersection=2.71371 result=(8.65159,-4.7146,710.424)
AAA FCS StraightLine result: tv3=(8.65159,-4.7146,710.424)
AAA FCS StraightLine: det=3 xyzdet=(21.285,1.8,782.63) norm=(0.0301896,0,0.999544)
AAA projectAsStraightLine: tv3A=(8.8471,-3.87371,574.733) tv3B=(8.77506,-4.18358,624.735)
AAA   xyzf=(21.285,1.8,782.63) norm=(0.0301896,0,0.999544)
AAA   tintersection=4.16546 result=(8.54699,-5.16444,783.015)
AAA FCS StraightLine result: tv3=(8.54699,-5.16444,783.015)
StFwdTrackMaker:INFO  - Processing GenfitTrackResult(type=2): 1 mIsFitConverged=1, mIsFitConvergedPartially=1, mNumFitPoints=8
AAA FCS StraightLine: det=1 xyzdet=(17.399,-5.26,710.16) norm=(0.0301896,0,0.999544)
AAA projectAsStraightLine: tv3A=(34.2069,-8.52557,573.967) tv3B=(37.1831,-9.25905,623.877)
AAA   xyzf=(17.399,-5.26,710.16) norm=(0.0301896,0,0.999544)
AAA   tintersection=2.71371 result=(42.2833,-10.516,709.408)
AAA FCS StraightLine result: tv3=(42.2833,-10.516,709.408)
AAA FCS StraightLine: det=3 xyzdet=(21.285,1.8,782.63) norm=(0.0301896,0,0.999544)
AAA projectAsStraightLine: tv3A=(34.2069,-8.52557,573.967) tv3B=(37.1831,-9.25905,623.877)
AAA   xyzf=(21.285,1.8,782.63) norm=(0.0301896,0,0.999544)
AAA   tintersection=4.16546 result=(46.6039,-11.5809,781.865)
AAA FCS StraightLine result: tv3=(46.6039,-11.5809,781.865)
StFwdTrackMaker:INFO  - Processing GenfitTrackResult(type=1): 2 mIsFitConverged=1, mIsFitConvergedPartially=1, mNumFitPoints=8
AAA FCS StraightLine: det=1 xyzdet=(17.399,-5.26,710.16) norm=(0.0301896,0,0.999544)
AAA projectAsStraightLine: tv3A=(40.3442,-8.82059,573.781) tv3B=(44.1471,-9.63009,623.667)
AAA   xyzf=(17.399,-5.26,710.16) norm=(0.0301896,0,0.999544)
AAA   tintersection=2.71371 result=(50.6641,-11.0174,709.155)
AAA FCS StraightLine result: tv3=(50.6641,-11.0174,709.155)
AAA FCS StraightLine: det=3 xyzdet=(21.285,1.8,782.63) norm=(0.0301896,0,0.999544)
AAA projectAsStraightLine: tv3A=(40.3442,-8.82059,573.781) tv3B=(44.1471,-9.63009,623.667)
AAA   xyzf=(21.285,1.8,782.63) norm=(0.0301896,0,0.999544)
AAA   tintersection=4.16546 result=(56.1849,-12.1926,781.576)
AAA FCS StraightLine result: tv3=(56.1849,-12.1926,781.576)
StFwdTrackMaker:INFO  - StFwdTrackCollection has 3 tracks now
StFwdTrackMaker:INFO  - StFwdTrackCollection has 3 tracks now
StFwdTrackMaker:INFO  - *** StFwdTrackMaker::Make() == StOK(0) ***
StFcsTrackMatchMaker:INFO  - *** StFcsTrackMatchMaker::Make() == StOK(0) ***
StStrangeMuDstMaker:INFO  - StV0Controller: found 0 V0 candidates
StStrangeMuDstMaker:INFO  - StXiController: found 0 Xi candidates
StStrangeMuDstMaker:INFO  - StKinkController: found 0 Kink candidates
StStrangeMuDstMaker:INFO  - *** StStrangeMuDstMaker::Make() == StOK(0) ***
StMuDstMaker:INFO  - fillMuFtt
StMuDstMaker:INFO  - fillMuFttRawHits
StMuDstMaker:INFO  - fillMuFttPoints
StMuDstMaker:INFO  - fillMuFttClusters
StMuDstMaker:INFO  - StMuDstMaker::fillFwdTrack(StEvent* ev)
StMuDstMaker:INFO  - StMuDSTMaker filling StMuFwdTrackCollection from StEvent
StMuDstMaker:INFO  - Adding 3 StMuFwdTracks to MuDSt
StMuDstMaker:INFO  - *** StMuDstMaker::Make() == StOK(0) ***
StTreeMaker:INFO  - *** StTreeMaker::Make() == StOK(0) ***
StPicoDstMaker:WARN  - No trigger data bank available!
StPicoDstMaker:INFO  - StPicoDstMaker::fillFcsHits filled 30
StPicoDstMaker:INFO  - StPicoDstMaker::fillFcsClusters filled 2
StPicoDstMaker:INFO  - *** StPicoDstMaker::Make() == StOK(0) ***
MEM after Chain::Clear + Make	 total =794.273438 heap =208.705978 and   0.561279( +0.012268)
<---------- END EVENT
--------->START EVENT: 7
MEM before Chain::Clear + Make	 total =794.273438 heap =208.706177 and   0.561111( +0.000198)
St_geant_Maker:INFO  - *** St_geant_Maker::Make() == StOK(0) ***
St_db_Maker:INFO  - *** St_db_Maker::Make() == StOK(0) ***
StMagFMaker:INFO  - *** StMagFMaker::Make() == StOK(0) ***
StDetectorDbMaker:INFO  - *** StDetectorDbMaker::Make() == StOK(0) ***
StTpcDbMaker:INFO  - *** StTpcDbMaker::Make() == StOK(0) ***
StFcsDbMaker:INFO  - *** StFcsDbMaker::Make() == StOK(0) ***
StEventMaker:INFO  - get trigDetSums from Calibrations/rich/trigDetSums
StEventMaker:WARN  - StEventMaker: No StDAQReader found
StEventMaker:INFO  - *** StEventMaker::Make() == StOK(0) ***
StMcEventMaker:INFO  - StMcEventMaker:   g2t_tpc_hit Table Not found 
StMcEventMaker:INFO  - StMcEventMaker:   particle    Table Not found 
StMcEventMaker:INFO  - *** StMcEventMaker::Make() == StOK(0) ***
StFcsFastSimulatorMaker:DEBUG - StFcsFastSimulatorMaker::Make
StFcsFastSimulatorMaker:DEBUG - Creating StFcsCollection
StFcsFastSimulatorMaker:INFO  - TAttr::Found : fcsleakyhcal = 0

StFcsFastSimulatorMaker:INFO  - TAttr::Found : fcshcalzdepeff = 0

StFcsFastSimulatorMaker:INFO  - g2t_wca_hit table has 23 hit
StFcsFastSimulatorMaker:INFO  - ECAL det=0 id=596 volid=1597 e=0.002710
StFcsFastSimulatorMaker:INFO  - ECAL det=0 id=639 volid=1640 e=0.000971
StFcsFastSimulatorMaker:INFO  - ECAL det=0 id=643 volid=1644 e=0.000002
StFcsFastSimulatorMaker:INFO  - ECAL det=0 id=662 volid=1663 e=0.003770
StFcsFastSimulatorMaker:INFO  - ECAL det=0 id=663 volid=1664 e=0.003297
StFcsFastSimulatorMaker:INFO  - ECAL det=0 id=683 volid=1684 e=0.001760
StFcsFastSimulatorMaker:INFO  - ECAL det=0 id=684 volid=1685 e=0.027296
StFcsFastSimulatorMaker:INFO  - ECAL det=0 id=685 volid=1686 e=0.055499
StFcsFastSimulatorMaker:INFO  - ECAL det=0 id=686 volid=1687 e=0.001271
StFcsFastSimulatorMaker:INFO  - ECAL det=0 id=687 volid=1688 e=0.000284
StFcsFastSimulatorMaker:INFO  - ECAL det=0 id=704 volid=1705 e=0.000357
StFcsFastSimulatorMaker:INFO  - ECAL det=0 id=705 volid=1706 e=0.005928
StFcsFastSimulatorMaker:INFO  - ECAL det=0 id=706 volid=1707 e=0.319460
StFcsFastSimulatorMaker:INFO  - ECAL det=0 id=707 volid=1708 e=1.710830
StFcsFastSimulatorMaker:INFO  - ECAL det=0 id=708 volid=1709 e=0.009545
StFcsFastSimulatorMaker:INFO  - ECAL det=0 id=709 volid=1710 e=0.004060
StFcsFastSimulatorMaker:INFO  - ECAL det=0 id=726 volid=1727 e=0.000127
StFcsFastSimulatorMaker:INFO  - ECAL det=0 id=727 volid=1728 e=0.002131
StFcsFastSimulatorMaker:INFO  - ECAL det=0 id=728 volid=1729 e=0.096246
StFcsFastSimulatorMaker:INFO  - ECAL det=0 id=729 volid=1730 e=0.070710
StFcsFastSimulatorMaker:INFO  - ECAL det=0 id=730 volid=1731 e=0.009535
StFcsFastSimulatorMaker:INFO  - ECAL det=0 id=731 volid=1732 e=0.002338
StFcsFastSimulatorMaker:INFO  - ECAL det=1 id=660 volid=2661 e=0.000921
StFcsFastSimulatorMaker:INFO  - g2t_hca_hit table has 3 hit
StFcsFastSimulatorMaker:INFO  - HCAL det=2 id=221 volid= 1222 e=0.000581
StFcsFastSimulatorMaker:INFO  - HCAL det=2 id=234 volid= 1235 e=0.000004
StFcsFastSimulatorMaker:INFO  - HCAL det=2 id=247 volid= 1248 e=0.000167
StFcsFastSimulatorMaker:INFO  - g2t_epd_hit table has 1 hit
StFcsFastSimulatorMaker:INFO  - Pres det=4 id=168 volid=206160 e=  2.145581
StFcsFastSimulatorMaker:INFO  - Det=0 id=596 dE=   0.003 SF= 0.200 gain= 0.005 corr= 1.000 ADC=   2 ZS= 1 digiE=   0.011
StFcsFastSimulatorMaker:INFO  - Det=0 id=639 dE=   0.001 SF= 0.200 gain= 0.005 corr= 1.000 ADC=   0 ZS= 1 digiE=   0.000
StFcsFastSimulatorMaker:INFO  - Det=0 id=643 dE=   0.000 SF= 0.200 gain= 0.005 corr= 1.000 ADC=   0 ZS= 1 digiE=   0.000
StFcsFastSimulatorMaker:INFO  - Det=0 id=662 dE=   0.004 SF= 0.200 gain= 0.005 corr= 1.000 ADC=   3 ZS= 1 digiE=   0.016
StFcsFastSimulatorMaker:INFO  - Det=0 id=663 dE=   0.003 SF= 0.200 gain= 0.005 corr= 1.000 ADC=   3 ZS= 1 digiE=   0.016
StFcsFastSimulatorMaker:INFO  - Det=0 id=683 dE=   0.002 SF= 0.200 gain= 0.005 corr= 1.000 ADC=   1 ZS= 1 digiE=   0.005
StFcsFastSimulatorMaker:INFO  - Det=0 id=684 dE=   0.027 SF= 0.200 gain= 0.005 corr= 1.000 ADC=  25 ZS= 1 digiE=   0.132
StFcsFastSimulatorMaker:INFO  - Det=0 id=685 dE=   0.055 SF= 0.200 gain= 0.005 corr= 1.000 ADC=  52 ZS= 1 digiE=   0.276
StFcsFastSimulatorMaker:INFO  - Det=0 id=686 dE=   0.001 SF= 0.200 gain= 0.005 corr= 1.000 ADC=   1 ZS= 1 digiE=   0.005
StFcsFastSimulatorMaker:INFO  - Det=0 id=687 dE=   0.000 SF= 0.200 gain= 0.005 corr= 1.000 ADC=   0 ZS= 1 digiE=   0.000
StFcsFastSimulatorMaker:INFO  - Det=0 id=704 dE=   0.000 SF= 0.200 gain= 0.005 corr= 1.000 ADC=   0 ZS= 1 digiE=   0.000
StFcsFastSimulatorMaker:INFO  - Det=0 id=705 dE=   0.006 SF= 0.200 gain= 0.005 corr= 1.000 ADC=   5 ZS= 1 digiE=   0.026
StFcsFastSimulatorMaker:INFO  - Det=0 id=706 dE=   0.319 SF= 0.200 gain= 0.005 corr= 1.000 ADC= 301 ZS= 1 digiE=   1.595
StFcsFastSimulatorMaker:INFO  - Det=0 id=707 dE=   1.711 SF= 0.200 gain= 0.005 corr= 1.000 ADC=1613 ZS= 1 digiE=   8.549
StFcsFastSimulatorMaker:INFO  - Det=0 id=708 dE=   0.010 SF= 0.200 gain= 0.005 corr= 1.000 ADC=   9 ZS= 1 digiE=   0.048
StFcsFastSimulatorMaker:INFO  - Det=0 id=709 dE=   0.004 SF= 0.200 gain= 0.005 corr= 1.000 ADC=   3 ZS= 1 digiE=   0.016
StFcsFastSimulatorMaker:INFO  - Det=0 id=726 dE=   0.000 SF= 0.200 gain= 0.005 corr= 1.000 ADC=   0 ZS= 1 digiE=   0.000
StFcsFastSimulatorMaker:INFO  - Det=0 id=727 dE=   0.002 SF= 0.200 gain= 0.005 corr= 1.000 ADC=   2 ZS= 1 digiE=   0.011
StFcsFastSimulatorMaker:INFO  - Det=0 id=728 dE=   0.096 SF= 0.200 gain= 0.005 corr= 1.000 ADC=  90 ZS= 1 digiE=   0.477
StFcsFastSimulatorMaker:INFO  - Det=0 id=729 dE=   0.071 SF= 0.200 gain= 0.005 corr= 1.000 ADC=  66 ZS= 1 digiE=   0.350
StFcsFastSimulatorMaker:INFO  - Det=0 id=730 dE=   0.010 SF= 0.200 gain= 0.005 corr= 1.000 ADC=   8 ZS= 1 digiE=   0.042
StFcsFastSimulatorMaker:INFO  - Det=0 id=731 dE=   0.002 SF= 0.200 gain= 0.005 corr= 1.000 ADC=   2 ZS= 1 digiE=   0.011
StFcsFastSimulatorMaker:INFO  - Det=1 id=660 dE=   0.001 SF= 0.200 gain= 0.005 corr= 1.000 ADC=   0 ZS= 1 digiE=   0.000
StFcsFastSimulatorMaker:INFO  - Det=2 id=221 dE=   0.001 SF= 0.014 gain= 0.005 corr= 1.000 ADC=   7 ZS= 1 digiE=   0.037
StFcsFastSimulatorMaker:INFO  - Det=2 id=234 dE=   0.000 SF= 0.014 gain= 0.005 corr= 1.000 ADC=   0 ZS= 1 digiE=   0.000
StFcsFastSimulatorMaker:INFO  - Det=2 id=247 dE=   0.000 SF= 0.014 gain= 0.005 corr= 1.000 ADC=   2 ZS= 1 digiE=   0.011
StFcsFastSimulatorMaker:INFO  - Det=4 id=168 dE=   2.146 SF= 2.000 gain= 0.010 corr= 0.500 ADC= 214 ZS= 1 digiE=   1.070
StFcsFastSimulatorMaker:INFO  - wca Found 23 g2t hits in 15 cells, created 15 hits with ADC>ZS(1) and Etot=  11.575
StFcsFastSimulatorMaker:INFO  - hca Found 3 g2t hits in 2 cells, created 2 hits with ADC>ZS(1) and Etot=   0.048
StFcsFastSimulatorMaker:INFO  - pre Found 1 g2t hits in 1 cells, created 1 hits with ADC>ZS(1) and Etot=   1.070
StFcsFastSimulatorMaker:INFO  - *** StFcsFastSimulatorMaker::Make() == StOK(0) ***
StFcsWaveformFitMaker:INFO  - *** StFcsWaveformFitMaker::Make() == StOK(0) ***
StFcsClusterMaker:DEBUG - StFcsClusterMaker Make!!!
  *** Print FCS collection ***  RecFlag=0
  *** FCS Det=0 *** NHit= 15 NCluster=  1 NPoint=  0
StFcsHit: det= 0 id=707 | ns=0 ehp=0 dep=15 ch=30 | Ntb=  1 Sum=     0 Fit=  0.00   0.00 E=  8.55 | 1613 (  0) 
StFcsHit: det= 0 id=706 | ns=0 ehp=0 dep=15 ch=29 | Ntb=  1 Sum=     0 Fit=  0.00   0.00 E=  1.60 |  301 (  0) 
StFcsHit: det= 0 id=728 | ns=0 ehp=0 dep=21 ch= 2 | Ntb=  1 Sum=     0 Fit=  0.00   0.00 E=  0.48 |   90 (  0) 
StFcsHit: det= 0 id=729 | ns=0 ehp=0 dep=21 ch= 3 | Ntb=  1 Sum=     0 Fit=  0.00   0.00 E=  0.35 |   66 (  0) 
StFcsHit: det= 0 id=685 | ns=0 ehp=0 dep=15 ch=26 | Ntb=  1 Sum=     0 Fit=  0.00   0.00 E=  0.28 |   52 (  0) 
StFcsHit: det= 0 id=684 | ns=0 ehp=0 dep=15 ch=25 | Ntb=  1 Sum=     0 Fit=  0.00   0.00 E=  0.13 |   25 (  0) 
StFcsHit: det= 0 id=708 | ns=0 ehp=0 dep=15 ch=31 | Ntb=  1 Sum=     0 Fit=  0.00   0.00 E=  0.05 |    9 (  0) 
StFcsHit: det= 0 id=730 | ns=0 ehp=0 dep=21 ch= 4 | Ntb=  1 Sum=     0 Fit=  0.00   0.00 E=  0.04 |    8 (  0) 
StFcsHit: det= 0 id=705 | ns=0 ehp=0 dep=15 ch=28 | Ntb=  1 Sum=     0 Fit=  0.00   0.00 E=  0.03 |    5 (  0) 
StFcsHit: det= 0 id=662 | ns=0 ehp=0 dep=15 ch=21 | Ntb=  1 Sum=     0 Fit=  0.00   0.00 E=  0.02 |    3 (  0) 
StFcsHit: det= 0 id=663 | ns=0 ehp=0 dep=15 ch=22 | Ntb=  1 Sum=     0 Fit=  0.00   0.00 E=  0.02 |    3 (  0) 
StFcsHit: det= 0 id=709 | ns=0 ehp=0 dep=16 ch=28 | Ntb=  1 Sum=     0 Fit=  0.00   0.00 E=  0.02 |    3 (  0) 
StFcsHit: det= 0 id=596 | ns=0 ehp=0 dep=15 ch= 9 | Ntb=  1 Sum=     0 Fit=  0.00   0.00 E=  0.01 |    2 (  0) 
StFcsHit: det= 0 id=727 | ns=0 ehp=0 dep=21 ch= 1 | Ntb=  1 Sum=     0 Fit=  0.00   0.00 E=  0.01 |    2 (  0) 
StFcsHit: det= 0 id=731 | ns=0 ehp=0 dep=21 ch= 5 | Ntb=  1 Sum=     0 Fit=  0.00   0.00 E=  0.01 |    2 (  0) 
StFcsCluster id=   0 ctg=1 n=14 nNeigh=0 nPoints=0 loc=   3.18   32.59 PXYZE=  -0.56   -1.46   11.46   11.56 E=  11.56 sigMin/max=   0.39    0.50 Chi2=   0.00    0.00
  *** FCS Det=1 *** NHit=  0 NCluster=  0 NPoint=  0
  *** FCS Det=2 *** NHit=  2 NCluster=  0 NPoint=  0
StFcsHit: det= 2 id=221 | ns=0 ehp=1 dep= 3 ch=28 | Ntb=  1 Sum=     0 Fit=  0.00   0.00 E=  0.04 |    7 (  0) 
StFcsHit: det= 2 id=247 | ns=0 ehp=1 dep= 7 ch= 4 | Ntb=  1 Sum=     0 Fit=  0.00   0.00 E=  0.01 |    2 (  0) 
  *** FCS Det=3 *** NHit=  0 NCluster=  0 NPoint=  0
  *** FCS Det=4 *** NHit=  1 NCluster=  0 NPoint=  0
StFcsHit: det= 4 id=168 | ns=0 ehp=2 dep= 5 ch= 8 | Ntb=  1 Sum=     0 Fit=  0.00   0.00 E=  1.07 |  214 (  0) 
  *** FCS Det=5 *** NHit=  0 NCluster=  0 NPoint=  0
  *** FCS Det=6 *** NHit=  0 NCluster=  1 NPoint=  0
StFcsClusterMaker:INFO  - *** StFcsClusterMaker::Make() == StOK(0) ***
StFttClusterPointMaker:INFO  - Creating FttCollection
StFttClusterPointMaker:INFO  - Making Geant points
StFttClusterPointMaker:INFO  - *** StFttClusterPointMaker::Make() == StOK(0) ***
StFwdTrackMaker:INFO  - Setting Event Vertex from geant/g2t_vertex[0]: 0xbf0eea0
StFwdTrackMaker:INFO  - TAttr::Found : useftt = 1

StFwdTrackMaker:INFO  - TAttr::Found : usefst = 1

StFwdTrackMaker:INFO  - TAttr::Found : useepd = 1

StFwdTrackMaker:INFO  - There are: 0 with 0 FST, 0 with 1 FST, 0 with 2 FST, 1 with 3 FST
StFwdTrackMaker:INFO  - There are: 0 with 0 FTT, 0 with 1 FTT, 0 with 2 FTT, 0 with 3 FTT, 0 with 4 FTT, 0 with 5 FTT, 0 with 6 FTT, 0 with 7 FTT, 1 with 8 FTT
StFwdTrackMaker:INFO  - There are 1 McTracks with > 2 FST hits (#of possible seeds)
StFwdTrackMaker:INFO  - 	Finding FWD Track Seeds
StFwdTrackMaker:INFO  - Hitmap Source: fst
StFwdTrackMaker:INFO  - Performing Fwd Seed finding with mode: fst = 
StFwdTrackMaker:INFO  - Found 1 seeds in 1 iterations
StFwdTrackMaker:INFO  - Total Hits removed: 0
StFwdTrackMaker:INFO  - Seed [0] with 3 hits : id=2@2id=1@1id=0@0
StFwdTrackMaker:INFO  - <<Fwd Tracking Found : 1 Track Seeds from 3 FST hits and 4 sTGC hits
StFwdTrackMaker:INFO  -     (vs. 1 McTracks with FST>2, eff = 1)
StFwdTrackMaker:INFO  - 	Fitting FWD Track Seeds
StFwdTrackMaker:INFO  - TrackFitter:refit = 1
StFwdTrackMaker:INFO  - Starting Track fitting loop with 1 track seeds
StFwdTrackMaker:INFO  - TrackFitter:refit = 1
StFwdTrackMaker:INFO  - 		Mc Match idTruth=1, quality = 1
StFwdTrackMaker:INFO  - GenFitTrackResult::mIdTruth = 1, QaTruth = 1
The points are collinear, curvature is undefined.
p1 = -8.10566, -19.9135
p2 = -8.10566, -19.9135
p3 = -9.23668, -22.6922
StFwdTrackMaker:INFO  - GenericFitSeeder::makeSeed::Curvature: -1e-07
StFwdTrackMaker:INFO  - GenericFitSeeder::makeSeed::pt = 14989.5
StFwdTrackMaker:WARN  - Seed momentum is too high, setting to (0,0,1)
StFwdTrackMaker:INFO  - Track Setup complete, track has 3 points
StFwdTrackMaker:INFO  -  sorting changed track points: 0
StFwdTrackMaker:INFO  - Fit status:  1
StFwdTrackMaker:INFO  - -Fit pvalue: 0.66829
StFwdTrackMaker:INFO  - -Fit Chi2:   0.183609
StFwdTrackMaker:INFO  - -Fit Chi2:   0.183609
StFwdTrackMaker:INFO  - Track fit charge: 1Fit momentum: -1.0825, -2.65941, 26.3288
StFwdTrackMaker:INFO  - 	Fit Pt: 2.87128, eta: 2.91201, phi: -1.95736
StFwdTrackMaker:INFO  - Track fit update complete!
StFwdTrackMaker:INFO  - Track Reps: 1
StFwdTrackMaker:INFO  - Track Rep 0 
genfit::AbsTrackRep, pdgCode = -211. PropDir = 0
fitStatus 
 track has been fitted, fit has converged fully, 0 TrackPoints could not be processed, fitted charge = 1, PruneFlags: 
 track has been fitted with reference track, numIterations = 2, track length = 27.18, fChi2 = 0.183609, bChi2 = 0.183609, fNdf = 1, bNdf = 1, fPVal = 0.66829, bPVal = 0.66829

StFwdTrackMaker:INFO  - GenFitTrackResult::mIdTruth = 1, QaTruth = 1
StFwdTrackMaker:INFO  - GTR Setting momentum from track
StFwdTrackMaker:INFO  - --isFitConvergedPartially() = 1
StFwdTrackMaker:INFO  - --isFitConverged() = 1
StFwdTrackMaker:INFO  - --isFitConvergedFully() = 1
StFwdTrackMaker:INFO  - Looking for FTT strips near projected state on disk 0
StFwdTrackMaker:INFO  - There are 2 available FTT strips on this disk
AAA FTT proj z= 312.25  x=-14.601 y=-35.671  r= 38.543 phi=-1.9593  sigU= 7.843 sigV= 0.155
AAA FTT momentum at proj: pT= 2.871 eta= 2.912 phi=-1.9643  px= -1.101 py= -2.652 pz= 26.329
AAA FTT search thresholds: dPhi<0.1200 dR<30.00 dx<7.50 dy<7.50  nHits=2
findFttHitsNearProjectedState, msp = (-14.600506, -35.670589)
	 vs. hit@(-12.678972+/-4.330127, -38.658005+/-0.010000) => dx=1.921533, dy=2.987416, dR=2.141084, dPhi=0.071588 (tid=1), strip=horizontal
AAA FTT hit H pos=(-12.679+/-4.33, -38.658+/-0.01)  dx= 1.922 dy= 2.987 dR= 2.141 dPhi=0.0716 (tid=1)  dPhi:OK dR:OK XY:OK
	 vs. hit@(-15.296567+/-0.010000, -43.828793+/-4.330127) => dx=0.696061, dy=8.158204, dR=7.878381, dPhi=0.052720 (tid=1), strip=vertical
AAA FTT hit V pos=(-15.297+/-0.01, -43.829+/-4.33)  dx= 0.696 dy= 8.158 dR= 7.878 dPhi=0.0527 (tid=1)  dPhi:OK dR:OK XY:OK
StFwdTrackMaker:INFO  - Adding horizontal strip hit with dPhi = 0.0715877, dR = 2.14108, dx = 1.92153, dy = 2.98742
StFwdTrackMaker:INFO  - Adding vertical strip hit with dPhi = 0.0527205, dR = 7.87838, dx = 0.696061, dy = 8.1582
StFwdTrackMaker:INFO  - Closest horizontal FTT strip to FST state: dR=2.141084, dPhi=0.071588, dx=1.921533, dy=2.987416 (tid=1) 
AAA FTT closest-H dPhi=0.0716(<0.1200) dR= 2.141(< 30.0) dx= 1.922 dy= 2.987(< 7.50) tid=1 -> ACCEPT
StFwdTrackMaker:INFO  - Closest vertical FTT strip to FST state: dR=7.878381, dPhi=0.052720, dx=0.696061, dy=8.158204 (tid=1) 
AAA FTT closest-V dPhi=0.0527(<0.1200) dR= 7.878(< 30.0) dx= 0.696 dy= 8.158(< 7.50) tid=1 -> ACCEPT
AAA FTT result: 2 hits added (H:ACCEPT V:ACCEPT)
StFwdTrackMaker:INFO  -  Found #FTT strips on plane #0 = [2]
StFwdTrackMaker:INFO  - Found 3 existing seed points
StFwdTrackMaker:INFO  - Adding 2 new FTT seed points
StFwdTrackMaker:INFO  - Looking for FTT strips near projected state on disk 1
StFwdTrackMaker:INFO  - There are 2 available FTT strips on this disk
AAA FTT proj z= 312.25  x=-14.601 y=-35.671  r= 38.543 phi=-1.9593  sigU= 7.843 sigV= 0.143
AAA FTT momentum at proj: pT= 2.871 eta= 2.912 phi=-1.9643  px= -1.101 py= -2.652 pz= 26.329
AAA FTT search thresholds: dPhi<0.1200 dR<30.00 dx<7.50 dy<7.50  nHits=2
findFttHitsNearProjectedState, msp = (-14.600506, -35.670589)
	 vs. hit@(-18.541712+/-4.330127, -40.870346+/-0.010000) => dx=3.941206, dy=5.199757, dR=6.336583, dPhi=0.037392 (tid=1), strip=horizontal
AAA FTT hit H pos=(-18.542+/-4.33, -40.870+/-0.01)  dx= 3.941 dy= 5.200 dR= 6.337 dPhi=0.0374 (tid=1)  dPhi:OK dR:OK XY:OK
	 vs. hit@(-16.126215+/-0.010000, -34.178692+/-4.330127) => dx=1.525709, dy=1.491897, dR=0.751003, dPhi=0.052341 (tid=1), strip=vertical
AAA FTT hit V pos=(-16.126+/-0.01, -34.179+/-4.33)  dx= 1.526 dy= 1.492 dR= 0.751 dPhi=0.0523 (tid=1)  dPhi:OK dR:OK XY:OK
StFwdTrackMaker:INFO  - Adding horizontal strip hit with dPhi = 0.0373923, dR = 6.33658, dx = 3.94121, dy = 5.19976
StFwdTrackMaker:INFO  - Adding vertical strip hit with dPhi = 0.0523405, dR = 0.751003, dx = 1.52571, dy = 1.4919
StFwdTrackMaker:INFO  - Closest horizontal FTT strip to FST state: dR=6.336583, dPhi=0.037392, dx=3.941206, dy=5.199757 (tid=1) 
AAA FTT closest-H dPhi=0.0374(<0.1200) dR= 6.337(< 30.0) dx= 3.941 dy= 5.200(< 7.50) tid=1 -> ACCEPT
StFwdTrackMaker:INFO  - Closest vertical FTT strip to FST state: dR=0.751003, dPhi=0.052341, dx=1.525709, dy=1.491897 (tid=1) 
AAA FTT closest-V dPhi=0.0523(<0.1200) dR= 0.751(< 30.0) dx= 1.526 dy= 1.492(< 7.50) tid=1 -> ACCEPT
AAA FTT result: 2 hits added (H:ACCEPT V:ACCEPT)
StFwdTrackMaker:INFO  -  Found #FTT strips on plane #1 = [2]
StFwdTrackMaker:INFO  - Found 5 existing seed points
StFwdTrackMaker:INFO  - Adding 2 new FTT seed points
StFwdTrackMaker:INFO  - Looking for FTT strips near projected state on disk 2
StFwdTrackMaker:INFO  - There are 2 available FTT strips on this disk
AAA FTT proj z= 312.25  x=-14.601 y=-35.671  r= 38.543 phi=-1.9593  sigU= 7.843 sigV= 0.155
AAA FTT momentum at proj: pT= 2.871 eta= 2.912 phi=-1.9643  px= -1.101 py= -2.652 pz= 26.329
AAA FTT search thresholds: dPhi<0.1200 dR<30.00 dx<7.50 dy<7.50  nHits=2
findFttHitsNearProjectedState, msp = (-14.600506, -35.670589)
AAA FTT hit H pos=( -9.552+/-4.33, -42.849+/-0.01)  dx= 5.049 dy= 7.178 dR= 5.358 dPhi=0.1692 (tid=1)  dPhi:FAIL dR:OK XY:OK
	 vs. hit@(-16.914162+/-0.010000, -41.709503+/-4.330127) => dx=2.313656, dy=6.038914, dR=6.465535, dPhi=0.003252 (tid=1), strip=vertical
AAA FTT hit V pos=(-16.914+/-0.01, -41.710+/-4.33)  dx= 2.314 dy= 6.039 dR= 6.466 dPhi=0.0033 (tid=1)  dPhi:OK dR:OK XY:OK
StFwdTrackMaker:INFO  - Adding vertical strip hit with dPhi = 0.00325216, dR = 6.46553, dx = 2.31366, dy = 6.03891
StFwdTrackMaker:INFO  - Closest horizontal FTT strip to FST state: dR=5.357600, dPhi=0.169177, dx=5.048647, dy=7.178307 (tid=1) 
AAA FTT closest-H dPhi=0.1692(<0.1200) dR= 5.358(< 30.0) dx= 5.049 dy= 7.178(< 7.50) tid=1 -> REJECT
StFwdTrackMaker:INFO  - Closest vertical FTT strip to FST state: dR=6.465535, dPhi=0.003252, dx=2.313656, dy=6.038914 (tid=1) 
AAA FTT closest-V dPhi=0.0033(<0.1200) dR= 6.466(< 30.0) dx= 2.314 dy= 6.039(< 7.50) tid=1 -> ACCEPT
AAA FTT result: 1 hits added (H:REJECT V:ACCEPT)
StFwdTrackMaker:INFO  -  Found #FTT strips on plane #2 = [1]
StFwdTrackMaker:INFO  - Found 7 existing seed points
StFwdTrackMaker:INFO  - Adding 1 new FTT seed points
StFwdTrackMaker:INFO  - Looking for FTT strips near projected state on disk 3
StFwdTrackMaker:INFO  - There are 2 available FTT strips on this disk
AAA FTT proj z= 312.25  x=-14.601 y=-35.671  r= 38.543 phi=-1.9593  sigU= 7.843 sigV= 0.143
AAA FTT momentum at proj: pT= 2.871 eta= 2.912 phi=-1.9643  px= -1.101 py= -2.652 pz= 26.329
AAA FTT search thresholds: dPhi<0.1200 dR<30.00 dx<7.50 dy<7.50  nHits=2
findFttHitsNearProjectedState, msp = (-14.600506, -35.670589)
	 vs. hit@(-14.810689+/-4.330127, -45.101784+/-0.010000) => dx=0.210183, dy=9.431195, dR=8.928296, dPhi=0.071221 (tid=1), strip=horizontal
AAA FTT hit H pos=(-14.811+/-4.33, -45.102+/-0.01)  dx= 0.210 dy= 9.431 dR= 8.928 dPhi=0.0712 (tid=1)  dPhi:OK dR:OK XY:OK
	 vs. hit@(-17.702015+/-0.010000, -43.168373+/-4.330127) => dx=3.101509, dy=7.497784, dR=8.113900, dPhi=0.000646 (tid=1), strip=vertical
AAA FTT hit V pos=(-17.702+/-0.01, -43.168+/-4.33)  dx= 3.102 dy= 7.498 dR= 8.114 dPhi=0.0006 (tid=1)  dPhi:OK dR:OK XY:OK
StFwdTrackMaker:INFO  - Adding horizontal strip hit with dPhi = 0.0712214, dR = 8.9283, dx = 0.210183, dy = 9.43119
StFwdTrackMaker:INFO  - Adding vertical strip hit with dPhi = 0.000645732, dR = 8.1139, dx = 3.10151, dy = 7.49778
StFwdTrackMaker:INFO  - Closest horizontal FTT strip to FST state: dR=8.928296, dPhi=0.071221, dx=0.210183, dy=9.431195 (tid=1) 
AAA FTT closest-H dPhi=0.0712(<0.1200) dR= 8.928(< 30.0) dx= 0.210 dy= 9.431(< 7.50) tid=1 -> ACCEPT
StFwdTrackMaker:INFO  - Closest vertical FTT strip to FST state: dR=8.113900, dPhi=0.000646, dx=3.101509, dy=7.497784 (tid=1) 
AAA FTT closest-V dPhi=0.0006(<0.1200) dR= 8.114(< 30.0) dx= 3.102 dy= 7.498(< 7.50) tid=1 -> ACCEPT
AAA FTT result: 2 hits added (H:ACCEPT V:ACCEPT)
StFwdTrackMaker:INFO  -  Found #FTT strips on plane #3 = [2]
StFwdTrackMaker:INFO  - Found 8 existing seed points
StFwdTrackMaker:INFO  - Adding 2 new FTT seed points
StFwdTrackMaker:INFO  - Closest EPD hit to state: dR=-2.829424, dPhi=0.003715
StFwdTrackMaker:INFO  - GenFitTrackResult::mIdTruth = 1, QaTruth = 1
The points are collinear, curvature is undefined.
p1 = -8.10566, -19.9135
p2 = -8.10566, -19.9135
p3 = -9.23668, -22.6922
The points are collinear, curvature is undefined.
p1 = -8.10566, -19.9135
p2 = -8.10566, -19.9135
p3 = -12.679, -38.658
The points are collinear, curvature is undefined.
p1 = -8.10566, -19.9135
p2 = -8.10566, -19.9135
p3 = -15.2966, -43.8288
The points are collinear, curvature is undefined.
p1 = -8.10566, -19.9135
p2 = -8.10566, -19.9135
p3 = -18.5417, -40.8703
The points are collinear, curvature is undefined.
p1 = -8.10566, -19.9135
p2 = -8.10566, -19.9135
p3 = -16.1262, -34.1787
The points are collinear, curvature is undefined.
p1 = -8.10566, -19.9135
p2 = -8.10566, -19.9135
p3 = -16.9142, -41.7095
The points are collinear, curvature is undefined.
p1 = -8.10566, -19.9135
p2 = -8.10566, -19.9135
p3 = -14.8107, -45.1018
The points are collinear, curvature is undefined.
p1 = -8.10566, -19.9135
p2 = -8.10566, -19.9135
p3 = -17.702, -43.1684
StFwdTrackMaker:INFO  - GenericFitSeeder::makeSeed::Curvature: 0.0155888
StFwdTrackMaker:INFO  - GenericFitSeeder::makeSeed::pt = 0.0961554
StFwdTrackMaker:INFO  - Note: Using externally provided seed momentum
StFwdTrackMaker:INFO  - Track Setup complete, track has 10 points
StFwdTrackMaker:INFO  -  sorting changed track points: 0
StFwdTrackMaker:INFO  - Fit status:  1
StFwdTrackMaker:INFO  - -Fit pvalue: 0.0522334
StFwdTrackMaker:INFO  - -Fit Chi2:   24.8329
StFwdTrackMaker:INFO  - -Fit Chi2:   24.8329
StFwdTrackMaker:INFO  - Track fit charge: 1Fit momentum: -3.20726, -8.55772, 69.0221
StFwdTrackMaker:INFO  - 	Fit Pt: 9.13899, eta: 2.71938, phi: -1.92937
StFwdTrackMaker:INFO  - Track fit update complete!
StFwdTrackMaker:INFO  - Track Reps: 1
StFwdTrackMaker:INFO  - Track Rep 0 
genfit::AbsTrackRep, pdgCode = 211. PropDir = 0
fitStatus 
 track has been fitted, fit has converged fully, 0 TrackPoints could not be processed, fitted charge = 1, PruneFlags: 
 track has been fitted with reference track, numIterations = 3, track length = 215.895, fChi2 = 24.8328, bChi2 = 24.8329, fNdf = 15, bNdf = 15, fPVal = 0.0522339, bPVal = 0.0522334

StFwdTrackMaker:INFO  - GenFitTrackResult::mIdTruth = 1, QaTruth = 1
StFwdTrackMaker:INFO  - GTR Setting momentum from track
StFwdTrackMaker:INFO  - --isFitConvergedPartially() = 1
StFwdTrackMaker:INFO  - --isFitConverged() = 1
StFwdTrackMaker:INFO  - --isFitConvergedFully() = 1
StFwdTrackMaker:INFO  - Global track fitting completed, found 1 global tracks from 1 track seed candidates
StFwdTrackMaker:INFO  - >>doBeamlineTrackFitting( #globals = 1 )
StFwdTrackMaker:INFO  - doBeamlineTrackFitting>>0 McId=1 with Beamline, seed already has: 10 hits
StFwdTrackMaker:INFO  - mBeamlineHit: 0, 0, 0
StFwdTrackMaker:INFO  - This fit is for a global that converged? = 1
StFwdTrackMaker:INFO  - GenFitTrackResult::mIdTruth = 1, QaTruth = 0.909091
The points are collinear, curvature is undefined.
p1 = 0, 0
p2 = -8.10566, -19.9135
p3 = -8.10566, -19.9135
The points are collinear, curvature is undefined.
p1 = -8.10566, -19.9135
p2 = -8.10566, -19.9135
p3 = -9.23668, -22.6922
The points are collinear, curvature is undefined.
p1 = -8.10566, -19.9135
p2 = -8.10566, -19.9135
p3 = -12.679, -38.658
The points are collinear, curvature is undefined.
p1 = -8.10566, -19.9135
p2 = -8.10566, -19.9135
p3 = -15.2966, -43.8288
The points are collinear, curvature is undefined.
p1 = -8.10566, -19.9135
p2 = -8.10566, -19.9135
p3 = -18.5417, -40.8703
The points are collinear, curvature is undefined.
p1 = -8.10566, -19.9135
p2 = -8.10566, -19.9135
p3 = -16.1262, -34.1787
The points are collinear, curvature is undefined.
p1 = -8.10566, -19.9135
p2 = -8.10566, -19.9135
p3 = -16.9142, -41.7095
The points are collinear, curvature is undefined.
p1 = -8.10566, -19.9135
p2 = -8.10566, -19.9135
p3 = -14.8107, -45.1018
The points are collinear, curvature is undefined.
p1 = -8.10566, -19.9135
p2 = -8.10566, -19.9135
p3 = -17.702, -43.1684
StFwdTrackMaker:INFO  - GenericFitSeeder::makeSeed::Curvature: 0.00771453
StFwdTrackMaker:INFO  - GenericFitSeeder::makeSeed::pt = 0.194302
StFwdTrackMaker:INFO  - Track Setup complete, track has 11 points
StFwdTrackMaker:INFO  -  sorting changed track points: 0
StFwdTrackMaker:INFO  - Fit status:  1
StFwdTrackMaker:INFO  - -Fit pvalue: 0.0723209
StFwdTrackMaker:INFO  - -Fit Chi2:   26.1189
StFwdTrackMaker:INFO  - -Fit Chi2:   26.1189
StFwdTrackMaker:INFO  - Track fit charge: -1Fit momentum: -0.675175, -1.65001, 13.4616
StFwdTrackMaker:INFO  - 	Fit Pt: 1.78281, eta: 2.71916, phi: -1.9592
StFwdTrackMaker:INFO  - Track fit update complete!
StFwdTrackMaker:INFO  - Track Reps: 1
StFwdTrackMaker:INFO  - Track Rep 0 
genfit::AbsTrackRep, pdgCode = 211. PropDir = 0
fitStatus 
 track has been fitted, fit has converged fully, 0 TrackPoints could not be processed, fitted charge = -1, PruneFlags: 
 track has been fitted with reference track, numIterations = 4, track length = 370.151, fChi2 = 26.1189, bChi2 = 26.1189, fNdf = 17, bNdf = 17, fPVal = 0.0723215, bPVal = 0.0723209

StFwdTrackMaker:INFO  - GenFitTrackResult::mIdTruth = 1, QaTruth = 0.909091
StFwdTrackMaker:INFO  - GTR Setting momentum from track
StFwdTrackMaker:INFO  - --isFitConvergedPartially() = 1
StFwdTrackMaker:INFO  - --isFitConverged() = 1
StFwdTrackMaker:INFO  - --isFitConvergedFully() = 1
StFwdTrackMaker:INFO  - SEED momentum:-3.20726, -8.55772, 69.0221
StFwdTrackMaker:INFO  - 	Initial Beamline fit completed, now refitting with additional hits
StFwdTrackMaker:INFO  - Looking for FTT strips near projected state on disk 0
StFwdTrackMaker:INFO  - There are 2 available FTT strips on this disk
AAA FTT proj z= 312.25  x=-15.244 y=-38.653  r= 41.550 phi=-1.9464  sigU= 0.048 sigV= 0.000
AAA FTT momentum at proj: pT= 1.783 eta= 2.719 phi=-1.9281  px= -0.624 py= -1.670 pz= 13.462
AAA FTT search thresholds: dPhi<0.1200 dR<30.00 dx<7.50 dy<7.50  nHits=2
findFttHitsNearProjectedState, msp = (-15.243750, -38.652736)
	 vs. hit@(-12.678972+/-4.330127, -38.658005+/-0.010000) => dx=2.564778, dy=0.005269, dR=0.865920, dPhi=0.058727 (tid=1), strip=horizontal
AAA FTT hit H pos=(-12.679+/-4.33, -38.658+/-0.01)  dx= 2.565 dy= 0.005 dR= 0.866 dPhi=0.0587 (tid=1)  dPhi:OK dR:OK XY:OK
	 vs. hit@(-15.296567+/-0.010000, -43.828793+/-4.330127) => dx=0.052817, dy=5.176057, dR=4.871377, dPhi=0.039859 (tid=1), strip=vertical
AAA FTT hit V pos=(-15.297+/-0.01, -43.829+/-4.33)  dx= 0.053 dy= 5.176 dR= 4.871 dPhi=0.0399 (tid=1)  dPhi:OK dR:OK XY:OK
StFwdTrackMaker:INFO  - Adding horizontal strip hit with dPhi = 0.0587266, dR = 0.86592, dx = 2.56478, dy = 0.00526881
StFwdTrackMaker:INFO  - Adding vertical strip hit with dPhi = 0.0398594, dR = 4.87138, dx = 0.0528169, dy = 5.17606
StFwdTrackMaker:INFO  - Closest horizontal FTT strip to FST state: dR=0.865920, dPhi=0.058727, dx=2.564778, dy=0.005269 (tid=1) 
AAA FTT closest-H dPhi=0.0587(<0.1200) dR= 0.866(< 30.0) dx= 2.565 dy= 0.005(< 7.50) tid=1 -> ACCEPT
StFwdTrackMaker:INFO  - Closest vertical FTT strip to FST state: dR=4.871377, dPhi=0.039859, dx=0.052817, dy=5.176057 (tid=1) 
AAA FTT closest-V dPhi=0.0399(<0.1200) dR= 4.871(< 30.0) dx= 0.053 dy= 5.176(< 7.50) tid=1 -> ACCEPT
AAA FTT result: 2 hits added (H:ACCEPT V:ACCEPT)
StFwdTrackMaker:INFO  -  Found #FTT strips on plane #0 = [2]
StFwdTrackMaker:INFO  - Found 11 existing seed points
StFwdTrackMaker:INFO  - Adding 2 new FTT seed points
StFwdTrackMaker:INFO  - Hit already in seed, skipping
StFwdTrackMaker:INFO  - Hit already in seed, skipping
StFwdTrackMaker:INFO  - Looking for FTT strips near projected state on disk 1
StFwdTrackMaker:INFO  - There are 2 available FTT strips on this disk
AAA FTT proj z= 312.25  x=-15.244 y=-38.653  r= 41.550 phi=-1.9464  sigU= 0.048 sigV= 0.000
AAA FTT momentum at proj: pT= 1.783 eta= 2.719 phi=-1.9281  px= -0.624 py= -1.670 pz= 13.462
AAA FTT search thresholds: dPhi<0.1200 dR<30.00 dx<7.50 dy<7.50  nHits=2
findFttHitsNearProjectedState, msp = (-15.243750, -38.652736)
	 vs. hit@(-18.541712+/-4.330127, -40.870346+/-0.010000) => dx=3.297962, dy=2.217610, dR=3.329579, dPhi=0.050253 (tid=1), strip=horizontal
AAA FTT hit H pos=(-18.542+/-4.33, -40.870+/-0.01)  dx= 3.298 dy= 2.218 dR= 3.330 dPhi=0.0503 (tid=1)  dPhi:OK dR:OK XY:OK
	 vs. hit@(-16.126215+/-0.010000, -34.178692+/-4.330127) => dx=0.882465, dy=4.474044, dR=3.758008, dPhi=0.065202 (tid=1), strip=vertical
AAA FTT hit V pos=(-16.126+/-0.01, -34.179+/-4.33)  dx= 0.882 dy= 4.474 dR= 3.758 dPhi=0.0652 (tid=1)  dPhi:OK dR:OK XY:OK
StFwdTrackMaker:INFO  - Adding horizontal strip hit with dPhi = 0.0502534, dR = 3.32958, dx = 3.29796, dy = 2.21761
StFwdTrackMaker:INFO  - Adding vertical strip hit with dPhi = 0.0652015, dR = 3.75801, dx = 0.882465, dy = 4.47404
StFwdTrackMaker:INFO  - Closest horizontal FTT strip to FST state: dR=3.329579, dPhi=0.050253, dx=3.297962, dy=2.217610 (tid=1) 
AAA FTT closest-H dPhi=0.0503(<0.1200) dR= 3.330(< 30.0) dx= 3.298 dy= 2.218(< 7.50) tid=1 -> ACCEPT
StFwdTrackMaker:INFO  - Closest vertical FTT strip to FST state: dR=3.758008, dPhi=0.065202, dx=0.882465, dy=4.474044 (tid=1) 
AAA FTT closest-V dPhi=0.0652(<0.1200) dR= 3.758(< 30.0) dx= 0.882 dy= 4.474(< 7.50) tid=1 -> ACCEPT
AAA FTT result: 2 hits added (H:ACCEPT V:ACCEPT)
StFwdTrackMaker:INFO  -  Found #FTT strips on plane #1 = [2]
StFwdTrackMaker:INFO  - Found 11 existing seed points
StFwdTrackMaker:INFO  - Adding 2 new FTT seed points
StFwdTrackMaker:INFO  - Hit already in seed, skipping
StFwdTrackMaker:INFO  - Hit already in seed, skipping
StFwdTrackMaker:INFO  - Looking for FTT strips near projected state on disk 2
StFwdTrackMaker:INFO  - There are 2 available FTT strips on this disk
AAA FTT proj z= 312.25  x=-15.244 y=-38.653  r= 41.550 phi=-1.9464  sigU= 0.048 sigV= 0.000
AAA FTT momentum at proj: pT= 1.783 eta= 2.719 phi=-1.9281  px= -0.624 py= -1.670 pz= 13.462
AAA FTT search thresholds: dPhi<0.1200 dR<30.00 dx<7.50 dy<7.50  nHits=2
findFttHitsNearProjectedState, msp = (-15.243750, -38.652736)
AAA FTT hit H pos=( -9.552+/-4.33, -42.849+/-0.01)  dx= 5.692 dy= 4.196 dR= 2.351 dPhi=0.1563 (tid=1)  dPhi:FAIL dR:OK XY:OK
	 vs. hit@(-16.914162+/-0.010000, -41.709503+/-4.330127) => dx=1.670412, dy=3.056767, dR=3.458531, dPhi=0.009609 (tid=1), strip=vertical
AAA FTT hit V pos=(-16.914+/-0.01, -41.710+/-4.33)  dx= 1.670 dy= 3.057 dR= 3.459 dPhi=0.0096 (tid=1)  dPhi:OK dR:OK XY:OK
StFwdTrackMaker:INFO  - Adding vertical strip hit with dPhi = 0.00960889, dR = 3.45853, dx = 1.67041, dy = 3.05677
StFwdTrackMaker:INFO  - Closest horizontal FTT strip to FST state: dR=2.350596, dPhi=0.156316, dx=5.691891, dy=4.196160 (tid=1) 
AAA FTT closest-H dPhi=0.1563(<0.1200) dR= 2.351(< 30.0) dx= 5.692 dy= 4.196(< 7.50) tid=1 -> REJECT
StFwdTrackMaker:INFO  - Closest vertical FTT strip to FST state: dR=3.458531, dPhi=0.009609, dx=1.670412, dy=3.056767 (tid=1) 
AAA FTT closest-V dPhi=0.0096(<0.1200) dR= 3.459(< 30.0) dx= 1.670 dy= 3.057(< 7.50) tid=1 -> ACCEPT
AAA FTT result: 1 hits added (H:REJECT V:ACCEPT)
StFwdTrackMaker:INFO  -  Found #FTT strips on plane #2 = [1]
StFwdTrackMaker:INFO  - Found 11 existing seed points
StFwdTrackMaker:INFO  - Adding 1 new FTT seed points
StFwdTrackMaker:INFO  - Hit already in seed, skipping
StFwdTrackMaker:INFO  - Looking for FTT strips near projected state on disk 3
StFwdTrackMaker:INFO  - There are 2 available FTT strips on this disk
AAA FTT proj z= 312.25  x=-15.244 y=-38.653  r= 41.550 phi=-1.9464  sigU= 0.048 sigV= 0.000
AAA FTT momentum at proj: pT= 1.783 eta= 2.719 phi=-1.9281  px= -0.624 py= -1.670 pz= 13.462
AAA FTT search thresholds: dPhi<0.1200 dR<30.00 dx<7.50 dy<7.50  nHits=2
findFttHitsNearProjectedState, msp = (-15.243750, -38.652736)
	 vs. hit@(-14.810689+/-4.330127, -45.101784+/-0.010000) => dx=0.433061, dy=6.449048, dR=5.921291, dPhi=0.058360 (tid=1), strip=horizontal
AAA FTT hit H pos=(-14.811+/-4.33, -45.102+/-0.01)  dx= 0.433 dy= 6.449 dR= 5.921 dPhi=0.0584 (tid=1)  dPhi:OK dR:OK XY:OK
	 vs. hit@(-17.702015+/-0.010000, -43.168373+/-4.330127) => dx=2.458265, dy=4.515637, dR=5.106896, dPhi=0.013507 (tid=1), strip=vertical
AAA FTT hit V pos=(-17.702+/-0.01, -43.168+/-4.33)  dx= 2.458 dy= 4.516 dR= 5.107 dPhi=0.0135 (tid=1)  dPhi:OK dR:OK XY:OK
StFwdTrackMaker:INFO  - Adding horizontal strip hit with dPhi = 0.0583603, dR = 5.92129, dx = 0.433061, dy = 6.44905
StFwdTrackMaker:INFO  - Adding vertical strip hit with dPhi = 0.0135068, dR = 5.1069, dx = 2.45826, dy = 4.51564
StFwdTrackMaker:INFO  - Closest horizontal FTT strip to FST state: dR=5.921291, dPhi=0.058360, dx=0.433061, dy=6.449048 (tid=1) 
AAA FTT closest-H dPhi=0.0584(<0.1200) dR= 5.921(< 30.0) dx= 0.433 dy= 6.449(< 7.50) tid=1 -> ACCEPT
StFwdTrackMaker:INFO  - Closest vertical FTT strip to FST state: dR=5.106896, dPhi=0.013507, dx=2.458265, dy=4.515637 (tid=1) 
AAA FTT closest-V dPhi=0.0135(<0.1200) dR= 5.107(< 30.0) dx= 2.458 dy= 4.516(< 7.50) tid=1 -> ACCEPT
AAA FTT result: 2 hits added (H:ACCEPT V:ACCEPT)
StFwdTrackMaker:INFO  -  Found #FTT strips on plane #3 = [2]
StFwdTrackMaker:INFO  - Found 11 existing seed points
StFwdTrackMaker:INFO  - Adding 2 new FTT seed points
StFwdTrackMaker:INFO  - Hit already in seed, skipping
StFwdTrackMaker:INFO  - Hit already in seed, skipping
StFwdTrackMaker:INFO  - Closest EPD hit to state: dR=1.642806, dPhi=0.019595
StFwdTrackMaker:INFO  - GenFitTrackResult::mIdTruth = 1, QaTruth = 0.909091
The points are collinear, curvature is undefined.
p1 = 0, 0
p2 = -8.10566, -19.9135
p3 = -8.10566, -19.9135
The points are collinear, curvature is undefined.
p1 = -8.10566, -19.9135
p2 = -8.10566, -19.9135
p3 = -9.23668, -22.6922
The points are collinear, curvature is undefined.
p1 = -8.10566, -19.9135
p2 = -8.10566, -19.9135
p3 = -12.679, -38.658
The points are collinear, curvature is undefined.
p1 = -8.10566, -19.9135
p2 = -8.10566, -19.9135
p3 = -15.2966, -43.8288
The points are collinear, curvature is undefined.
p1 = -8.10566, -19.9135
p2 = -8.10566, -19.9135
p3 = -18.5417, -40.8703
The points are collinear, curvature is undefined.
p1 = -8.10566, -19.9135
p2 = -8.10566, -19.9135
p3 = -16.1262, -34.1787
The points are collinear, curvature is undefined.
p1 = -8.10566, -19.9135
p2 = -8.10566, -19.9135
p3 = -16.9142, -41.7095
The points are collinear, curvature is undefined.
p1 = -8.10566, -19.9135
p2 = -8.10566, -19.9135
p3 = -14.8107, -45.1018
The points are collinear, curvature is undefined.
p1 = -8.10566, -19.9135
p2 = -8.10566, -19.9135
p3 = -17.702, -43.1684
StFwdTrackMaker:INFO  - GenericFitSeeder::makeSeed::Curvature: 0.00771453
StFwdTrackMaker:INFO  - GenericFitSeeder::makeSeed::pt = 0.194302
StFwdTrackMaker:INFO  - Note: Using externally provided seed momentum
StFwdTrackMaker:INFO  - Track Setup complete, track has 11 points
StFwdTrackMaker:INFO  -  sorting changed track points: 0
StFwdTrackMaker:INFO  - Fit status:  1
StFwdTrackMaker:INFO  - -Fit pvalue: 0.0723225
StFwdTrackMaker:INFO  - -Fit Chi2:   26.1188
StFwdTrackMaker:INFO  - -Fit Chi2:   26.1188
StFwdTrackMaker:INFO  - Track fit charge: -1Fit momentum: -0.675179, -1.65003, 13.4617
StFwdTrackMaker:INFO  - 	Fit Pt: 1.78282, eta: 2.71916, phi: -1.9592
StFwdTrackMaker:INFO  - Track fit update complete!
StFwdTrackMaker:INFO  - Track Reps: 1
StFwdTrackMaker:INFO  - Track Rep 0 
genfit::AbsTrackRep, pdgCode = 211. PropDir = 0
fitStatus 
 track has been fitted, fit has converged fully, 0 TrackPoints could not be processed, fitted charge = -1, PruneFlags: 
 track has been fitted with reference track, numIterations = 3, track length = 370.152, fChi2 = 26.1189, bChi2 = 26.1188, fNdf = 17, bNdf = 17, fPVal = 0.0723221, bPVal = 0.0723225

StFwdTrackMaker:INFO  - GenFitTrackResult::mIdTruth = 1, QaTruth = 0.909091
StFwdTrackMaker:INFO  - GTR Setting momentum from track
StFwdTrackMaker:INFO  - --isFitConvergedPartially() = 1
StFwdTrackMaker:INFO  - --isFitConverged() = 1
StFwdTrackMaker:INFO  - --isFitConvergedFully() = 1
StFwdTrackMaker:INFO  - >>doPrimaryTrackFitting( #globals = 1 )
StFwdTrackMaker:INFO  - Refitting Track 0, McId=1 with Primary Vertex, seed already has: 10 hits
StFwdTrackMaker:INFO  - mEventVertexHit: 0, 0, 0
StFwdTrackMaker:INFO  - This fit is for a global that converged? = 1
StFwdTrackMaker:INFO  - GenFitTrackResult::mIdTruth = 1, QaTruth = 0.909091
The points are collinear, curvature is undefined.
p1 = 0, 0
p2 = -8.10566, -19.9135
p3 = -8.10566, -19.9135
The points are collinear, curvature is undefined.
p1 = -8.10566, -19.9135
p2 = -8.10566, -19.9135
p3 = -9.23668, -22.6922
The points are collinear, curvature is undefined.
p1 = -8.10566, -19.9135
p2 = -8.10566, -19.9135
p3 = -12.679, -38.658
The points are collinear, curvature is undefined.
p1 = -8.10566, -19.9135
p2 = -8.10566, -19.9135
p3 = -15.2966, -43.8288
The points are collinear, curvature is undefined.
p1 = -8.10566, -19.9135
p2 = -8.10566, -19.9135
p3 = -18.5417, -40.8703
The points are collinear, curvature is undefined.
p1 = -8.10566, -19.9135
p2 = -8.10566, -19.9135
p3 = -16.1262, -34.1787
The points are collinear, curvature is undefined.
p1 = -8.10566, -19.9135
p2 = -8.10566, -19.9135
p3 = -16.9142, -41.7095
The points are collinear, curvature is undefined.
p1 = -8.10566, -19.9135
p2 = -8.10566, -19.9135
p3 = -14.8107, -45.1018
The points are collinear, curvature is undefined.
p1 = -8.10566, -19.9135
p2 = -8.10566, -19.9135
p3 = -17.702, -43.1684
StFwdTrackMaker:INFO  - GenericFitSeeder::makeSeed::Curvature: 0.00771453
StFwdTrackMaker:INFO  - GenericFitSeeder::makeSeed::pt = 0.194302
StFwdTrackMaker:INFO  - Note: Using externally provided seed momentum
StFwdTrackMaker:INFO  - Track Setup complete, track has 11 points
StFwdTrackMaker:INFO  -  sorting changed track points: 0
StFwdTrackMaker:INFO  - Fit status:  1
StFwdTrackMaker:INFO  - -Fit pvalue: 0.0214954
StFwdTrackMaker:INFO  - -Fit Chi2:   30.7368
StFwdTrackMaker:INFO  - -Fit Chi2:   30.7368
StFwdTrackMaker:INFO  - Track fit charge: -1Fit momentum: -0.487441, -1.15268, 9.41212
StFwdTrackMaker:INFO  - 	Fit Pt: 1.25151, eta: 2.71519, phi: -1.97087
StFwdTrackMaker:INFO  - Track fit update complete!
StFwdTrackMaker:INFO  - Track Reps: 1
StFwdTrackMaker:INFO  - Track Rep 0 
genfit::AbsTrackRep, pdgCode = 211. PropDir = 0
fitStatus 
 track has been fitted, fit has converged fully, 0 TrackPoints could not be processed, fitted charge = -1, PruneFlags: 
 track has been fitted with reference track, numIterations = 3, track length = 368.65, fChi2 = 30.7368, bChi2 = 30.7368, fNdf = 17, bNdf = 17, fPVal = 0.0214955, bPVal = 0.0214954

StFwdTrackMaker:INFO  - GenFitTrackResult::mIdTruth = 1, QaTruth = 0.909091
StFwdTrackMaker:INFO  - GTR Setting momentum from track
StFwdTrackMaker:INFO  - --isFitConvergedPartially() = 1
StFwdTrackMaker:INFO  - --isFitConverged() = 1
StFwdTrackMaker:INFO  - --isFitConvergedFully() = 1
StFwdTrackMaker:INFO  - 	Initial fit complete, now refitting with additional points
StFwdTrackMaker:INFO  - Looking for FTT strips near projected state on disk 0
StFwdTrackMaker:INFO  - There are 2 available FTT strips on this disk
AAA FTT proj z= 312.25  x=-15.240 y=-38.640  r= 41.537 phi=-1.9465  sigU= 0.013 sigV= 0.000
AAA FTT momentum at proj: pT= 1.251 eta= 2.715 phi=-1.9266  px= -0.436 py= -1.173 pz=  9.412
AAA FTT search thresholds: dPhi<0.1200 dR<30.00 dx<7.50 dy<7.50  nHits=2
findFttHitsNearProjectedState, msp = (-15.240465, -38.640114)
	 vs. hit@(-12.678972+/-4.330127, -38.658005+/-0.010000) => dx=2.561493, dy=0.017891, dR=0.852973, dPhi=0.058765 (tid=1), strip=horizontal
AAA FTT hit H pos=(-12.679+/-4.33, -38.658+/-0.01)  dx= 2.561 dy= 0.018 dR= 0.853 dPhi=0.0588 (tid=1)  dPhi:OK dR:OK XY:OK
	 vs. hit@(-15.296567+/-0.010000, -43.828793+/-4.330127) => dx=0.056102, dy=5.188679, dR=4.884324, dPhi=0.039897 (tid=1), strip=vertical
AAA FTT hit V pos=(-15.297+/-0.01, -43.829+/-4.33)  dx= 0.056 dy= 5.189 dR= 4.884 dPhi=0.0399 (tid=1)  dPhi:OK dR:OK XY:OK
StFwdTrackMaker:INFO  - Adding horizontal strip hit with dPhi = 0.0587645, dR = 0.852973, dx = 2.56149, dy = 0.0178907
StFwdTrackMaker:INFO  - Adding vertical strip hit with dPhi = 0.0398973, dR = 4.88432, dx = 0.0561022, dy = 5.18868
StFwdTrackMaker:INFO  - Closest horizontal FTT strip to FST state: dR=0.852973, dPhi=0.058765, dx=2.561493, dy=0.017891 (tid=1) 
AAA FTT closest-H dPhi=0.0588(<0.1200) dR= 0.853(< 30.0) dx= 2.561 dy= 0.018(< 7.50) tid=1 -> ACCEPT
StFwdTrackMaker:INFO  - Closest vertical FTT strip to FST state: dR=4.884324, dPhi=0.039897, dx=0.056102, dy=5.188679 (tid=1) 
AAA FTT closest-V dPhi=0.0399(<0.1200) dR= 4.884(< 30.0) dx= 0.056 dy= 5.189(< 7.50) tid=1 -> ACCEPT
AAA FTT result: 2 hits added (H:ACCEPT V:ACCEPT)
StFwdTrackMaker:INFO  -  Found #FTT strips on plane #0 = [2]
StFwdTrackMaker:INFO  - Found 11 existing seed points
StFwdTrackMaker:INFO  - Adding 2 new FTT seed points
StFwdTrackMaker:INFO  - Hit already in seed, skipping
StFwdTrackMaker:INFO  - Hit already in seed, skipping
StFwdTrackMaker:INFO  - Looking for FTT strips near projected state on disk 1
StFwdTrackMaker:INFO  - There are 2 available FTT strips on this disk
AAA FTT proj z= 312.25  x=-15.240 y=-38.640  r= 41.537 phi=-1.9465  sigU= 0.013 sigV= 0.000
AAA FTT momentum at proj: pT= 1.251 eta= 2.715 phi=-1.9266  px= -0.436 py= -1.173 pz=  9.412
AAA FTT search thresholds: dPhi<0.1200 dR<30.00 dx<7.50 dy<7.50  nHits=2
findFttHitsNearProjectedState, msp = (-15.240465, -38.640114)
	 vs. hit@(-18.541712+/-4.330127, -40.870346+/-0.010000) => dx=3.301247, dy=2.230232, dR=3.342526, dPhi=0.050215 (tid=1), strip=horizontal
AAA FTT hit H pos=(-18.542+/-4.33, -40.870+/-0.01)  dx= 3.301 dy= 2.230 dR= 3.343 dPhi=0.0502 (tid=1)  dPhi:OK dR:OK XY:OK
	 vs. hit@(-16.126215+/-0.010000, -34.178692+/-4.330127) => dx=0.885750, dy=4.461422, dR=3.745061, dPhi=0.065164 (tid=1), strip=vertical
AAA FTT hit V pos=(-16.126+/-0.01, -34.179+/-4.33)  dx= 0.886 dy= 4.461 dR= 3.745 dPhi=0.0652 (tid=1)  dPhi:OK dR:OK XY:OK
StFwdTrackMaker:INFO  - Adding horizontal strip hit with dPhi = 0.0502155, dR = 3.34253, dx = 3.30125, dy = 2.23023
StFwdTrackMaker:INFO  - Adding vertical strip hit with dPhi = 0.0651636, dR = 3.74506, dx = 0.88575, dy = 4.46142
StFwdTrackMaker:INFO  - Closest horizontal FTT strip to FST state: dR=3.342526, dPhi=0.050215, dx=3.301247, dy=2.230232 (tid=1) 
AAA FTT closest-H dPhi=0.0502(<0.1200) dR= 3.343(< 30.0) dx= 3.301 dy= 2.230(< 7.50) tid=1 -> ACCEPT
StFwdTrackMaker:INFO  - Closest vertical FTT strip to FST state: dR=3.745061, dPhi=0.065164, dx=0.885750, dy=4.461422 (tid=1) 
AAA FTT closest-V dPhi=0.0652(<0.1200) dR= 3.745(< 30.0) dx= 0.886 dy= 4.461(< 7.50) tid=1 -> ACCEPT
AAA FTT result: 2 hits added (H:ACCEPT V:ACCEPT)
StFwdTrackMaker:INFO  -  Found #FTT strips on plane #1 = [2]
StFwdTrackMaker:INFO  - Found 11 existing seed points
StFwdTrackMaker:INFO  - Adding 2 new FTT seed points
StFwdTrackMaker:INFO  - Hit already in seed, skipping
StFwdTrackMaker:INFO  - Hit already in seed, skipping
StFwdTrackMaker:INFO  - Looking for FTT strips near projected state on disk 2
StFwdTrackMaker:INFO  - There are 2 available FTT strips on this disk
AAA FTT proj z= 312.25  x=-15.240 y=-38.640  r= 41.537 phi=-1.9465  sigU= 0.013 sigV= 0.000
AAA FTT momentum at proj: pT= 1.251 eta= 2.715 phi=-1.9266  px= -0.436 py= -1.173 pz=  9.412
AAA FTT search thresholds: dPhi<0.1200 dR<30.00 dx<7.50 dy<7.50  nHits=2
findFttHitsNearProjectedState, msp = (-15.240465, -38.640114)
AAA FTT hit H pos=( -9.552+/-4.33, -42.849+/-0.01)  dx= 5.689 dy= 4.209 dR= 2.364 dPhi=0.1564 (tid=1)  dPhi:FAIL dR:OK XY:OK
	 vs. hit@(-16.914162+/-0.010000, -41.709503+/-4.330127) => dx=1.673697, dy=3.069389, dR=3.471478, dPhi=0.009571 (tid=1), strip=vertical
AAA FTT hit V pos=(-16.914+/-0.01, -41.710+/-4.33)  dx= 1.674 dy= 3.069 dR= 3.471 dPhi=0.0096 (tid=1)  dPhi:OK dR:OK XY:OK
StFwdTrackMaker:INFO  - Adding vertical strip hit with dPhi = 0.00957098, dR = 3.47148, dx = 1.6737, dy = 3.06939
StFwdTrackMaker:INFO  - Closest horizontal FTT strip to FST state: dR=2.363543, dPhi=0.156354, dx=5.688606, dy=4.208782 (tid=1) 
AAA FTT closest-H dPhi=0.1564(<0.1200) dR= 2.364(< 30.0) dx= 5.689 dy= 4.209(< 7.50) tid=1 -> REJECT
StFwdTrackMaker:INFO  - Closest vertical FTT strip to FST state: dR=3.471478, dPhi=0.009571, dx=1.673697, dy=3.069389 (tid=1) 
AAA FTT closest-V dPhi=0.0096(<0.1200) dR= 3.471(< 30.0) dx= 1.674 dy= 3.069(< 7.50) tid=1 -> ACCEPT
AAA FTT result: 1 hits added (H:REJECT V:ACCEPT)
StFwdTrackMaker:INFO  -  Found #FTT strips on plane #2 = [1]
StFwdTrackMaker:INFO  - Found 11 existing seed points
StFwdTrackMaker:INFO  - Adding 1 new FTT seed points
StFwdTrackMaker:INFO  - Hit already in seed, skipping
StFwdTrackMaker:INFO  - Looking for FTT strips near projected state on disk 3
StFwdTrackMaker:INFO  - There are 2 available FTT strips on this disk
AAA FTT proj z= 312.25  x=-15.240 y=-38.640  r= 41.537 phi=-1.9465  sigU= 0.013 sigV= 0.000
AAA FTT momentum at proj: pT= 1.251 eta= 2.715 phi=-1.9266  px= -0.436 py= -1.173 pz=  9.412
AAA FTT search thresholds: dPhi<0.1200 dR<30.00 dx<7.50 dy<7.50  nHits=2
findFttHitsNearProjectedState, msp = (-15.240465, -38.640114)
	 vs. hit@(-14.810689+/-4.330127, -45.101784+/-0.010000) => dx=0.429776, dy=6.461670, dR=5.934238, dPhi=0.058398 (tid=1), strip=horizontal
AAA FTT hit H pos=(-14.811+/-4.33, -45.102+/-0.01)  dx= 0.430 dy= 6.462 dR= 5.934 dPhi=0.0584 (tid=1)  dPhi:OK dR:OK XY:OK
	 vs. hit@(-17.702015+/-0.010000, -43.168373+/-4.330127) => dx=2.461550, dy=4.528259, dR=5.119843, dPhi=0.013469 (tid=1), strip=vertical
AAA FTT hit V pos=(-17.702+/-0.01, -43.168+/-4.33)  dx= 2.462 dy= 4.528 dR= 5.120 dPhi=0.0135 (tid=1)  dPhi:OK dR:OK XY:OK
StFwdTrackMaker:INFO  - Adding horizontal strip hit with dPhi = 0.0583982, dR = 5.93424, dx = 0.429776, dy = 6.46167
StFwdTrackMaker:INFO  - Adding vertical strip hit with dPhi = 0.0134689, dR = 5.11984, dx = 2.46155, dy = 4.52826
StFwdTrackMaker:INFO  - Closest horizontal FTT strip to FST state: dR=5.934238, dPhi=0.058398, dx=0.429776, dy=6.461670 (tid=1) 
AAA FTT closest-H dPhi=0.0584(<0.1200) dR= 5.934(< 30.0) dx= 0.430 dy= 6.462(< 7.50) tid=1 -> ACCEPT
StFwdTrackMaker:INFO  - Closest vertical FTT strip to FST state: dR=5.119843, dPhi=0.013469, dx=2.461550, dy=4.528259 (tid=1) 
AAA FTT closest-V dPhi=0.0135(<0.1200) dR= 5.120(< 30.0) dx= 2.462 dy= 4.528(< 7.50) tid=1 -> ACCEPT
AAA FTT result: 2 hits added (H:ACCEPT V:ACCEPT)
StFwdTrackMaker:INFO  -  Found #FTT strips on plane #3 = [2]
StFwdTrackMaker:INFO  - Found 11 existing seed points
StFwdTrackMaker:INFO  - Adding 2 new FTT seed points
StFwdTrackMaker:INFO  - Hit already in seed, skipping
StFwdTrackMaker:INFO  - Hit already in seed, skipping
StFwdTrackMaker:INFO  - Closest EPD hit to state: dR=1.662547, dPhi=0.019616
StFwdTrackMaker:INFO  - GenFitTrackResult::mIdTruth = 1, QaTruth = 0.909091
The points are collinear, curvature is undefined.
p1 = 0, 0
p2 = -8.10566, -19.9135
p3 = -8.10566, -19.9135
The points are collinear, curvature is undefined.
p1 = -8.10566, -19.9135
p2 = -8.10566, -19.9135
p3 = -9.23668, -22.6922
The points are collinear, curvature is undefined.
p1 = -8.10566, -19.9135
p2 = -8.10566, -19.9135
p3 = -12.679, -38.658
The points are collinear, curvature is undefined.
p1 = -8.10566, -19.9135
p2 = -8.10566, -19.9135
p3 = -15.2966, -43.8288
The points are collinear, curvature is undefined.
p1 = -8.10566, -19.9135
p2 = -8.10566, -19.9135
p3 = -18.5417, -40.8703
The points are collinear, curvature is undefined.
p1 = -8.10566, -19.9135
p2 = -8.10566, -19.9135
p3 = -16.1262, -34.1787
The points are collinear, curvature is undefined.
p1 = -8.10566, -19.9135
p2 = -8.10566, -19.9135
p3 = -16.9142, -41.7095
The points are collinear, curvature is undefined.
p1 = -8.10566, -19.9135
p2 = -8.10566, -19.9135
p3 = -14.8107, -45.1018
The points are collinear, curvature is undefined.
p1 = -8.10566, -19.9135
p2 = -8.10566, -19.9135
p3 = -17.702, -43.1684
StFwdTrackMaker:INFO  - GenericFitSeeder::makeSeed::Curvature: 0.00771453
StFwdTrackMaker:INFO  - GenericFitSeeder::makeSeed::pt = 0.194302
StFwdTrackMaker:INFO  - Note: Using externally provided seed momentum
StFwdTrackMaker:INFO  - Track Setup complete, track has 11 points
StFwdTrackMaker:INFO  -  sorting changed track points: 0
StFwdTrackMaker:INFO  - Fit status:  1
StFwdTrackMaker:INFO  - -Fit pvalue: 0.0214953
StFwdTrackMaker:INFO  - -Fit Chi2:   30.7368
StFwdTrackMaker:INFO  - -Fit Chi2:   30.7368
StFwdTrackMaker:INFO  - Track fit charge: -1Fit momentum: -0.48744, -1.15268, 9.41212
StFwdTrackMaker:INFO  - 	Fit Pt: 1.25151, eta: 2.71519, phi: -1.97087
StFwdTrackMaker:INFO  - Track fit update complete!
StFwdTrackMaker:INFO  - Track Reps: 1
StFwdTrackMaker:INFO  - Track Rep 0 
genfit::AbsTrackRep, pdgCode = 211. PropDir = 0
fitStatus 
 track has been fitted, fit has converged fully, 0 TrackPoints could not be processed, fitted charge = -1, PruneFlags: 
 track has been fitted with reference track, numIterations = 3, track length = 368.65, fChi2 = 30.7368, bChi2 = 30.7368, fNdf = 17, bNdf = 17, fPVal = 0.0214954, bPVal = 0.0214953

StFwdTrackMaker:INFO  - GenFitTrackResult::mIdTruth = 1, QaTruth = 0.909091
StFwdTrackMaker:INFO  - GTR Setting momentum from track
StFwdTrackMaker:INFO  - --isFitConvergedPartially() = 1
StFwdTrackMaker:INFO  - --isFitConverged() = 1
StFwdTrackMaker:INFO  - --isFitConvergedFully() = 1
StFwdTrackMaker:INFO  - >>doSecondaryTrackFitting( #globals = 1 )
StFwdTrackMaker:INFO  - FwdVertex: 13, -0.725765, 0.06215, -0.0274984
StFwdTrackMaker:INFO  - 	nTracks: 1
StFwdTrackMaker:INFO  - 	Chi2: -1
StFwdTrackMaker:INFO  - 	Ndf: -1
StFwdTrackMaker:ERROR - TDecompChol::Decompose() : matrix not positive definite
StFwdTrackMaker:WARN  - FwdVertex: 13, covariance matrix is not valid
StFwdTrackMaker:INFO  - <<Fwd Tracking Fit :3 GenFit Tracks
StFwdTrackMaker:INFO  - TAttr::Found : fillevent = 1

StFwdTrackMaker:INFO  - Creating the StFwdTrackCollection
StFwdTrackMaker:INFO  - Processing GenfitTrackResult(type=0): 0 mIsFitConverged=1, mIsFitConvergedPartially=1, mNumFitPoints=10
AAA FCS StraightLine: det=0 xyzdet=(-17.399,-5.26,710.16) norm=(-0.0301896,0,0.999544)
AAA projectAsStraightLine: tv3A=(-27.451,-71.114,574.171) tv3B=(-29.7769,-77.3027,624.101)
AAA   xyzf=(-17.399,-5.26,710.16) norm=(-0.0301896,0,0.999544)
AAA   tintersection=2.71371 result=(-33.7629,-87.9083,709.666)
AAA FCS StraightLine result: tv3=(-33.7629,-87.9083,709.666)
AAA FCS StraightLine: det=2 xyzdet=(-21.285,1.8,782.63) norm=(-0.0301896,0,0.999544)
AAA projectAsStraightLine: tv3A=(-27.451,-71.114,574.171) tv3B=(-29.7769,-77.3027,624.101)
AAA   xyzf=(-21.285,1.8,782.63) norm=(-0.0301896,0,0.999544)
AAA   tintersection=4.16546 result=(-37.1396,-96.8927,782.151)
AAA FCS StraightLine result: tv3=(-37.1396,-96.8927,782.151)
StFwdTrackMaker:INFO  - Processing GenfitTrackResult(type=2): 1 mIsFitConverged=1, mIsFitConvergedPartially=1, mNumFitPoints=11
AAA FCS StraightLine: det=0 xyzdet=(-17.399,-5.26,710.16) norm=(-0.0301896,0,0.999544)
AAA projectAsStraightLine: tv3A=(-27.7134,-71.1436,574.163) tv3B=(-30.107,-77.3335,624.091)
AAA   xyzf=(-17.399,-5.26,710.16) norm=(-0.0301896,0,0.999544)
AAA   tintersection=2.71371 result=(-34.2088,-87.9412,709.652)
AAA FCS StraightLine result: tv3=(-34.2088,-87.9412,709.652)
AAA FCS StraightLine: det=2 xyzdet=(-21.285,1.8,782.63) norm=(-0.0301896,0,0.999544)
AAA projectAsStraightLine: tv3A=(-27.7134,-71.1436,574.163) tv3B=(-30.107,-77.3335,624.091)
AAA   xyzf=(-21.285,1.8,782.63) norm=(-0.0301896,0,0.999544)
AAA   tintersection=4.16546 result=(-37.6836,-96.9274,782.135)
AAA FCS StraightLine result: tv3=(-37.6836,-96.9274,782.135)
StFwdTrackMaker:INFO  - Processing GenfitTrackResult(type=1): 2 mIsFitConverged=1, mIsFitConvergedPartially=1, mNumFitPoints=11
AAA FCS StraightLine: det=0 xyzdet=(-17.399,-5.26,710.16) norm=(-0.0301896,0,0.999544)
AAA projectAsStraightLine: tv3A=(-27.6157,-71.05,574.166) tv3B=(-29.9851,-77.2215,624.094)
AAA   xyzf=(-17.399,-5.26,710.16) norm=(-0.0301896,0,0.999544)
AAA   tintersection=2.71371 result=(-34.0457,-87.7978,709.657)
AAA FCS StraightLine result: tv3=(-34.0457,-87.7978,709.657)
AAA FCS StraightLine: det=2 xyzdet=(-21.285,1.8,782.63) norm=(-0.0301896,0,0.999544)
AAA projectAsStraightLine: tv3A=(-27.6157,-71.05,574.166) tv3B=(-29.9851,-77.2215,624.094)
AAA   xyzf=(-21.285,1.8,782.63) norm=(-0.0301896,0,0.999544)
AAA   tintersection=4.16546 result=(-37.4855,-96.7573,782.141)
AAA FCS StraightLine result: tv3=(-37.4855,-96.7573,782.141)
StFwdTrackMaker:INFO  - StFwdTrackCollection has 3 tracks now
StFwdTrackMaker:INFO  - StFwdTrackCollection has 3 tracks now
StFwdTrackMaker:INFO  - *** StFwdTrackMaker::Make() == StOK(0) ***
StFcsTrackMatchMaker:INFO  - *** StFcsTrackMatchMaker::Make() == StOK(0) ***
StStrangeMuDstMaker:INFO  - StV0Controller: found 0 V0 candidates
StStrangeMuDstMaker:INFO  - StXiController: found 0 Xi candidates
StStrangeMuDstMaker:INFO  - StKinkController: found 0 Kink candidates
StStrangeMuDstMaker:INFO  - *** StStrangeMuDstMaker::Make() == StOK(0) ***
StMuDstMaker:INFO  - fillMuFtt
StMuDstMaker:INFO  - fillMuFttRawHits
StMuDstMaker:INFO  - fillMuFttPoints
StMuDstMaker:INFO  - fillMuFttClusters
StMuDstMaker:INFO  - StMuDstMaker::fillFwdTrack(StEvent* ev)
StMuDstMaker:INFO  - StMuDSTMaker filling StMuFwdTrackCollection from StEvent
StMuDstMaker:INFO  - Adding 3 StMuFwdTracks to MuDSt
StMuDstMaker:INFO  - *** StMuDstMaker::Make() == StOK(0) ***
StTreeMaker:INFO  - *** StTreeMaker::Make() == StOK(0) ***
StPicoDstMaker:WARN  - No trigger data bank available!
StPicoDstMaker:INFO  - StPicoDstMaker::fillFcsHits filled 18
StPicoDstMaker:INFO  - StPicoDstMaker::fillFcsClusters filled 1
StPicoDstMaker:INFO  - *** StPicoDstMaker::Make() == StOK(0) ***
MEM after Chain::Clear + Make	 total =794.273438 heap =208.619797 and   0.647522( -0.086380)
<---------- END EVENT
--------->START EVENT: 8
MEM before Chain::Clear + Make	 total =794.273438 heap =208.619995 and   0.647476( +0.000198)
St_geant_Maker:INFO  - *** St_geant_Maker::Make() == StOK(0) ***
St_db_Maker:INFO  - *** St_db_Maker::Make() == StOK(0) ***
StMagFMaker:INFO  - *** StMagFMaker::Make() == StOK(0) ***
StDetectorDbMaker:INFO  - *** StDetectorDbMaker::Make() == StOK(0) ***
StTpcDbMaker:INFO  - *** StTpcDbMaker::Make() == StOK(0) ***
StFcsDbMaker:INFO  - *** StFcsDbMaker::Make() == StOK(0) ***
StEventMaker:INFO  - get trigDetSums from Calibrations/rich/trigDetSums
StEventMaker:WARN  - StEventMaker: No StDAQReader found
StEventMaker:INFO  - *** StEventMaker::Make() == StOK(0) ***
StMcEventMaker:INFO  - StMcEventMaker:   g2t_tpc_hit Table Not found 
StMcEventMaker:INFO  - StMcEventMaker:   particle    Table Not found 
StMcEventMaker:INFO  - *** StMcEventMaker::Make() == StOK(0) ***
StFcsFastSimulatorMaker:DEBUG - StFcsFastSimulatorMaker::Make
StFcsFastSimulatorMaker:DEBUG - Creating StFcsCollection
StFcsFastSimulatorMaker:INFO  - TAttr::Found : fcsleakyhcal = 0

StFcsFastSimulatorMaker:INFO  - TAttr::Found : fcshcalzdepeff = 0

StFcsFastSimulatorMaker:INFO  - g2t_wca_hit table has 309 hit
StFcsFastSimulatorMaker:INFO  - ECAL det=0 id=  1 volid=1002 e=0.000158
StFcsFastSimulatorMaker:INFO  - ECAL det=0 id= 12 volid=1013 e=0.003644
StFcsFastSimulatorMaker:INFO  - ECAL det=0 id= 30 volid=1031 e=0.001274
StFcsFastSimulatorMaker:INFO  - ECAL det=0 id= 33 volid=1034 e=0.001484
StFcsFastSimulatorMaker:INFO  - ECAL det=0 id= 48 volid=1049 e=0.004028
StFcsFastSimulatorMaker:INFO  - ECAL det=0 id= 94 volid=1095 e=0.000868
StFcsFastSimulatorMaker:INFO  - ECAL det=0 id=130 volid=1131 e=0.001540
StFcsFastSimulatorMaker:INFO  - ECAL det=0 id=134 volid=1135 e=0.002522
StFcsFastSimulatorMaker:INFO  - ECAL det=0 id=143 volid=1144 e=0.001089
StFcsFastSimulatorMaker:INFO  - ECAL det=0 id=159 volid=1160 e=0.005885
StFcsFastSimulatorMaker:INFO  - ECAL det=0 id=166 volid=1167 e=0.000415
StFcsFastSimulatorMaker:INFO  - ECAL det=0 id=168 volid=1169 e=0.000817
StFcsFastSimulatorMaker:INFO  - ECAL det=0 id=182 volid=1183 e=0.000681
StFcsFastSimulatorMaker:INFO  - ECAL det=0 id=197 volid=1198 e=0.001457
StFcsFastSimulatorMaker:INFO  - ECAL det=0 id=203 volid=1204 e=0.000119
StFcsFastSimulatorMaker:INFO  - ECAL det=0 id=205 volid=1206 e=0.000178
StFcsFastSimulatorMaker:INFO  - ECAL det=0 id=222 volid=1223 e=0.001157
StFcsFastSimulatorMaker:INFO  - ECAL det=0 id=226 volid=1227 e=0.000174
StFcsFastSimulatorMaker:INFO  - ECAL det=0 id=239 volid=1240 e=0.000931
StFcsFastSimulatorMaker:INFO  - ECAL det=0 id=248 volid=1249 e=0.002600
StFcsFastSimulatorMaker:INFO  - ECAL det=0 id=255 volid=1256 e=0.001042
StFcsFastSimulatorMaker:INFO  - ECAL det=0 id=261 volid=1262 e=0.002043
StFcsFastSimulatorMaker:INFO  - ECAL det=0 id=263 volid=1264 e=0.008215
StFcsFastSimulatorMaker:INFO  - ECAL det=0 id=274 volid=1275 e=0.001085
StFcsFastSimulatorMaker:INFO  - ECAL det=0 id=286 volid=1287 e=0.000816
StFcsFastSimulatorMaker:INFO  - ECAL det=0 id=294 volid=1295 e=0.008539
StFcsFastSimulatorMaker:INFO  - ECAL det=0 id=315 volid=1316 e=0.000877
StFcsFastSimulatorMaker:INFO  - ECAL det=0 id=316 volid=1317 e=0.000309
StFcsFastSimulatorMaker:INFO  - ECAL det=0 id=317 volid=1318 e=0.002244
StFcsFastSimulatorMaker:INFO  - ECAL det=0 id=325 volid=1326 e=0.001456
StFcsFastSimulatorMaker:INFO  - ECAL det=0 id=329 volid=1330 e=0.000678
StFcsFastSimulatorMaker:INFO  - ECAL det=0 id=331 volid=1332 e=0.000741
StFcsFastSimulatorMaker:INFO  - ECAL det=0 id=334 volid=1335 e=0.000312
StFcsFastSimulatorMaker:INFO  - ECAL det=0 id=352 volid=1353 e=0.004378
StFcsFastSimulatorMaker:INFO  - ECAL det=0 id=353 volid=1354 e=0.013431
StFcsFastSimulatorMaker:INFO  - ECAL det=0 id=354 volid=1355 e=0.000407
StFcsFastSimulatorMaker:INFO  - ECAL det=0 id=355 volid=1356 e=0.000955
StFcsFastSimulatorMaker:INFO  - ECAL det=0 id=357 volid=1358 e=0.000445
StFcsFastSimulatorMaker:INFO  - ECAL det=0 id=364 volid=1365 e=0.000818
StFcsFastSimulatorMaker:INFO  - ECAL det=0 id=371 volid=1372 e=0.008122
StFcsFastSimulatorMaker:INFO  - ECAL det=0 id=377 volid=1378 e=0.009424
StFcsFastSimulatorMaker:INFO  - ECAL det=0 id=384 volid=1385 e=0.008314
StFcsFastSimulatorMaker:INFO  - ECAL det=0 id=385 volid=1386 e=0.001579
StFcsFastSimulatorMaker:INFO  - ECAL det=0 id=396 volid=1397 e=0.020192
StFcsFastSimulatorMaker:INFO  - ECAL det=0 id=397 volid=1398 e=0.007452
StFcsFastSimulatorMaker:INFO  - ECAL det=0 id=399 volid=1400 e=0.001493
StFcsFastSimulatorMaker:INFO  - ECAL det=0 id=402 volid=1403 e=0.000274
StFcsFastSimulatorMaker:INFO  - ECAL det=0 id=403 volid=1404 e=0.008348
StFcsFastSimulatorMaker:INFO  - ECAL det=0 id=418 volid=1419 e=0.002247
StFcsFastSimulatorMaker:INFO  - ECAL det=0 id=419 volid=1420 e=0.002906
StFcsFastSimulatorMaker:INFO  - ECAL det=0 id=420 volid=1421 e=0.007067
StFcsFastSimulatorMaker:INFO  - ECAL det=0 id=421 volid=1422 e=0.009193
StFcsFastSimulatorMaker:INFO  - ECAL det=0 id=426 volid=1427 e=0.003301
StFcsFastSimulatorMaker:INFO  - ECAL det=0 id=427 volid=1428 e=0.000257
StFcsFastSimulatorMaker:INFO  - ECAL det=0 id=440 volid=1441 e=0.007603
StFcsFastSimulatorMaker:INFO  - ECAL det=0 id=443 volid=1444 e=0.006931
StFcsFastSimulatorMaker:INFO  - ECAL det=0 id=444 volid=1445 e=0.002875
StFcsFastSimulatorMaker:INFO  - ECAL det=0 id=446 volid=1447 e=0.000468
StFcsFastSimulatorMaker:INFO  - ECAL det=0 id=447 volid=1448 e=0.000137
StFcsFastSimulatorMaker:INFO  - ECAL det=0 id=448 volid=1449 e=0.003598
StFcsFastSimulatorMaker:INFO  - ECAL det=0 id=458 volid=1459 e=0.000341
StFcsFastSimulatorMaker:INFO  - ECAL det=0 id=462 volid=1463 e=0.022748
StFcsFastSimulatorMaker:INFO  - ECAL det=0 id=465 volid=1466 e=0.009632
StFcsFastSimulatorMaker:INFO  - ECAL det=0 id=466 volid=1467 e=0.003850
StFcsFastSimulatorMaker:INFO  - ECAL det=0 id=467 volid=1468 e=0.001283
StFcsFastSimulatorMaker:INFO  - ECAL det=0 id=468 volid=1469 e=0.000759
StFcsFastSimulatorMaker:INFO  - ECAL det=0 id=470 volid=1471 e=0.000185
StFcsFastSimulatorMaker:INFO  - ECAL det=0 id=480 volid=1481 e=0.000720
StFcsFastSimulatorMaker:INFO  - ECAL det=0 id=481 volid=1482 e=0.001668
StFcsFastSimulatorMaker:INFO  - ECAL det=0 id=484 volid=1485 e=0.018285
StFcsFastSimulatorMaker:INFO  - ECAL det=0 id=485 volid=1486 e=0.002776
StFcsFastSimulatorMaker:INFO  - ECAL det=0 id=486 volid=1487 e=0.001619
StFcsFastSimulatorMaker:INFO  - ECAL det=0 id=490 volid=1491 e=0.002135
StFcsFastSimulatorMaker:INFO  - ECAL det=0 id=491 volid=1492 e=0.003284
StFcsFastSimulatorMaker:INFO  - ECAL det=0 id=492 volid=1493 e=0.010552
StFcsFastSimulatorMaker:INFO  - ECAL det=0 id=493 volid=1494 e=0.000531
StFcsFastSimulatorMaker:INFO  - ECAL det=0 id=494 volid=1495 e=0.016564
StFcsFastSimulatorMaker:INFO  - ECAL det=0 id=506 volid=1507 e=0.005469
StFcsFastSimulatorMaker:INFO  - ECAL det=0 id=508 volid=1509 e=0.007478
StFcsFastSimulatorMaker:INFO  - ECAL det=0 id=509 volid=1510 e=0.006225
StFcsFastSimulatorMaker:INFO  - ECAL det=0 id=511 volid=1512 e=0.004970
StFcsFastSimulatorMaker:INFO  - ECAL det=0 id=512 volid=1513 e=0.001579
StFcsFastSimulatorMaker:INFO  - ECAL det=0 id=513 volid=1514 e=0.004092
StFcsFastSimulatorMaker:INFO  - ECAL det=0 id=514 volid=1515 e=0.007962
StFcsFastSimulatorMaker:INFO  - ECAL det=0 id=516 volid=1517 e=0.000137
StFcsFastSimulatorMaker:INFO  - ECAL det=0 id=527 volid=1528 e=0.002947
StFcsFastSimulatorMaker:INFO  - ECAL det=0 id=528 volid=1529 e=0.015922
StFcsFastSimulatorMaker:INFO  - ECAL det=0 id=529 volid=1530 e=0.004374
StFcsFastSimulatorMaker:INFO  - ECAL det=0 id=530 volid=1531 e=0.023474
StFcsFastSimulatorMaker:INFO  - ECAL det=0 id=532 volid=1533 e=0.001757
StFcsFastSimulatorMaker:INFO  - ECAL det=0 id=533 volid=1534 e=0.009278
StFcsFastSimulatorMaker:INFO  - ECAL det=0 id=534 volid=1535 e=0.006701
StFcsFastSimulatorMaker:INFO  - ECAL det=0 id=536 volid=1537 e=0.002911
StFcsFastSimulatorMaker:INFO  - ECAL det=0 id=550 volid=1551 e=0.001348
StFcsFastSimulatorMaker:INFO  - ECAL det=0 id=552 volid=1553 e=0.012867
StFcsFastSimulatorMaker:INFO  - ECAL det=0 id=554 volid=1555 e=0.000417
StFcsFastSimulatorMaker:INFO  - ECAL det=0 id=555 volid=1556 e=0.012754
StFcsFastSimulatorMaker:INFO  - ECAL det=0 id=556 volid=1557 e=0.001058
StFcsFastSimulatorMaker:INFO  - ECAL det=0 id=557 volid=1558 e=0.000290
StFcsFastSimulatorMaker:INFO  - ECAL det=0 id=560 volid=1561 e=0.001229
StFcsFastSimulatorMaker:INFO  - ECAL det=0 id=562 volid=1563 e=0.000961
StFcsFastSimulatorMaker:INFO  - ECAL det=0 id=564 volid=1565 e=0.001597
StFcsFastSimulatorMaker:INFO  - ECAL det=0 id=572 volid=1573 e=0.001198
StFcsFastSimulatorMaker:INFO  - ECAL det=0 id=575 volid=1576 e=0.006320
StFcsFastSimulatorMaker:INFO  - ECAL det=0 id=576 volid=1577 e=0.000004
StFcsFastSimulatorMaker:INFO  - ECAL det=0 id=577 volid=1578 e=0.006514
StFcsFastSimulatorMaker:INFO  - ECAL det=0 id=583 volid=1584 e=0.000557
StFcsFastSimulatorMaker:INFO  - ECAL det=0 id=594 volid=1595 e=0.006660
StFcsFastSimulatorMaker:INFO  - ECAL det=0 id=595 volid=1596 e=0.002125
StFcsFastSimulatorMaker:INFO  - ECAL det=0 id=597 volid=1598 e=0.001287
StFcsFastSimulatorMaker:INFO  - ECAL det=0 id=599 volid=1600 e=0.004891
StFcsFastSimulatorMaker:INFO  - ECAL det=0 id=601 volid=1602 e=0.007871
StFcsFastSimulatorMaker:INFO  - ECAL det=0 id=602 volid=1603 e=0.004333
StFcsFastSimulatorMaker:INFO  - ECAL det=0 id=603 volid=1604 e=0.002240
StFcsFastSimulatorMaker:INFO  - ECAL det=0 id=613 volid=1614 e=0.000811
StFcsFastSimulatorMaker:INFO  - ECAL det=0 id=616 volid=1617 e=0.005406
StFcsFastSimulatorMaker:INFO  - ECAL det=0 id=618 volid=1619 e=0.003972
StFcsFastSimulatorMaker:INFO  - ECAL det=0 id=619 volid=1620 e=0.007375
StFcsFastSimulatorMaker:INFO  - ECAL det=0 id=624 volid=1625 e=0.000014
StFcsFastSimulatorMaker:INFO  - ECAL det=0 id=628 volid=1629 e=0.000819
StFcsFastSimulatorMaker:INFO  - ECAL det=0 id=639 volid=1640 e=0.001563
StFcsFastSimulatorMaker:INFO  - ECAL det=0 id=640 volid=1641 e=0.006350
StFcsFastSimulatorMaker:INFO  - ECAL det=0 id=643 volid=1644 e=0.004563
StFcsFastSimulatorMaker:INFO  - ECAL det=0 id=649 volid=1650 e=0.000148
StFcsFastSimulatorMaker:INFO  - ECAL det=0 id=661 volid=1662 e=0.001698
StFcsFastSimulatorMaker:INFO  - ECAL det=0 id=662 volid=1663 e=0.001960
StFcsFastSimulatorMaker:INFO  - ECAL det=0 id=664 volid=1665 e=0.006386
StFcsFastSimulatorMaker:INFO  - ECAL det=0 id=665 volid=1666 e=0.005875
StFcsFastSimulatorMaker:INFO  - ECAL det=0 id=671 volid=1672 e=0.000095
StFcsFastSimulatorMaker:INFO  - ECAL det=0 id=683 volid=1684 e=0.005055
StFcsFastSimulatorMaker:INFO  - ECAL det=0 id=704 volid=1705 e=0.000810
StFcsFastSimulatorMaker:INFO  - ECAL det=0 id=709 volid=1710 e=0.000700
StFcsFastSimulatorMaker:INFO  - ECAL det=0 id=711 volid=1712 e=0.000799
StFcsFastSimulatorMaker:INFO  - ECAL det=0 id=713 volid=1714 e=0.002704
StFcsFastSimulatorMaker:INFO  - ECAL det=0 id=714 volid=1715 e=0.000494
StFcsFastSimulatorMaker:INFO  - ECAL det=0 id=715 volid=1716 e=0.000860
StFcsFastSimulatorMaker:INFO  - ECAL det=0 id=716 volid=1717 e=0.001460
StFcsFastSimulatorMaker:INFO  - ECAL det=0 id=718 volid=1719 e=0.001493
StFcsFastSimulatorMaker:INFO  - ECAL det=0 id=726 volid=1727 e=0.000272
StFcsFastSimulatorMaker:INFO  - ECAL det=0 id=729 volid=1730 e=0.000767
StFcsFastSimulatorMaker:INFO  - ECAL det=0 id=731 volid=1732 e=0.001178
StFcsFastSimulatorMaker:INFO  - ECAL det=0 id=739 volid=1740 e=0.004886
StFcsFastSimulatorMaker:INFO  - ECAL det=1 id=  4 volid=2005 e=0.008038
StFcsFastSimulatorMaker:INFO  - ECAL det=1 id= 10 volid=2011 e=0.005708
StFcsFastSimulatorMaker:INFO  - ECAL det=1 id= 28 volid=2029 e=0.000914
StFcsFastSimulatorMaker:INFO  - ECAL det=1 id= 31 volid=2032 e=0.004445
StFcsFastSimulatorMaker:INFO  - ECAL det=1 id= 32 volid=2033 e=0.001279
StFcsFastSimulatorMaker:INFO  - ECAL det=1 id= 33 volid=2034 e=0.000925
StFcsFastSimulatorMaker:INFO  - ECAL det=1 id= 63 volid=2064 e=0.000189
StFcsFastSimulatorMaker:INFO  - ECAL det=1 id= 69 volid=2070 e=0.000625
StFcsFastSimulatorMaker:INFO  - ECAL det=1 id= 89 volid=2090 e=0.004668
StFcsFastSimulatorMaker:INFO  - ECAL det=1 id= 94 volid=2095 e=0.000012
StFcsFastSimulatorMaker:INFO  - ECAL det=1 id=111 volid=2112 e=0.001577
StFcsFastSimulatorMaker:INFO  - ECAL det=1 id=112 volid=2113 e=0.001333
StFcsFastSimulatorMaker:INFO  - ECAL det=1 id=129 volid=2130 e=0.001326
StFcsFastSimulatorMaker:INFO  - ECAL det=1 id=130 volid=2131 e=0.004833
StFcsFastSimulatorMaker:INFO  - ECAL det=1 id=133 volid=2134 e=0.007456
StFcsFastSimulatorMaker:INFO  - ECAL det=1 id=140 volid=2141 e=0.000797
StFcsFastSimulatorMaker:INFO  - ECAL det=1 id=143 volid=2144 e=0.000389
StFcsFastSimulatorMaker:INFO  - ECAL det=1 id=151 volid=2152 e=0.000946
StFcsFastSimulatorMaker:INFO  - ECAL det=1 id=159 volid=2160 e=0.001033
StFcsFastSimulatorMaker:INFO  - ECAL det=1 id=162 volid=2163 e=0.005725
StFcsFastSimulatorMaker:INFO  - ECAL det=1 id=165 volid=2166 e=0.001145
StFcsFastSimulatorMaker:INFO  - ECAL det=1 id=180 volid=2181 e=0.000217
StFcsFastSimulatorMaker:INFO  - ECAL det=1 id=181 volid=2182 e=0.004083
StFcsFastSimulatorMaker:INFO  - ECAL det=1 id=183 volid=2184 e=0.000801
StFcsFastSimulatorMaker:INFO  - ECAL det=1 id=196 volid=2197 e=0.000978
StFcsFastSimulatorMaker:INFO  - ECAL det=1 id=197 volid=2198 e=0.002987
StFcsFastSimulatorMaker:INFO  - ECAL det=1 id=210 volid=2211 e=0.000764
StFcsFastSimulatorMaker:INFO  - ECAL det=1 id=243 volid=2244 e=0.000034
StFcsFastSimulatorMaker:INFO  - ECAL det=1 id=244 volid=2245 e=0.001974
StFcsFastSimulatorMaker:INFO  - ECAL det=1 id=266 volid=2267 e=0.004749
StFcsFastSimulatorMaker:INFO  - ECAL det=1 id=270 volid=2271 e=0.005550
StFcsFastSimulatorMaker:INFO  - ECAL det=1 id=272 volid=2273 e=0.001931
StFcsFastSimulatorMaker:INFO  - ECAL det=1 id=286 volid=2287 e=0.001216
StFcsFastSimulatorMaker:INFO  - ECAL det=1 id=289 volid=2290 e=0.005800
StFcsFastSimulatorMaker:INFO  - ECAL det=1 id=294 volid=2295 e=0.008402
StFcsFastSimulatorMaker:INFO  - ECAL det=1 id=295 volid=2296 e=0.001052
StFcsFastSimulatorMaker:INFO  - ECAL det=1 id=301 volid=2302 e=0.001017
StFcsFastSimulatorMaker:INFO  - ECAL det=1 id=302 volid=2303 e=0.001403
StFcsFastSimulatorMaker:INFO  - ECAL det=1 id=309 volid=2310 e=0.003598
StFcsFastSimulatorMaker:INFO  - ECAL det=1 id=313 volid=2314 e=0.001398
StFcsFastSimulatorMaker:INFO  - ECAL det=1 id=314 volid=2315 e=0.008197
StFcsFastSimulatorMaker:INFO  - ECAL det=1 id=317 volid=2318 e=0.000161
StFcsFastSimulatorMaker:INFO  - ECAL det=1 id=323 volid=2324 e=0.002486
StFcsFastSimulatorMaker:INFO  - ECAL det=1 id=333 volid=2334 e=0.000122
StFcsFastSimulatorMaker:INFO  - ECAL det=1 id=334 volid=2335 e=0.007294
StFcsFastSimulatorMaker:INFO  - ECAL det=1 id=335 volid=2336 e=0.004716
StFcsFastSimulatorMaker:INFO  - ECAL det=1 id=336 volid=2337 e=0.005610
StFcsFastSimulatorMaker:INFO  - ECAL det=1 id=339 volid=2340 e=0.007693
StFcsFastSimulatorMaker:INFO  - ECAL det=1 id=340 volid=2341 e=0.002286
StFcsFastSimulatorMaker:INFO  - ECAL det=1 id=353 volid=2354 e=0.001964
StFcsFastSimulatorMaker:INFO  - ECAL det=1 id=354 volid=2355 e=0.001692
StFcsFastSimulatorMaker:INFO  - ECAL det=1 id=355 volid=2356 e=0.000377
StFcsFastSimulatorMaker:INFO  - ECAL det=1 id=356 volid=2357 e=0.001724
StFcsFastSimulatorMaker:INFO  - ECAL det=1 id=357 volid=2358 e=0.001719
StFcsFastSimulatorMaker:INFO  - ECAL det=1 id=358 volid=2359 e=0.005474
StFcsFastSimulatorMaker:INFO  - ECAL det=1 id=361 volid=2362 e=0.000747
StFcsFastSimulatorMaker:INFO  - ECAL det=1 id=362 volid=2363 e=0.001345
StFcsFastSimulatorMaker:INFO  - ECAL det=1 id=375 volid=2376 e=0.000185
StFcsFastSimulatorMaker:INFO  - ECAL det=1 id=377 volid=2378 e=0.001356
StFcsFastSimulatorMaker:INFO  - ECAL det=1 id=381 volid=2382 e=0.002094
StFcsFastSimulatorMaker:INFO  - ECAL det=1 id=382 volid=2383 e=0.013065
StFcsFastSimulatorMaker:INFO  - ECAL det=1 id=392 volid=2393 e=0.000253
StFcsFastSimulatorMaker:INFO  - ECAL det=1 id=402 volid=2403 e=0.000668
StFcsFastSimulatorMaker:INFO  - ECAL det=1 id=404 volid=2405 e=0.001112
StFcsFastSimulatorMaker:INFO  - ECAL det=1 id=407 volid=2408 e=0.017347
StFcsFastSimulatorMaker:INFO  - ECAL det=1 id=410 volid=2411 e=0.000411
StFcsFastSimulatorMaker:INFO  - ECAL det=1 id=412 volid=2413 e=0.002400
StFcsFastSimulatorMaker:INFO  - ECAL det=1 id=418 volid=2419 e=0.001887
StFcsFastSimulatorMaker:INFO  - ECAL det=1 id=419 volid=2420 e=0.004539
StFcsFastSimulatorMaker:INFO  - ECAL det=1 id=432 volid=2433 e=0.005623
StFcsFastSimulatorMaker:INFO  - ECAL det=1 id=440 volid=2441 e=0.002316
StFcsFastSimulatorMaker:INFO  - ECAL det=1 id=441 volid=2442 e=0.008514
StFcsFastSimulatorMaker:INFO  - ECAL det=1 id=442 volid=2443 e=0.023893
StFcsFastSimulatorMaker:INFO  - ECAL det=1 id=444 volid=2445 e=0.002380
StFcsFastSimulatorMaker:INFO  - ECAL det=1 id=445 volid=2446 e=0.002729
StFcsFastSimulatorMaker:INFO  - ECAL det=1 id=462 volid=2463 e=0.002191
StFcsFastSimulatorMaker:INFO  - ECAL det=1 id=463 volid=2464 e=0.002486
StFcsFastSimulatorMaker:INFO  - ECAL det=1 id=464 volid=2465 e=0.000716
StFcsFastSimulatorMaker:INFO  - ECAL det=1 id=466 volid=2467 e=0.000781
StFcsFastSimulatorMaker:INFO  - ECAL det=1 id=467 volid=2468 e=0.004509
StFcsFastSimulatorMaker:INFO  - ECAL det=1 id=468 volid=2469 e=0.004791
StFcsFastSimulatorMaker:INFO  - ECAL det=1 id=470 volid=2471 e=0.000989
StFcsFastSimulatorMaker:INFO  - ECAL det=1 id=484 volid=2485 e=0.014048
StFcsFastSimulatorMaker:INFO  - ECAL det=1 id=486 volid=2487 e=0.000196
StFcsFastSimulatorMaker:INFO  - ECAL det=1 id=487 volid=2488 e=0.001590
StFcsFastSimulatorMaker:INFO  - ECAL det=1 id=489 volid=2490 e=0.021085
StFcsFastSimulatorMaker:INFO  - ECAL det=1 id=491 volid=2492 e=0.000523
StFcsFastSimulatorMaker:INFO  - ECAL det=1 id=494 volid=2495 e=0.002043
StFcsFastSimulatorMaker:INFO  - ECAL det=1 id=503 volid=2504 e=0.003767
StFcsFastSimulatorMaker:INFO  - ECAL det=1 id=506 volid=2507 e=0.035154
StFcsFastSimulatorMaker:INFO  - ECAL det=1 id=507 volid=2508 e=0.005294
StFcsFastSimulatorMaker:INFO  - ECAL det=1 id=508 volid=2509 e=0.000723
StFcsFastSimulatorMaker:INFO  - ECAL det=1 id=509 volid=2510 e=0.008138
StFcsFastSimulatorMaker:INFO  - ECAL det=1 id=510 volid=2511 e=0.000533
StFcsFastSimulatorMaker:INFO  - ECAL det=1 id=512 volid=2513 e=0.000558
StFcsFastSimulatorMaker:INFO  - ECAL det=1 id=516 volid=2517 e=0.000781
StFcsFastSimulatorMaker:INFO  - ECAL det=1 id=520 volid=2521 e=0.000232
StFcsFastSimulatorMaker:INFO  - ECAL det=1 id=528 volid=2529 e=0.006275
StFcsFastSimulatorMaker:INFO  - ECAL det=1 id=531 volid=2532 e=0.001664
StFcsFastSimulatorMaker:INFO  - ECAL det=1 id=532 volid=2533 e=0.012938
StFcsFastSimulatorMaker:INFO  - ECAL det=1 id=533 volid=2534 e=0.014297
StFcsFastSimulatorMaker:INFO  - ECAL det=1 id=534 volid=2535 e=0.000663
StFcsFastSimulatorMaker:INFO  - ECAL det=1 id=537 volid=2538 e=0.001457
StFcsFastSimulatorMaker:INFO  - ECAL det=1 id=540 volid=2541 e=0.001910
StFcsFastSimulatorMaker:INFO  - ECAL det=1 id=550 volid=2551 e=0.004637
StFcsFastSimulatorMaker:INFO  - ECAL det=1 id=551 volid=2552 e=0.007017
StFcsFastSimulatorMaker:INFO  - ECAL det=1 id=552 volid=2553 e=0.002452
StFcsFastSimulatorMaker:INFO  - ECAL det=1 id=554 volid=2555 e=0.005507
StFcsFastSimulatorMaker:INFO  - ECAL det=1 id=555 volid=2556 e=0.000609
StFcsFastSimulatorMaker:INFO  - ECAL det=1 id=559 volid=2560 e=0.002490
StFcsFastSimulatorMaker:INFO  - ECAL det=1 id=566 volid=2567 e=0.000450
StFcsFastSimulatorMaker:INFO  - ECAL det=1 id=572 volid=2573 e=0.006608
StFcsFastSimulatorMaker:INFO  - ECAL det=1 id=574 volid=2575 e=0.000550
StFcsFastSimulatorMaker:INFO  - ECAL det=1 id=575 volid=2576 e=0.000519
StFcsFastSimulatorMaker:INFO  - ECAL det=1 id=577 volid=2578 e=0.003482
StFcsFastSimulatorMaker:INFO  - ECAL det=1 id=581 volid=2582 e=0.009563
StFcsFastSimulatorMaker:INFO  - ECAL det=1 id=587 volid=2588 e=0.002525
StFcsFastSimulatorMaker:INFO  - ECAL det=1 id=594 volid=2595 e=0.007903
StFcsFastSimulatorMaker:INFO  - ECAL det=1 id=595 volid=2596 e=0.014202
StFcsFastSimulatorMaker:INFO  - ECAL det=1 id=596 volid=2597 e=0.004294
StFcsFastSimulatorMaker:INFO  - ECAL det=1 id=597 volid=2598 e=0.013127
StFcsFastSimulatorMaker:INFO  - ECAL det=1 id=598 volid=2599 e=0.000382
StFcsFastSimulatorMaker:INFO  - ECAL det=1 id=599 volid=2600 e=0.002683
StFcsFastSimulatorMaker:INFO  - ECAL det=1 id=604 volid=2605 e=0.004792
StFcsFastSimulatorMaker:INFO  - ECAL det=1 id=605 volid=2606 e=0.000096
StFcsFastSimulatorMaker:INFO  - ECAL det=1 id=610 volid=2611 e=0.000176
StFcsFastSimulatorMaker:INFO  - ECAL det=1 id=616 volid=2617 e=0.006148
StFcsFastSimulatorMaker:INFO  - ECAL det=1 id=617 volid=2618 e=0.020047
StFcsFastSimulatorMaker:INFO  - ECAL det=1 id=620 volid=2621 e=0.003413
StFcsFastSimulatorMaker:INFO  - ECAL det=1 id=621 volid=2622 e=0.000868
StFcsFastSimulatorMaker:INFO  - ECAL det=1 id=622 volid=2623 e=0.002667
StFcsFastSimulatorMaker:INFO  - ECAL det=1 id=623 volid=2624 e=0.000097
StFcsFastSimulatorMaker:INFO  - ECAL det=1 id=624 volid=2625 e=0.001230
StFcsFastSimulatorMaker:INFO  - ECAL det=1 id=626 volid=2627 e=0.001715
StFcsFastSimulatorMaker:INFO  - ECAL det=1 id=627 volid=2628 e=0.004375
StFcsFastSimulatorMaker:INFO  - ECAL det=1 id=628 volid=2629 e=0.003231
StFcsFastSimulatorMaker:INFO  - ECAL det=1 id=629 volid=2630 e=0.006050
StFcsFastSimulatorMaker:INFO  - ECAL det=1 id=638 volid=2639 e=0.001596
StFcsFastSimulatorMaker:INFO  - ECAL det=1 id=639 volid=2640 e=0.002521
StFcsFastSimulatorMaker:INFO  - ECAL det=1 id=641 volid=2642 e=0.004791
StFcsFastSimulatorMaker:INFO  - ECAL det=1 id=642 volid=2643 e=0.004857
StFcsFastSimulatorMaker:INFO  - ECAL det=1 id=650 volid=2651 e=0.000102
StFcsFastSimulatorMaker:INFO  - ECAL det=1 id=653 volid=2654 e=0.001596
StFcsFastSimulatorMaker:INFO  - ECAL det=1 id=659 volid=2660 e=0.003745
StFcsFastSimulatorMaker:INFO  - ECAL det=1 id=660 volid=2661 e=0.000948
StFcsFastSimulatorMaker:INFO  - ECAL det=1 id=661 volid=2662 e=0.011918
StFcsFastSimulatorMaker:INFO  - ECAL det=1 id=667 volid=2668 e=0.001929
StFcsFastSimulatorMaker:INFO  - ECAL det=1 id=670 volid=2671 e=0.000135
StFcsFastSimulatorMaker:INFO  - ECAL det=1 id=681 volid=2682 e=0.007658
StFcsFastSimulatorMaker:INFO  - ECAL det=1 id=682 volid=2683 e=0.001664
StFcsFastSimulatorMaker:INFO  - ECAL det=1 id=683 volid=2684 e=0.001115
StFcsFastSimulatorMaker:INFO  - ECAL det=1 id=684 volid=2685 e=0.007291
StFcsFastSimulatorMaker:INFO  - ECAL det=1 id=686 volid=2687 e=0.000183
StFcsFastSimulatorMaker:INFO  - ECAL det=1 id=689 volid=2690 e=0.000075
StFcsFastSimulatorMaker:INFO  - ECAL det=1 id=695 volid=2696 e=0.000721
StFcsFastSimulatorMaker:INFO  - ECAL det=1 id=702 volid=2703 e=0.004999
StFcsFastSimulatorMaker:INFO  - ECAL det=1 id=704 volid=2705 e=0.000593
StFcsFastSimulatorMaker:INFO  - ECAL det=1 id=708 volid=2709 e=0.002002
StFcsFastSimulatorMaker:INFO  - ECAL det=1 id=711 volid=2712 e=0.001387
StFcsFastSimulatorMaker:INFO  - ECAL det=1 id=715 volid=2716 e=0.000530
StFcsFastSimulatorMaker:INFO  - ECAL det=1 id=717 volid=2718 e=0.000424
StFcsFastSimulatorMaker:INFO  - ECAL det=1 id=726 volid=2727 e=0.000821
StFcsFastSimulatorMaker:INFO  - ECAL det=1 id=727 volid=2728 e=0.000027
StFcsFastSimulatorMaker:INFO  - ECAL det=1 id=728 volid=2729 e=0.000629
StFcsFastSimulatorMaker:INFO  - ECAL det=1 id=729 volid=2730 e=0.000006
StFcsFastSimulatorMaker:INFO  - ECAL det=1 id=733 volid=2734 e=0.002775
StFcsFastSimulatorMaker:INFO  - ECAL det=1 id=740 volid=2741 e=0.003640
StFcsFastSimulatorMaker:INFO  - g2t_hca_hit table has 10 hit
StFcsFastSimulatorMaker:INFO  - HCAL det=2 id=97 volid= 1098 e=0.000890
StFcsFastSimulatorMaker:INFO  - HCAL det=2 id=104 volid= 1105 e=0.000002
StFcsFastSimulatorMaker:INFO  - HCAL det=2 id=117 volid= 1118 e=0.000086
StFcsFastSimulatorMaker:INFO  - HCAL det=2 id=143 volid= 1144 e=0.000059
StFcsFastSimulatorMaker:INFO  - HCAL det=2 id=156 volid= 1157 e=0.003367
StFcsFastSimulatorMaker:INFO  - HCAL det=2 id=221 volid= 1222 e=0.000804
StFcsFastSimulatorMaker:INFO  - HCAL det=3 id=182 volid= 2183 e=0.000595
StFcsFastSimulatorMaker:INFO  - HCAL det=3 id=195 volid= 2196 e=0.001577
StFcsFastSimulatorMaker:INFO  - HCAL det=3 id=208 volid= 2209 e=0.001269
StFcsFastSimulatorMaker:INFO  - HCAL det=3 id=234 volid= 2235 e=0.001045
StFcsFastSimulatorMaker:INFO  - g2t_epd_hit table is empty
StFcsFastSimulatorMaker:INFO  - Det=0 id=  1 dE=   0.000 SF= 0.200 gain= 0.005 corr= 1.000 ADC=   0 ZS= 1 digiE=   0.000
StFcsFastSimulatorMaker:INFO  - Det=0 id= 12 dE=   0.004 SF= 0.200 gain= 0.005 corr= 1.000 ADC=   3 ZS= 1 digiE=   0.016
StFcsFastSimulatorMaker:INFO  - Det=0 id= 30 dE=   0.001 SF= 0.200 gain= 0.005 corr= 1.000 ADC=   1 ZS= 1 digiE=   0.005
StFcsFastSimulatorMaker:INFO  - Det=0 id= 33 dE=   0.001 SF= 0.200 gain= 0.005 corr= 1.000 ADC=   1 ZS= 1 digiE=   0.005
StFcsFastSimulatorMaker:INFO  - Det=0 id= 48 dE=   0.004 SF= 0.200 gain= 0.005 corr= 1.000 ADC=   3 ZS= 1 digiE=   0.016
StFcsFastSimulatorMaker:INFO  - Det=0 id= 94 dE=   0.001 SF= 0.200 gain= 0.005 corr= 1.000 ADC=   0 ZS= 1 digiE=   0.000
StFcsFastSimulatorMaker:INFO  - Det=0 id=130 dE=   0.002 SF= 0.200 gain= 0.005 corr= 1.000 ADC=   1 ZS= 1 digiE=   0.005
StFcsFastSimulatorMaker:INFO  - Det=0 id=134 dE=   0.003 SF= 0.200 gain= 0.005 corr= 1.000 ADC=   2 ZS= 1 digiE=   0.011
StFcsFastSimulatorMaker:INFO  - Det=0 id=143 dE=   0.001 SF= 0.200 gain= 0.005 corr= 1.000 ADC=   1 ZS= 1 digiE=   0.005
StFcsFastSimulatorMaker:INFO  - Det=0 id=159 dE=   0.006 SF= 0.200 gain= 0.005 corr= 1.000 ADC=   5 ZS= 1 digiE=   0.026
StFcsFastSimulatorMaker:INFO  - Det=0 id=166 dE=   0.000 SF= 0.200 gain= 0.005 corr= 1.000 ADC=   0 ZS= 1 digiE=   0.000
StFcsFastSimulatorMaker:INFO  - Det=0 id=168 dE=   0.001 SF= 0.200 gain= 0.005 corr= 1.000 ADC=   0 ZS= 1 digiE=   0.000
StFcsFastSimulatorMaker:INFO  - Det=0 id=182 dE=   0.001 SF= 0.200 gain= 0.005 corr= 1.000 ADC=   0 ZS= 1 digiE=   0.000
StFcsFastSimulatorMaker:INFO  - Det=0 id=197 dE=   0.001 SF= 0.200 gain= 0.005 corr= 1.000 ADC=   1 ZS= 1 digiE=   0.005
StFcsFastSimulatorMaker:INFO  - Det=0 id=203 dE=   0.000 SF= 0.200 gain= 0.005 corr= 1.000 ADC=   0 ZS= 1 digiE=   0.000
StFcsFastSimulatorMaker:INFO  - Det=0 id=205 dE=   0.000 SF= 0.200 gain= 0.005 corr= 1.000 ADC=   0 ZS= 1 digiE=   0.000
StFcsFastSimulatorMaker:INFO  - Det=0 id=222 dE=   0.001 SF= 0.200 gain= 0.005 corr= 1.000 ADC=   1 ZS= 1 digiE=   0.005
StFcsFastSimulatorMaker:INFO  - Det=0 id=226 dE=   0.000 SF= 0.200 gain= 0.005 corr= 1.000 ADC=   0 ZS= 1 digiE=   0.000
StFcsFastSimulatorMaker:INFO  - Det=0 id=239 dE=   0.001 SF= 0.200 gain= 0.005 corr= 1.000 ADC=   0 ZS= 1 digiE=   0.000
StFcsFastSimulatorMaker:INFO  - Det=0 id=248 dE=   0.003 SF= 0.200 gain= 0.005 corr= 1.000 ADC=   2 ZS= 1 digiE=   0.011
StFcsFastSimulatorMaker:INFO  - Det=0 id=255 dE=   0.001 SF= 0.200 gain= 0.005 corr= 1.000 ADC=   0 ZS= 1 digiE=   0.000
StFcsFastSimulatorMaker:INFO  - Det=0 id=261 dE=   0.002 SF= 0.200 gain= 0.005 corr= 1.000 ADC=   1 ZS= 1 digiE=   0.005
StFcsFastSimulatorMaker:INFO  - Det=0 id=263 dE=   0.008 SF= 0.200 gain= 0.005 corr= 1.000 ADC=   7 ZS= 1 digiE=   0.037
StFcsFastSimulatorMaker:INFO  - Det=0 id=274 dE=   0.001 SF= 0.200 gain= 0.005 corr= 1.000 ADC=   1 ZS= 1 digiE=   0.005
StFcsFastSimulatorMaker:INFO  - Det=0 id=286 dE=   0.001 SF= 0.200 gain= 0.005 corr= 1.000 ADC=   0 ZS= 1 digiE=   0.000
StFcsFastSimulatorMaker:INFO  - Det=0 id=294 dE=   0.009 SF= 0.200 gain= 0.005 corr= 1.000 ADC=   8 ZS= 1 digiE=   0.042
StFcsFastSimulatorMaker:INFO  - Det=0 id=315 dE=   0.001 SF= 0.200 gain= 0.005 corr= 1.000 ADC=   0 ZS= 1 digiE=   0.000
StFcsFastSimulatorMaker:INFO  - Det=0 id=316 dE=   0.000 SF= 0.200 gain= 0.005 corr= 1.000 ADC=   0 ZS= 1 digiE=   0.000
StFcsFastSimulatorMaker:INFO  - Det=0 id=317 dE=   0.002 SF= 0.200 gain= 0.005 corr= 1.000 ADC=   2 ZS= 1 digiE=   0.011
StFcsFastSimulatorMaker:INFO  - Det=0 id=325 dE=   0.001 SF= 0.200 gain= 0.005 corr= 1.000 ADC=   1 ZS= 1 digiE=   0.005
StFcsFastSimulatorMaker:INFO  - Det=0 id=329 dE=   0.001 SF= 0.200 gain= 0.005 corr= 1.000 ADC=   0 ZS= 1 digiE=   0.000
StFcsFastSimulatorMaker:INFO  - Det=0 id=331 dE=   0.001 SF= 0.200 gain= 0.005 corr= 1.000 ADC=   0 ZS= 1 digiE=   0.000
StFcsFastSimulatorMaker:INFO  - Det=0 id=334 dE=   0.000 SF= 0.200 gain= 0.005 corr= 1.000 ADC=   0 ZS= 1 digiE=   0.000
StFcsFastSimulatorMaker:INFO  - Det=0 id=352 dE=   0.004 SF= 0.200 gain= 0.005 corr= 1.000 ADC=   4 ZS= 1 digiE=   0.021
StFcsFastSimulatorMaker:INFO  - Det=0 id=353 dE=   0.013 SF= 0.200 gain= 0.005 corr= 1.000 ADC=  12 ZS= 1 digiE=   0.064
StFcsFastSimulatorMaker:INFO  - Det=0 id=354 dE=   0.000 SF= 0.200 gain= 0.005 corr= 1.000 ADC=   0 ZS= 1 digiE=   0.000
StFcsFastSimulatorMaker:INFO  - Det=0 id=355 dE=   0.001 SF= 0.200 gain= 0.005 corr= 1.000 ADC=   0 ZS= 1 digiE=   0.000
StFcsFastSimulatorMaker:INFO  - Det=0 id=357 dE=   0.000 SF= 0.200 gain= 0.005 corr= 1.000 ADC=   0 ZS= 1 digiE=   0.000
StFcsFastSimulatorMaker:INFO  - Det=0 id=364 dE=   0.001 SF= 0.200 gain= 0.005 corr= 1.000 ADC=   0 ZS= 1 digiE=   0.000
StFcsFastSimulatorMaker:INFO  - Det=0 id=371 dE=   0.008 SF= 0.200 gain= 0.005 corr= 1.000 ADC=   7 ZS= 1 digiE=   0.037
StFcsFastSimulatorMaker:INFO  - Det=0 id=377 dE=   0.009 SF= 0.200 gain= 0.005 corr= 1.000 ADC=   8 ZS= 1 digiE=   0.042
StFcsFastSimulatorMaker:INFO  - Det=0 id=384 dE=   0.008 SF= 0.200 gain= 0.005 corr= 1.000 ADC=   7 ZS= 1 digiE=   0.037
StFcsFastSimulatorMaker:INFO  - Det=0 id=385 dE=   0.002 SF= 0.200 gain= 0.005 corr= 1.000 ADC=   1 ZS= 1 digiE=   0.005
StFcsFastSimulatorMaker:INFO  - Det=0 id=396 dE=   0.020 SF= 0.200 gain= 0.005 corr= 1.000 ADC=  19 ZS= 1 digiE=   0.101
StFcsFastSimulatorMaker:INFO  - Det=0 id=397 dE=   0.007 SF= 0.200 gain= 0.005 corr= 1.000 ADC=   7 ZS= 1 digiE=   0.037
StFcsFastSimulatorMaker:INFO  - Det=0 id=399 dE=   0.001 SF= 0.200 gain= 0.005 corr= 1.000 ADC=   1 ZS= 1 digiE=   0.005
StFcsFastSimulatorMaker:INFO  - Det=0 id=402 dE=   0.000 SF= 0.200 gain= 0.005 corr= 1.000 ADC=   0 ZS= 1 digiE=   0.000
StFcsFastSimulatorMaker:INFO  - Det=0 id=403 dE=   0.008 SF= 0.200 gain= 0.005 corr= 1.000 ADC=   7 ZS= 1 digiE=   0.037
StFcsFastSimulatorMaker:INFO  - Det=0 id=418 dE=   0.002 SF= 0.200 gain= 0.005 corr= 1.000 ADC=   2 ZS= 1 digiE=   0.011
StFcsFastSimulatorMaker:INFO  - Det=0 id=419 dE=   0.003 SF= 0.200 gain= 0.005 corr= 1.000 ADC=   2 ZS= 1 digiE=   0.011
StFcsFastSimulatorMaker:INFO  - Det=0 id=420 dE=   0.007 SF= 0.200 gain= 0.005 corr= 1.000 ADC=   6 ZS= 1 digiE=   0.032
StFcsFastSimulatorMaker:INFO  - Det=0 id=421 dE=   0.009 SF= 0.200 gain= 0.005 corr= 1.000 ADC=   8 ZS= 1 digiE=   0.042
StFcsFastSimulatorMaker:INFO  - Det=0 id=426 dE=   0.003 SF= 0.200 gain= 0.005 corr= 1.000 ADC=   3 ZS= 1 digiE=   0.016
StFcsFastSimulatorMaker:INFO  - Det=0 id=427 dE=   0.000 SF= 0.200 gain= 0.005 corr= 1.000 ADC=   0 ZS= 1 digiE=   0.000
StFcsFastSimulatorMaker:INFO  - Det=0 id=440 dE=   0.008 SF= 0.200 gain= 0.005 corr= 1.000 ADC=   7 ZS= 1 digiE=   0.037
StFcsFastSimulatorMaker:INFO  - Det=0 id=443 dE=   0.007 SF= 0.200 gain= 0.005 corr= 1.000 ADC=   6 ZS= 1 digiE=   0.032
StFcsFastSimulatorMaker:INFO  - Det=0 id=444 dE=   0.003 SF= 0.200 gain= 0.005 corr= 1.000 ADC=   2 ZS= 1 digiE=   0.011
StFcsFastSimulatorMaker:INFO  - Det=0 id=446 dE=   0.000 SF= 0.200 gain= 0.005 corr= 1.000 ADC=   0 ZS= 1 digiE=   0.000
StFcsFastSimulatorMaker:INFO  - Det=0 id=447 dE=   0.000 SF= 0.200 gain= 0.005 corr= 1.000 ADC=   0 ZS= 1 digiE=   0.000
StFcsFastSimulatorMaker:INFO  - Det=0 id=448 dE=   0.004 SF= 0.200 gain= 0.005 corr= 1.000 ADC=   3 ZS= 1 digiE=   0.016
StFcsFastSimulatorMaker:INFO  - Det=0 id=458 dE=   0.000 SF= 0.200 gain= 0.005 corr= 1.000 ADC=   0 ZS= 1 digiE=   0.000
StFcsFastSimulatorMaker:INFO  - Det=0 id=462 dE=   0.023 SF= 0.200 gain= 0.005 corr= 1.000 ADC=  21 ZS= 1 digiE=   0.111
StFcsFastSimulatorMaker:INFO  - Det=0 id=465 dE=   0.010 SF= 0.200 gain= 0.005 corr= 1.000 ADC=   9 ZS= 1 digiE=   0.048
StFcsFastSimulatorMaker:INFO  - Det=0 id=466 dE=   0.004 SF= 0.200 gain= 0.005 corr= 1.000 ADC=   3 ZS= 1 digiE=   0.016
StFcsFastSimulatorMaker:INFO  - Det=0 id=467 dE=   0.001 SF= 0.200 gain= 0.005 corr= 1.000 ADC=   1 ZS= 1 digiE=   0.005
StFcsFastSimulatorMaker:INFO  - Det=0 id=468 dE=   0.001 SF= 0.200 gain= 0.005 corr= 1.000 ADC=   0 ZS= 1 digiE=   0.000
StFcsFastSimulatorMaker:INFO  - Det=0 id=470 dE=   0.000 SF= 0.200 gain= 0.005 corr= 1.000 ADC=   0 ZS= 1 digiE=   0.000
StFcsFastSimulatorMaker:INFO  - Det=0 id=480 dE=   0.001 SF= 0.200 gain= 0.005 corr= 1.000 ADC=   0 ZS= 1 digiE=   0.000
StFcsFastSimulatorMaker:INFO  - Det=0 id=481 dE=   0.002 SF= 0.200 gain= 0.005 corr= 1.000 ADC=   1 ZS= 1 digiE=   0.005
StFcsFastSimulatorMaker:INFO  - Det=0 id=484 dE=   0.018 SF= 0.200 gain= 0.005 corr= 1.000 ADC=  17 ZS= 1 digiE=   0.090
StFcsFastSimulatorMaker:INFO  - Det=0 id=485 dE=   0.003 SF= 0.200 gain= 0.005 corr= 1.000 ADC=   2 ZS= 1 digiE=   0.011
StFcsFastSimulatorMaker:INFO  - Det=0 id=486 dE=   0.002 SF= 0.200 gain= 0.005 corr= 1.000 ADC=   1 ZS= 1 digiE=   0.005
StFcsFastSimulatorMaker:INFO  - Det=0 id=490 dE=   0.002 SF= 0.200 gain= 0.005 corr= 1.000 ADC=   2 ZS= 1 digiE=   0.011
StFcsFastSimulatorMaker:INFO  - Det=0 id=491 dE=   0.003 SF= 0.200 gain= 0.005 corr= 1.000 ADC=   3 ZS= 1 digiE=   0.016
StFcsFastSimulatorMaker:INFO  - Det=0 id=492 dE=   0.011 SF= 0.200 gain= 0.005 corr= 1.000 ADC=   9 ZS= 1 digiE=   0.048
StFcsFastSimulatorMaker:INFO  - Det=0 id=493 dE=   0.001 SF= 0.200 gain= 0.005 corr= 1.000 ADC=   0 ZS= 1 digiE=   0.000
StFcsFastSimulatorMaker:INFO  - Det=0 id=494 dE=   0.017 SF= 0.200 gain= 0.005 corr= 1.000 ADC=  15 ZS= 1 digiE=   0.079
StFcsFastSimulatorMaker:INFO  - Det=0 id=506 dE=   0.005 SF= 0.200 gain= 0.005 corr= 1.000 ADC=   5 ZS= 1 digiE=   0.026
StFcsFastSimulatorMaker:INFO  - Det=0 id=508 dE=   0.007 SF= 0.200 gain= 0.005 corr= 1.000 ADC=   7 ZS= 1 digiE=   0.037
StFcsFastSimulatorMaker:INFO  - Det=0 id=509 dE=   0.006 SF= 0.200 gain= 0.005 corr= 1.000 ADC=   5 ZS= 1 digiE=   0.026
StFcsFastSimulatorMaker:INFO  - Det=0 id=511 dE=   0.005 SF= 0.200 gain= 0.005 corr= 1.000 ADC=   4 ZS= 1 digiE=   0.021
StFcsFastSimulatorMaker:INFO  - Det=0 id=512 dE=   0.002 SF= 0.200 gain= 0.005 corr= 1.000 ADC=   1 ZS= 1 digiE=   0.005
StFcsFastSimulatorMaker:INFO  - Det=0 id=513 dE=   0.004 SF= 0.200 gain= 0.005 corr= 1.000 ADC=   3 ZS= 1 digiE=   0.016
StFcsFastSimulatorMaker:INFO  - Det=0 id=514 dE=   0.008 SF= 0.200 gain= 0.005 corr= 1.000 ADC=   7 ZS= 1 digiE=   0.037
StFcsFastSimulatorMaker:INFO  - Det=0 id=516 dE=   0.000 SF= 0.200 gain= 0.005 corr= 1.000 ADC=   0 ZS= 1 digiE=   0.000
StFcsFastSimulatorMaker:INFO  - Det=0 id=527 dE=   0.003 SF= 0.200 gain= 0.005 corr= 1.000 ADC=   2 ZS= 1 digiE=   0.011
StFcsFastSimulatorMaker:INFO  - Det=0 id=528 dE=   0.016 SF= 0.200 gain= 0.005 corr= 1.000 ADC=  15 ZS= 1 digiE=   0.079
StFcsFastSimulatorMaker:INFO  - Det=0 id=529 dE=   0.004 SF= 0.200 gain= 0.005 corr= 1.000 ADC=   4 ZS= 1 digiE=   0.021
StFcsFastSimulatorMaker:INFO  - Det=0 id=530 dE=   0.023 SF= 0.200 gain= 0.005 corr= 1.000 ADC=  22 ZS= 1 digiE=   0.117
StFcsFastSimulatorMaker:INFO  - Det=0 id=532 dE=   0.002 SF= 0.200 gain= 0.005 corr= 1.000 ADC=   1 ZS= 1 digiE=   0.005
StFcsFastSimulatorMaker:INFO  - Det=0 id=533 dE=   0.009 SF= 0.200 gain= 0.005 corr= 1.000 ADC=   8 ZS= 1 digiE=   0.042
StFcsFastSimulatorMaker:INFO  - Det=0 id=534 dE=   0.007 SF= 0.200 gain= 0.005 corr= 1.000 ADC=   6 ZS= 1 digiE=   0.032
StFcsFastSimulatorMaker:INFO  - Det=0 id=536 dE=   0.003 SF= 0.200 gain= 0.005 corr= 1.000 ADC=   2 ZS= 1 digiE=   0.011
StFcsFastSimulatorMaker:INFO  - Det=0 id=550 dE=   0.001 SF= 0.200 gain= 0.005 corr= 1.000 ADC=   1 ZS= 1 digiE=   0.005
StFcsFastSimulatorMaker:INFO  - Det=0 id=552 dE=   0.013 SF= 0.200 gain= 0.005 corr= 1.000 ADC=  12 ZS= 1 digiE=   0.064
StFcsFastSimulatorMaker:INFO  - Det=0 id=554 dE=   0.000 SF= 0.200 gain= 0.005 corr= 1.000 ADC=   0 ZS= 1 digiE=   0.000
StFcsFastSimulatorMaker:INFO  - Det=0 id=555 dE=   0.013 SF= 0.200 gain= 0.005 corr= 1.000 ADC=  12 ZS= 1 digiE=   0.064
StFcsFastSimulatorMaker:INFO  - Det=0 id=556 dE=   0.001 SF= 0.200 gain= 0.005 corr= 1.000 ADC=   0 ZS= 1 digiE=   0.000
StFcsFastSimulatorMaker:INFO  - Det=0 id=557 dE=   0.000 SF= 0.200 gain= 0.005 corr= 1.000 ADC=   0 ZS= 1 digiE=   0.000
StFcsFastSimulatorMaker:INFO  - Det=0 id=560 dE=   0.001 SF= 0.200 gain= 0.005 corr= 1.000 ADC=   1 ZS= 1 digiE=   0.005
StFcsFastSimulatorMaker:INFO  - Det=0 id=562 dE=   0.001 SF= 0.200 gain= 0.005 corr= 1.000 ADC=   0 ZS= 1 digiE=   0.000
StFcsFastSimulatorMaker:INFO  - Det=0 id=564 dE=   0.002 SF= 0.200 gain= 0.005 corr= 1.000 ADC=   1 ZS= 1 digiE=   0.005
StFcsFastSimulatorMaker:INFO  - Det=0 id=572 dE=   0.001 SF= 0.200 gain= 0.005 corr= 1.000 ADC=   1 ZS= 1 digiE=   0.005
StFcsFastSimulatorMaker:INFO  - Det=0 id=575 dE=   0.006 SF= 0.200 gain= 0.005 corr= 1.000 ADC=   5 ZS= 1 digiE=   0.026
StFcsFastSimulatorMaker:INFO  - Det=0 id=576 dE=   0.000 SF= 0.200 gain= 0.005 corr= 1.000 ADC=   0 ZS= 1 digiE=   0.000
StFcsFastSimulatorMaker:INFO  - Det=0 id=577 dE=   0.007 SF= 0.200 gain= 0.005 corr= 1.000 ADC=   6 ZS= 1 digiE=   0.032
StFcsFastSimulatorMaker:INFO  - Det=0 id=583 dE=   0.001 SF= 0.200 gain= 0.005 corr= 1.000 ADC=   0 ZS= 1 digiE=   0.000
StFcsFastSimulatorMaker:INFO  - Det=0 id=594 dE=   0.007 SF= 0.200 gain= 0.005 corr= 1.000 ADC=   6 ZS= 1 digiE=   0.032
StFcsFastSimulatorMaker:INFO  - Det=0 id=595 dE=   0.002 SF= 0.200 gain= 0.005 corr= 1.000 ADC=   2 ZS= 1 digiE=   0.011
StFcsFastSimulatorMaker:INFO  - Det=0 id=597 dE=   0.001 SF= 0.200 gain= 0.005 corr= 1.000 ADC=   1 ZS= 1 digiE=   0.005
StFcsFastSimulatorMaker:INFO  - Det=0 id=599 dE=   0.005 SF= 0.200 gain= 0.005 corr= 1.000 ADC=   4 ZS= 1 digiE=   0.021
StFcsFastSimulatorMaker:INFO  - Det=0 id=601 dE=   0.008 SF= 0.200 gain= 0.005 corr= 1.000 ADC=   7 ZS= 1 digiE=   0.037
StFcsFastSimulatorMaker:INFO  - Det=0 id=602 dE=   0.004 SF= 0.200 gain= 0.005 corr= 1.000 ADC=   4 ZS= 1 digiE=   0.021
StFcsFastSimulatorMaker:INFO  - Det=0 id=603 dE=   0.002 SF= 0.200 gain= 0.005 corr= 1.000 ADC=   2 ZS= 1 digiE=   0.011
StFcsFastSimulatorMaker:INFO  - Det=0 id=613 dE=   0.001 SF= 0.200 gain= 0.005 corr= 1.000 ADC=   0 ZS= 1 digiE=   0.000
StFcsFastSimulatorMaker:INFO  - Det=0 id=616 dE=   0.005 SF= 0.200 gain= 0.005 corr= 1.000 ADC=   5 ZS= 1 digiE=   0.026
StFcsFastSimulatorMaker:INFO  - Det=0 id=618 dE=   0.004 SF= 0.200 gain= 0.005 corr= 1.000 ADC=   3 ZS= 1 digiE=   0.016
StFcsFastSimulatorMaker:INFO  - Det=0 id=619 dE=   0.007 SF= 0.200 gain= 0.005 corr= 1.000 ADC=   6 ZS= 1 digiE=   0.032
StFcsFastSimulatorMaker:INFO  - Det=0 id=624 dE=   0.000 SF= 0.200 gain= 0.005 corr= 1.000 ADC=   0 ZS= 1 digiE=   0.000
StFcsFastSimulatorMaker:INFO  - Det=0 id=628 dE=   0.001 SF= 0.200 gain= 0.005 corr= 1.000 ADC=   0 ZS= 1 digiE=   0.000
StFcsFastSimulatorMaker:INFO  - Det=0 id=639 dE=   0.002 SF= 0.200 gain= 0.005 corr= 1.000 ADC=   1 ZS= 1 digiE=   0.005
StFcsFastSimulatorMaker:INFO  - Det=0 id=640 dE=   0.006 SF= 0.200 gain= 0.005 corr= 1.000 ADC=   5 ZS= 1 digiE=   0.026
StFcsFastSimulatorMaker:INFO  - Det=0 id=643 dE=   0.005 SF= 0.200 gain= 0.005 corr= 1.000 ADC=   4 ZS= 1 digiE=   0.021
StFcsFastSimulatorMaker:INFO  - Det=0 id=649 dE=   0.000 SF= 0.200 gain= 0.005 corr= 1.000 ADC=   0 ZS= 1 digiE=   0.000
StFcsFastSimulatorMaker:INFO  - Det=0 id=661 dE=   0.002 SF= 0.200 gain= 0.005 corr= 1.000 ADC=   1 ZS= 1 digiE=   0.005
StFcsFastSimulatorMaker:INFO  - Det=0 id=662 dE=   0.002 SF= 0.200 gain= 0.005 corr= 1.000 ADC=   1 ZS= 1 digiE=   0.005
StFcsFastSimulatorMaker:INFO  - Det=0 id=664 dE=   0.006 SF= 0.200 gain= 0.005 corr= 1.000 ADC=   6 ZS= 1 digiE=   0.032
StFcsFastSimulatorMaker:INFO  - Det=0 id=665 dE=   0.006 SF= 0.200 gain= 0.005 corr= 1.000 ADC=   5 ZS= 1 digiE=   0.026
StFcsFastSimulatorMaker:INFO  - Det=0 id=671 dE=   0.000 SF= 0.200 gain= 0.005 corr= 1.000 ADC=   0 ZS= 1 digiE=   0.000
StFcsFastSimulatorMaker:INFO  - Det=0 id=683 dE=   0.005 SF= 0.200 gain= 0.005 corr= 1.000 ADC=   4 ZS= 1 digiE=   0.021
StFcsFastSimulatorMaker:INFO  - Det=0 id=704 dE=   0.001 SF= 0.200 gain= 0.005 corr= 1.000 ADC=   0 ZS= 1 digiE=   0.000
StFcsFastSimulatorMaker:INFO  - Det=0 id=709 dE=   0.001 SF= 0.200 gain= 0.005 corr= 1.000 ADC=   0 ZS= 1 digiE=   0.000
StFcsFastSimulatorMaker:INFO  - Det=0 id=711 dE=   0.001 SF= 0.200 gain= 0.005 corr= 1.000 ADC=   0 ZS= 1 digiE=   0.000
StFcsFastSimulatorMaker:INFO  - Det=0 id=713 dE=   0.003 SF= 0.200 gain= 0.005 corr= 1.000 ADC=   2 ZS= 1 digiE=   0.011
StFcsFastSimulatorMaker:INFO  - Det=0 id=714 dE=   0.000 SF= 0.200 gain= 0.005 corr= 1.000 ADC=   0 ZS= 1 digiE=   0.000
StFcsFastSimulatorMaker:INFO  - Det=0 id=715 dE=   0.001 SF= 0.200 gain= 0.005 corr= 1.000 ADC=   0 ZS= 1 digiE=   0.000
StFcsFastSimulatorMaker:INFO  - Det=0 id=716 dE=   0.001 SF= 0.200 gain= 0.005 corr= 1.000 ADC=   1 ZS= 1 digiE=   0.005
StFcsFastSimulatorMaker:INFO  - Det=0 id=718 dE=   0.001 SF= 0.200 gain= 0.005 corr= 1.000 ADC=   1 ZS= 1 digiE=   0.005
StFcsFastSimulatorMaker:INFO  - Det=0 id=726 dE=   0.000 SF= 0.200 gain= 0.005 corr= 1.000 ADC=   0 ZS= 1 digiE=   0.000
StFcsFastSimulatorMaker:INFO  - Det=0 id=729 dE=   0.001 SF= 0.200 gain= 0.005 corr= 1.000 ADC=   0 ZS= 1 digiE=   0.000
StFcsFastSimulatorMaker:INFO  - Det=0 id=731 dE=   0.001 SF= 0.200 gain= 0.005 corr= 1.000 ADC=   1 ZS= 1 digiE=   0.005
StFcsFastSimulatorMaker:INFO  - Det=0 id=739 dE=   0.005 SF= 0.200 gain= 0.005 corr= 1.000 ADC=   4 ZS= 1 digiE=   0.021
StFcsFastSimulatorMaker:INFO  - Det=1 id=  4 dE=   0.008 SF= 0.200 gain= 0.005 corr= 1.000 ADC=   7 ZS= 1 digiE=   0.037
StFcsFastSimulatorMaker:INFO  - Det=1 id= 10 dE=   0.006 SF= 0.200 gain= 0.005 corr= 1.000 ADC=   5 ZS= 1 digiE=   0.026
StFcsFastSimulatorMaker:INFO  - Det=1 id= 28 dE=   0.001 SF= 0.200 gain= 0.005 corr= 1.000 ADC=   0 ZS= 1 digiE=   0.000
StFcsFastSimulatorMaker:INFO  - Det=1 id= 31 dE=   0.004 SF= 0.200 gain= 0.005 corr= 1.000 ADC=   4 ZS= 1 digiE=   0.021
StFcsFastSimulatorMaker:INFO  - Det=1 id= 32 dE=   0.001 SF= 0.200 gain= 0.005 corr= 1.000 ADC=   1 ZS= 1 digiE=   0.005
StFcsFastSimulatorMaker:INFO  - Det=1 id= 33 dE=   0.001 SF= 0.200 gain= 0.005 corr= 1.000 ADC=   0 ZS= 1 digiE=   0.000
StFcsFastSimulatorMaker:INFO  - Det=1 id= 63 dE=   0.000 SF= 0.200 gain= 0.005 corr= 1.000 ADC=   0 ZS= 1 digiE=   0.000
StFcsFastSimulatorMaker:INFO  - Det=1 id= 69 dE=   0.001 SF= 0.200 gain= 0.005 corr= 1.000 ADC=   0 ZS= 1 digiE=   0.000
StFcsFastSimulatorMaker:INFO  - Det=1 id= 89 dE=   0.005 SF= 0.200 gain= 0.005 corr= 1.000 ADC=   4 ZS= 1 digiE=   0.021
StFcsFastSimulatorMaker:INFO  - Det=1 id= 94 dE=   0.000 SF= 0.200 gain= 0.005 corr= 1.000 ADC=   0 ZS= 1 digiE=   0.000
StFcsFastSimulatorMaker:INFO  - Det=1 id=111 dE=   0.002 SF= 0.200 gain= 0.005 corr= 1.000 ADC=   1 ZS= 1 digiE=   0.005
StFcsFastSimulatorMaker:INFO  - Det=1 id=112 dE=   0.001 SF= 0.200 gain= 0.005 corr= 1.000 ADC=   1 ZS= 1 digiE=   0.005
StFcsFastSimulatorMaker:INFO  - Det=1 id=129 dE=   0.001 SF= 0.200 gain= 0.005 corr= 1.000 ADC=   1 ZS= 1 digiE=   0.005
StFcsFastSimulatorMaker:INFO  - Det=1 id=130 dE=   0.005 SF= 0.200 gain= 0.005 corr= 1.000 ADC=   4 ZS= 1 digiE=   0.021
StFcsFastSimulatorMaker:INFO  - Det=1 id=133 dE=   0.007 SF= 0.200 gain= 0.005 corr= 1.000 ADC=   7 ZS= 1 digiE=   0.037
StFcsFastSimulatorMaker:INFO  - Det=1 id=140 dE=   0.001 SF= 0.200 gain= 0.005 corr= 1.000 ADC=   0 ZS= 1 digiE=   0.000
StFcsFastSimulatorMaker:INFO  - Det=1 id=143 dE=   0.000 SF= 0.200 gain= 0.005 corr= 1.000 ADC=   0 ZS= 1 digiE=   0.000
StFcsFastSimulatorMaker:INFO  - Det=1 id=151 dE=   0.001 SF= 0.200 gain= 0.005 corr= 1.000 ADC=   0 ZS= 1 digiE=   0.000
StFcsFastSimulatorMaker:INFO  - Det=1 id=159 dE=   0.001 SF= 0.200 gain= 0.005 corr= 1.000 ADC=   0 ZS= 1 digiE=   0.000
StFcsFastSimulatorMaker:INFO  - Det=1 id=162 dE=   0.006 SF= 0.200 gain= 0.005 corr= 1.000 ADC=   5 ZS= 1 digiE=   0.026
StFcsFastSimulatorMaker:INFO  - Det=1 id=165 dE=   0.001 SF= 0.200 gain= 0.005 corr= 1.000 ADC=   1 ZS= 1 digiE=   0.005
StFcsFastSimulatorMaker:INFO  - Det=1 id=180 dE=   0.000 SF= 0.200 gain= 0.005 corr= 1.000 ADC=   0 ZS= 1 digiE=   0.000
StFcsFastSimulatorMaker:INFO  - Det=1 id=181 dE=   0.004 SF= 0.200 gain= 0.005 corr= 1.000 ADC=   3 ZS= 1 digiE=   0.016
StFcsFastSimulatorMaker:INFO  - Det=1 id=183 dE=   0.001 SF= 0.200 gain= 0.005 corr= 1.000 ADC=   0 ZS= 1 digiE=   0.000
StFcsFastSimulatorMaker:INFO  - Det=1 id=196 dE=   0.001 SF= 0.200 gain= 0.005 corr= 1.000 ADC=   0 ZS= 1 digiE=   0.000
StFcsFastSimulatorMaker:INFO  - Det=1 id=197 dE=   0.003 SF= 0.200 gain= 0.005 corr= 1.000 ADC=   2 ZS= 1 digiE=   0.011
StFcsFastSimulatorMaker:INFO  - Det=1 id=210 dE=   0.001 SF= 0.200 gain= 0.005 corr= 1.000 ADC=   0 ZS= 1 digiE=   0.000
StFcsFastSimulatorMaker:INFO  - Det=1 id=243 dE=   0.000 SF= 0.200 gain= 0.005 corr= 1.000 ADC=   0 ZS= 1 digiE=   0.000
StFcsFastSimulatorMaker:INFO  - Det=1 id=244 dE=   0.002 SF= 0.200 gain= 0.005 corr= 1.000 ADC=   1 ZS= 1 digiE=   0.005
StFcsFastSimulatorMaker:INFO  - Det=1 id=266 dE=   0.005 SF= 0.200 gain= 0.005 corr= 1.000 ADC=   4 ZS= 1 digiE=   0.021
StFcsFastSimulatorMaker:INFO  - Det=1 id=270 dE=   0.006 SF= 0.200 gain= 0.005 corr= 1.000 ADC=   5 ZS= 1 digiE=   0.026
StFcsFastSimulatorMaker:INFO  - Det=1 id=272 dE=   0.002 SF= 0.200 gain= 0.005 corr= 1.000 ADC=   1 ZS= 1 digiE=   0.005
StFcsFastSimulatorMaker:INFO  - Det=1 id=286 dE=   0.001 SF= 0.200 gain= 0.005 corr= 1.000 ADC=   1 ZS= 1 digiE=   0.005
StFcsFastSimulatorMaker:INFO  - Det=1 id=289 dE=   0.006 SF= 0.200 gain= 0.005 corr= 1.000 ADC=   5 ZS= 1 digiE=   0.026
StFcsFastSimulatorMaker:INFO  - Det=1 id=294 dE=   0.008 SF= 0.200 gain= 0.005 corr= 1.000 ADC=   7 ZS= 1 digiE=   0.037
StFcsFastSimulatorMaker:INFO  - Det=1 id=295 dE=   0.001 SF= 0.200 gain= 0.005 corr= 1.000 ADC=   0 ZS= 1 digiE=   0.000
StFcsFastSimulatorMaker:INFO  - Det=1 id=301 dE=   0.001 SF= 0.200 gain= 0.005 corr= 1.000 ADC=   0 ZS= 1 digiE=   0.000
StFcsFastSimulatorMaker:INFO  - Det=1 id=302 dE=   0.001 SF= 0.200 gain= 0.005 corr= 1.000 ADC=   1 ZS= 1 digiE=   0.005
StFcsFastSimulatorMaker:INFO  - Det=1 id=309 dE=   0.004 SF= 0.200 gain= 0.005 corr= 1.000 ADC=   3 ZS= 1 digiE=   0.016
StFcsFastSimulatorMaker:INFO  - Det=1 id=313 dE=   0.001 SF= 0.200 gain= 0.005 corr= 1.000 ADC=   1 ZS= 1 digiE=   0.005
StFcsFastSimulatorMaker:INFO  - Det=1 id=314 dE=   0.008 SF= 0.200 gain= 0.005 corr= 1.000 ADC=   7 ZS= 1 digiE=   0.037
StFcsFastSimulatorMaker:INFO  - Det=1 id=317 dE=   0.000 SF= 0.200 gain= 0.005 corr= 1.000 ADC=   0 ZS= 1 digiE=   0.000
StFcsFastSimulatorMaker:INFO  - Det=1 id=323 dE=   0.002 SF= 0.200 gain= 0.005 corr= 1.000 ADC=   2 ZS= 1 digiE=   0.011
StFcsFastSimulatorMaker:INFO  - Det=1 id=333 dE=   0.000 SF= 0.200 gain= 0.005 corr= 1.000 ADC=   0 ZS= 1 digiE=   0.000
StFcsFastSimulatorMaker:INFO  - Det=1 id=334 dE=   0.007 SF= 0.200 gain= 0.005 corr= 1.000 ADC=   6 ZS= 1 digiE=   0.032
StFcsFastSimulatorMaker:INFO  - Det=1 id=335 dE=   0.005 SF= 0.200 gain= 0.005 corr= 1.000 ADC=   4 ZS= 1 digiE=   0.021
StFcsFastSimulatorMaker:INFO  - Det=1 id=336 dE=   0.006 SF= 0.200 gain= 0.005 corr= 1.000 ADC=   5 ZS= 1 digiE=   0.026
StFcsFastSimulatorMaker:INFO  - Det=1 id=339 dE=   0.008 SF= 0.200 gain= 0.005 corr= 1.000 ADC=   7 ZS= 1 digiE=   0.037
StFcsFastSimulatorMaker:INFO  - Det=1 id=340 dE=   0.002 SF= 0.200 gain= 0.005 corr= 1.000 ADC=   2 ZS= 1 digiE=   0.011
StFcsFastSimulatorMaker:INFO  - Det=1 id=353 dE=   0.002 SF= 0.200 gain= 0.005 corr= 1.000 ADC=   1 ZS= 1 digiE=   0.005
StFcsFastSimulatorMaker:INFO  - Det=1 id=354 dE=   0.002 SF= 0.200 gain= 0.005 corr= 1.000 ADC=   1 ZS= 1 digiE=   0.005
StFcsFastSimulatorMaker:INFO  - Det=1 id=355 dE=   0.000 SF= 0.200 gain= 0.005 corr= 1.000 ADC=   0 ZS= 1 digiE=   0.000
StFcsFastSimulatorMaker:INFO  - Det=1 id=356 dE=   0.002 SF= 0.200 gain= 0.005 corr= 1.000 ADC=   1 ZS= 1 digiE=   0.005
StFcsFastSimulatorMaker:INFO  - Det=1 id=357 dE=   0.002 SF= 0.200 gain= 0.005 corr= 1.000 ADC=   1 ZS= 1 digiE=   0.005
StFcsFastSimulatorMaker:INFO  - Det=1 id=358 dE=   0.005 SF= 0.200 gain= 0.005 corr= 1.000 ADC=   5 ZS= 1 digiE=   0.026
StFcsFastSimulatorMaker:INFO  - Det=1 id=361 dE=   0.001 SF= 0.200 gain= 0.005 corr= 1.000 ADC=   0 ZS= 1 digiE=   0.000
StFcsFastSimulatorMaker:INFO  - Det=1 id=362 dE=   0.001 SF= 0.200 gain= 0.005 corr= 1.000 ADC=   1 ZS= 1 digiE=   0.005
StFcsFastSimulatorMaker:INFO  - Det=1 id=375 dE=   0.000 SF= 0.200 gain= 0.005 corr= 1.000 ADC=   0 ZS= 1 digiE=   0.000
StFcsFastSimulatorMaker:INFO  - Det=1 id=377 dE=   0.001 SF= 0.200 gain= 0.005 corr= 1.000 ADC=   1 ZS= 1 digiE=   0.005
StFcsFastSimulatorMaker:INFO  - Det=1 id=381 dE=   0.002 SF= 0.200 gain= 0.005 corr= 1.000 ADC=   1 ZS= 1 digiE=   0.005
StFcsFastSimulatorMaker:INFO  - Det=1 id=382 dE=   0.013 SF= 0.200 gain= 0.005 corr= 1.000 ADC=  12 ZS= 1 digiE=   0.064
StFcsFastSimulatorMaker:INFO  - Det=1 id=392 dE=   0.000 SF= 0.200 gain= 0.005 corr= 1.000 ADC=   0 ZS= 1 digiE=   0.000
StFcsFastSimulatorMaker:INFO  - Det=1 id=402 dE=   0.001 SF= 0.200 gain= 0.005 corr= 1.000 ADC=   0 ZS= 1 digiE=   0.000
StFcsFastSimulatorMaker:INFO  - Det=1 id=404 dE=   0.001 SF= 0.200 gain= 0.005 corr= 1.000 ADC=   1 ZS= 1 digiE=   0.005
StFcsFastSimulatorMaker:INFO  - Det=1 id=407 dE=   0.017 SF= 0.200 gain= 0.005 corr= 1.000 ADC=  16 ZS= 1 digiE=   0.085
StFcsFastSimulatorMaker:INFO  - Det=1 id=410 dE=   0.000 SF= 0.200 gain= 0.005 corr= 1.000 ADC=   0 ZS= 1 digiE=   0.000
StFcsFastSimulatorMaker:INFO  - Det=1 id=412 dE=   0.002 SF= 0.200 gain= 0.005 corr= 1.000 ADC=   2 ZS= 1 digiE=   0.011
StFcsFastSimulatorMaker:INFO  - Det=1 id=418 dE=   0.002 SF= 0.200 gain= 0.005 corr= 1.000 ADC=   1 ZS= 1 digiE=   0.005
StFcsFastSimulatorMaker:INFO  - Det=1 id=419 dE=   0.005 SF= 0.200 gain= 0.005 corr= 1.000 ADC=   4 ZS= 1 digiE=   0.021
StFcsFastSimulatorMaker:INFO  - Det=1 id=432 dE=   0.006 SF= 0.200 gain= 0.005 corr= 1.000 ADC=   5 ZS= 1 digiE=   0.026
StFcsFastSimulatorMaker:INFO  - Det=1 id=440 dE=   0.002 SF= 0.200 gain= 0.005 corr= 1.000 ADC=   2 ZS= 1 digiE=   0.011
StFcsFastSimulatorMaker:INFO  - Det=1 id=441 dE=   0.009 SF= 0.200 gain= 0.005 corr= 1.000 ADC=   8 ZS= 1 digiE=   0.042
StFcsFastSimulatorMaker:INFO  - Det=1 id=442 dE=   0.024 SF= 0.200 gain= 0.005 corr= 1.000 ADC=  22 ZS= 1 digiE=   0.117
StFcsFastSimulatorMaker:INFO  - Det=1 id=444 dE=   0.002 SF= 0.200 gain= 0.005 corr= 1.000 ADC=   2 ZS= 1 digiE=   0.011
StFcsFastSimulatorMaker:INFO  - Det=1 id=445 dE=   0.003 SF= 0.200 gain= 0.005 corr= 1.000 ADC=   2 ZS= 1 digiE=   0.011
StFcsFastSimulatorMaker:INFO  - Det=1 id=462 dE=   0.002 SF= 0.200 gain= 0.005 corr= 1.000 ADC=   2 ZS= 1 digiE=   0.011
StFcsFastSimulatorMaker:INFO  - Det=1 id=463 dE=   0.002 SF= 0.200 gain= 0.005 corr= 1.000 ADC=   2 ZS= 1 digiE=   0.011
StFcsFastSimulatorMaker:INFO  - Det=1 id=464 dE=   0.001 SF= 0.200 gain= 0.005 corr= 1.000 ADC=   0 ZS= 1 digiE=   0.000
StFcsFastSimulatorMaker:INFO  - Det=1 id=466 dE=   0.001 SF= 0.200 gain= 0.005 corr= 1.000 ADC=   0 ZS= 1 digiE=   0.000
StFcsFastSimulatorMaker:INFO  - Det=1 id=467 dE=   0.005 SF= 0.200 gain= 0.005 corr= 1.000 ADC=   4 ZS= 1 digiE=   0.021
StFcsFastSimulatorMaker:INFO  - Det=1 id=468 dE=   0.005 SF= 0.200 gain= 0.005 corr= 1.000 ADC=   4 ZS= 1 digiE=   0.021
StFcsFastSimulatorMaker:INFO  - Det=1 id=470 dE=   0.001 SF= 0.200 gain= 0.005 corr= 1.000 ADC=   0 ZS= 1 digiE=   0.000
StFcsFastSimulatorMaker:INFO  - Det=1 id=484 dE=   0.014 SF= 0.200 gain= 0.005 corr= 1.000 ADC=  13 ZS= 1 digiE=   0.069
StFcsFastSimulatorMaker:INFO  - Det=1 id=486 dE=   0.000 SF= 0.200 gain= 0.005 corr= 1.000 ADC=   0 ZS= 1 digiE=   0.000
StFcsFastSimulatorMaker:INFO  - Det=1 id=487 dE=   0.002 SF= 0.200 gain= 0.005 corr= 1.000 ADC=   1 ZS= 1 digiE=   0.005
StFcsFastSimulatorMaker:INFO  - Det=1 id=489 dE=   0.021 SF= 0.200 gain= 0.005 corr= 1.000 ADC=  19 ZS= 1 digiE=   0.101
StFcsFastSimulatorMaker:INFO  - Det=1 id=491 dE=   0.001 SF= 0.200 gain= 0.005 corr= 1.000 ADC=   0 ZS= 1 digiE=   0.000
StFcsFastSimulatorMaker:INFO  - Det=1 id=494 dE=   0.002 SF= 0.200 gain= 0.005 corr= 1.000 ADC=   1 ZS= 1 digiE=   0.005
StFcsFastSimulatorMaker:INFO  - Det=1 id=503 dE=   0.004 SF= 0.200 gain= 0.005 corr= 1.000 ADC=   3 ZS= 1 digiE=   0.016
StFcsFastSimulatorMaker:INFO  - Det=1 id=506 dE=   0.035 SF= 0.200 gain= 0.005 corr= 1.000 ADC=  33 ZS= 1 digiE=   0.175
StFcsFastSimulatorMaker:INFO  - Det=1 id=507 dE=   0.005 SF= 0.200 gain= 0.005 corr= 1.000 ADC=   4 ZS= 1 digiE=   0.021
StFcsFastSimulatorMaker:INFO  - Det=1 id=508 dE=   0.001 SF= 0.200 gain= 0.005 corr= 1.000 ADC=   0 ZS= 1 digiE=   0.000
StFcsFastSimulatorMaker:INFO  - Det=1 id=509 dE=   0.008 SF= 0.200 gain= 0.005 corr= 1.000 ADC=   7 ZS= 1 digiE=   0.037
StFcsFastSimulatorMaker:INFO  - Det=1 id=510 dE=   0.001 SF= 0.200 gain= 0.005 corr= 1.000 ADC=   0 ZS= 1 digiE=   0.000
StFcsFastSimulatorMaker:INFO  - Det=1 id=512 dE=   0.001 SF= 0.200 gain= 0.005 corr= 1.000 ADC=   0 ZS= 1 digiE=   0.000
StFcsFastSimulatorMaker:INFO  - Det=1 id=516 dE=   0.001 SF= 0.200 gain= 0.005 corr= 1.000 ADC=   0 ZS= 1 digiE=   0.000
StFcsFastSimulatorMaker:INFO  - Det=1 id=520 dE=   0.000 SF= 0.200 gain= 0.005 corr= 1.000 ADC=   0 ZS= 1 digiE=   0.000
StFcsFastSimulatorMaker:INFO  - Det=1 id=528 dE=   0.006 SF= 0.200 gain= 0.005 corr= 1.000 ADC=   5 ZS= 1 digiE=   0.026
StFcsFastSimulatorMaker:INFO  - Det=1 id=531 dE=   0.002 SF= 0.200 gain= 0.005 corr= 1.000 ADC=   1 ZS= 1 digiE=   0.005
StFcsFastSimulatorMaker:INFO  - Det=1 id=532 dE=   0.013 SF= 0.200 gain= 0.005 corr= 1.000 ADC=  12 ZS= 1 digiE=   0.064
StFcsFastSimulatorMaker:INFO  - Det=1 id=533 dE=   0.014 SF= 0.200 gain= 0.005 corr= 1.000 ADC=  13 ZS= 1 digiE=   0.069
StFcsFastSimulatorMaker:INFO  - Det=1 id=534 dE=   0.001 SF= 0.200 gain= 0.005 corr= 1.000 ADC=   0 ZS= 1 digiE=   0.000
StFcsFastSimulatorMaker:INFO  - Det=1 id=537 dE=   0.001 SF= 0.200 gain= 0.005 corr= 1.000 ADC=   1 ZS= 1 digiE=   0.005
StFcsFastSimulatorMaker:INFO  - Det=1 id=540 dE=   0.002 SF= 0.200 gain= 0.005 corr= 1.000 ADC=   1 ZS= 1 digiE=   0.005
StFcsFastSimulatorMaker:INFO  - Det=1 id=550 dE=   0.005 SF= 0.200 gain= 0.005 corr= 1.000 ADC=   4 ZS= 1 digiE=   0.021
StFcsFastSimulatorMaker:INFO  - Det=1 id=551 dE=   0.007 SF= 0.200 gain= 0.005 corr= 1.000 ADC=   6 ZS= 1 digiE=   0.032
StFcsFastSimulatorMaker:INFO  - Det=1 id=552 dE=   0.002 SF= 0.200 gain= 0.005 corr= 1.000 ADC=   2 ZS= 1 digiE=   0.011
StFcsFastSimulatorMaker:INFO  - Det=1 id=554 dE=   0.006 SF= 0.200 gain= 0.005 corr= 1.000 ADC=   5 ZS= 1 digiE=   0.026
StFcsFastSimulatorMaker:INFO  - Det=1 id=555 dE=   0.001 SF= 0.200 gain= 0.005 corr= 1.000 ADC=   0 ZS= 1 digiE=   0.000
StFcsFastSimulatorMaker:INFO  - Det=1 id=559 dE=   0.002 SF= 0.200 gain= 0.005 corr= 1.000 ADC=   2 ZS= 1 digiE=   0.011
StFcsFastSimulatorMaker:INFO  - Det=1 id=566 dE=   0.000 SF= 0.200 gain= 0.005 corr= 1.000 ADC=   0 ZS= 1 digiE=   0.000
StFcsFastSimulatorMaker:INFO  - Det=1 id=572 dE=   0.007 SF= 0.200 gain= 0.005 corr= 1.000 ADC=   6 ZS= 1 digiE=   0.032
StFcsFastSimulatorMaker:INFO  - Det=1 id=574 dE=   0.001 SF= 0.200 gain= 0.005 corr= 1.000 ADC=   0 ZS= 1 digiE=   0.000
StFcsFastSimulatorMaker:INFO  - Det=1 id=575 dE=   0.001 SF= 0.200 gain= 0.005 corr= 1.000 ADC=   0 ZS= 1 digiE=   0.000
StFcsFastSimulatorMaker:INFO  - Det=1 id=577 dE=   0.003 SF= 0.200 gain= 0.005 corr= 1.000 ADC=   3 ZS= 1 digiE=   0.016
StFcsFastSimulatorMaker:INFO  - Det=1 id=581 dE=   0.010 SF= 0.200 gain= 0.005 corr= 1.000 ADC=   9 ZS= 1 digiE=   0.048
StFcsFastSimulatorMaker:INFO  - Det=1 id=587 dE=   0.003 SF= 0.200 gain= 0.005 corr= 1.000 ADC=   2 ZS= 1 digiE=   0.011
StFcsFastSimulatorMaker:INFO  - Det=1 id=594 dE=   0.008 SF= 0.200 gain= 0.005 corr= 1.000 ADC=   7 ZS= 1 digiE=   0.037
StFcsFastSimulatorMaker:INFO  - Det=1 id=595 dE=   0.014 SF= 0.200 gain= 0.005 corr= 1.000 ADC=  13 ZS= 1 digiE=   0.069
StFcsFastSimulatorMaker:INFO  - Det=1 id=596 dE=   0.004 SF= 0.200 gain= 0.005 corr= 1.000 ADC=   4 ZS= 1 digiE=   0.021
StFcsFastSimulatorMaker:INFO  - Det=1 id=597 dE=   0.013 SF= 0.200 gain= 0.005 corr= 1.000 ADC=  12 ZS= 1 digiE=   0.064
StFcsFastSimulatorMaker:INFO  - Det=1 id=598 dE=   0.000 SF= 0.200 gain= 0.005 corr= 1.000 ADC=   0 ZS= 1 digiE=   0.000
StFcsFastSimulatorMaker:INFO  - Det=1 id=599 dE=   0.003 SF= 0.200 gain= 0.005 corr= 1.000 ADC=   2 ZS= 1 digiE=   0.011
StFcsFastSimulatorMaker:INFO  - Det=1 id=604 dE=   0.005 SF= 0.200 gain= 0.005 corr= 1.000 ADC=   4 ZS= 1 digiE=   0.021
StFcsFastSimulatorMaker:INFO  - Det=1 id=605 dE=   0.000 SF= 0.200 gain= 0.005 corr= 1.000 ADC=   0 ZS= 1 digiE=   0.000
StFcsFastSimulatorMaker:INFO  - Det=1 id=610 dE=   0.000 SF= 0.200 gain= 0.005 corr= 1.000 ADC=   0 ZS= 1 digiE=   0.000
StFcsFastSimulatorMaker:INFO  - Det=1 id=616 dE=   0.006 SF= 0.200 gain= 0.005 corr= 1.000 ADC=   5 ZS= 1 digiE=   0.026
StFcsFastSimulatorMaker:INFO  - Det=1 id=617 dE=   0.020 SF= 0.200 gain= 0.005 corr= 1.000 ADC=  18 ZS= 1 digiE=   0.095
StFcsFastSimulatorMaker:INFO  - Det=1 id=620 dE=   0.003 SF= 0.200 gain= 0.005 corr= 1.000 ADC=   3 ZS= 1 digiE=   0.016
StFcsFastSimulatorMaker:INFO  - Det=1 id=621 dE=   0.001 SF= 0.200 gain= 0.005 corr= 1.000 ADC=   0 ZS= 1 digiE=   0.000
StFcsFastSimulatorMaker:INFO  - Det=1 id=622 dE=   0.003 SF= 0.200 gain= 0.005 corr= 1.000 ADC=   2 ZS= 1 digiE=   0.011
StFcsFastSimulatorMaker:INFO  - Det=1 id=623 dE=   0.000 SF= 0.200 gain= 0.005 corr= 1.000 ADC=   0 ZS= 1 digiE=   0.000
StFcsFastSimulatorMaker:INFO  - Det=1 id=624 dE=   0.001 SF= 0.200 gain= 0.005 corr= 1.000 ADC=   1 ZS= 1 digiE=   0.005
StFcsFastSimulatorMaker:INFO  - Det=1 id=626 dE=   0.002 SF= 0.200 gain= 0.005 corr= 1.000 ADC=   1 ZS= 1 digiE=   0.005
StFcsFastSimulatorMaker:INFO  - Det=1 id=627 dE=   0.004 SF= 0.200 gain= 0.005 corr= 1.000 ADC=   4 ZS= 1 digiE=   0.021
StFcsFastSimulatorMaker:INFO  - Det=1 id=628 dE=   0.003 SF= 0.200 gain= 0.005 corr= 1.000 ADC=   3 ZS= 1 digiE=   0.016
StFcsFastSimulatorMaker:INFO  - Det=1 id=629 dE=   0.006 SF= 0.200 gain= 0.005 corr= 1.000 ADC=   5 ZS= 1 digiE=   0.026
StFcsFastSimulatorMaker:INFO  - Det=1 id=638 dE=   0.002 SF= 0.200 gain= 0.005 corr= 1.000 ADC=   1 ZS= 1 digiE=   0.005
StFcsFastSimulatorMaker:INFO  - Det=1 id=639 dE=   0.003 SF= 0.200 gain= 0.005 corr= 1.000 ADC=   2 ZS= 1 digiE=   0.011
StFcsFastSimulatorMaker:INFO  - Det=1 id=641 dE=   0.005 SF= 0.200 gain= 0.005 corr= 1.000 ADC=   4 ZS= 1 digiE=   0.021
StFcsFastSimulatorMaker:INFO  - Det=1 id=642 dE=   0.005 SF= 0.200 gain= 0.005 corr= 1.000 ADC=   4 ZS= 1 digiE=   0.021
StFcsFastSimulatorMaker:INFO  - Det=1 id=650 dE=   0.000 SF= 0.200 gain= 0.005 corr= 1.000 ADC=   0 ZS= 1 digiE=   0.000
StFcsFastSimulatorMaker:INFO  - Det=1 id=653 dE=   0.002 SF= 0.200 gain= 0.005 corr= 1.000 ADC=   1 ZS= 1 digiE=   0.005
StFcsFastSimulatorMaker:INFO  - Det=1 id=659 dE=   0.004 SF= 0.200 gain= 0.005 corr= 1.000 ADC=   3 ZS= 1 digiE=   0.016
StFcsFastSimulatorMaker:INFO  - Det=1 id=660 dE=   0.001 SF= 0.200 gain= 0.005 corr= 1.000 ADC=   0 ZS= 1 digiE=   0.000
StFcsFastSimulatorMaker:INFO  - Det=1 id=661 dE=   0.012 SF= 0.200 gain= 0.005 corr= 1.000 ADC=  11 ZS= 1 digiE=   0.058
StFcsFastSimulatorMaker:INFO  - Det=1 id=667 dE=   0.002 SF= 0.200 gain= 0.005 corr= 1.000 ADC=   1 ZS= 1 digiE=   0.005
StFcsFastSimulatorMaker:INFO  - Det=1 id=670 dE=   0.000 SF= 0.200 gain= 0.005 corr= 1.000 ADC=   0 ZS= 1 digiE=   0.000
StFcsFastSimulatorMaker:INFO  - Det=1 id=681 dE=   0.008 SF= 0.200 gain= 0.005 corr= 1.000 ADC=   7 ZS= 1 digiE=   0.037
StFcsFastSimulatorMaker:INFO  - Det=1 id=682 dE=   0.002 SF= 0.200 gain= 0.005 corr= 1.000 ADC=   1 ZS= 1 digiE=   0.005
StFcsFastSimulatorMaker:INFO  - Det=1 id=683 dE=   0.001 SF= 0.200 gain= 0.005 corr= 1.000 ADC=   1 ZS= 1 digiE=   0.005
StFcsFastSimulatorMaker:INFO  - Det=1 id=684 dE=   0.007 SF= 0.200 gain= 0.005 corr= 1.000 ADC=   6 ZS= 1 digiE=   0.032
StFcsFastSimulatorMaker:INFO  - Det=1 id=686 dE=   0.000 SF= 0.200 gain= 0.005 corr= 1.000 ADC=   0 ZS= 1 digiE=   0.000
StFcsFastSimulatorMaker:INFO  - Det=1 id=689 dE=   0.000 SF= 0.200 gain= 0.005 corr= 1.000 ADC=   0 ZS= 1 digiE=   0.000
StFcsFastSimulatorMaker:INFO  - Det=1 id=695 dE=   0.001 SF= 0.200 gain= 0.005 corr= 1.000 ADC=   0 ZS= 1 digiE=   0.000
StFcsFastSimulatorMaker:INFO  - Det=1 id=702 dE=   0.005 SF= 0.200 gain= 0.005 corr= 1.000 ADC=   4 ZS= 1 digiE=   0.021
StFcsFastSimulatorMaker:INFO  - Det=1 id=704 dE=   0.001 SF= 0.200 gain= 0.005 corr= 1.000 ADC=   0 ZS= 1 digiE=   0.000
StFcsFastSimulatorMaker:INFO  - Det=1 id=708 dE=   0.002 SF= 0.200 gain= 0.005 corr= 1.000 ADC=   1 ZS= 1 digiE=   0.005
StFcsFastSimulatorMaker:INFO  - Det=1 id=711 dE=   0.001 SF= 0.200 gain= 0.005 corr= 1.000 ADC=   1 ZS= 1 digiE=   0.005
StFcsFastSimulatorMaker:INFO  - Det=1 id=715 dE=   0.001 SF= 0.200 gain= 0.005 corr= 1.000 ADC=   0 ZS= 1 digiE=   0.000
StFcsFastSimulatorMaker:INFO  - Det=1 id=717 dE=   0.000 SF= 0.200 gain= 0.005 corr= 1.000 ADC=   0 ZS= 1 digiE=   0.000
StFcsFastSimulatorMaker:INFO  - Det=1 id=726 dE=   0.001 SF= 0.200 gain= 0.005 corr= 1.000 ADC=   0 ZS= 1 digiE=   0.000
StFcsFastSimulatorMaker:INFO  - Det=1 id=727 dE=   0.000 SF= 0.200 gain= 0.005 corr= 1.000 ADC=   0 ZS= 1 digiE=   0.000
StFcsFastSimulatorMaker:INFO  - Det=1 id=728 dE=   0.001 SF= 0.200 gain= 0.005 corr= 1.000 ADC=   0 ZS= 1 digiE=   0.000
StFcsFastSimulatorMaker:INFO  - Det=1 id=729 dE=   0.000 SF= 0.200 gain= 0.005 corr= 1.000 ADC=   0 ZS= 1 digiE=   0.000
StFcsFastSimulatorMaker:INFO  - Det=1 id=733 dE=   0.003 SF= 0.200 gain= 0.005 corr= 1.000 ADC=   2 ZS= 1 digiE=   0.011
StFcsFastSimulatorMaker:INFO  - Det=1 id=740 dE=   0.004 SF= 0.200 gain= 0.005 corr= 1.000 ADC=   3 ZS= 1 digiE=   0.016
StFcsFastSimulatorMaker:INFO  - Det=2 id= 97 dE=   0.001 SF= 0.014 gain= 0.005 corr= 1.000 ADC=  11 ZS= 1 digiE=   0.058
StFcsFastSimulatorMaker:INFO  - Det=2 id=104 dE=   0.000 SF= 0.014 gain= 0.005 corr= 1.000 ADC=   0 ZS= 1 digiE=   0.000
StFcsFastSimulatorMaker:INFO  - Det=2 id=117 dE=   0.000 SF= 0.014 gain= 0.005 corr= 1.000 ADC=   1 ZS= 1 digiE=   0.005
StFcsFastSimulatorMaker:INFO  - Det=2 id=143 dE=   0.000 SF= 0.014 gain= 0.005 corr= 1.000 ADC=   0 ZS= 1 digiE=   0.000
StFcsFastSimulatorMaker:INFO  - Det=2 id=156 dE=   0.003 SF= 0.014 gain= 0.005 corr= 1.000 ADC=  43 ZS= 1 digiE=   0.228
StFcsFastSimulatorMaker:INFO  - Det=2 id=221 dE=   0.001 SF= 0.014 gain= 0.005 corr= 1.000 ADC=  10 ZS= 1 digiE=   0.053
StFcsFastSimulatorMaker:INFO  - Det=3 id=182 dE=   0.001 SF= 0.014 gain= 0.005 corr= 1.000 ADC=   7 ZS= 1 digiE=   0.037
StFcsFastSimulatorMaker:INFO  - Det=3 id=195 dE=   0.002 SF= 0.014 gain= 0.005 corr= 1.000 ADC=  20 ZS= 1 digiE=   0.106
StFcsFastSimulatorMaker:INFO  - Det=3 id=208 dE=   0.001 SF= 0.014 gain= 0.005 corr= 1.000 ADC=  16 ZS= 1 digiE=   0.085
StFcsFastSimulatorMaker:INFO  - Det=3 id=234 dE=   0.001 SF= 0.014 gain= 0.005 corr= 1.000 ADC=  13 ZS= 1 digiE=   0.069
StFcsFastSimulatorMaker:INFO  - wca Found 309 g2t hits in 144 cells, created 144 hits with ADC>ZS(1) and Etot=   4.680
StFcsFastSimulatorMaker:INFO  - hca Found 10 g2t hits in 7 cells, created 7 hits with ADC>ZS(1) and Etot=   0.636
StFcsFastSimulatorMaker:INFO  - pre Found 0 g2t hits in 0 cells, created 0 hits with ADC>ZS(1) and Etot=   0.000
StFcsFastSimulatorMaker:INFO  - *** StFcsFastSimulatorMaker::Make() == StOK(0) ***
StFcsWaveformFitMaker:INFO  - *** StFcsWaveformFitMaker::Make() == StOK(0) ***
StFcsClusterMaker:DEBUG - StFcsClusterMaker Make!!!
  *** Print FCS collection ***  RecFlag=0
  *** FCS Det=0 *** NHit= 67 NCluster=  7 NPoint=  0
StFcsHit: det= 0 id=530 | ns=0 ehp=0 dep=10 ch=29 | Ntb=  1 Sum=     0 Fit=  0.00   0.00 E=  0.12 |   22 (  0) 
StFcsHit: det= 0 id=462 | ns=0 ehp=0 dep=22 ch=20 | Ntb=  1 Sum=     0 Fit=  0.00   0.00 E=  0.11 |   21 (  0) 
StFcsHit: det= 0 id=396 | ns=0 ehp=0 dep=22 ch=17 | Ntb=  1 Sum=     0 Fit=  0.00   0.00 E=  0.10 |   19 (  0) 
StFcsHit: det= 0 id=484 | ns=0 ehp=0 dep=22 ch=21 | Ntb=  1 Sum=     0 Fit=  0.00   0.00 E=  0.09 |   17 (  0) 
StFcsHit: det= 0 id=528 | ns=0 ehp=0 dep=22 ch=23 | Ntb=  1 Sum=     0 Fit=  0.00   0.00 E=  0.08 |   15 (  0) 
StFcsHit: det= 0 id=494 | ns=0 ehp=0 dep=12 ch=21 | Ntb=  1 Sum=     0 Fit=  0.00   0.00 E=  0.08 |   15 (  0) 
StFcsHit: det= 0 id=353 | ns=0 ehp=0 dep= 5 ch=28 | Ntb=  1 Sum=     0 Fit=  0.00   0.00 E=  0.06 |   12 (  0) 
StFcsHit: det= 0 id=555 | ns=0 ehp=0 dep=16 ch= 0 | Ntb=  1 Sum=     0 Fit=  0.00   0.00 E=  0.06 |   12 (  0) 
StFcsHit: det= 0 id=552 | ns=0 ehp=0 dep=15 ch= 1 | Ntb=  1 Sum=     0 Fit=  0.00   0.00 E=  0.06 |   12 (  0) 
StFcsHit: det= 0 id=492 | ns=0 ehp=0 dep=11 ch=23 | Ntb=  1 Sum=     0 Fit=  0.00   0.00 E=  0.05 |    9 (  0) 
StFcsHit: det= 0 id=465 | ns=0 ehp=0 dep=10 ch=18 | Ntb=  1 Sum=     0 Fit=  0.00   0.00 E=  0.05 |    9 (  0) 
StFcsHit: det= 0 id=377 | ns=0 ehp=0 dep=10 ch= 2 | Ntb=  1 Sum=     0 Fit=  0.00   0.00 E=  0.04 |    8 (  0) 
StFcsHit: det= 0 id=294 | ns=0 ehp=0 dep= 6 ch=19 | Ntb=  1 Sum=     0 Fit=  0.00   0.00 E=  0.04 |    8 (  0) 
StFcsHit: det= 0 id=533 | ns=0 ehp=0 dep=11 ch=28 | Ntb=  1 Sum=     0 Fit=  0.00   0.00 E=  0.04 |    8 (  0) 
StFcsHit: det= 0 id=421 | ns=0 ehp=0 dep=10 ch=10 | Ntb=  1 Sum=     0 Fit=  0.00   0.00 E=  0.04 |    8 (  0) 
StFcsHit: det= 0 id=508 | ns=0 ehp=0 dep=10 ch=25 | Ntb=  1 Sum=     0 Fit=  0.00   0.00 E=  0.04 |    7 (  0) 
StFcsHit: det= 0 id=440 | ns=0 ehp=0 dep=22 ch=19 | Ntb=  1 Sum=     0 Fit=  0.00   0.00 E=  0.04 |    7 (  0) 
StFcsHit: det= 0 id=514 | ns=0 ehp=0 dep=11 ch=27 | Ntb=  1 Sum=     0 Fit=  0.00   0.00 E=  0.04 |    7 (  0) 
StFcsHit: det= 0 id=601 | ns=0 ehp=0 dep=16 ch=10 | Ntb=  1 Sum=     0 Fit=  0.00   0.00 E=  0.04 |    7 (  0) 
StFcsHit: det= 0 id=263 | ns=0 ehp=0 dep=23 ch=10 | Ntb=  1 Sum=     0 Fit=  0.00   0.00 E=  0.04 |    7 (  0) 
StFcsHit: det= 0 id=371 | ns=0 ehp=0 dep= 9 ch=30 | Ntb=  1 Sum=     0 Fit=  0.00   0.00 E=  0.04 |    7 (  0) 
StFcsHit: det= 0 id=384 | ns=0 ehp=0 dep=12 ch= 1 | Ntb=  1 Sum=     0 Fit=  0.00   0.00 E=  0.04 |    7 (  0) 
StFcsHit: det= 0 id=397 | ns=0 ehp=0 dep=10 ch= 4 | Ntb=  1 Sum=     0 Fit=  0.00   0.00 E=  0.04 |    7 (  0) 
StFcsHit: det= 0 id=403 | ns=0 ehp=0 dep=11 ch= 6 | Ntb=  1 Sum=     0 Fit=  0.00   0.00 E=  0.04 |    7 (  0) 
StFcsHit: det= 0 id=577 | ns=0 ehp=0 dep=16 ch= 4 | Ntb=  1 Sum=     0 Fit=  0.00   0.00 E=  0.03 |    6 (  0) 
StFcsHit: det= 0 id=534 | ns=0 ehp=0 dep=11 ch=29 | Ntb=  1 Sum=     0 Fit=  0.00   0.00 E=  0.03 |    6 (  0) 
StFcsHit: det= 0 id=664 | ns=0 ehp=0 dep=15 ch=23 | Ntb=  1 Sum=     0 Fit=  0.00   0.00 E=  0.03 |    6 (  0) 
StFcsHit: det= 0 id=594 | ns=0 ehp=0 dep=22 ch=26 | Ntb=  1 Sum=     0 Fit=  0.00   0.00 E=  0.03 |    6 (  0) 
StFcsHit: det= 0 id=619 | ns=0 ehp=0 dep=15 ch=14 | Ntb=  1 Sum=     0 Fit=  0.00   0.00 E=  0.03 |    6 (  0) 
StFcsHit: det= 0 id=443 | ns=0 ehp=0 dep=10 ch=14 | Ntb=  1 Sum=     0 Fit=  0.00   0.00 E=  0.03 |    6 (  0) 
StFcsHit: det= 0 id=420 | ns=0 ehp=0 dep=10 ch= 9 | Ntb=  1 Sum=     0 Fit=  0.00   0.00 E=  0.03 |    6 (  0) 
StFcsHit: det= 0 id=575 | ns=0 ehp=0 dep=15 ch= 6 | Ntb=  1 Sum=     0 Fit=  0.00   0.00 E=  0.03 |    5 (  0) 
StFcsHit: det= 0 id=159 | ns=0 ehp=0 dep= 1 ch=24 | Ntb=  1 Sum=     0 Fit=  0.00   0.00 E=  0.03 |    5 (  0) 
StFcsHit: det= 0 id=616 | ns=0 ehp=0 dep=22 ch=27 | Ntb=  1 Sum=     0 Fit=  0.00   0.00 E=  0.03 |    5 (  0) 
StFcsHit: det= 0 id=640 | ns=0 ehp=0 dep=15 ch=17 | Ntb=  1 Sum=     0 Fit=  0.00   0.00 E=  0.03 |    5 (  0) 
StFcsHit: det= 0 id=506 | ns=0 ehp=0 dep=22 ch=22 | Ntb=  1 Sum=     0 Fit=  0.00   0.00 E=  0.03 |    5 (  0) 
StFcsHit: det= 0 id=509 | ns=0 ehp=0 dep=10 ch=26 | Ntb=  1 Sum=     0 Fit=  0.00   0.00 E=  0.03 |    5 (  0) 
StFcsHit: det= 0 id=665 | ns=0 ehp=0 dep=16 ch=20 | Ntb=  1 Sum=     0 Fit=  0.00   0.00 E=  0.03 |    5 (  0) 
StFcsHit: det= 0 id=683 | ns=0 ehp=0 dep=15 ch=24 | Ntb=  1 Sum=     0 Fit=  0.00   0.00 E=  0.02 |    4 (  0) 
StFcsHit: det= 0 id=643 | ns=0 ehp=0 dep=16 ch=16 | Ntb=  1 Sum=     0 Fit=  0.00   0.00 E=  0.02 |    4 (  0) 
StFcsHit: det= 0 id=599 | ns=0 ehp=0 dep=16 ch= 8 | Ntb=  1 Sum=     0 Fit=  0.00   0.00 E=  0.02 |    4 (  0) 
StFcsHit: det= 0 id=739 | ns=0 ehp=0 dep=21 ch=13 | Ntb=  1 Sum=     0 Fit=  0.00   0.00 E=  0.02 |    4 (  0) 
StFcsHit: det= 0 id=602 | ns=0 ehp=0 dep=16 ch=11 | Ntb=  1 Sum=     0 Fit=  0.00   0.00 E=  0.02 |    4 (  0) 
StFcsHit: det= 0 id=352 | ns=0 ehp=0 dep=22 ch=15 | Ntb=  1 Sum=     0 Fit=  0.00   0.00 E=  0.02 |    4 (  0) 
StFcsHit: det= 0 id=511 | ns=0 ehp=0 dep=11 ch=24 | Ntb=  1 Sum=     0 Fit=  0.00   0.00 E=  0.02 |    4 (  0) 
StFcsHit: det= 0 id=529 | ns=0 ehp=0 dep=10 ch=28 | Ntb=  1 Sum=     0 Fit=  0.00   0.00 E=  0.02 |    4 (  0) 
StFcsHit: det= 0 id=426 | ns=0 ehp=0 dep=11 ch=11 | Ntb=  1 Sum=     0 Fit=  0.00   0.00 E=  0.02 |    3 (  0) 
StFcsHit: det= 0 id= 12 | ns=0 ehp=0 dep=20 ch=12 | Ntb=  1 Sum=     0 Fit=  0.00   0.00 E=  0.02 |    3 (  0) 
StFcsHit: det= 0 id= 48 | ns=0 ehp=0 dep= 0 ch= 7 | Ntb=  1 Sum=     0 Fit=  0.00   0.00 E=  0.02 |    3 (  0) 
StFcsHit: det= 0 id=618 | ns=0 ehp=0 dep=15 ch=13 | Ntb=  1 Sum=     0 Fit=  0.00   0.00 E=  0.02 |    3 (  0) 
StFcsHit: det= 0 id=448 | ns=0 ehp=0 dep=11 ch=15 | Ntb=  1 Sum=     0 Fit=  0.00   0.00 E=  0.02 |    3 (  0) 
StFcsHit: det= 0 id=466 | ns=0 ehp=0 dep=10 ch=19 | Ntb=  1 Sum=     0 Fit=  0.00   0.00 E=  0.02 |    3 (  0) 
StFcsHit: det= 0 id=491 | ns=0 ehp=0 dep=11 ch=22 | Ntb=  1 Sum=     0 Fit=  0.00   0.00 E=  0.02 |    3 (  0) 
StFcsHit: det= 0 id=513 | ns=0 ehp=0 dep=11 ch=26 | Ntb=  1 Sum=     0 Fit=  0.00   0.00 E=  0.02 |    3 (  0) 
StFcsHit: det= 0 id=595 | ns=0 ehp=0 dep=15 ch= 8 | Ntb=  1 Sum=     0 Fit=  0.00   0.00 E=  0.01 |    2 (  0) 
StFcsHit: det= 0 id=485 | ns=0 ehp=0 dep=10 ch=20 | Ntb=  1 Sum=     0 Fit=  0.00   0.00 E=  0.01 |    2 (  0) 
StFcsHit: det= 0 id=444 | ns=0 ehp=0 dep=10 ch=15 | Ntb=  1 Sum=     0 Fit=  0.00   0.00 E=  0.01 |    2 (  0) 
StFcsHit: det= 0 id=490 | ns=0 ehp=0 dep=11 ch=21 | Ntb=  1 Sum=     0 Fit=  0.00   0.00 E=  0.01 |    2 (  0) 
StFcsHit: det= 0 id=603 | ns=0 ehp=0 dep=17 ch= 8 | Ntb=  1 Sum=     0 Fit=  0.00   0.00 E=  0.01 |    2 (  0) 
StFcsHit: det= 0 id=419 | ns=0 ehp=0 dep=10 ch= 8 | Ntb=  1 Sum=     0 Fit=  0.00   0.00 E=  0.01 |    2 (  0) 
StFcsHit: det= 0 id=418 | ns=0 ehp=0 dep=22 ch=18 | Ntb=  1 Sum=     0 Fit=  0.00   0.00 E=  0.01 |    2 (  0) 
StFcsHit: det= 0 id=536 | ns=0 ehp=0 dep=11 ch=31 | Ntb=  1 Sum=     0 Fit=  0.00   0.00 E=  0.01 |    2 (  0) 
StFcsHit: det= 0 id=317 | ns=0 ehp=0 dep= 7 ch=20 | Ntb=  1 Sum=     0 Fit=  0.00   0.00 E=  0.01 |    2 (  0) 
StFcsHit: det= 0 id=248 | ns=0 ehp=0 dep= 6 ch= 9 | Ntb=  1 Sum=     0 Fit=  0.00   0.00 E=  0.01 |    2 (  0) 
StFcsHit: det= 0 id=134 | ns=0 ehp=0 dep= 0 ch=21 | Ntb=  1 Sum=     0 Fit=  0.00   0.00 E=  0.01 |    2 (  0) 
StFcsHit: det= 0 id=713 | ns=0 ehp=0 dep=17 ch=28 | Ntb=  1 Sum=     0 Fit=  0.00   0.00 E=  0.01 |    2 (  0) 
StFcsHit: det= 0 id=527 | ns=0 ehp=0 dep=23 ch=22 | Ntb=  1 Sum=     0 Fit=  0.00   0.00 E=  0.01 |    2 (  0) 
StFcsCluster id=   0 ctg=1 n= 5 nNeigh=1 nPoints=0 loc=   2.50   24.50 PXYZE=  -0.01   -0.02    0.26    0.26 E=   0.26 sigMin/max=   0.00    0.00 Chi2=   0.00    0.00
StFcsCluster id=   1 ctg=1 n= 4 nNeigh=2 nPoints=0 loc=   0.50   21.50 PXYZE=  -0.01   -0.01    0.25    0.25 E=   0.25 sigMin/max=   0.00    0.00 Chi2=   0.00    0.00
StFcsCluster id=   2 ctg=1 n= 4 nNeigh=1 nPoints=0 loc=   0.50   18.50 PXYZE=  -0.00   -0.00    0.16    0.16 E=   0.16 sigMin/max=   0.00    0.00 Chi2=   0.00    0.00
StFcsCluster id=   3 ctg=1 n= 2 nNeigh=2 nPoints=0 loc=   0.50   24.25 PXYZE=  -0.00   -0.01    0.11    0.11 E=   0.11 sigMin/max=   0.00    0.44 Chi2=   0.00    0.00
StFcsCluster id=   4 ctg=1 n= 1 nNeigh=0 nPoints=0 loc=  10.50   22.50 PXYZE=  -0.01   -0.00    0.08    0.08 E=   0.08 sigMin/max=   0.00    0.00 Chi2=   0.00    0.00
StFcsCluster id=   5 ctg=1 n= 2 nNeigh=0 nPoints=0 loc=   1.25   16.50 PXYZE=  -0.00   -0.00    0.08    0.08 E=   0.08 sigMin/max=   0.00    0.44 Chi2=   0.00    0.00
StFcsCluster id=   6 ctg=1 n= 6 nNeigh=0 nPoints=0 loc=   5.65   25.30 PXYZE=  -0.01   -0.02    0.21    0.21 E=   0.21 sigMin/max=   0.34    1.13 Chi2=   0.00    0.00
  *** FCS Det=1 *** NHit= 77 NCluster=  9 NPoint=  0
StFcsHit: det= 1 id=506 | ns=1 ehp=0 dep=22 ch=22 | Ntb=  1 Sum=     0 Fit=  0.00   0.00 E=  0.17 |   33 (  0) 
StFcsHit: det= 1 id=442 | ns=1 ehp=0 dep=10 ch=13 | Ntb=  1 Sum=     0 Fit=  0.00   0.00 E=  0.12 |   22 (  0) 
StFcsHit: det= 1 id=489 | ns=1 ehp=0 dep=11 ch=20 | Ntb=  1 Sum=     0 Fit=  0.00   0.00 E=  0.10 |   19 (  0) 
StFcsHit: det= 1 id=617 | ns=1 ehp=0 dep=15 ch=12 | Ntb=  1 Sum=     0 Fit=  0.00   0.00 E=  0.10 |   18 (  0) 
StFcsHit: det= 1 id=407 | ns=1 ehp=0 dep=12 ch= 6 | Ntb=  1 Sum=     0 Fit=  0.00   0.00 E=  0.08 |   16 (  0) 
StFcsHit: det= 1 id=533 | ns=1 ehp=0 dep=11 ch=28 | Ntb=  1 Sum=     0 Fit=  0.00   0.00 E=  0.07 |   13 (  0) 
StFcsHit: det= 1 id=484 | ns=1 ehp=0 dep=22 ch=21 | Ntb=  1 Sum=     0 Fit=  0.00   0.00 E=  0.07 |   13 (  0) 
StFcsHit: det= 1 id=595 | ns=1 ehp=0 dep=15 ch= 8 | Ntb=  1 Sum=     0 Fit=  0.00   0.00 E=  0.07 |   13 (  0) 
StFcsHit: det= 1 id=597 | ns=1 ehp=0 dep=15 ch=10 | Ntb=  1 Sum=     0 Fit=  0.00   0.00 E=  0.06 |   12 (  0) 
StFcsHit: det= 1 id=382 | ns=1 ehp=0 dep=11 ch= 3 | Ntb=  1 Sum=     0 Fit=  0.00   0.00 E=  0.06 |   12 (  0) 
StFcsHit: det= 1 id=532 | ns=1 ehp=0 dep=10 ch=31 | Ntb=  1 Sum=     0 Fit=  0.00   0.00 E=  0.06 |   12 (  0) 
StFcsHit: det= 1 id=661 | ns=1 ehp=0 dep=15 ch=20 | Ntb=  1 Sum=     0 Fit=  0.00   0.00 E=  0.06 |   11 (  0) 
StFcsHit: det= 1 id=581 | ns=1 ehp=0 dep=17 ch= 4 | Ntb=  1 Sum=     0 Fit=  0.00   0.00 E=  0.05 |    9 (  0) 
StFcsHit: det= 1 id=441 | ns=1 ehp=0 dep=10 ch=12 | Ntb=  1 Sum=     0 Fit=  0.00   0.00 E=  0.04 |    8 (  0) 
StFcsHit: det= 1 id=509 | ns=1 ehp=0 dep=10 ch=26 | Ntb=  1 Sum=     0 Fit=  0.00   0.00 E=  0.04 |    7 (  0) 
StFcsHit: det= 1 id=339 | ns=1 ehp=0 dep= 7 ch=24 | Ntb=  1 Sum=     0 Fit=  0.00   0.00 E=  0.04 |    7 (  0) 
StFcsHit: det= 1 id=681 | ns=1 ehp=0 dep=23 ch=29 | Ntb=  1 Sum=     0 Fit=  0.00   0.00 E=  0.04 |    7 (  0) 
StFcsHit: det= 1 id=314 | ns=1 ehp=0 dep= 6 ch=21 | Ntb=  1 Sum=     0 Fit=  0.00   0.00 E=  0.04 |    7 (  0) 
StFcsHit: det= 1 id=294 | ns=1 ehp=0 dep= 6 ch=19 | Ntb=  1 Sum=     0 Fit=  0.00   0.00 E=  0.04 |    7 (  0) 
StFcsHit: det= 1 id=  4 | ns=1 ehp=0 dep=20 ch= 4 | Ntb=  1 Sum=     0 Fit=  0.00   0.00 E=  0.04 |    7 (  0) 
StFcsHit: det= 1 id=133 | ns=1 ehp=0 dep= 0 ch=20 | Ntb=  1 Sum=     0 Fit=  0.00   0.00 E=  0.04 |    7 (  0) 
StFcsHit: det= 1 id=594 | ns=1 ehp=0 dep=22 ch=26 | Ntb=  1 Sum=     0 Fit=  0.00   0.00 E=  0.04 |    7 (  0) 
StFcsHit: det= 1 id=334 | ns=1 ehp=0 dep= 5 ch=27 | Ntb=  1 Sum=     0 Fit=  0.00   0.00 E=  0.03 |    6 (  0) 
StFcsHit: det= 1 id=684 | ns=1 ehp=0 dep=15 ch=25 | Ntb=  1 Sum=     0 Fit=  0.00   0.00 E=  0.03 |    6 (  0) 
StFcsHit: det= 1 id=551 | ns=1 ehp=0 dep=15 ch= 0 | Ntb=  1 Sum=     0 Fit=  0.00   0.00 E=  0.03 |    6 (  0) 
StFcsHit: det= 1 id=572 | ns=1 ehp=0 dep=22 ch=25 | Ntb=  1 Sum=     0 Fit=  0.00   0.00 E=  0.03 |    6 (  0) 
StFcsHit: det= 1 id= 10 | ns=1 ehp=0 dep=20 ch=10 | Ntb=  1 Sum=     0 Fit=  0.00   0.00 E=  0.03 |    5 (  0) 
StFcsHit: det= 1 id=528 | ns=1 ehp=0 dep=22 ch=23 | Ntb=  1 Sum=     0 Fit=  0.00   0.00 E=  0.03 |    5 (  0) 
StFcsHit: det= 1 id=554 | ns=1 ehp=0 dep=15 ch= 3 | Ntb=  1 Sum=     0 Fit=  0.00   0.00 E=  0.03 |    5 (  0) 
StFcsHit: det= 1 id=616 | ns=1 ehp=0 dep=22 ch=27 | Ntb=  1 Sum=     0 Fit=  0.00   0.00 E=  0.03 |    5 (  0) 
StFcsHit: det= 1 id=629 | ns=1 ehp=0 dep=18 ch=12 | Ntb=  1 Sum=     0 Fit=  0.00   0.00 E=  0.03 |    5 (  0) 
StFcsHit: det= 1 id=432 | ns=1 ehp=0 dep=13 ch= 9 | Ntb=  1 Sum=     0 Fit=  0.00   0.00 E=  0.03 |    5 (  0) 
StFcsHit: det= 1 id=162 | ns=1 ehp=0 dep= 1 ch=27 | Ntb=  1 Sum=     0 Fit=  0.00   0.00 E=  0.03 |    5 (  0) 
StFcsHit: det= 1 id=270 | ns=1 ehp=0 dep= 6 ch=13 | Ntb=  1 Sum=     0 Fit=  0.00   0.00 E=  0.03 |    5 (  0) 
StFcsHit: det= 1 id=358 | ns=1 ehp=0 dep= 6 ch=29 | Ntb=  1 Sum=     0 Fit=  0.00   0.00 E=  0.03 |    5 (  0) 
StFcsHit: det= 1 id=336 | ns=1 ehp=0 dep= 6 ch=25 | Ntb=  1 Sum=     0 Fit=  0.00   0.00 E=  0.03 |    5 (  0) 
StFcsHit: det= 1 id=289 | ns=1 ehp=0 dep= 5 ch=18 | Ntb=  1 Sum=     0 Fit=  0.00   0.00 E=  0.03 |    5 (  0) 
StFcsHit: det= 1 id=335 | ns=1 ehp=0 dep= 6 ch=24 | Ntb=  1 Sum=     0 Fit=  0.00   0.00 E=  0.02 |    4 (  0) 
StFcsHit: det= 1 id=596 | ns=1 ehp=0 dep=15 ch= 9 | Ntb=  1 Sum=     0 Fit=  0.00   0.00 E=  0.02 |    4 (  0) 
StFcsHit: det= 1 id= 31 | ns=1 ehp=0 dep= 2 ch= 0 | Ntb=  1 Sum=     0 Fit=  0.00   0.00 E=  0.02 |    4 (  0) 
StFcsHit: det= 1 id= 89 | ns=1 ehp=0 dep= 0 ch=12 | Ntb=  1 Sum=     0 Fit=  0.00   0.00 E=  0.02 |    4 (  0) 
StFcsHit: det= 1 id=130 | ns=1 ehp=0 dep= 4 ch=19 | Ntb=  1 Sum=     0 Fit=  0.00   0.00 E=  0.02 |    4 (  0) 
StFcsHit: det= 1 id=604 | ns=1 ehp=0 dep=17 ch= 9 | Ntb=  1 Sum=     0 Fit=  0.00   0.00 E=  0.02 |    4 (  0) 
StFcsHit: det= 1 id=702 | ns=1 ehp=0 dep=19 ch=27 | Ntb=  1 Sum=     0 Fit=  0.00   0.00 E=  0.02 |    4 (  0) 
StFcsHit: det= 1 id=266 | ns=1 ehp=0 dep= 5 ch=13 | Ntb=  1 Sum=     0 Fit=  0.00   0.00 E=  0.02 |    4 (  0) 
StFcsHit: det= 1 id=550 | ns=1 ehp=0 dep=22 ch=24 | Ntb=  1 Sum=     0 Fit=  0.00   0.00 E=  0.02 |    4 (  0) 
StFcsHit: det= 1 id=641 | ns=1 ehp=0 dep=15 ch=18 | Ntb=  1 Sum=     0 Fit=  0.00   0.00 E=  0.02 |    4 (  0) 
StFcsHit: det= 1 id=507 | ns=1 ehp=0 dep=10 ch=24 | Ntb=  1 Sum=     0 Fit=  0.00   0.00 E=  0.02 |    4 (  0) 
StFcsHit: det= 1 id=419 | ns=1 ehp=0 dep=10 ch= 8 | Ntb=  1 Sum=     0 Fit=  0.00   0.00 E=  0.02 |    4 (  0) 
StFcsHit: det= 1 id=642 | ns=1 ehp=0 dep=15 ch=19 | Ntb=  1 Sum=     0 Fit=  0.00   0.00 E=  0.02 |    4 (  0) 
StFcsHit: det= 1 id=468 | ns=1 ehp=0 dep=11 ch=17 | Ntb=  1 Sum=     0 Fit=  0.00   0.00 E=  0.02 |    4 (  0) 
StFcsHit: det= 1 id=467 | ns=1 ehp=0 dep=11 ch=16 | Ntb=  1 Sum=     0 Fit=  0.00   0.00 E=  0.02 |    4 (  0) 
StFcsHit: det= 1 id=627 | ns=1 ehp=0 dep=17 ch=14 | Ntb=  1 Sum=     0 Fit=  0.00   0.00 E=  0.02 |    4 (  0) 
StFcsHit: det= 1 id=659 | ns=1 ehp=0 dep=23 ch=28 | Ntb=  1 Sum=     0 Fit=  0.00   0.00 E=  0.02 |    3 (  0) 
StFcsHit: det= 1 id=620 | ns=1 ehp=0 dep=15 ch=15 | Ntb=  1 Sum=     0 Fit=  0.00   0.00 E=  0.02 |    3 (  0) 
StFcsHit: det= 1 id=740 | ns=1 ehp=0 dep=21 ch=14 | Ntb=  1 Sum=     0 Fit=  0.00   0.00 E=  0.02 |    3 (  0) 
StFcsHit: det= 1 id=628 | ns=1 ehp=0 dep=17 ch=15 | Ntb=  1 Sum=     0 Fit=  0.00   0.00 E=  0.02 |    3 (  0) 
StFcsHit: det= 1 id=181 | ns=1 ehp=0 dep= 1 ch=28 | Ntb=  1 Sum=     0 Fit=  0.00   0.00 E=  0.02 |    3 (  0) 
StFcsHit: det= 1 id=577 | ns=1 ehp=0 dep=16 ch= 4 | Ntb=  1 Sum=     0 Fit=  0.00   0.00 E=  0.02 |    3 (  0) 
StFcsHit: det= 1 id=503 | ns=1 ehp=0 dep=14 ch=22 | Ntb=  1 Sum=     0 Fit=  0.00   0.00 E=  0.02 |    3 (  0) 
StFcsHit: det= 1 id=309 | ns=1 ehp=0 dep= 5 ch=20 | Ntb=  1 Sum=     0 Fit=  0.00   0.00 E=  0.02 |    3 (  0) 
StFcsHit: det= 1 id=639 | ns=1 ehp=0 dep=15 ch=16 | Ntb=  1 Sum=     0 Fit=  0.00   0.00 E=  0.01 |    2 (  0) 
StFcsHit: det= 1 id=733 | ns=1 ehp=0 dep=21 ch= 7 | Ntb=  1 Sum=     0 Fit=  0.00   0.00 E=  0.01 |    2 (  0) 
StFcsHit: det= 1 id=197 | ns=1 ehp=0 dep=23 ch= 7 | Ntb=  1 Sum=     0 Fit=  0.00   0.00 E=  0.01 |    2 (  0) 
StFcsHit: det= 1 id=323 | ns=1 ehp=0 dep= 8 ch=22 | Ntb=  1 Sum=     0 Fit=  0.00   0.00 E=  0.01 |    2 (  0) 
StFcsHit: det= 1 id=340 | ns=1 ehp=0 dep= 7 ch=25 | Ntb=  1 Sum=     0 Fit=  0.00   0.00 E=  0.01 |    2 (  0) 
StFcsHit: det= 1 id=412 | ns=1 ehp=0 dep=13 ch= 7 | Ntb=  1 Sum=     0 Fit=  0.00   0.00 E=  0.01 |    2 (  0) 
StFcsHit: det= 1 id=440 | ns=1 ehp=0 dep=22 ch=19 | Ntb=  1 Sum=     0 Fit=  0.00   0.00 E=  0.01 |    2 (  0) 
StFcsHit: det= 1 id=444 | ns=1 ehp=0 dep=10 ch=15 | Ntb=  1 Sum=     0 Fit=  0.00   0.00 E=  0.01 |    2 (  0) 
StFcsHit: det= 1 id=587 | ns=1 ehp=0 dep=18 ch= 6 | Ntb=  1 Sum=     0 Fit=  0.00   0.00 E=  0.01 |    2 (  0) 
StFcsHit: det= 1 id=445 | ns=1 ehp=0 dep=11 ch=12 | Ntb=  1 Sum=     0 Fit=  0.00   0.00 E=  0.01 |    2 (  0) 
StFcsHit: det= 1 id=462 | ns=1 ehp=0 dep=22 ch=20 | Ntb=  1 Sum=     0 Fit=  0.00   0.00 E=  0.01 |    2 (  0) 
StFcsHit: det= 1 id=463 | ns=1 ehp=0 dep=10 ch=16 | Ntb=  1 Sum=     0 Fit=  0.00   0.00 E=  0.01 |    2 (  0) 
StFcsHit: det= 1 id=622 | ns=1 ehp=0 dep=16 ch=13 | Ntb=  1 Sum=     0 Fit=  0.00   0.00 E=  0.01 |    2 (  0) 
StFcsHit: det= 1 id=552 | ns=1 ehp=0 dep=15 ch= 1 | Ntb=  1 Sum=     0 Fit=  0.00   0.00 E=  0.01 |    2 (  0) 
StFcsHit: det= 1 id=559 | ns=1 ehp=0 dep=17 ch= 0 | Ntb=  1 Sum=     0 Fit=  0.00   0.00 E=  0.01 |    2 (  0) 
StFcsHit: det= 1 id=599 | ns=1 ehp=0 dep=16 ch= 8 | Ntb=  1 Sum=     0 Fit=  0.00   0.00 E=  0.01 |    2 (  0) 
StFcsCluster id=   0 ctg=1 n= 6 nNeigh=2 nPoints=0 loc=   0.50   23.50 PXYZE=   0.01   -0.02    0.32    0.32 E=   0.32 sigMin/max=   0.00    0.00 Chi2=   0.00    0.00
StFcsCluster id=   1 ctg=1 n= 5 nNeigh=1 nPoints=0 loc=   2.50   20.50 PXYZE=   0.01   -0.01    0.20    0.20 E=   0.20 sigMin/max=   0.00    0.00 Chi2=   0.00    0.00
StFcsCluster id=   2 ctg=1 n= 3 nNeigh=0 nPoints=0 loc=   5.50   22.50 PXYZE=   0.01   -0.01    0.13    0.13 E=   0.13 sigMin/max=   0.00    0.00 Chi2=   0.00    0.00
StFcsCluster id=   3 ctg=1 n= 5 nNeigh=3 nPoints=0 loc=   1.13   27.85 PXYZE=   0.01   -0.02    0.26    0.26 E=   0.26 sigMin/max=   0.40    0.74 Chi2=   0.00    0.00
StFcsCluster id=   4 ctg=1 n= 1 nNeigh=0 nPoints=0 loc=  11.50   18.50 PXYZE=   0.01   -0.00    0.08    0.08 E=   0.08 sigMin/max=   0.00    0.00 Chi2=   0.00    0.00
StFcsCluster id=   5 ctg=1 n= 3 nNeigh=0 nPoints=0 loc=   4.93   24.67 PXYZE=   0.01   -0.01    0.16    0.16 E=   0.16 sigMin/max=   0.32    0.53 Chi2=   0.00    0.00
StFcsCluster id=   6 ctg=1 n= 2 nNeigh=1 nPoints=0 loc=   3.25   27.50 PXYZE=   0.00   -0.01    0.08    0.08 E=   0.08 sigMin/max=   0.00    0.44 Chi2=   0.00    0.00
StFcsCluster id=   7 ctg=1 n= 1 nNeigh=0 nPoints=0 loc=   8.50   17.50 PXYZE=   0.01   -0.00    0.06    0.06 E=   0.06 sigMin/max=   0.00    0.00 Chi2=   0.00    0.00
StFcsCluster id=   8 ctg=1 n= 2 nNeigh=1 nPoints=0 loc=   1.50   30.35 PXYZE=   0.00   -0.01    0.07    0.07 E=   0.07 sigMin/max=   0.00    0.36 Chi2=   0.00    0.00
  *** FCS Det=2 *** NHit=  3 NCluster=  1 NPoint=  0
StFcsHit: det= 2 id=156 | ns=0 ehp=1 dep= 3 ch= 8 | Ntb=  1 Sum=     0 Fit=  0.00   0.00 E=  0.23 |   43 (  0) 
StFcsHit: det= 2 id= 97 | ns=0 ehp=1 dep= 1 ch=22 | Ntb=  1 Sum=     0 Fit=  0.00   0.00 E=  0.06 |   11 (  0) 
StFcsHit: det= 2 id=221 | ns=0 ehp=1 dep= 3 ch=28 | Ntb=  1 Sum=     0 Fit=  0.00   0.00 E=  0.05 |   10 (  0) 
StFcsCluster id=   0 ctg=1 n= 1 nNeigh=0 nPoints=0 loc=   0.50   12.50 PXYZE=  -0.01   -0.01    0.23    0.23 E=   0.23 sigMin/max=   0.00    0.00 Chi2=   0.00    0.00
  *** FCS Det=3 *** NHit=  4 NCluster=  1 NPoint=  0
StFcsHit: det= 3 id=195 | ns=1 ehp=1 dep= 3 ch=20 | Ntb=  1 Sum=     0 Fit=  0.00   0.00 E=  0.11 |   20 (  0) 
StFcsHit: det= 3 id=208 | ns=1 ehp=1 dep= 3 ch=24 | Ntb=  1 Sum=     0 Fit=  0.00   0.00 E=  0.08 |   16 (  0) 
StFcsHit: det= 3 id=234 | ns=1 ehp=1 dep= 7 ch= 0 | Ntb=  1 Sum=     0 Fit=  0.00   0.00 E=  0.07 |   13 (  0) 
StFcsHit: det= 3 id=182 | ns=1 ehp=1 dep= 3 ch=16 | Ntb=  1 Sum=     0 Fit=  0.00   0.00 E=  0.04 |    7 (  0) 
StFcsCluster id=   0 ctg=1 n= 4 nNeigh=0 nPoints=0 loc=   0.50   15.50 PXYZE=   0.01   -0.02    0.30    0.30 E=   0.30 sigMin/max=   0.00    0.00 Chi2=   0.00    0.00
  *** FCS Det=4 *** NHit=  0 NCluster=  0 NPoint=  0
  *** FCS Det=5 *** NHit=  0 NCluster=  0 NPoint=  0
  *** FCS Det=6 *** NHit=  0 NCluster=  7 NPoint=  0
StFcsClusterMaker:INFO  - *** StFcsClusterMaker::Make() == StOK(0) ***
StFttClusterPointMaker:INFO  - Creating FttCollection
StFttClusterPointMaker:INFO  - Making Geant points
StFttClusterPointMaker:WARN  - geant/g2t_stg_hit is empty
StFttClusterPointMaker:INFO  - *** StFttClusterPointMaker::Make() == StOK(0) ***
StFwdTrackMaker:INFO  - Setting Event Vertex from geant/g2t_vertex[0]: 0x9728140
StFwdTrackMaker:INFO  - TAttr::Found : useftt = 1

StFwdTrackMaker:INFO  - TAttr::Found : usefst = 1

StFwdTrackMaker:INFO  - TAttr::Found : useepd = 1

StFwdTrackMaker:INFO  - There are: 0 with 0 FST, 0 with 1 FST, 0 with 2 FST, 1 with 3 FST
StFwdTrackMaker:INFO  - There are: 1 with 0 FTT, 0 with 1 FTT, 0 with 2 FTT, 0 with 3 FTT, 0 with 4 FTT, 0 with 5 FTT, 0 with 6 FTT, 0 with 7 FTT, 0 with 8 FTT
StFwdTrackMaker:INFO  - There are 1 McTracks with > 2 FST hits (#of possible seeds)
StFwdTrackMaker:INFO  - 	Finding FWD Track Seeds
StFwdTrackMaker:INFO  - Hitmap Source: fst
StFwdTrackMaker:INFO  - Performing Fwd Seed finding with mode: fst = 
StFwdTrackMaker:INFO  - Found 1 seeds in 1 iterations
StFwdTrackMaker:INFO  - Total Hits removed: 0
StFwdTrackMaker:INFO  - Seed [0] with 3 hits : id=2@2id=1@1id=0@0
StFwdTrackMaker:INFO  - <<Fwd Tracking Found : 1 Track Seeds from 3 FST hits and 0 sTGC hits
StFwdTrackMaker:INFO  -     (vs. 1 McTracks with FST>2, eff = 1)
StFwdTrackMaker:INFO  - 	Fitting FWD Track Seeds
StFwdTrackMaker:INFO  - TrackFitter:refit = 1
StFwdTrackMaker:INFO  - Starting Track fitting loop with 1 track seeds
StFwdTrackMaker:INFO  - TrackFitter:refit = 1
StFwdTrackMaker:INFO  - 		Mc Match idTruth=1, quality = 1
StFwdTrackMaker:INFO  - GenFitTrackResult::mIdTruth = 1, QaTruth = 1
The points are collinear, curvature is undefined.
p1 = -0.0971505, -9.4995
p2 = -0.058291, -9.49982
p3 = -0.058291, -9.49982
StFwdTrackMaker:INFO  - GenericFitSeeder::makeSeed::Curvature: -1e-07
StFwdTrackMaker:INFO  - GenericFitSeeder::makeSeed::pt = 14989.5
StFwdTrackMaker:WARN  - Seed momentum is too high, setting to (0,0,1)
StFwdTrackMaker:INFO  - Track Setup complete, track has 3 points
StFwdTrackMaker:INFO  -  sorting changed track points: 0
StFwdTrackMaker:INFO  - Fit status:  1
StFwdTrackMaker:INFO  - -Fit pvalue: 0.986171
StFwdTrackMaker:INFO  - -Fit Chi2:   0.000300446
StFwdTrackMaker:INFO  - -Fit Chi2:   0.000300446
StFwdTrackMaker:INFO  - Track fit charge: -1Fit momentum: -4.30964e-05, -5.31226e-05, 0.00472204
StFwdTrackMaker:INFO  - 	Fit Pt: 6.84055e-05, eta: 4.92774, phi: -2.25237
StFwdTrackMaker:INFO  - Track fit update complete!
StFwdTrackMaker:INFO  - Track Reps: 1
StFwdTrackMaker:INFO  - Track Rep 0 
genfit::AbsTrackRep, pdgCode = -211. PropDir = 0
fitStatus 
 track has been fitted, fit has converged fully, 0 TrackPoints could not be processed, fitted charge = -1, PruneFlags: 
 track has been fitted with reference track, numIterations = 7, track length = 27.0334, fChi2 = 0.000341689, bChi2 = 0.000300446, fNdf = 1, bNdf = 1, fPVal = 0.985252, bPVal = 0.986171

StFwdTrackMaker:INFO  - GenFitTrackResult::mIdTruth = 1, QaTruth = 1
StFwdTrackMaker:INFO  - GTR Setting momentum from track
StFwdTrackMaker:INFO  - --isFitConvergedPartially() = 1
StFwdTrackMaker:INFO  - --isFitConverged() = 1
StFwdTrackMaker:INFO  - --isFitConvergedFully() = 1
StFwdTrackMaker:INFO  - Looking for FTT strips near projected state on disk 0
StFwdTrackMaker:INFO  - There are 0 available FTT strips on this disk
StFwdTrackMaker:WARN  - No FTT hits available to search for near projected state
StFwdTrackMaker:INFO  -  Found #FTT strips on plane #0 = [0]
StFwdTrackMaker:INFO  - Found 3 existing seed points
StFwdTrackMaker:INFO  - Looking for FTT strips near projected state on disk 1
StFwdTrackMaker:INFO  - There are 0 available FTT strips on this disk
StFwdTrackMaker:WARN  - No FTT hits available to search for near projected state
StFwdTrackMaker:INFO  -  Found #FTT strips on plane #1 = [0]
StFwdTrackMaker:INFO  - Found 3 existing seed points
StFwdTrackMaker:INFO  - Looking for FTT strips near projected state on disk 2
StFwdTrackMaker:INFO  - There are 0 available FTT strips on this disk
StFwdTrackMaker:WARN  - No FTT hits available to search for near projected state
StFwdTrackMaker:INFO  -  Found #FTT strips on plane #2 = [0]
StFwdTrackMaker:INFO  - Found 3 existing seed points
StFwdTrackMaker:INFO  - Looking for FTT strips near projected state on disk 3
StFwdTrackMaker:INFO  - There are 0 available FTT strips on this disk
StFwdTrackMaker:WARN  - No FTT hits available to search for near projected state
StFwdTrackMaker:INFO  -  Found #FTT strips on plane #3 = [0]
StFwdTrackMaker:INFO  - Found 3 existing seed points
StFwdTrackMaker:INFO  - Closest EPD hit to state: dR=999.000000, dPhi=999.000000
StFwdTrackMaker:INFO  - GenFitTrackResult::mIdTruth = 1, QaTruth = 1
The points are collinear, curvature is undefined.
p1 = -0.0971505, -9.4995
p2 = -0.058291, -9.49982
p3 = -0.058291, -9.49982
StFwdTrackMaker:INFO  - GenericFitSeeder::makeSeed::Curvature: -1e-07
StFwdTrackMaker:INFO  - GenericFitSeeder::makeSeed::pt = 14989.5
StFwdTrackMaker:WARN  - Seed momentum is too high, setting to (0,0,1)
StFwdTrackMaker:INFO  - Note: Using externally provided seed momentum
StFwdTrackMaker:INFO  - Track Setup complete, track has 3 points
StFwdTrackMaker:INFO  -  sorting changed track points: 0
StFwdTrackMaker:INFO  - Fit status:  0
StFwdTrackMaker:INFO  - -Fit pvalue: 0.988907
StFwdTrackMaker:INFO  - -Fit Chi2:   0.0001933
StFwdTrackMaker:INFO  - -Fit Chi2:   0.0001933
StFwdTrackMaker:INFO  - Track fit update complete!
StFwdTrackMaker:INFO  - Track Reps: 1
StFwdTrackMaker:INFO  - Track Rep 0 
genfit::AbsTrackRep, pdgCode = -211. PropDir = 0
fitStatus 
 track has been fitted, fit has NOT converged, 0 TrackPoints could not be processed, fitted charge = -1, PruneFlags: 
 track has been fitted with reference track, numIterations = 20, track length = 27.033, fChi2 = 0.000197319, bChi2 = 0.0001933, fNdf = 1, bNdf = 1, fPVal = 0.988792, bPVal = 0.988907

StFwdTrackMaker:ERROR - --FitTrack is nullptr or fit did not converge, setting seed only
StFwdTrackMaker:INFO  - GenFitTrackResult::mIdTruth = 1, QaTruth = 1
StFwdTrackMaker:INFO  - Global track fitting completed, found 1 global tracks from 1 track seed candidates
StFwdTrackMaker:INFO  - >>doBeamlineTrackFitting( #globals = 1 )
StFwdTrackMaker:INFO  - doBeamlineTrackFitting>>0 McId=1 with Beamline, seed already has: 3 hits
StFwdTrackMaker:INFO  - mBeamlineHit: 0, 0, 0
StFwdTrackMaker:INFO  - This fit is for a global that converged? = 1
StFwdTrackMaker:INFO  - GenFitTrackResult::mIdTruth = 1, QaTruth = 0.75
The points are collinear, curvature is undefined.
p1 = 0, 0
p2 = -0.058291, -9.49982
p3 = -0.058291, -9.49982
The points are collinear, curvature is undefined.
p1 = -0.0971505, -9.4995
p2 = -0.058291, -9.49982
p3 = -0.058291, -9.49982
StFwdTrackMaker:INFO  - GenericFitSeeder::makeSeed::Curvature: -0.105263
StFwdTrackMaker:INFO  - GenericFitSeeder::makeSeed::pt = 0.01424
StFwdTrackMaker:INFO  - Track Setup complete, track has 4 points
StFwdTrackMaker:INFO  -  sorting changed track points: 0
StFwdTrackMaker:INFO  - Fit status:  1
StFwdTrackMaker:INFO  - -Fit pvalue: 0.973726
StFwdTrackMaker:INFO  - -Fit Chi2:   0.223402
StFwdTrackMaker:INFO  - -Fit Chi2:   0.223402
StFwdTrackMaker:INFO  - Track fit charge: -1Fit momentum: -0.0089383, -0.267377, 4.87996
StFwdTrackMaker:INFO  - 	Fit Pt: 0.267526, eta: 3.59757, phi: -1.60421
StFwdTrackMaker:INFO  - Track fit update complete!
StFwdTrackMaker:INFO  - Track Reps: 1
StFwdTrackMaker:INFO  - Track Rep 0 
genfit::AbsTrackRep, pdgCode = -211. PropDir = 0
fitStatus 
 track has been fitted, fit has converged fully, 0 TrackPoints could not be processed, fitted charge = -1, PruneFlags: 
 track has been fitted with reference track, numIterations = 4, track length = 185.277, fChi2 = 0.223403, bChi2 = 0.223402, fNdf = 3, bNdf = 3, fPVal = 0.973726, bPVal = 0.973726

StFwdTrackMaker:INFO  - GenFitTrackResult::mIdTruth = 1, QaTruth = 0.75
StFwdTrackMaker:INFO  - GTR Setting momentum from track
StFwdTrackMaker:INFO  - --isFitConvergedPartially() = 1
StFwdTrackMaker:INFO  - --isFitConverged() = 1
StFwdTrackMaker:INFO  - --isFitConvergedFully() = 1
StFwdTrackMaker:INFO  - SEED momentum:-4.30964e-05, -5.31226e-05, 0.00472204
StFwdTrackMaker:INFO  - 	Initial Beamline fit completed, now refitting with additional hits
StFwdTrackMaker:INFO  - Looking for FTT strips near projected state on disk 0
StFwdTrackMaker:INFO  - There are 0 available FTT strips on this disk
StFwdTrackMaker:WARN  - No FTT hits available to search for near projected state
StFwdTrackMaker:INFO  -  Found #FTT strips on plane #0 = [0]
StFwdTrackMaker:INFO  - Found 4 existing seed points
StFwdTrackMaker:INFO  - Looking for FTT strips near projected state on disk 1
StFwdTrackMaker:INFO  - There are 0 available FTT strips on this disk
StFwdTrackMaker:WARN  - No FTT hits available to search for near projected state
StFwdTrackMaker:INFO  -  Found #FTT strips on plane #1 = [0]
StFwdTrackMaker:INFO  - Found 4 existing seed points
StFwdTrackMaker:INFO  - Looking for FTT strips near projected state on disk 2
StFwdTrackMaker:INFO  - There are 0 available FTT strips on this disk
StFwdTrackMaker:WARN  - No FTT hits available to search for near projected state
StFwdTrackMaker:INFO  -  Found #FTT strips on plane #2 = [0]
StFwdTrackMaker:INFO  - Found 4 existing seed points
StFwdTrackMaker:INFO  - Looking for FTT strips near projected state on disk 3
StFwdTrackMaker:INFO  - There are 0 available FTT strips on this disk
StFwdTrackMaker:WARN  - No FTT hits available to search for near projected state
StFwdTrackMaker:INFO  -  Found #FTT strips on plane #3 = [0]
StFwdTrackMaker:INFO  - Found 4 existing seed points
StFwdTrackMaker:INFO  - Closest EPD hit to state: dR=999.000000, dPhi=999.000000
StFwdTrackMaker:INFO  - GenFitTrackResult::mIdTruth = 1, QaTruth = 0.75
The points are collinear, curvature is undefined.
p1 = 0, 0
p2 = -0.058291, -9.49982
p3 = -0.058291, -9.49982
The points are collinear, curvature is undefined.
p1 = -0.0971505, -9.4995
p2 = -0.058291, -9.49982
p3 = -0.058291, -9.49982
StFwdTrackMaker:INFO  - GenericFitSeeder::makeSeed::Curvature: -0.105263
StFwdTrackMaker:INFO  - GenericFitSeeder::makeSeed::pt = 0.01424
StFwdTrackMaker:INFO  - Note: Using externally provided seed momentum
StFwdTrackMaker:INFO  - Track Setup complete, track has 4 points
StFwdTrackMaker:INFO  -  sorting changed track points: 0
StFwdTrackMaker:INFO  - Fit status:  1
StFwdTrackMaker:INFO  - -Fit pvalue: 0.973745
StFwdTrackMaker:INFO  - -Fit Chi2:   0.223289
StFwdTrackMaker:INFO  - -Fit Chi2:   0.223289
StFwdTrackMaker:INFO  - Track fit charge: -1Fit momentum: -0.00891823, -0.268142, 4.90329
StFwdTrackMaker:INFO  - 	Fit Pt: 0.26829, eta: 3.59949, phi: -1.60404
StFwdTrackMaker:INFO  - Track fit update complete!
StFwdTrackMaker:INFO  - Track Reps: 1
StFwdTrackMaker:INFO  - Track Rep 0 
genfit::AbsTrackRep, pdgCode = -211. PropDir = 0
fitStatus 
 track has been fitted, fit has converged fully, 0 TrackPoints could not be processed, fitted charge = -1, PruneFlags: 
 track has been fitted with reference track, numIterations = 2, track length = 177.306, fChi2 = 0.223289, bChi2 = 0.223289, fNdf = 3, bNdf = 3, fPVal = 0.973745, bPVal = 0.973745

StFwdTrackMaker:INFO  - GenFitTrackResult::mIdTruth = 1, QaTruth = 0.75
StFwdTrackMaker:INFO  - GTR Setting momentum from track
StFwdTrackMaker:INFO  - --isFitConvergedPartially() = 1
StFwdTrackMaker:INFO  - --isFitConverged() = 1
StFwdTrackMaker:INFO  - --isFitConvergedFully() = 1
StFwdTrackMaker:INFO  - >>doPrimaryTrackFitting( #globals = 1 )
StFwdTrackMaker:INFO  - Refitting Track 0, McId=1 with Primary Vertex, seed already has: 3 hits
StFwdTrackMaker:INFO  - mEventVertexHit: 0, 0, 0
StFwdTrackMaker:INFO  - This fit is for a global that converged? = 1
StFwdTrackMaker:INFO  - GenFitTrackResult::mIdTruth = 1, QaTruth = 0.75
The points are collinear, curvature is undefined.
p1 = 0, 0
p2 = -0.058291, -9.49982
p3 = -0.058291, -9.49982
The points are collinear, curvature is undefined.
p1 = -0.0971505, -9.4995
p2 = -0.058291, -9.49982
p3 = -0.058291, -9.49982
StFwdTrackMaker:INFO  - GenericFitSeeder::makeSeed::Curvature: -0.105263
StFwdTrackMaker:INFO  - GenericFitSeeder::makeSeed::pt = 0.01424
StFwdTrackMaker:INFO  - Note: Using externally provided seed momentum
StFwdTrackMaker:INFO  - Track Setup complete, track has 4 points
StFwdTrackMaker:INFO  -  sorting changed track points: 0
StFwdTrackMaker:INFO  - Fit status:  1
StFwdTrackMaker:INFO  - -Fit pvalue: 1.37855e-06
StFwdTrackMaker:INFO  - -Fit Chi2:   30.0023
StFwdTrackMaker:INFO  - -Fit Chi2:   30.0023
StFwdTrackMaker:INFO  - Track fit charge: -1Fit momentum: -2.65644e-05, 4.91305e-06, 0.0046665
StFwdTrackMaker:INFO  - 	Fit Pt: 2.70149e-05, eta: 5.84493, phi: 2.95871
StFwdTrackMaker:INFO  - Track fit update complete!
StFwdTrackMaker:INFO  - Track Reps: 1
StFwdTrackMaker:INFO  - Track Rep 0 
genfit::AbsTrackRep, pdgCode = -211. PropDir = 0
fitStatus 
 track has been fitted, fit has converged fully, 0 TrackPoints could not be processed, fitted charge = -1, PruneFlags: 
 track has been fitted with reference track, numIterations = 3, track length = 177.043, fChi2 = 30.0023, bChi2 = 30.0023, fNdf = 3, bNdf = 3, fPVal = 1.37855e-06, bPVal = 1.37855e-06

StFwdTrackMaker:INFO  - GenFitTrackResult::mIdTruth = 1, QaTruth = 0.75
StFwdTrackMaker:INFO  - GTR Setting momentum from track
StFwdTrackMaker:INFO  - --isFitConvergedPartially() = 1
StFwdTrackMaker:INFO  - --isFitConverged() = 1
StFwdTrackMaker:INFO  - --isFitConvergedFully() = 1
StFwdTrackMaker:INFO  - 	Initial fit complete, now refitting with additional points
StFwdTrackMaker:INFO  - Looking for FTT strips near projected state on disk 0
StFwdTrackMaker:INFO  - There are 0 available FTT strips on this disk
StFwdTrackMaker:WARN  - No FTT hits available to search for near projected state
StFwdTrackMaker:INFO  -  Found #FTT strips on plane #0 = [0]
StFwdTrackMaker:INFO  - Found 4 existing seed points
StFwdTrackMaker:INFO  - Looking for FTT strips near projected state on disk 1
StFwdTrackMaker:INFO  - There are 0 available FTT strips on this disk
StFwdTrackMaker:WARN  - No FTT hits available to search for near projected state
StFwdTrackMaker:INFO  -  Found #FTT strips on plane #1 = [0]
StFwdTrackMaker:INFO  - Found 4 existing seed points
StFwdTrackMaker:INFO  - Looking for FTT strips near projected state on disk 2
StFwdTrackMaker:INFO  - There are 0 available FTT strips on this disk
StFwdTrackMaker:WARN  - No FTT hits available to search for near projected state
StFwdTrackMaker:INFO  -  Found #FTT strips on plane #2 = [0]
StFwdTrackMaker:INFO  - Found 4 existing seed points
StFwdTrackMaker:INFO  - Looking for FTT strips near projected state on disk 3
StFwdTrackMaker:INFO  - There are 0 available FTT strips on this disk
StFwdTrackMaker:WARN  - No FTT hits available to search for near projected state
StFwdTrackMaker:INFO  -  Found #FTT strips on plane #3 = [0]
StFwdTrackMaker:INFO  - Found 4 existing seed points
StFwdTrackMaker:INFO  - Closest EPD hit to state: dR=999.000000, dPhi=999.000000
StFwdTrackMaker:INFO  - GenFitTrackResult::mIdTruth = 1, QaTruth = 0.75
The points are collinear, curvature is undefined.
p1 = 0, 0
p2 = -0.058291, -9.49982
p3 = -0.058291, -9.49982
The points are collinear, curvature is undefined.
p1 = -0.0971505, -9.4995
p2 = -0.058291, -9.49982
p3 = -0.058291, -9.49982
StFwdTrackMaker:INFO  - GenericFitSeeder::makeSeed::Curvature: -0.105263
StFwdTrackMaker:INFO  - GenericFitSeeder::makeSeed::pt = 0.01424
StFwdTrackMaker:INFO  - Note: Using externally provided seed momentum
StFwdTrackMaker:INFO  - Track Setup complete, track has 4 points
StFwdTrackMaker:INFO  -  sorting changed track points: 0
StFwdTrackMaker:INFO  - Fit status:  1
StFwdTrackMaker:INFO  - -Fit pvalue: 1.37909e-06
StFwdTrackMaker:INFO  - -Fit Chi2:   30.0014
StFwdTrackMaker:INFO  - -Fit Chi2:   30.0014
StFwdTrackMaker:INFO  - Track fit charge: -1Fit momentum: -2.68677e-05, 4.72042e-06, 0.00466829
StFwdTrackMaker:INFO  - 	Fit Pt: 2.72792e-05, eta: 5.83558, phi: 2.96768
StFwdTrackMaker:INFO  - Track fit update complete!
StFwdTrackMaker:INFO  - Track Reps: 1
StFwdTrackMaker:INFO  - Track Rep 0 
genfit::AbsTrackRep, pdgCode = -211. PropDir = 0
fitStatus 
 track has been fitted, fit has converged fully, 0 TrackPoints could not be processed, fitted charge = -1, PruneFlags: 
 track has been fitted with reference track, numIterations = 1, track length = 177.043, fChi2 = 30.0014, bChi2 = 30.0014, fNdf = 3, bNdf = 3, fPVal = 1.37909e-06, bPVal = 1.37909e-06

StFwdTrackMaker:INFO  - GenFitTrackResult::mIdTruth = 1, QaTruth = 0.75
StFwdTrackMaker:INFO  - GTR Setting momentum from track
StFwdTrackMaker:INFO  - --isFitConvergedPartially() = 1
StFwdTrackMaker:INFO  - --isFitConverged() = 1
StFwdTrackMaker:INFO  - --isFitConvergedFully() = 1
StFwdTrackMaker:INFO  - >>doSecondaryTrackFitting( #globals = 1 )
StFwdTrackMaker:INFO  - <<Fwd Tracking Fit :3 GenFit Tracks
StFwdTrackMaker:INFO  - TAttr::Found : fillevent = 1

StFwdTrackMaker:INFO  - Creating the StFwdTrackCollection
StFwdTrackMaker:INFO  - Processing GenfitTrackResult(type=0): 0 mIsFitConverged=1, mIsFitConvergedPartially=1, mNumFitPoints=3
AAA FCS StraightLine: det=0 xyzdet=(-17.399,-5.26,710.16) norm=(-0.0301896,0,0.999544)
AAA projectAsStraightLine: tv3A=(-5.58672,-56.5784,574.831) tv3B=(-6.45487,-66.7503,624.805)
AAA   xyzf=(-17.399,-5.26,710.16) norm=(-0.0301896,0,0.999544)
AAA   tintersection=2.71371 result=(-7.94261,-84.1821,710.446)
AAA FCS StraightLine result: tv3=(-7.94261,-84.1821,710.446)
AAA FCS StraightLine: det=2 xyzdet=(-21.285,1.8,782.63) norm=(-0.0301896,0,0.999544)
AAA projectAsStraightLine: tv3A=(-5.58672,-56.5784,574.831) tv3B=(-6.45487,-66.7503,624.805)
AAA   xyzf=(-21.285,1.8,782.63) norm=(-0.0301896,0,0.999544)
AAA   tintersection=4.16546 result=(-9.20294,-98.9492,782.995)
AAA FCS StraightLine result: tv3=(-9.20294,-98.9492,782.995)
StFwdTrackMaker:INFO  - Processing GenfitTrackResult(type=2): 1 mIsFitConverged=1, mIsFitConvergedPartially=1, mNumFitPoints=4
AAA FCS StraightLine: det=0 xyzdet=(-17.399,-5.26,710.16) norm=(-0.0301896,0,0.999544)
AAA projectAsStraightLine: tv3A=(-0.109802,-0.0924988,574.997) tv3B=(-0.146746,-0.078836,624.996)
AAA   xyzf=(-17.399,-5.26,710.16) norm=(-0.0301896,0,0.999544)
AAA   tintersection=2.71371 result=(-0.210058,-0.0554218,710.679)
AAA FCS StraightLine result: tv3=(-0.210058,-0.0554218,710.679)
AAA FCS StraightLine: det=2 xyzdet=(-21.285,1.8,782.63) norm=(-0.0301896,0,0.999544)
AAA projectAsStraightLine: tv3A=(-0.109802,-0.0924988,574.997) tv3B=(-0.146746,-0.078836,624.996)
AAA   xyzf=(-21.285,1.8,782.63) norm=(-0.0301896,0,0.999544)
AAA   tintersection=4.16546 result=(-0.263692,-0.0355868,783.265)
AAA FCS StraightLine result: tv3=(-0.263692,-0.0355868,783.265)
StFwdTrackMaker:INFO  - Processing GenfitTrackResult(type=1): 2 mIsFitConverged=1, mIsFitConvergedPartially=1, mNumFitPoints=4
AAA FCS StraightLine: det=0 xyzdet=(-17.399,-5.26,710.16) norm=(-0.0301896,0,0.999544)
AAA projectAsStraightLine: tv3A=(0.729572,-31.8488,575.022) tv3B=(0.806686,-34.5802,625.024)
AAA   xyzf=(-17.399,-5.26,710.16) norm=(-0.0301896,0,0.999544)
AAA   tintersection=2.71371 result=(0.938838,-39.261,710.714)
AAA FCS StraightLine result: tv3=(0.938838,-39.261,710.714)
AAA FCS StraightLine: det=2 xyzdet=(-21.285,1.8,782.63) norm=(-0.0301896,0,0.999544)
AAA projectAsStraightLine: tv3A=(0.729572,-31.8488,575.022) tv3B=(0.806686,-34.5802,625.024)
AAA   xyzf=(-21.285,1.8,782.63) norm=(-0.0301896,0,0.999544)
AAA   tintersection=4.16546 result=(1.05079,-43.2263,783.305)
AAA FCS StraightLine result: tv3=(1.05079,-43.2263,783.305)
StFwdTrackMaker:INFO  - StFwdTrackCollection has 3 tracks now
StFwdTrackMaker:INFO  - StFwdTrackCollection has 3 tracks now
StFwdTrackMaker:INFO  - *** StFwdTrackMaker::Make() == StOK(0) ***
StFcsTrackMatchMaker:INFO  - *** StFcsTrackMatchMaker::Make() == StOK(0) ***
StStrangeMuDstMaker:INFO  - StV0Controller: found 0 V0 candidates
StStrangeMuDstMaker:INFO  - StXiController: found 0 Xi candidates
StStrangeMuDstMaker:INFO  - StKinkController: found 0 Kink candidates
StStrangeMuDstMaker:INFO  - *** StStrangeMuDstMaker::Make() == StOK(0) ***
StMuDstMaker:INFO  - fillMuFtt
StMuDstMaker:INFO  - fillMuFttRawHits
StMuDstMaker:INFO  - fillMuFttPoints
StMuDstMaker:INFO  - fillMuFttClusters
StMuDstMaker:INFO  - StMuDstMaker::fillFwdTrack(StEvent* ev)
StMuDstMaker:INFO  - StMuDSTMaker filling StMuFwdTrackCollection from StEvent
StMuDstMaker:INFO  - Adding 3 StMuFwdTracks to MuDSt
StMuDstMaker:INFO  - *** StMuDstMaker::Make() == StOK(0) ***
StTreeMaker:INFO  - *** StTreeMaker::Make() == StOK(0) ***
StPicoDstMaker:WARN  - No trigger data bank available!
StPicoDstMaker:INFO  - StPicoDstMaker::fillFcsHits filled 151
StPicoDstMaker:INFO  - StPicoDstMaker::fillFcsClusters filled 18
StPicoDstMaker:INFO  - *** StPicoDstMaker::Make() == StOK(0) ***
MEM after Chain::Clear + Make	 total =794.273438 heap =208.827560 and   0.439804( +0.207565)
<---------- END EVENT
--------->START EVENT: 9
MEM before Chain::Clear + Make	 total =794.273438 heap =208.827759 and   0.439636( +0.000198)
St_geant_Maker:INFO  - *** St_geant_Maker::Make() == StOK(0) ***
St_db_Maker:INFO  - *** St_db_Maker::Make() == StOK(0) ***
StMagFMaker:INFO  - *** StMagFMaker::Make() == StOK(0) ***
StDetectorDbMaker:INFO  - *** StDetectorDbMaker::Make() == StOK(0) ***
StTpcDbMaker:INFO  - *** StTpcDbMaker::Make() == StOK(0) ***
StFcsDbMaker:INFO  - *** StFcsDbMaker::Make() == StOK(0) ***
StEventMaker:INFO  - get trigDetSums from Calibrations/rich/trigDetSums
StEventMaker:WARN  - StEventMaker: No StDAQReader found
StEventMaker:INFO  - *** StEventMaker::Make() == StOK(0) ***
StMcEventMaker:INFO  - StMcEventMaker:   g2t_tpc_hit Table Not found 
StMcEventMaker:INFO  - StMcEventMaker:   particle    Table Not found 
StMcEventMaker:INFO  - *** StMcEventMaker::Make() == StOK(0) ***
StFcsFastSimulatorMaker:DEBUG - StFcsFastSimulatorMaker::Make
StFcsFastSimulatorMaker:DEBUG - Creating StFcsCollection
StFcsFastSimulatorMaker:INFO  - TAttr::Found : fcsleakyhcal = 0

StFcsFastSimulatorMaker:INFO  - TAttr::Found : fcshcalzdepeff = 0

StFcsFastSimulatorMaker:INFO  - g2t_wca_hit table has 26 hit
StFcsFastSimulatorMaker:INFO  - ECAL det=0 id=168 volid=1169 e=0.002224
StFcsFastSimulatorMaker:INFO  - ECAL det=0 id=170 volid=1171 e=0.000766
StFcsFastSimulatorMaker:INFO  - ECAL det=0 id=189 volid=1190 e=0.001237
StFcsFastSimulatorMaker:INFO  - ECAL det=0 id=190 volid=1191 e=0.003026
StFcsFastSimulatorMaker:INFO  - ECAL det=0 id=191 volid=1192 e=0.000276
StFcsFastSimulatorMaker:INFO  - ECAL det=0 id=192 volid=1193 e=0.005678
StFcsFastSimulatorMaker:INFO  - ECAL det=0 id=212 volid=1213 e=0.020040
StFcsFastSimulatorMaker:INFO  - ECAL det=0 id=213 volid=1214 e=0.180719
StFcsFastSimulatorMaker:INFO  - ECAL det=0 id=214 volid=1215 e=0.027322
StFcsFastSimulatorMaker:INFO  - ECAL det=0 id=218 volid=1219 e=0.000304
StFcsFastSimulatorMaker:INFO  - ECAL det=0 id=233 volid=1234 e=0.000367
StFcsFastSimulatorMaker:INFO  - ECAL det=0 id=234 volid=1235 e=0.017756
StFcsFastSimulatorMaker:INFO  - ECAL det=0 id=235 volid=1236 e=1.600644
StFcsFastSimulatorMaker:INFO  - ECAL det=0 id=236 volid=1237 e=0.090325
StFcsFastSimulatorMaker:INFO  - ECAL det=0 id=237 volid=1238 e=0.006001
StFcsFastSimulatorMaker:INFO  - ECAL det=0 id=238 volid=1239 e=0.000080
StFcsFastSimulatorMaker:INFO  - ECAL det=0 id=255 volid=1256 e=0.000133
StFcsFastSimulatorMaker:INFO  - ECAL det=0 id=256 volid=1257 e=0.003697
StFcsFastSimulatorMaker:INFO  - ECAL det=0 id=257 volid=1258 e=0.011730
StFcsFastSimulatorMaker:INFO  - ECAL det=0 id=258 volid=1259 e=0.005806
StFcsFastSimulatorMaker:INFO  - ECAL det=0 id=259 volid=1260 e=0.000296
StFcsFastSimulatorMaker:INFO  - ECAL det=0 id=277 volid=1278 e=0.002062
StFcsFastSimulatorMaker:INFO  - ECAL det=0 id=278 volid=1279 e=0.003290
StFcsFastSimulatorMaker:INFO  - ECAL det=0 id=280 volid=1281 e=0.000436
StFcsFastSimulatorMaker:INFO  - ECAL det=0 id=300 volid=1301 e=0.001901
StFcsFastSimulatorMaker:INFO  - ECAL det=0 id=322 volid=1323 e=0.000630
StFcsFastSimulatorMaker:INFO  - g2t_hca_hit table has 15 hit
StFcsFastSimulatorMaker:INFO  - HCAL det=2 id=48 volid= 1049 e=0.000146
StFcsFastSimulatorMaker:INFO  - HCAL det=2 id=60 volid= 1061 e=0.004228
StFcsFastSimulatorMaker:INFO  - HCAL det=2 id=73 volid= 1074 e=0.000181
StFcsFastSimulatorMaker:INFO  - HCAL det=2 id=76 volid= 1077 e=0.001013
StFcsFastSimulatorMaker:INFO  - HCAL det=2 id=84 volid= 1085 e=0.000883
StFcsFastSimulatorMaker:INFO  - HCAL det=2 id=85 volid= 1086 e=0.000559
StFcsFastSimulatorMaker:INFO  - HCAL det=2 id=86 volid= 1087 e=0.000561
StFcsFastSimulatorMaker:INFO  - HCAL det=2 id=87 volid= 1088 e=0.000534
StFcsFastSimulatorMaker:INFO  - HCAL det=2 id=88 volid= 1089 e=0.001134
StFcsFastSimulatorMaker:INFO  - HCAL det=2 id=98 volid= 1099 e=0.000671
StFcsFastSimulatorMaker:INFO  - HCAL det=2 id=99 volid= 1100 e=0.002096
StFcsFastSimulatorMaker:INFO  - HCAL det=2 id=100 volid= 1101 e=0.002487
StFcsFastSimulatorMaker:INFO  - HCAL det=2 id=111 volid= 1112 e=0.000053
StFcsFastSimulatorMaker:INFO  - HCAL det=2 id=112 volid= 1113 e=0.000086
StFcsFastSimulatorMaker:INFO  - HCAL det=2 id=125 volid= 1126 e=0.000090
StFcsFastSimulatorMaker:INFO  - g2t_epd_hit table has 1 hit
StFcsFastSimulatorMaker:INFO  - Pres det=4 id= 73 volid=203180 e=  2.586376
StFcsFastSimulatorMaker:INFO  - Det=0 id=168 dE=   0.002 SF= 0.200 gain= 0.005 corr= 1.000 ADC=   2 ZS= 1 digiE=   0.011
StFcsFastSimulatorMaker:INFO  - Det=0 id=170 dE=   0.001 SF= 0.200 gain= 0.005 corr= 1.000 ADC=   0 ZS= 1 digiE=   0.000
StFcsFastSimulatorMaker:INFO  - Det=0 id=189 dE=   0.001 SF= 0.200 gain= 0.005 corr= 1.000 ADC=   1 ZS= 1 digiE=   0.005
StFcsFastSimulatorMaker:INFO  - Det=0 id=190 dE=   0.003 SF= 0.200 gain= 0.005 corr= 1.000 ADC=   2 ZS= 1 digiE=   0.011
StFcsFastSimulatorMaker:INFO  - Det=0 id=191 dE=   0.000 SF= 0.200 gain= 0.005 corr= 1.000 ADC=   0 ZS= 1 digiE=   0.000
StFcsFastSimulatorMaker:INFO  - Det=0 id=192 dE=   0.006 SF= 0.200 gain= 0.005 corr= 1.000 ADC=   5 ZS= 1 digiE=   0.026
StFcsFastSimulatorMaker:INFO  - Det=0 id=212 dE=   0.020 SF= 0.200 gain= 0.005 corr= 1.000 ADC=  18 ZS= 1 digiE=   0.095
StFcsFastSimulatorMaker:INFO  - Det=0 id=213 dE=   0.181 SF= 0.200 gain= 0.005 corr= 1.000 ADC= 170 ZS= 1 digiE=   0.901
StFcsFastSimulatorMaker:INFO  - Det=0 id=214 dE=   0.027 SF= 0.200 gain= 0.005 corr= 1.000 ADC=  25 ZS= 1 digiE=   0.132
StFcsFastSimulatorMaker:INFO  - Det=0 id=218 dE=   0.000 SF= 0.200 gain= 0.005 corr= 1.000 ADC=   0 ZS= 1 digiE=   0.000
StFcsFastSimulatorMaker:INFO  - Det=0 id=233 dE=   0.000 SF= 0.200 gain= 0.005 corr= 1.000 ADC=   0 ZS= 1 digiE=   0.000
StFcsFastSimulatorMaker:INFO  - Det=0 id=234 dE=   0.018 SF= 0.200 gain= 0.005 corr= 1.000 ADC=  16 ZS= 1 digiE=   0.085
StFcsFastSimulatorMaker:INFO  - Det=0 id=235 dE=   1.601 SF= 0.200 gain= 0.005 corr= 1.000 ADC=1510 ZS= 1 digiE=   8.003
StFcsFastSimulatorMaker:INFO  - Det=0 id=236 dE=   0.090 SF= 0.200 gain= 0.005 corr= 1.000 ADC=  85 ZS= 1 digiE=   0.450
StFcsFastSimulatorMaker:INFO  - Det=0 id=237 dE=   0.006 SF= 0.200 gain= 0.005 corr= 1.000 ADC=   5 ZS= 1 digiE=   0.026
StFcsFastSimulatorMaker:INFO  - Det=0 id=238 dE=   0.000 SF= 0.200 gain= 0.005 corr= 1.000 ADC=   0 ZS= 1 digiE=   0.000
StFcsFastSimulatorMaker:INFO  - Det=0 id=255 dE=   0.000 SF= 0.200 gain= 0.005 corr= 1.000 ADC=   0 ZS= 1 digiE=   0.000
StFcsFastSimulatorMaker:INFO  - Det=0 id=256 dE=   0.004 SF= 0.200 gain= 0.005 corr= 1.000 ADC=   3 ZS= 1 digiE=   0.016
StFcsFastSimulatorMaker:INFO  - Det=0 id=257 dE=   0.012 SF= 0.200 gain= 0.005 corr= 1.000 ADC=  11 ZS= 1 digiE=   0.058
StFcsFastSimulatorMaker:INFO  - Det=0 id=258 dE=   0.006 SF= 0.200 gain= 0.005 corr= 1.000 ADC=   5 ZS= 1 digiE=   0.026
StFcsFastSimulatorMaker:INFO  - Det=0 id=259 dE=   0.000 SF= 0.200 gain= 0.005 corr= 1.000 ADC=   0 ZS= 1 digiE=   0.000
StFcsFastSimulatorMaker:INFO  - Det=0 id=277 dE=   0.002 SF= 0.200 gain= 0.005 corr= 1.000 ADC=   1 ZS= 1 digiE=   0.005
StFcsFastSimulatorMaker:INFO  - Det=0 id=278 dE=   0.003 SF= 0.200 gain= 0.005 corr= 1.000 ADC=   3 ZS= 1 digiE=   0.016
StFcsFastSimulatorMaker:INFO  - Det=0 id=280 dE=   0.000 SF= 0.200 gain= 0.005 corr= 1.000 ADC=   0 ZS= 1 digiE=   0.000
StFcsFastSimulatorMaker:INFO  - Det=0 id=300 dE=   0.002 SF= 0.200 gain= 0.005 corr= 1.000 ADC=   1 ZS= 1 digiE=   0.005
StFcsFastSimulatorMaker:INFO  - Det=0 id=322 dE=   0.001 SF= 0.200 gain= 0.005 corr= 1.000 ADC=   0 ZS= 1 digiE=   0.000
StFcsFastSimulatorMaker:INFO  - Det=2 id= 48 dE=   0.000 SF= 0.014 gain= 0.005 corr= 1.000 ADC=   1 ZS= 1 digiE=   0.005
StFcsFastSimulatorMaker:INFO  - Det=2 id= 60 dE=   0.004 SF= 0.014 gain= 0.005 corr= 1.000 ADC=  55 ZS= 1 digiE=   0.292
StFcsFastSimulatorMaker:INFO  - Det=2 id= 73 dE=   0.000 SF= 0.014 gain= 0.005 corr= 1.000 ADC=   2 ZS= 1 digiE=   0.011
StFcsFastSimulatorMaker:INFO  - Det=2 id= 76 dE=   0.001 SF= 0.014 gain= 0.005 corr= 1.000 ADC=  13 ZS= 1 digiE=   0.069
StFcsFastSimulatorMaker:INFO  - Det=2 id= 84 dE=   0.001 SF= 0.014 gain= 0.005 corr= 1.000 ADC=  11 ZS= 1 digiE=   0.058
StFcsFastSimulatorMaker:INFO  - Det=2 id= 85 dE=   0.001 SF= 0.014 gain= 0.005 corr= 1.000 ADC=   7 ZS= 1 digiE=   0.037
StFcsFastSimulatorMaker:INFO  - Det=2 id= 86 dE=   0.001 SF= 0.014 gain= 0.005 corr= 1.000 ADC=   7 ZS= 1 digiE=   0.037
StFcsFastSimulatorMaker:INFO  - Det=2 id= 87 dE=   0.001 SF= 0.014 gain= 0.005 corr= 1.000 ADC=   6 ZS= 1 digiE=   0.032
StFcsFastSimulatorMaker:INFO  - Det=2 id= 88 dE=   0.001 SF= 0.014 gain= 0.005 corr= 1.000 ADC=  14 ZS= 1 digiE=   0.074
StFcsFastSimulatorMaker:INFO  - Det=2 id= 98 dE=   0.001 SF= 0.014 gain= 0.005 corr= 1.000 ADC=   8 ZS= 1 digiE=   0.042
StFcsFastSimulatorMaker:INFO  - Det=2 id= 99 dE=   0.002 SF= 0.014 gain= 0.005 corr= 1.000 ADC=  27 ZS= 1 digiE=   0.143
StFcsFastSimulatorMaker:INFO  - Det=2 id=100 dE=   0.002 SF= 0.014 gain= 0.005 corr= 1.000 ADC=  32 ZS= 1 digiE=   0.170
StFcsFastSimulatorMaker:INFO  - Det=2 id=111 dE=   0.000 SF= 0.014 gain= 0.005 corr= 1.000 ADC=   0 ZS= 1 digiE=   0.000
StFcsFastSimulatorMaker:INFO  - Det=2 id=112 dE=   0.000 SF= 0.014 gain= 0.005 corr= 1.000 ADC=   1 ZS= 1 digiE=   0.005
StFcsFastSimulatorMaker:INFO  - Det=2 id=125 dE=   0.000 SF= 0.014 gain= 0.005 corr= 1.000 ADC=   1 ZS= 1 digiE=   0.005
StFcsFastSimulatorMaker:INFO  - Det=4 id= 73 dE=   2.586 SF= 2.000 gain= 0.010 corr= 0.500 ADC= 258 ZS= 1 digiE=   1.290
StFcsFastSimulatorMaker:INFO  - wca Found 26 g2t hits in 14 cells, created 14 hits with ADC>ZS(1) and Etot=   9.858
StFcsFastSimulatorMaker:INFO  - hca Found 15 g2t hits in 11 cells, created 11 hits with ADC>ZS(1) and Etot=   0.965
StFcsFastSimulatorMaker:INFO  - pre Found 1 g2t hits in 1 cells, created 1 hits with ADC>ZS(1) and Etot=   1.290
StFcsFastSimulatorMaker:INFO  - *** StFcsFastSimulatorMaker::Make() == StOK(0) ***
StFcsWaveformFitMaker:INFO  - *** StFcsWaveformFitMaker::Make() == StOK(0) ***
StFcsClusterMaker:DEBUG - StFcsClusterMaker Make!!!
  *** Print FCS collection ***  RecFlag=0
  *** FCS Det=0 *** NHit= 14 NCluster=  1 NPoint=  0
StFcsHit: det= 0 id=235 | ns=0 ehp=0 dep= 8 ch= 6 | Ntb=  1 Sum=     0 Fit=  0.00   0.00 E=  8.00 | 1510 (  0) 
StFcsHit: det= 0 id=213 | ns=0 ehp=0 dep= 8 ch= 2 | Ntb=  1 Sum=     0 Fit=  0.00   0.00 E=  0.90 |  170 (  0) 
StFcsHit: det= 0 id=236 | ns=0 ehp=0 dep= 8 ch= 7 | Ntb=  1 Sum=     0 Fit=  0.00   0.00 E=  0.45 |   85 (  0) 
StFcsHit: det= 0 id=214 | ns=0 ehp=0 dep= 8 ch= 3 | Ntb=  1 Sum=     0 Fit=  0.00   0.00 E=  0.13 |   25 (  0) 
StFcsHit: det= 0 id=212 | ns=0 ehp=0 dep= 8 ch= 1 | Ntb=  1 Sum=     0 Fit=  0.00   0.00 E=  0.10 |   18 (  0) 
StFcsHit: det= 0 id=234 | ns=0 ehp=0 dep= 8 ch= 5 | Ntb=  1 Sum=     0 Fit=  0.00   0.00 E=  0.08 |   16 (  0) 
StFcsHit: det= 0 id=257 | ns=0 ehp=0 dep= 8 ch=10 | Ntb=  1 Sum=     0 Fit=  0.00   0.00 E=  0.06 |   11 (  0) 
StFcsHit: det= 0 id=192 | ns=0 ehp=0 dep= 3 ch=31 | Ntb=  1 Sum=     0 Fit=  0.00   0.00 E=  0.03 |    5 (  0) 
StFcsHit: det= 0 id=237 | ns=0 ehp=0 dep= 9 ch= 4 | Ntb=  1 Sum=     0 Fit=  0.00   0.00 E=  0.03 |    5 (  0) 
StFcsHit: det= 0 id=258 | ns=0 ehp=0 dep= 8 ch=11 | Ntb=  1 Sum=     0 Fit=  0.00   0.00 E=  0.03 |    5 (  0) 
StFcsHit: det= 0 id=256 | ns=0 ehp=0 dep= 8 ch= 9 | Ntb=  1 Sum=     0 Fit=  0.00   0.00 E=  0.02 |    3 (  0) 
StFcsHit: det= 0 id=278 | ns=0 ehp=0 dep= 8 ch=13 | Ntb=  1 Sum=     0 Fit=  0.00   0.00 E=  0.02 |    3 (  0) 
StFcsHit: det= 0 id=168 | ns=0 ehp=0 dep= 3 ch=25 | Ntb=  1 Sum=     0 Fit=  0.00   0.00 E=  0.01 |    2 (  0) 
StFcsHit: det= 0 id=190 | ns=0 ehp=0 dep= 3 ch=29 | Ntb=  1 Sum=     0 Fit=  0.00   0.00 E=  0.01 |    2 (  0) 
StFcsCluster id=   0 ctg=1 n=13 nNeigh=0 nPoints=0 loc=  15.61   10.30 PXYZE=  -1.41    0.43    9.74    9.85 E=   9.85 sigMin/max=   0.31    0.40 Chi2=   0.00    0.00
  *** FCS Det=1 *** NHit=  0 NCluster=  0 NPoint=  0
  *** FCS Det=2 *** NHit= 11 NCluster=  2 NPoint=  0
StFcsHit: det= 2 id= 60 | ns=0 ehp=1 dep= 2 ch= 8 | Ntb=  1 Sum=     0 Fit=  0.00   0.00 E=  0.29 |   55 (  0) 
StFcsHit: det= 2 id=100 | ns=0 ehp=1 dep= 2 ch=21 | Ntb=  1 Sum=     0 Fit=  0.00   0.00 E=  0.17 |   32 (  0) 
StFcsHit: det= 2 id= 99 | ns=0 ehp=1 dep= 2 ch=20 | Ntb=  1 Sum=     0 Fit=  0.00   0.00 E=  0.14 |   27 (  0) 
StFcsHit: det= 2 id= 88 | ns=0 ehp=1 dep= 2 ch=18 | Ntb=  1 Sum=     0 Fit=  0.00   0.00 E=  0.07 |   14 (  0) 
StFcsHit: det= 2 id= 76 | ns=0 ehp=1 dep= 2 ch=15 | Ntb=  1 Sum=     0 Fit=  0.00   0.00 E=  0.07 |   13 (  0) 
StFcsHit: det= 2 id= 84 | ns=0 ehp=1 dep= 1 ch=18 | Ntb=  1 Sum=     0 Fit=  0.00   0.00 E=  0.06 |   11 (  0) 
StFcsHit: det= 2 id= 98 | ns=0 ehp=1 dep= 1 ch=23 | Ntb=  1 Sum=     0 Fit=  0.00   0.00 E=  0.04 |    8 (  0) 
StFcsHit: det= 2 id= 85 | ns=0 ehp=1 dep= 1 ch=19 | Ntb=  1 Sum=     0 Fit=  0.00   0.00 E=  0.04 |    7 (  0) 
StFcsHit: det= 2 id= 86 | ns=0 ehp=1 dep= 2 ch=16 | Ntb=  1 Sum=     0 Fit=  0.00   0.00 E=  0.04 |    7 (  0) 
StFcsHit: det= 2 id= 87 | ns=0 ehp=1 dep= 2 ch=17 | Ntb=  1 Sum=     0 Fit=  0.00   0.00 E=  0.03 |    6 (  0) 
StFcsHit: det= 2 id= 73 | ns=0 ehp=1 dep= 2 ch=12 | Ntb=  1 Sum=     0 Fit=  0.00   0.00 E=  0.01 |    2 (  0) 
StFcsCluster id=   0 ctg=1 n= 2 nNeigh=1 nPoints=0 loc=   8.50    4.50 PXYZE=  -0.04    0.02    0.30    0.30 E=   0.30 sigMin/max=   0.00    0.00 Chi2=   0.00    0.00
StFcsCluster id=   1 ctg=1 n= 8 nNeigh=1 nPoints=0 loc=   9.11    7.50 PXYZE=  -0.08    0.02    0.60    0.60 E=   0.60 sigMin/max=   0.00    0.49 Chi2=   0.00    0.00
  *** FCS Det=3 *** NHit=  0 NCluster=  0 NPoint=  0
  *** FCS Det=4 *** NHit=  1 NCluster=  0 NPoint=  0
StFcsHit: det= 4 id= 73 | ns=0 ehp=2 dep= 2 ch= 9 | Ntb=  1 Sum=     0 Fit=  0.00   0.00 E=  1.29 |  258 (  0) 
  *** FCS Det=5 *** NHit=  0 NCluster=  0 NPoint=  0
  *** FCS Det=6 *** NHit=  0 NCluster=  1 NPoint=  0
StFcsClusterMaker:INFO  - *** StFcsClusterMaker::Make() == StOK(0) ***
StFttClusterPointMaker:INFO  - Creating FttCollection
StFttClusterPointMaker:INFO  - Making Geant points
StFttClusterPointMaker:INFO  - *** StFttClusterPointMaker::Make() == StOK(0) ***
StFwdTrackMaker:INFO  - Setting Event Vertex from geant/g2t_vertex[0]: 0xbf08ca0
StFwdTrackMaker:INFO  - TAttr::Found : useftt = 1

StFwdTrackMaker:INFO  - TAttr::Found : usefst = 1

StFwdTrackMaker:INFO  - TAttr::Found : useepd = 1

StFwdTrackMaker:INFO  - There are: 0 with 0 FST, 0 with 1 FST, 0 with 2 FST, 1 with 3 FST
StFwdTrackMaker:INFO  - There are: 0 with 0 FTT, 0 with 1 FTT, 0 with 2 FTT, 0 with 3 FTT, 0 with 4 FTT, 0 with 5 FTT, 0 with 6 FTT, 0 with 7 FTT, 1 with 8 FTT
StFwdTrackMaker:INFO  - There are 1 McTracks with > 2 FST hits (#of possible seeds)
StFwdTrackMaker:INFO  - 	Finding FWD Track Seeds
StFwdTrackMaker:INFO  - Hitmap Source: fst
StFwdTrackMaker:INFO  - Performing Fwd Seed finding with mode: fst = 
StFwdTrackMaker:INFO  - Found 1 seeds in 1 iterations
StFwdTrackMaker:INFO  - Total Hits removed: 0
StFwdTrackMaker:INFO  - Seed [0] with 3 hits : id=2@2id=1@1id=0@0
StFwdTrackMaker:INFO  - <<Fwd Tracking Found : 1 Track Seeds from 3 FST hits and 4 sTGC hits
StFwdTrackMaker:INFO  -     (vs. 1 McTracks with FST>2, eff = 1)
StFwdTrackMaker:INFO  - 	Fitting FWD Track Seeds
StFwdTrackMaker:INFO  - TrackFitter:refit = 1
StFwdTrackMaker:INFO  - Starting Track fitting loop with 1 track seeds
StFwdTrackMaker:INFO  - TrackFitter:refit = 1
StFwdTrackMaker:INFO  - 		Mc Match idTruth=1, quality = 1
StFwdTrackMaker:INFO  - GenFitTrackResult::mIdTruth = 1, QaTruth = 1
StFwdTrackMaker:INFO  - GenericFitSeeder::makeSeed::Curvature: 0.00976585
StFwdTrackMaker:INFO  - GenericFitSeeder::makeSeed::pt = 0.153489
StFwdTrackMaker:INFO  - Track Setup complete, track has 3 points
StFwdTrackMaker:INFO  -  sorting changed track points: 0
StFwdTrackMaker:INFO  - Fit status:  1
StFwdTrackMaker:INFO  - -Fit pvalue: 0.965566
StFwdTrackMaker:INFO  - -Fit Chi2:   0.00186363
StFwdTrackMaker:INFO  - -Fit Chi2:   0.00186363
StFwdTrackMaker:INFO  - Track fit charge: 1Fit momentum: -0.139047, 0.0380601, 0.649879
StFwdTrackMaker:INFO  - 	Fit Pt: 0.144162, eta: 2.21108, phi: 2.87442
StFwdTrackMaker:INFO  - Track fit update complete!
StFwdTrackMaker:INFO  - Track Reps: 1
StFwdTrackMaker:INFO  - Track Rep 0 
genfit::AbsTrackRep, pdgCode = 211. PropDir = 0
fitStatus 
 track has been fitted, fit has converged fully, 0 TrackPoints could not be processed, fitted charge = 1, PruneFlags: 
 track has been fitted with reference track, numIterations = 2, track length = 27.6881, fChi2 = 0.00186363, bChi2 = 0.00186363, fNdf = 1, bNdf = 1, fPVal = 0.965566, bPVal = 0.965566

StFwdTrackMaker:INFO  - GenFitTrackResult::mIdTruth = 1, QaTruth = 1
StFwdTrackMaker:INFO  - GTR Setting momentum from track
StFwdTrackMaker:INFO  - --isFitConvergedPartially() = 1
StFwdTrackMaker:INFO  - --isFitConverged() = 1
StFwdTrackMaker:INFO  - --isFitConvergedFully() = 1
StFwdTrackMaker:INFO  - Looking for FTT strips near projected state on disk 0
StFwdTrackMaker:INFO  - There are 2 available FTT strips on this disk
AAA FTT proj z= 312.25  x=-52.363 y= 21.920  r= 56.766 phi= 2.7451  sigU= 4.164 sigV= 0.188
AAA FTT momentum at proj: pT= 0.143 eta= 2.221 phi= 2.5608  px= -0.119 py=  0.078 pz=  0.650
AAA FTT search thresholds: dPhi<0.1200 dR<30.00 dx<7.50 dy<7.50  nHits=2
findFttHitsNearProjectedState, msp = (-52.362945, 21.919602)
AAA FTT hit H pos=(-51.580+/-4.33,  13.921+/-0.01)  dx= 0.783 dy= 7.999 dR= 3.340 dPhi=0.1328 (tid=1)  dPhi:FAIL dR:OK XY:OK
	 vs. hit@(-44.290310+/-0.010000, 17.541153+/-4.330127) => dx=8.072635, dy=4.378449, dR=9.128302, dPhi=0.019349 (tid=1), strip=vertical
AAA FTT hit V pos=(-44.290+/-0.01,  17.541+/-4.33)  dx= 8.073 dy= 4.378 dR= 9.128 dPhi=0.0193 (tid=1)  dPhi:OK dR:OK XY:OK
StFwdTrackMaker:INFO  - Adding vertical strip hit with dPhi = 0.0193489, dR = 9.1283, dx = 8.07264, dy = 4.37845
StFwdTrackMaker:INFO  - Closest horizontal FTT strip to FST state: dR=3.340429, dPhi=0.132835, dx=0.783203, dy=7.998688 (tid=1) 
AAA FTT closest-H dPhi=0.1328(<0.1200) dR= 3.340(< 30.0) dx= 0.783 dy= 7.999(< 7.50) tid=1 -> REJECT
StFwdTrackMaker:INFO  - Closest vertical FTT strip to FST state: dR=9.128302, dPhi=0.019349, dx=8.072635, dy=4.378449 (tid=1) 
AAA FTT closest-V dPhi=0.0193(<0.1200) dR= 9.128(< 30.0) dx= 8.073 dy= 4.378(< 7.50) tid=1 -> ACCEPT
AAA FTT result: 1 hits added (H:REJECT V:ACCEPT)
StFwdTrackMaker:INFO  -  Found #FTT strips on plane #0 = [1]
StFwdTrackMaker:INFO  - Found 3 existing seed points
StFwdTrackMaker:INFO  - Adding 1 new FTT seed points
StFwdTrackMaker:INFO  - Looking for FTT strips near projected state on disk 1
StFwdTrackMaker:INFO  - There are 2 available FTT strips on this disk
AAA FTT proj z= 312.25  x=-52.363 y= 21.920  r= 56.766 phi= 2.7451  sigU= 4.164 sigV= 0.141
AAA FTT momentum at proj: pT= 0.143 eta= 2.221 phi= 2.5608  px= -0.119 py=  0.078 pz=  0.650
AAA FTT search thresholds: dPhi<0.1200 dR<30.00 dx<7.50 dy<7.50  nHits=2
findFttHitsNearProjectedState, msp = (-52.362945, 21.919602)
	 vs. hit@(-47.508732+/-4.330127, 14.678418+/-0.010000) => dx=4.854213, dy=7.241184, dR=7.041123, dPhi=0.096786 (tid=1), strip=horizontal
AAA FTT hit H pos=(-47.509+/-4.33,  14.678+/-0.01)  dx= 4.854 dy= 7.241 dR= 7.041 dPhi=0.0968 (tid=1)  dPhi:OK dR:OK XY:OK
	 vs. hit@(-46.873623+/-0.010000, 15.881365+/-4.330127) => dx=5.489322, dy=6.038237, dR=7.274769, dPhi=0.069771 (tid=1), strip=vertical
AAA FTT hit V pos=(-46.874+/-0.01,  15.881+/-4.33)  dx= 5.489 dy= 6.038 dR= 7.275 dPhi=0.0698 (tid=1)  dPhi:OK dR:OK XY:OK
StFwdTrackMaker:INFO  - Adding horizontal strip hit with dPhi = 0.0967861, dR = 7.04112, dx = 4.85421, dy = 7.24118
StFwdTrackMaker:INFO  - Adding vertical strip hit with dPhi = 0.0697714, dR = 7.27477, dx = 5.48932, dy = 6.03824
StFwdTrackMaker:INFO  - Closest horizontal FTT strip to FST state: dR=7.041123, dPhi=0.096786, dx=4.854213, dy=7.241184 (tid=1) 
AAA FTT closest-H dPhi=0.0968(<0.1200) dR= 7.041(< 30.0) dx= 4.854 dy= 7.241(< 7.50) tid=1 -> ACCEPT
StFwdTrackMaker:INFO  - Closest vertical FTT strip to FST state: dR=7.274769, dPhi=0.069771, dx=5.489322, dy=6.038237 (tid=1) 
AAA FTT closest-V dPhi=0.0698(<0.1200) dR= 7.275(< 30.0) dx= 5.489 dy= 6.038(< 7.50) tid=1 -> ACCEPT
AAA FTT result: 2 hits added (H:ACCEPT V:ACCEPT)
StFwdTrackMaker:INFO  -  Found #FTT strips on plane #1 = [2]
StFwdTrackMaker:INFO  - Found 4 existing seed points
StFwdTrackMaker:INFO  - Adding 2 new FTT seed points
StFwdTrackMaker:INFO  - Looking for FTT strips near projected state on disk 2
StFwdTrackMaker:INFO  - There are 2 available FTT strips on this disk
AAA FTT proj z= 312.25  x=-52.363 y= 21.920  r= 56.766 phi= 2.7451  sigU= 4.164 sigV= 0.188
AAA FTT momentum at proj: pT= 0.143 eta= 2.221 phi= 2.5608  px= -0.119 py=  0.078 pz=  0.650
AAA FTT search thresholds: dPhi<0.1200 dR<30.00 dx<7.50 dy<7.50  nHits=2
findFttHitsNearProjectedState, msp = (-52.362945, 21.919602)
AAA FTT hit H pos=(-54.475+/-4.33,  15.365+/-0.01)  dx= 2.112 dy= 6.554 dR= 0.165 dPhi=0.1215 (tid=1)  dPhi:FAIL dR:OK XY:OK
	 vs. hit@(-49.110619+/-0.010000, 21.935768+/-4.330127) => dx=3.252327, dy=0.016166, dR=2.978818, dPhi=0.023628 (tid=1), strip=vertical
AAA FTT hit V pos=(-49.111+/-0.01,  21.936+/-4.33)  dx= 3.252 dy= 0.016 dR= 2.979 dPhi=0.0236 (tid=1)  dPhi:OK dR:OK XY:OK
StFwdTrackMaker:INFO  - Adding vertical strip hit with dPhi = 0.0236282, dR = 2.97882, dx = 3.25233, dy = 0.0161663
StFwdTrackMaker:INFO  - Closest horizontal FTT strip to FST state: dR=0.165031, dPhi=0.121527, dx=2.112244, dy=6.554324 (tid=1) 
AAA FTT closest-H dPhi=0.1215(<0.1200) dR= 0.165(< 30.0) dx= 2.112 dy= 6.554(< 7.50) tid=1 -> REJECT
StFwdTrackMaker:INFO  - Closest vertical FTT strip to FST state: dR=2.978818, dPhi=0.023628, dx=3.252327, dy=0.016166 (tid=1) 
AAA FTT closest-V dPhi=0.0236(<0.1200) dR= 2.979(< 30.0) dx= 3.252 dy= 0.016(< 7.50) tid=1 -> ACCEPT
AAA FTT result: 1 hits added (H:REJECT V:ACCEPT)
StFwdTrackMaker:INFO  -  Found #FTT strips on plane #2 = [1]
StFwdTrackMaker:INFO  - Found 6 existing seed points
StFwdTrackMaker:INFO  - Adding 1 new FTT seed points
StFwdTrackMaker:INFO  - Looking for FTT strips near projected state on disk 3
StFwdTrackMaker:INFO  - There are 2 available FTT strips on this disk
AAA FTT proj z= 312.25  x=-52.363 y= 21.920  r= 56.766 phi= 2.7451  sigU= 4.164 sigV= 0.141
AAA FTT momentum at proj: pT= 0.143 eta= 2.221 phi= 2.5608  px= -0.119 py=  0.078 pz=  0.650
AAA FTT search thresholds: dPhi<0.1200 dR<30.00 dx<7.50 dy<7.50  nHits=2
findFttHitsNearProjectedState, msp = (-52.362945, 21.919602)
AAA FTT hit H pos=(-57.894+/-4.33,  16.122+/-0.01)  dx= 5.531 dy= 5.797 dR= 3.331 dPhi=0.1248 (tid=1)  dPhi:FAIL dR:OK XY:OK
	 vs. hit@(-51.705917+/-0.010000, 18.367670+/-4.330127) => dx=0.657028, dy=3.551932, dR=1.894296, dPhi=0.055116 (tid=1), strip=vertical
AAA FTT hit V pos=(-51.706+/-0.01,  18.368+/-4.33)  dx= 0.657 dy= 3.552 dR= 1.894 dPhi=0.0551 (tid=1)  dPhi:OK dR:OK XY:OK
StFwdTrackMaker:INFO  - Adding vertical strip hit with dPhi = 0.0551155, dR = 1.8943, dx = 0.657028, dy = 3.55193
StFwdTrackMaker:INFO  - Closest horizontal FTT strip to FST state: dR=3.330866, dPhi=0.124842, dx=5.530629, dy=5.797141 (tid=1) 
AAA FTT closest-H dPhi=0.1248(<0.1200) dR= 3.331(< 30.0) dx= 5.531 dy= 5.797(< 7.50) tid=1 -> REJECT
StFwdTrackMaker:INFO  - Closest vertical FTT strip to FST state: dR=1.894296, dPhi=0.055116, dx=0.657028, dy=3.551932 (tid=1) 
AAA FTT closest-V dPhi=0.0551(<0.1200) dR= 1.894(< 30.0) dx= 0.657 dy= 3.552(< 7.50) tid=1 -> ACCEPT
AAA FTT result: 1 hits added (H:REJECT V:ACCEPT)
StFwdTrackMaker:INFO  -  Found #FTT strips on plane #3 = [1]
StFwdTrackMaker:INFO  - Found 7 existing seed points
StFwdTrackMaker:INFO  - Adding 1 new FTT seed points
StFwdTrackMaker:INFO  - Closest EPD hit to state: dR=16.502808, dPhi=-0.027097
StFwdTrackMaker:INFO  - GenFitTrackResult::mIdTruth = 1, QaTruth = 1
StFwdTrackMaker:INFO  - GenericFitSeeder::makeSeed::Curvature: -0.00585703
StFwdTrackMaker:INFO  - GenericFitSeeder::makeSeed::pt = 0.255923
StFwdTrackMaker:INFO  - Note: Using externally provided seed momentum
StFwdTrackMaker:INFO  - Track Setup complete, track has 8 points
StFwdTrackMaker:INFO  -  sorting changed track points: 0
StFwdTrackMaker:INFO  - Fit status:  1
StFwdTrackMaker:INFO  - -Fit pvalue: 0.361922
StFwdTrackMaker:INFO  - -Fit Chi2:   12.0229
StFwdTrackMaker:INFO  - -Fit Chi2:   12.0229
StFwdTrackMaker:INFO  - Track fit charge: 1Fit momentum: -0.965862, 0.273773, 6.73858
StFwdTrackMaker:INFO  - 	Fit Pt: 1.00391, eta: 2.60259, phi: 2.86539
StFwdTrackMaker:INFO  - Track fit update complete!
StFwdTrackMaker:INFO  - Track Reps: 1
StFwdTrackMaker:INFO  - Track Rep 0 
genfit::AbsTrackRep, pdgCode = -211. PropDir = 0
fitStatus 
 track has been fitted, fit has converged fully, 0 TrackPoints could not be processed, fitted charge = 1, PruneFlags: 
 track has been fitted with reference track, numIterations = 5, track length = 215.69, fChi2 = 12.0229, bChi2 = 12.0229, fNdf = 11, bNdf = 11, fPVal = 0.361922, bPVal = 0.361922

StFwdTrackMaker:INFO  - GenFitTrackResult::mIdTruth = 1, QaTruth = 1
StFwdTrackMaker:INFO  - GTR Setting momentum from track
StFwdTrackMaker:INFO  - --isFitConvergedPartially() = 1
StFwdTrackMaker:INFO  - --isFitConverged() = 1
StFwdTrackMaker:INFO  - --isFitConvergedFully() = 1
StFwdTrackMaker:INFO  - Global track fitting completed, found 1 global tracks from 1 track seed candidates
StFwdTrackMaker:INFO  - >>doBeamlineTrackFitting( #globals = 1 )
StFwdTrackMaker:INFO  - doBeamlineTrackFitting>>0 McId=1 with Beamline, seed already has: 8 hits
StFwdTrackMaker:INFO  - mBeamlineHit: 0, 0, 0
StFwdTrackMaker:INFO  - This fit is for a global that converged? = 1
StFwdTrackMaker:INFO  - GenFitTrackResult::mIdTruth = 1, QaTruth = 0.888889
StFwdTrackMaker:INFO  - GenericFitSeeder::makeSeed::Curvature: -0.0027916
StFwdTrackMaker:INFO  - GenericFitSeeder::makeSeed::pt = 0.536951
StFwdTrackMaker:INFO  - Track Setup complete, track has 9 points
StFwdTrackMaker:INFO  -  sorting changed track points: 0
StFwdTrackMaker:INFO  - Fit status:  1
StFwdTrackMaker:INFO  - -Fit pvalue: 0.468565
StFwdTrackMaker:INFO  - -Fit Chi2:   12.734
StFwdTrackMaker:INFO  - -Fit Chi2:   12.734
StFwdTrackMaker:INFO  - Track fit charge: -1Fit momentum: -1.90927, 0.635127, 13.5292
StFwdTrackMaker:INFO  - 	Fit Pt: 2.01214, eta: 2.60428, phi: 2.82045
StFwdTrackMaker:INFO  - Track fit update complete!
StFwdTrackMaker:INFO  - Track Reps: 1
StFwdTrackMaker:INFO  - Track Rep 0 
genfit::AbsTrackRep, pdgCode = -211. PropDir = 0
fitStatus 
 track has been fitted, fit has converged fully, 0 TrackPoints could not be processed, fitted charge = -1, PruneFlags: 
 track has been fitted with reference track, numIterations = 3, track length = 368.286, fChi2 = 12.734, bChi2 = 12.734, fNdf = 13, bNdf = 13, fPVal = 0.468565, bPVal = 0.468565

StFwdTrackMaker:INFO  - GenFitTrackResult::mIdTruth = 1, QaTruth = 0.888889
StFwdTrackMaker:INFO  - GTR Setting momentum from track
StFwdTrackMaker:INFO  - --isFitConvergedPartially() = 1
StFwdTrackMaker:INFO  - --isFitConverged() = 1
StFwdTrackMaker:INFO  - --isFitConvergedFully() = 1
StFwdTrackMaker:INFO  - SEED momentum:-0.965862, 0.273773, 6.73858
StFwdTrackMaker:INFO  - 	Initial Beamline fit completed, now refitting with additional hits
StFwdTrackMaker:INFO  - Looking for FTT strips near projected state on disk 0
StFwdTrackMaker:INFO  - There are 2 available FTT strips on this disk
AAA FTT proj z= 312.25  x=-44.125 y= 13.910  r= 46.266 phi= 2.8362  sigU= 0.058 sigV= 0.000
AAA FTT momentum at proj: pT= 2.012 eta= 2.604 phi= 2.8512  px= -1.928 py=  0.576 pz= 13.529
AAA FTT search thresholds: dPhi<0.1200 dR<30.00 dx<7.50 dy<7.50  nHits=2
findFttHitsNearProjectedState, msp = (-44.125231, 13.909958)
	 vs. hit@(-51.579742+/-4.330127, 13.920914+/-0.010000) => dx=7.454512, dy=0.010956, dR=7.159505, dPhi=0.041767 (tid=1), strip=horizontal
AAA FTT hit H pos=(-51.580+/-4.33,  13.921+/-0.01)  dx= 7.455 dy= 0.011 dR= 7.160 dPhi=0.0418 (tid=1)  dPhi:OK dR:OK XY:OK
	 vs. hit@(-44.290310+/-0.010000, 17.541153+/-4.330127) => dx=0.165079, dy=3.631195, dR=1.371633, dPhi=0.071719 (tid=1), strip=vertical
AAA FTT hit V pos=(-44.290+/-0.01,  17.541+/-4.33)  dx= 0.165 dy= 3.631 dR= 1.372 dPhi=0.0717 (tid=1)  dPhi:OK dR:OK XY:OK
StFwdTrackMaker:INFO  - Adding horizontal strip hit with dPhi = 0.0417672, dR = 7.15951, dx = 7.45451, dy = 0.0109562
StFwdTrackMaker:INFO  - Adding vertical strip hit with dPhi = 0.0717186, dR = 1.37163, dx = 0.165079, dy = 3.6312
StFwdTrackMaker:INFO  - Closest horizontal FTT strip to FST state: dR=7.159505, dPhi=0.041767, dx=7.454512, dy=0.010956 (tid=1) 
AAA FTT closest-H dPhi=0.0418(<0.1200) dR= 7.160(< 30.0) dx= 7.455 dy= 0.011(< 7.50) tid=1 -> ACCEPT
StFwdTrackMaker:INFO  - Closest vertical FTT strip to FST state: dR=1.371633, dPhi=0.071719, dx=0.165079, dy=3.631195 (tid=1) 
AAA FTT closest-V dPhi=0.0717(<0.1200) dR= 1.372(< 30.0) dx= 0.165 dy= 3.631(< 7.50) tid=1 -> ACCEPT
AAA FTT result: 2 hits added (H:ACCEPT V:ACCEPT)
StFwdTrackMaker:INFO  -  Found #FTT strips on plane #0 = [2]
StFwdTrackMaker:INFO  - Found 9 existing seed points
StFwdTrackMaker:INFO  - Adding 2 new FTT seed points
StFwdTrackMaker:INFO  - Hit already in seed, skipping
StFwdTrackMaker:INFO  - Looking for FTT strips near projected state on disk 1
StFwdTrackMaker:INFO  - There are 2 available FTT strips on this disk
AAA FTT proj z= 312.25  x=-44.125 y= 13.910  r= 46.266 phi= 2.8362  sigU= 0.058 sigV= 0.001
AAA FTT momentum at proj: pT= 2.012 eta= 2.604 phi= 2.8512  px= -1.928 py=  0.576 pz= 13.529
AAA FTT search thresholds: dPhi<0.1200 dR<30.00 dx<7.50 dy<7.50  nHits=2
findFttHitsNearProjectedState, msp = (-44.125231, 13.909958)
	 vs. hit@(-47.508732+/-4.330127, 14.678418+/-0.010000) => dx=3.383501, dy=0.768461, dR=3.458812, dPhi=0.005719 (tid=1), strip=horizontal
AAA FTT hit H pos=(-47.509+/-4.33,  14.678+/-0.01)  dx= 3.384 dy= 0.768 dR= 3.459 dPhi=0.0057 (tid=1)  dPhi:OK dR:OK XY:OK
	 vs. hit@(-46.873623+/-0.010000, 15.881365+/-4.330127) => dx=2.748392, dy=1.971407, dR=3.225166, dPhi=0.021296 (tid=1), strip=vertical
AAA FTT hit V pos=(-46.874+/-0.01,  15.881+/-4.33)  dx= 2.748 dy= 1.971 dR= 3.225 dPhi=0.0213 (tid=1)  dPhi:OK dR:OK XY:OK
StFwdTrackMaker:INFO  - Adding horizontal strip hit with dPhi = 0.00571861, dR = 3.45881, dx = 3.3835, dy = 0.768461
StFwdTrackMaker:INFO  - Adding vertical strip hit with dPhi = 0.0212961, dR = 3.22517, dx = 2.74839, dy = 1.97141
StFwdTrackMaker:INFO  - Closest horizontal FTT strip to FST state: dR=3.458812, dPhi=0.005719, dx=3.383501, dy=0.768461 (tid=1) 
AAA FTT closest-H dPhi=0.0057(<0.1200) dR= 3.459(< 30.0) dx= 3.384 dy= 0.768(< 7.50) tid=1 -> ACCEPT
StFwdTrackMaker:INFO  - Closest vertical FTT strip to FST state: dR=3.225166, dPhi=0.021296, dx=2.748392, dy=1.971407 (tid=1) 
AAA FTT closest-V dPhi=0.0213(<0.1200) dR= 3.225(< 30.0) dx= 2.748 dy= 1.971(< 7.50) tid=1 -> ACCEPT
AAA FTT result: 2 hits added (H:ACCEPT V:ACCEPT)
StFwdTrackMaker:INFO  -  Found #FTT strips on plane #1 = [2]
StFwdTrackMaker:INFO  - Found 10 existing seed points
StFwdTrackMaker:INFO  - Adding 2 new FTT seed points
StFwdTrackMaker:INFO  - Hit already in seed, skipping
StFwdTrackMaker:INFO  - Hit already in seed, skipping
StFwdTrackMaker:INFO  - Looking for FTT strips near projected state on disk 2
StFwdTrackMaker:INFO  - There are 2 available FTT strips on this disk
AAA FTT proj z= 312.25  x=-44.125 y= 13.910  r= 46.266 phi= 2.8362  sigU= 0.058 sigV= 0.000
AAA FTT momentum at proj: pT= 2.012 eta= 2.604 phi= 2.8512  px= -1.928 py=  0.576 pz= 13.529
AAA FTT search thresholds: dPhi<0.1200 dR<30.00 dx<7.50 dy<7.50  nHits=2
findFttHitsNearProjectedState, msp = (-44.125231, 13.909958)
	 vs. hit@(-54.475189+/-4.330127, 15.365278+/-0.010000) => dx=10.349959, dy=1.455321, dR=10.334904, dPhi=0.030459 (tid=1), strip=horizontal
AAA FTT hit H pos=(-54.475+/-4.33,  15.365+/-0.01)  dx=10.350 dy= 1.455 dR=10.335 dPhi=0.0305 (tid=1)  dPhi:OK dR:OK XY:OK
	 vs. hit@(-49.110619+/-0.010000, 21.935768+/-4.330127) => dx=4.985388, dy=8.025811, dR=7.521116, dPhi=0.114696 (tid=1), strip=vertical
AAA FTT hit V pos=(-49.111+/-0.01,  21.936+/-4.33)  dx= 4.985 dy= 8.026 dR= 7.521 dPhi=0.1147 (tid=1)  dPhi:OK dR:OK XY:OK
StFwdTrackMaker:INFO  - Adding horizontal strip hit with dPhi = 0.0304595, dR = 10.3349, dx = 10.35, dy = 1.45532
StFwdTrackMaker:INFO  - Adding vertical strip hit with dPhi = 0.114696, dR = 7.52112, dx = 4.98539, dy = 8.02581
StFwdTrackMaker:INFO  - Closest horizontal FTT strip to FST state: dR=10.334904, dPhi=0.030459, dx=10.349959, dy=1.455321 (tid=1) 
AAA FTT closest-H dPhi=0.0305(<0.1200) dR=10.335(< 30.0) dx=10.350 dy= 1.455(< 7.50) tid=1 -> ACCEPT
StFwdTrackMaker:INFO  - Closest vertical FTT strip to FST state: dR=7.521116, dPhi=0.114696, dx=4.985388, dy=8.025811 (tid=1) 
AAA FTT closest-V dPhi=0.1147(<0.1200) dR= 7.521(< 30.0) dx= 4.985 dy= 8.026(< 7.50) tid=1 -> ACCEPT
AAA FTT result: 2 hits added (H:ACCEPT V:ACCEPT)
StFwdTrackMaker:INFO  -  Found #FTT strips on plane #2 = [2]
StFwdTrackMaker:INFO  - Found 10 existing seed points
StFwdTrackMaker:INFO  - Adding 2 new FTT seed points
StFwdTrackMaker:INFO  - Hit already in seed, skipping
StFwdTrackMaker:INFO  - Looking for FTT strips near projected state on disk 3
StFwdTrackMaker:INFO  - There are 2 available FTT strips on this disk
AAA FTT proj z= 312.25  x=-44.125 y= 13.910  r= 46.266 phi= 2.8362  sigU= 0.058 sigV= 0.001
AAA FTT momentum at proj: pT= 2.012 eta= 2.604 phi= 2.8512  px= -1.928 py=  0.576 pz= 13.529
AAA FTT search thresholds: dPhi<0.1200 dR<30.00 dx<7.50 dy<7.50  nHits=2
findFttHitsNearProjectedState, msp = (-44.125231, 13.909958)
	 vs. hit@(-57.893574+/-4.330127, 16.122461+/-0.010000) => dx=13.768343, dy=2.212504, dR=13.830801, dPhi=0.033775 (tid=1), strip=horizontal
AAA FTT hit H pos=(-57.894+/-4.33,  16.122+/-0.01)  dx=13.768 dy= 2.213 dR=13.831 dPhi=0.0338 (tid=1)  dPhi:OK dR:OK XY:OK
	 vs. hit@(-51.705917+/-0.010000, 18.367670+/-4.330127) => dx=7.580687, dy=4.457713, dR=8.605639, dPhi=0.035952 (tid=1), strip=vertical
AAA FTT hit V pos=(-51.706+/-0.01,  18.368+/-4.33)  dx= 7.581 dy= 4.458 dR= 8.606 dPhi=0.0360 (tid=1)  dPhi:OK dR:OK XY:OK
StFwdTrackMaker:INFO  - Adding horizontal strip hit with dPhi = 0.0337747, dR = 13.8308, dx = 13.7683, dy = 2.2125
StFwdTrackMaker:INFO  - Adding vertical strip hit with dPhi = 0.035952, dR = 8.60564, dx = 7.58069, dy = 4.45771
StFwdTrackMaker:INFO  - Closest horizontal FTT strip to FST state: dR=13.830801, dPhi=0.033775, dx=13.768343, dy=2.212504 (tid=1) 
AAA FTT closest-H dPhi=0.0338(<0.1200) dR=13.831(< 30.0) dx=13.768 dy= 2.213(< 7.50) tid=1 -> ACCEPT
StFwdTrackMaker:INFO  - Closest vertical FTT strip to FST state: dR=8.605639, dPhi=0.035952, dx=7.580687, dy=4.457713 (tid=1) 
AAA FTT closest-V dPhi=0.0360(<0.1200) dR= 8.606(< 30.0) dx= 7.581 dy= 4.458(< 7.50) tid=1 -> ACCEPT
AAA FTT result: 2 hits added (H:ACCEPT V:ACCEPT)
StFwdTrackMaker:INFO  -  Found #FTT strips on plane #3 = [2]
StFwdTrackMaker:INFO  - Found 11 existing seed points
StFwdTrackMaker:INFO  - Adding 2 new FTT seed points
StFwdTrackMaker:INFO  - Hit already in seed, skipping
StFwdTrackMaker:INFO  - Closest EPD hit to state: dR=1.851013, dPhi=0.089333
StFwdTrackMaker:INFO  - GenFitTrackResult::mIdTruth = 1, QaTruth = 0.916667
StFwdTrackMaker:INFO  - GenericFitSeeder::makeSeed::Curvature: 0.00690284
StFwdTrackMaker:INFO  - GenericFitSeeder::makeSeed::pt = 0.21715
StFwdTrackMaker:INFO  - Note: Using externally provided seed momentum
StFwdTrackMaker:INFO  - Track Setup complete, track has 12 points
StFwdTrackMaker:INFO  -  sorting changed track points: 0
StFwdTrackMaker:INFO  - Fit status:  1
StFwdTrackMaker:INFO  - -Fit pvalue: 0.325856
StFwdTrackMaker:INFO  - -Fit Chi2:   21.2
StFwdTrackMaker:INFO  - -Fit Chi2:   21.2
StFwdTrackMaker:INFO  - Track fit charge: -1Fit momentum: -1.3617, 0.46598, 9.68681
StFwdTrackMaker:INFO  - 	Fit Pt: 1.43922, eta: 2.60528, phi: 2.81188
StFwdTrackMaker:INFO  - Track fit update complete!
StFwdTrackMaker:INFO  - Track Reps: 1
StFwdTrackMaker:INFO  - Track Rep 0 
genfit::AbsTrackRep, pdgCode = 211. PropDir = 0
fitStatus 
 track has been fitted, fit has converged fully, 0 TrackPoints could not be processed, fitted charge = -1, PruneFlags: 
 track has been fitted with reference track, numIterations = 3, track length = 368.627, fChi2 = 21.1999, bChi2 = 21.2, fNdf = 19, bNdf = 19, fPVal = 0.32586, bPVal = 0.325856

StFwdTrackMaker:INFO  - GenFitTrackResult::mIdTruth = 1, QaTruth = 0.916667
StFwdTrackMaker:INFO  - GTR Setting momentum from track
StFwdTrackMaker:INFO  - --isFitConvergedPartially() = 1
StFwdTrackMaker:INFO  - --isFitConverged() = 1
StFwdTrackMaker:INFO  - --isFitConvergedFully() = 1
StFwdTrackMaker:INFO  - >>doPrimaryTrackFitting( #globals = 1 )
StFwdTrackMaker:INFO  - Refitting Track 0, McId=1 with Primary Vertex, seed already has: 8 hits
StFwdTrackMaker:INFO  - mEventVertexHit: 0, 0, 0
StFwdTrackMaker:INFO  - This fit is for a global that converged? = 1
StFwdTrackMaker:INFO  - GenFitTrackResult::mIdTruth = 1, QaTruth = 0.888889
StFwdTrackMaker:INFO  - GenericFitSeeder::makeSeed::Curvature: -0.0027916
StFwdTrackMaker:INFO  - GenericFitSeeder::makeSeed::pt = 0.536951
StFwdTrackMaker:INFO  - Note: Using externally provided seed momentum
StFwdTrackMaker:INFO  - Track Setup complete, track has 9 points
StFwdTrackMaker:INFO  -  sorting changed track points: 0
StFwdTrackMaker:INFO  - Fit status:  1
StFwdTrackMaker:INFO  - -Fit pvalue: 0.295052
StFwdTrackMaker:INFO  - -Fit Chi2:   15.1997
StFwdTrackMaker:INFO  - -Fit Chi2:   15.1997
StFwdTrackMaker:INFO  - Track fit charge: -1Fit momentum: -1.46534, 0.497904, 10.4382
StFwdTrackMaker:INFO  - 	Fit Pt: 1.54762, eta: 2.60735, phi: 2.81405
StFwdTrackMaker:INFO  - Track fit update complete!
StFwdTrackMaker:INFO  - Track Reps: 1
StFwdTrackMaker:INFO  - Track Rep 0 
genfit::AbsTrackRep, pdgCode = -211. PropDir = 0
fitStatus 
 track has been fitted, fit has converged fully, 0 TrackPoints could not be processed, fitted charge = -1, PruneFlags: 
 track has been fitted with reference track, numIterations = 3, track length = 369.428, fChi2 = 15.1997, bChi2 = 15.1997, fNdf = 13, bNdf = 13, fPVal = 0.295052, bPVal = 0.295052

StFwdTrackMaker:INFO  - GenFitTrackResult::mIdTruth = 1, QaTruth = 0.888889
StFwdTrackMaker:INFO  - GTR Setting momentum from track
StFwdTrackMaker:INFO  - --isFitConvergedPartially() = 1
StFwdTrackMaker:INFO  - --isFitConverged() = 1
StFwdTrackMaker:INFO  - --isFitConvergedFully() = 1
StFwdTrackMaker:INFO  - 	Initial fit complete, now refitting with additional points
StFwdTrackMaker:INFO  - Looking for FTT strips near projected state on disk 0
StFwdTrackMaker:INFO  - There are 2 available FTT strips on this disk
AAA FTT proj z= 312.25  x=-44.135 y= 13.919  r= 46.278 phi= 2.8361  sigU= 0.019 sigV= 0.000
AAA FTT momentum at proj: pT= 1.548 eta= 2.607 phi= 2.8541  px= -1.484 py=  0.439 pz= 10.438
AAA FTT search thresholds: dPhi<0.1200 dR<30.00 dx<7.50 dy<7.50  nHits=2
findFttHitsNearProjectedState, msp = (-44.135257, 13.918576)
	 vs. hit@(-51.579742+/-4.330127, 13.920914+/-0.010000) => dx=7.444485, dy=0.002338, dR=7.147351, dPhi=0.041880 (tid=1), strip=horizontal
AAA FTT hit H pos=(-51.580+/-4.33,  13.921+/-0.01)  dx= 7.444 dy= 0.002 dR= 7.147 dPhi=0.0419 (tid=1)  dPhi:OK dR:OK XY:OK
	 vs. hit@(-44.290310+/-0.010000, 17.541153+/-4.330127) => dx=0.155053, dy=3.622577, dR=1.359479, dPhi=0.071606 (tid=1), strip=vertical
AAA FTT hit V pos=(-44.290+/-0.01,  17.541+/-4.33)  dx= 0.155 dy= 3.623 dR= 1.359 dPhi=0.0716 (tid=1)  dPhi:OK dR:OK XY:OK
StFwdTrackMaker:INFO  - Adding horizontal strip hit with dPhi = 0.0418796, dR = 7.14735, dx = 7.44449, dy = 0.00233751
StFwdTrackMaker:INFO  - Adding vertical strip hit with dPhi = 0.0716061, dR = 1.35948, dx = 0.155053, dy = 3.62258
StFwdTrackMaker:INFO  - Closest horizontal FTT strip to FST state: dR=7.147351, dPhi=0.041880, dx=7.444485, dy=0.002338 (tid=1) 
AAA FTT closest-H dPhi=0.0419(<0.1200) dR= 7.147(< 30.0) dx= 7.444 dy= 0.002(< 7.50) tid=1 -> ACCEPT
StFwdTrackMaker:INFO  - Closest vertical FTT strip to FST state: dR=1.359479, dPhi=0.071606, dx=0.155053, dy=3.622577 (tid=1) 
AAA FTT closest-V dPhi=0.0716(<0.1200) dR= 1.359(< 30.0) dx= 0.155 dy= 3.623(< 7.50) tid=1 -> ACCEPT
AAA FTT result: 2 hits added (H:ACCEPT V:ACCEPT)
StFwdTrackMaker:INFO  -  Found #FTT strips on plane #0 = [2]
StFwdTrackMaker:INFO  - Found 9 existing seed points
StFwdTrackMaker:INFO  - Adding 2 new FTT seed points
StFwdTrackMaker:INFO  - Hit already in seed, skipping
StFwdTrackMaker:INFO  - Looking for FTT strips near projected state on disk 1
StFwdTrackMaker:INFO  - There are 2 available FTT strips on this disk
AAA FTT proj z= 312.25  x=-44.135 y= 13.919  r= 46.278 phi= 2.8361  sigU= 0.019 sigV= 0.000
AAA FTT momentum at proj: pT= 1.548 eta= 2.607 phi= 2.8541  px= -1.484 py=  0.439 pz= 10.438
AAA FTT search thresholds: dPhi<0.1200 dR<30.00 dx<7.50 dy<7.50  nHits=2
findFttHitsNearProjectedState, msp = (-44.135257, 13.918576)
	 vs. hit@(-47.508732+/-4.330127, 14.678418+/-0.010000) => dx=3.373475, dy=0.759842, dR=3.446658, dPhi=0.005831 (tid=1), strip=horizontal
AAA FTT hit H pos=(-47.509+/-4.33,  14.678+/-0.01)  dx= 3.373 dy= 0.760 dR= 3.447 dPhi=0.0058 (tid=1)  dPhi:OK dR:OK XY:OK
	 vs. hit@(-46.873623+/-0.010000, 15.881365+/-4.330127) => dx=2.738366, dy=1.962789, dR=3.213012, dPhi=0.021184 (tid=1), strip=vertical
AAA FTT hit V pos=(-46.874+/-0.01,  15.881+/-4.33)  dx= 2.738 dy= 1.963 dR= 3.213 dPhi=0.0212 (tid=1)  dPhi:OK dR:OK XY:OK
StFwdTrackMaker:INFO  - Adding horizontal strip hit with dPhi = 0.00583109, dR = 3.44666, dx = 3.37347, dy = 0.759842
StFwdTrackMaker:INFO  - Adding vertical strip hit with dPhi = 0.0211836, dR = 3.21301, dx = 2.73837, dy = 1.96279
StFwdTrackMaker:INFO  - Closest horizontal FTT strip to FST state: dR=3.446658, dPhi=0.005831, dx=3.373475, dy=0.759842 (tid=1) 
AAA FTT closest-H dPhi=0.0058(<0.1200) dR= 3.447(< 30.0) dx= 3.373 dy= 0.760(< 7.50) tid=1 -> ACCEPT
StFwdTrackMaker:INFO  - Closest vertical FTT strip to FST state: dR=3.213012, dPhi=0.021184, dx=2.738366, dy=1.962789 (tid=1) 
AAA FTT closest-V dPhi=0.0212(<0.1200) dR= 3.213(< 30.0) dx= 2.738 dy= 1.963(< 7.50) tid=1 -> ACCEPT
AAA FTT result: 2 hits added (H:ACCEPT V:ACCEPT)
StFwdTrackMaker:INFO  -  Found #FTT strips on plane #1 = [2]
StFwdTrackMaker:INFO  - Found 10 existing seed points
StFwdTrackMaker:INFO  - Adding 2 new FTT seed points
StFwdTrackMaker:INFO  - Hit already in seed, skipping
StFwdTrackMaker:INFO  - Hit already in seed, skipping
StFwdTrackMaker:INFO  - Looking for FTT strips near projected state on disk 2
StFwdTrackMaker:INFO  - There are 2 available FTT strips on this disk
AAA FTT proj z= 312.25  x=-44.135 y= 13.919  r= 46.278 phi= 2.8361  sigU= 0.019 sigV= 0.000
AAA FTT momentum at proj: pT= 1.548 eta= 2.607 phi= 2.8541  px= -1.484 py=  0.439 pz= 10.438
AAA FTT search thresholds: dPhi<0.1200 dR<30.00 dx<7.50 dy<7.50  nHits=2
findFttHitsNearProjectedState, msp = (-44.135257, 13.918576)
	 vs. hit@(-54.475189+/-4.330127, 15.365278+/-0.010000) => dx=10.339932, dy=1.446702, dR=10.322750, dPhi=0.030572 (tid=1), strip=horizontal
AAA FTT hit H pos=(-54.475+/-4.33,  15.365+/-0.01)  dx=10.340 dy= 1.447 dR=10.323 dPhi=0.0306 (tid=1)  dPhi:OK dR:OK XY:OK
	 vs. hit@(-49.110619+/-0.010000, 21.935768+/-4.330127) => dx=4.975362, dy=8.017192, dR=7.508962, dPhi=0.114583 (tid=1), strip=vertical
AAA FTT hit V pos=(-49.111+/-0.01,  21.936+/-4.33)  dx= 4.975 dy= 8.017 dR= 7.509 dPhi=0.1146 (tid=1)  dPhi:OK dR:OK XY:OK
StFwdTrackMaker:INFO  - Adding horizontal strip hit with dPhi = 0.0305719, dR = 10.3227, dx = 10.3399, dy = 1.4467
StFwdTrackMaker:INFO  - Adding vertical strip hit with dPhi = 0.114583, dR = 7.50896, dx = 4.97536, dy = 8.01719
StFwdTrackMaker:INFO  - Closest horizontal FTT strip to FST state: dR=10.322750, dPhi=0.030572, dx=10.339932, dy=1.446702 (tid=1) 
AAA FTT closest-H dPhi=0.0306(<0.1200) dR=10.323(< 30.0) dx=10.340 dy= 1.447(< 7.50) tid=1 -> ACCEPT
StFwdTrackMaker:INFO  - Closest vertical FTT strip to FST state: dR=7.508962, dPhi=0.114583, dx=4.975362, dy=8.017192 (tid=1) 
AAA FTT closest-V dPhi=0.1146(<0.1200) dR= 7.509(< 30.0) dx= 4.975 dy= 8.017(< 7.50) tid=1 -> ACCEPT
AAA FTT result: 2 hits added (H:ACCEPT V:ACCEPT)
StFwdTrackMaker:INFO  -  Found #FTT strips on plane #2 = [2]
StFwdTrackMaker:INFO  - Found 10 existing seed points
StFwdTrackMaker:INFO  - Adding 2 new FTT seed points
StFwdTrackMaker:INFO  - Hit already in seed, skipping
StFwdTrackMaker:INFO  - Looking for FTT strips near projected state on disk 3
StFwdTrackMaker:INFO  - There are 2 available FTT strips on this disk
AAA FTT proj z= 312.25  x=-44.135 y= 13.919  r= 46.278 phi= 2.8361  sigU= 0.019 sigV= 0.000
AAA FTT momentum at proj: pT= 1.548 eta= 2.607 phi= 2.8541  px= -1.484 py=  0.439 pz= 10.438
AAA FTT search thresholds: dPhi<0.1200 dR<30.00 dx<7.50 dy<7.50  nHits=2
findFttHitsNearProjectedState, msp = (-44.135257, 13.918576)
	 vs. hit@(-57.893574+/-4.330127, 16.122461+/-0.010000) => dx=13.758317, dy=2.203885, dR=13.818647, dPhi=0.033887 (tid=1), strip=horizontal
AAA FTT hit H pos=(-57.894+/-4.33,  16.122+/-0.01)  dx=13.758 dy= 2.204 dR=13.819 dPhi=0.0339 (tid=1)  dPhi:OK dR:OK XY:OK
	 vs. hit@(-51.705917+/-0.010000, 18.367670+/-4.330127) => dx=7.570660, dy=4.449094, dR=8.593485, dPhi=0.035840 (tid=1), strip=vertical
AAA FTT hit V pos=(-51.706+/-0.01,  18.368+/-4.33)  dx= 7.571 dy= 4.449 dR= 8.593 dPhi=0.0358 (tid=1)  dPhi:OK dR:OK XY:OK
StFwdTrackMaker:INFO  - Adding horizontal strip hit with dPhi = 0.0338872, dR = 13.8186, dx = 13.7583, dy = 2.20389
StFwdTrackMaker:INFO  - Adding vertical strip hit with dPhi = 0.0358395, dR = 8.59348, dx = 7.57066, dy = 4.44909
StFwdTrackMaker:INFO  - Closest horizontal FTT strip to FST state: dR=13.818647, dPhi=0.033887, dx=13.758317, dy=2.203885 (tid=1) 
AAA FTT closest-H dPhi=0.0339(<0.1200) dR=13.819(< 30.0) dx=13.758 dy= 2.204(< 7.50) tid=1 -> ACCEPT
StFwdTrackMaker:INFO  - Closest vertical FTT strip to FST state: dR=8.593485, dPhi=0.035840, dx=7.570660, dy=4.449094 (tid=1) 
AAA FTT closest-V dPhi=0.0358(<0.1200) dR= 8.593(< 30.0) dx= 7.571 dy= 4.449(< 7.50) tid=1 -> ACCEPT
AAA FTT result: 2 hits added (H:ACCEPT V:ACCEPT)
StFwdTrackMaker:INFO  -  Found #FTT strips on plane #3 = [2]
StFwdTrackMaker:INFO  - Found 11 existing seed points
StFwdTrackMaker:INFO  - Adding 2 new FTT seed points
StFwdTrackMaker:INFO  - Hit already in seed, skipping
StFwdTrackMaker:INFO  - Closest EPD hit to state: dR=1.833491, dPhi=0.089553
StFwdTrackMaker:INFO  - GenFitTrackResult::mIdTruth = 1, QaTruth = 0.916667
StFwdTrackMaker:INFO  - GenericFitSeeder::makeSeed::Curvature: 0.00690284
StFwdTrackMaker:INFO  - GenericFitSeeder::makeSeed::pt = 0.21715
StFwdTrackMaker:INFO  - Note: Using externally provided seed momentum
StFwdTrackMaker:INFO  - Track Setup complete, track has 12 points
StFwdTrackMaker:INFO  -  sorting changed track points: 0
StFwdTrackMaker:INFO  - Fit status:  1
StFwdTrackMaker:INFO  - -Fit pvalue: 0.247609
StFwdTrackMaker:INFO  - -Fit Chi2:   22.7703
StFwdTrackMaker:INFO  - -Fit Chi2:   22.7703
StFwdTrackMaker:INFO  - Track fit charge: -1Fit momentum: -1.41028, 0.480609, 10.0492
StFwdTrackMaker:INFO  - 	Fit Pt: 1.48992, eta: 2.60737, phi: 2.81315
StFwdTrackMaker:INFO  - Track fit update complete!
StFwdTrackMaker:INFO  - Track Reps: 1
StFwdTrackMaker:INFO  - Track Rep 0 
genfit::AbsTrackRep, pdgCode = 211. PropDir = 0
fitStatus 
 track has been fitted, fit has converged fully, 0 TrackPoints could not be processed, fitted charge = -1, PruneFlags: 
 track has been fitted with reference track, numIterations = 3, track length = 369.428, fChi2 = 22.7703, bChi2 = 22.7703, fNdf = 19, bNdf = 19, fPVal = 0.247609, bPVal = 0.247609

StFwdTrackMaker:INFO  - GenFitTrackResult::mIdTruth = 1, QaTruth = 0.916667
StFwdTrackMaker:INFO  - GTR Setting momentum from track
StFwdTrackMaker:INFO  - --isFitConvergedPartially() = 1
StFwdTrackMaker:INFO  - --isFitConverged() = 1
StFwdTrackMaker:INFO  - --isFitConvergedFully() = 1
StFwdTrackMaker:INFO  - >>doSecondaryTrackFitting( #globals = 1 )
StFwdTrackMaker:INFO  - FwdVertex: 16, 0.608462, 1.17686, 0.04478
StFwdTrackMaker:INFO  - 	nTracks: 1
StFwdTrackMaker:INFO  - 	Chi2: -1
StFwdTrackMaker:INFO  - 	Ndf: -1
StFwdTrackMaker:ERROR - TDecompChol::Decompose() : matrix not positive definite
StFwdTrackMaker:WARN  - FwdVertex: 16, covariance matrix is not valid
StFwdTrackMaker:INFO  - <<Fwd Tracking Fit :3 GenFit Tracks
StFwdTrackMaker:INFO  - TAttr::Found : fillevent = 1

StFwdTrackMaker:INFO  - Creating the StFwdTrackCollection
StFwdTrackMaker:INFO  - Processing GenfitTrackResult(type=0): 0 mIsFitConverged=1, mIsFitConvergedPartially=1, mNumFitPoints=8
AAA FCS StraightLine: det=0 xyzdet=(-17.399,-5.26,710.16) norm=(-0.0301896,0,0.999544)
AAA projectAsStraightLine: tv3A=(-81.2953,24.9594,572.545) tv3B=(-88.412,27.0543,622.33)
AAA   xyzf=(-17.399,-5.26,710.16) norm=(-0.0301896,0,0.999544)
AAA   tintersection=2.71371 result=(-100.608,30.6444,707.647)
AAA FCS StraightLine result: tv3=(-100.608,30.6444,707.647)
AAA FCS StraightLine: det=2 xyzdet=(-21.285,1.8,782.63) norm=(-0.0301896,0,0.999544)
AAA projectAsStraightLine: tv3A=(-81.2953,24.9594,572.545) tv3B=(-88.412,27.0543,622.33)
AAA   xyzf=(-21.285,1.8,782.63) norm=(-0.0301896,0,0.999544)
AAA   tintersection=4.16546 result=(-110.94,33.6858,779.922)
AAA FCS StraightLine result: tv3=(-110.94,33.6858,779.922)
StFwdTrackMaker:INFO  - Processing GenfitTrackResult(type=2): 1 mIsFitConverged=1, mIsFitConvergedPartially=1, mNumFitPoints=12
AAA FCS StraightLine: det=0 xyzdet=(-17.399,-5.26,710.16) norm=(-0.0301896,0,0.999544)
AAA projectAsStraightLine: tv3A=(-81.0306,25.202,572.553) tv3B=(-88.0825,27.376,622.34)
AAA   xyzf=(-17.399,-5.26,710.16) norm=(-0.0301896,0,0.999544)
AAA   tintersection=2.71371 result=(-100.167,31.1017,707.66)
AAA FCS StraightLine result: tv3=(-100.167,31.1017,707.66)
AAA FCS StraightLine: det=2 xyzdet=(-21.285,1.8,782.63) norm=(-0.0301896,0,0.999544)
AAA projectAsStraightLine: tv3A=(-81.0306,25.202,572.553) tv3B=(-88.0825,27.376,622.34)
AAA   xyzf=(-21.285,1.8,782.63) norm=(-0.0301896,0,0.999544)
AAA   tintersection=4.16546 result=(-110.405,34.2578,779.938)
AAA FCS StraightLine result: tv3=(-110.405,34.2578,779.938)
StFwdTrackMaker:INFO  - Processing GenfitTrackResult(type=1): 2 mIsFitConverged=1, mIsFitConvergedPartially=1, mNumFitPoints=12
AAA FCS StraightLine: det=0 xyzdet=(-17.399,-5.26,710.16) norm=(-0.0301896,0,0.999544)
AAA projectAsStraightLine: tv3A=(-81.0976,25.2288,572.551) tv3B=(-88.1637,27.409,622.337)
AAA   xyzf=(-17.399,-5.26,710.16) norm=(-0.0301896,0,0.999544)
AAA   tintersection=2.71371 result=(-100.273,31.1453,707.657)
AAA FCS StraightLine result: tv3=(-100.273,31.1453,707.657)
AAA FCS StraightLine: det=2 xyzdet=(-21.285,1.8,782.63) norm=(-0.0301896,0,0.999544)
AAA projectAsStraightLine: tv3A=(-81.0976,25.2288,572.551) tv3B=(-88.1637,27.409,622.337)
AAA   xyzf=(-21.285,1.8,782.63) norm=(-0.0301896,0,0.999544)
AAA   tintersection=4.16546 result=(-110.531,34.3104,779.934)
AAA FCS StraightLine result: tv3=(-110.531,34.3104,779.934)
StFwdTrackMaker:INFO  - StFwdTrackCollection has 3 tracks now
StFwdTrackMaker:INFO  - StFwdTrackCollection has 3 tracks now
StFwdTrackMaker:INFO  - *** StFwdTrackMaker::Make() == StOK(0) ***
StFcsTrackMatchMaker:INFO  - *** StFcsTrackMatchMaker::Make() == StOK(0) ***
StStrangeMuDstMaker:INFO  - StV0Controller: found 0 V0 candidates
StStrangeMuDstMaker:INFO  - StXiController: found 0 Xi candidates
StStrangeMuDstMaker:INFO  - StKinkController: found 0 Kink candidates
StStrangeMuDstMaker:INFO  - *** StStrangeMuDstMaker::Make() == StOK(0) ***
StMuDstMaker:INFO  - fillMuFtt
StMuDstMaker:INFO  - fillMuFttRawHits
StMuDstMaker:INFO  - fillMuFttPoints
StMuDstMaker:INFO  - fillMuFttClusters
StMuDstMaker:INFO  - StMuDstMaker::fillFwdTrack(StEvent* ev)
StMuDstMaker:INFO  - StMuDSTMaker filling StMuFwdTrackCollection from StEvent
StMuDstMaker:INFO  - Adding 3 StMuFwdTracks to MuDSt
StMuDstMaker:INFO  - *** StMuDstMaker::Make() == StOK(0) ***
StTreeMaker:INFO  - *** StTreeMaker::Make() == StOK(0) ***
StPicoDstMaker:WARN  - No trigger data bank available!
StPicoDstMaker:INFO  - StPicoDstMaker::fillFcsHits filled 26
StPicoDstMaker:INFO  - StPicoDstMaker::fillFcsClusters filled 3
StPicoDstMaker:INFO  - *** StPicoDstMaker::Make() == StOK(0) ***
MEM after Chain::Clear + Make	 total =794.273438 heap =208.683441 and   0.583618( -0.144318)
<---------- END EVENT
MEM after event loop	 total =794.273438 heap =208.683731 and   0.581894( +0.000290)
MEM after delete chain	 total =794.273438 heap =208.684067 and   0.581558( +0.000336)
QA :INFO  - =================================================================================
QA :INFO  - QAInfo:Chain            StBFChain::bfc                  Ast =  4.09        Cpu =  2.45 
QA :INFO  - QAInfo:Maker       StPicoDstMaker::PicoDst              Ast =  0.09( 2.3%) Cpu =  0.07( 2.9%) 
QA :INFO  - QAInfo:Maker          StTreeMaker::outputStream         Ast =  0.02( 0.5%) Cpu =  0.02( 0.8%) 
QA :INFO  - QAInfo:Maker         StMuDstMaker::MuDst                Ast =  0.32( 7.7%) Cpu =  0.29(11.8%) 
QA :INFO  - QAInfo:Maker  StStrangeMuDstMaker::strangeMuDst         Ast =  0.03( 0.6%) Cpu =  0.02( 0.8%) 
QA :INFO  - QAInfo:Maker StFcsTrackMatchMaker::FcsTrkMatch          Ast =  0.00( 0.0%) Cpu =  0.00( 0.0%) 
QA :INFO  - QAInfo:Maker      StFwdTrackMaker::fwdTrack             Ast =  1.53(37.4%) Cpu =  1.09(44.5%) 
QA :INFO  - QAInfo:Maker StFttClusterPointMaker::fttClusterPointMaker Ast =  0.00( 0.1%) Cpu =  0.01( 0.4%) 
QA :INFO  - QAInfo:Maker    StFcsClusterMaker::StFcsClusterMaker    Ast =  0.01( 0.3%) Cpu =  0.01( 0.4%) 
QA :INFO  - QAInfo:Maker StFcsWaveformFitMaker::StFcsWaveformFitMaker Ast =  0.00( 0.0%) Cpu =  0.00( 0.0%) 
QA :INFO  - QAInfo:Maker StFcsFastSimulatorMaker::fcsSim               Ast =  0.04( 1.1%) Cpu =  0.03( 1.2%) 
QA :INFO  - QAInfo:Maker       StMcEventMaker::StMcEventMaker       Ast =  0.02( 0.5%) Cpu =  0.03( 1.2%) 
QA :INFO  - QAInfo:Maker         StEventMaker::0Event               Ast =  0.03( 0.8%) Cpu =  0.01( 0.4%) 
QA :INFO  - QAInfo:Maker         StFcsDbMaker::fcsDbMkr             Ast =  0.00( 0.0%) Cpu =  0.00( 0.0%) 
QA :INFO  - QAInfo:Maker         StTpcDbMaker::tpcDB                Ast =  0.28( 6.9%) Cpu =  0.05( 2.0%) 
QA :INFO  - QAInfo:Maker    StDetectorDbMaker::detDb                Ast =  0.00( 0.0%) Cpu =  0.00( 0.0%) 
QA :INFO  - QAInfo:Maker          StMagFMaker::MagField             Ast =  0.00( 0.0%) Cpu =  0.00( 0.0%) 
QA :INFO  - QAInfo:Maker          St_db_Maker::db                   Ast =  1.13(27.6%) Cpu =  0.33(13.5%) 
QA :INFO  - QAInfo:Maker       St_geant_Maker::geant                Ast =  0.57(14.0%) Cpu =  0.49(20.0%) 
StTreeMaker:INFO  - StFttClusterPointMaker::StMaker::Init : GetCVS is not overloaded
  Please add into file /direct/star+u/akio/fcstrk11/star-sw-fwd/.sl73_x8664_gcc485/obj/StRoot/StFttClusterPointMaker/StFttClusterPointMaker.h the following line: 
  virtual const char *GetCVS() const
  {static const char cvs[]="Tag $Name:$ $Id:$ built "__DATE__" " __TIME__ ; return cvs;}

StTreeMaker:INFO  - StFwdTrackMaker::StMaker::Init : GetCVS is not overloaded
  Please add into file /direct/star+u/akio/fcstrk11/star-sw-fwd/.sl73_x8664_gcc485/obj/StRoot/StFwdTrackMaker/StFwdTrackMaker.h the following line: 
  virtual const char *GetCVS() const
  {static const char cvs[]="Tag $Name:$ $Id:$ built "__DATE__" " __TIME__ ; return cvs;}

StTreeMaker:INFO  - StFttClusterPointMaker::StMaker::Init : GetCVS is not overloaded
  Please add into file /direct/star+u/akio/fcstrk11/star-sw-fwd/.sl73_x8664_gcc485/obj/StRoot/StFttClusterPointMaker/StFttClusterPointMaker.h the following line: 
  virtual const char *GetCVS() const
  {static const char cvs[]="Tag $Name:$ $Id:$ built "__DATE__" " __TIME__ ; return cvs;}

StTreeMaker:INFO  - StFwdTrackMaker::StMaker::Init : GetCVS is not overloaded
  Please add into file /direct/star+u/akio/fcstrk11/star-sw-fwd/.sl73_x8664_gcc485/obj/StRoot/StFwdTrackMaker/StFwdTrackMaker.h the following line: 
  virtual const char *GetCVS() const
  {static const char cvs[]="Tag $Name:$ $Id:$ built "__DATE__" " __TIME__ ; return cvs;}

** <StBranch::Close> Branch=runcoBranch 	File=ele.pt1.5.vz0.runco.root 	Closed **
<StTreeMaker::Finish> outputStream: 10 I/O's
StMuDstMaker:INFO  -  ##### virtual void StMuDstMaker::closeWrite()
StMuDstMaker:INFO  -  ##### File=./ele.pt1.MuDst.root  NumberOfEvents= 10  ##### 
StStrangeMuDstMaker:INFO  - StV0Controller: Total kept: 0 V0 candidates
StStrangeMuDstMaker:INFO  - StXiController: Total kept: 0 Xi candidates
StStrangeMuDstMaker:INFO  - StKinkController: Total kept: 0 Kink candidates
St_db_Maker::Init 
Real time 0:00:00, CP time 0.100, 3 slices
      MySQL::Init 
Real time 0:00:00, CP time 0.230, 2 slices
St_db_Maker::Make 
Real time 0:00:00, CP time 0.060, 851 slices
      MySQL::Make 
Real time 0:00:00, CP time 0.040, 811 slices
      MySQL::Data 
Real time 0:00:00, CP time 0.040, 28 slices
St_db_Maker:INFO  - St_db_Maker::dbStat : Evts = 10 dbEvts=1 Evts/dbEvts = 10.0

St_db_Maker:INFO  - St_db_Maker::dbStat : dbData =       0.1 dbTime=0.208444 dbData/dbTime=0.336532

St_db_Maker:INFO  - St_db_Maker::dbStat : dbTime =       0.2 dbEvts=1 dbTime/dbEvts =0.208444

St_db_Maker:INFO  - St_db_Maker::dbStat : dbCpu  =       0.0 dbEvts=1  dbCpu/dbEvts =0.04

St_db_Maker:INFO  - St_db_Maker::dbStat : dbTime/tot  =      5.96 dbCpu/tot=      1.14 

QA :INFO  - St_geant_Maker summary -QA- total number of active volumes with hits: 10
QA :INFO  - St_geant_Maker summary -QA- list of volumes with hits: 
QA :INFO  - St_geant_Maker summary -QA- g2t hits (ALL) nhits = 903
QA :INFO  - St_geant_Maker summary -QA- g2t hits (BBCH:BPOL) nhits = 5
QA :INFO  - St_geant_Maker summary -QA- g2t hits (EPDH:EPDT) nhits = 18
QA :INFO  - St_geant_Maker summary -QA- g2t hits (FSTH:FTUS) nhits = 39
QA :INFO  - St_geant_Maker summary -QA- g2t hits (HCAH:HSCI) nhits = 105
QA :INFO  - St_geant_Maker summary -QA- g2t hits (STGH:STGL) nhits = 55
QA :INFO  - St_geant_Maker summary -QA- g2t hits (STGH:STGP) nhits = 2
QA :INFO  - St_geant_Maker summary -QA- g2t hits (STGH:STGS) nhits = 52
QA :INFO  - St_geant_Maker summary -QA- g2t hits (VPDH:VRAD) nhits = 4
QA :INFO  - St_geant_Maker summary -QA- g2t hits (WCAH:WSCI) nhits = 623
QA :INFO  - St_geant_Maker summary -QA- energy deposition by container:
QA :INFO  - St_geant_Maker summary -QA- g2t Esum (BBCH) Esum  = 0.00484886
QA :INFO  - St_geant_Maker summary -QA- g2t Esum (EPDH) Esum  = 0.00258638
QA :INFO  - St_geant_Maker summary -QA- g2t Esum (FSTH) Esum  = 0.000363823
QA :INFO  - St_geant_Maker summary -QA- g2t Esum (HCAH) Esum  = 0.0147211
QA :INFO  - St_geant_Maker summary -QA- g2t Esum (STGH) Esum  = 4.54545e-06
QA :INFO  - St_geant_Maker summary -QA- g2t Esum (VPDH) Esum  = 0.00225243
QA :INFO  - St_geant_Maker summary -QA- g2t Esum (WCAH) Esum  = 1.98675
StChain:INFO  - --------------Error Codes-------------------------
StChain:INFO  -      nStOK   nStWarn    nStEOF    nStErr  nStFatal
StChain:INFO  -        180         0         0         0         0
StChain:INFO  - --------------------------------------------------
               StMemStat::Summary(calls)        Min        Aver         Max         RMS 
=============================================================================================

This is the end of STAR ROOT -- Goodbye

 ******************************************************
 * Starting  starsim NwGEANT=  40000000 NwPAW=       0 *
 **********************pid=****************************
 ******************************************************
 *                                                    *
 *            W E L C O M E    to   starsim           *
 *                                                    *
 *        Version INITIAL     24 March 2026           *
 *                                                    *
 ******************************************************
 Version 1.29/04 of HIGZ started
 CSINIT: CERNLIB_STDUNIX
 CSINIT: CERNLIB_UNIX
1*****  GEANT Version  3.21/08 Released on 230697
0*****  Correction Cradle Version  0.0800
 *****  RZMAKE. OLD RZ format selected for RZDOC               
  AGZOPEN opening file ele.pt1.5.vz0.run1.fzd
 *****  RZMAKE. OLD RZ format selected for RZDOC               
 *****  RZMAKE. OLD RZ format selected for RZDOC               
               : TOF version =   6.00000000      choice  =          13
               : CALB patch  =          60          60
               : ECAL version=   6.09999990      onoff   =           1           3
 *****  RZMAKE. OLD RZ format selected for RZDOC               
 *****  RZMAKE. OLD RZ format selected for RZDOC               
 *****  RZMAKE. OLD RZ format selected for RZDOC               
 *****  RZMAKE. OLD RZ format selected for RZDOC               
 *****  RZMAKE. OLD RZ format selected for RZDOC               
 *****  RZMAKE. OLD RZ format selected for RZDOC               
 *****  RZMAKE. OLD RZ format selected for RZDOC               
 *****  RZMAKE. OLD RZ format selected for RZDOC               
 *****  RZMAKE. OLD RZ format selected for RZDOC               
